car_id,make,model,variant,raw_title,year_from,year_to,displacement_cc,cylinders,stock_hp,stock_torque_nm,weight_kg,drivetrain,transmission,engine_type,fuel_type,drag_coef,frontal_area_m2,top_speed_stock,top_speed_mph,zero_hundred_stock,co2_gkm,source_url
CAR_AFB64EAF,Audi,A4,14t fsi se 4d,Audi A4 Saloon1.4T FSI SE 4d Specs & dimensions,2015,,1395.0,4.0,147.0,250.0,1320.0,Front wheel drive,Manual,Naturally Aspirated,Petrol,,,209.2,130.0,8.4,126.0,https://www.parkers.co.uk/audi/a4/saloon-2015/14t-fsi-se-4d/specs/
CAR_596EEA83,Audi,A4,14t fsi sport 4d,Audi A4 Saloon1.4T FSI Sport 4d Specs & dimensions,2015,,1395.0,4.0,147.0,250.0,1320.0,Front wheel drive,Manual,Naturally Aspirated,Petrol,,,209.2,130.0,8.4,126.0,https://www.parkers.co.uk/audi/a4/saloon-2015/14t-fsi-sport-4d/specs/
CAR_7D2A3C99,Audi,A4,14t fsi se 5d,Audi A4 Avant1.4T FSI SE 5d Specs & dimensions,2015,,1395.0,4.0,147.0,250.0,1370.0,Front wheel drive,Manual,Naturally Aspirated,Petrol,,,209.2,130.0,8.7,131.0,https://www.parkers.co.uk/audi/a4/avant-2015/14t-fsi-se-5d/specs/
CAR_0C34DF25,Audi,A4,14t fsi sport 5d,Audi A4 Avant1.4T FSI Sport 5d Specs & dimensions,2015,,1395.0,4.0,147.0,250.0,1370.0,Front wheel drive,Manual,Naturally Aspirated,Petrol,,,209.2,130.0,8.7,131.0,https://www.parkers.co.uk/audi/a4/avant-2015/14t-fsi-sport-5d/specs/
CAR_E22EBCFF,Audi,A4,20 tdi 190ps quattro s tronic auto (062017 on) 5d,Audi A4 Allroad2.0 TDI 190PS Quattro S Tronic auto (06/2017 on) 5d Specs & dimensions,2016,2017,1968.0,4.0,187.0,400.0,1640.0,4 wheel drive,Automatic,Diesel,Diesel,,,218.9,136.0,7.6,128.0,https://www.parkers.co.uk/audi/a4/allroad-2016/20-tdi-190ps-quattro-s-tronic-auto-(062017-on)-5d/specs/
CAR_40E0895B,Audi,A4,20 tdi 190ps quattro s tronic auto 5d,Audi A4 Allroad2.0 TDI 190PS Quattro S Tronic auto 5d Specs & dimensions,2016,,1968.0,4.0,187.0,400.0,1640.0,4 wheel drive,Automatic,Diesel,Diesel,,,218.9,136.0,7.6,128.0,https://www.parkers.co.uk/audi/a4/allroad-2016/20-tdi-190ps-quattro-s-tronic-auto-5d/specs/
CAR_FB848E81,Audi,A4,rs 4 (comfort and sound pack) 450ps tiptronic auto 5d,Audi A4 RS4 AvantRS 4 (Comfort and Sound Pack) 450PS Tiptronic auto 5d Specs & dimensions,2017,,2894.0,6.0,443.0,600.0,1745.0,4 wheel drive,Automatic,Turbocharged,Petrol,,,249.4,155.0,4.0,221.0,https://www.parkers.co.uk/audi/a4/rs4-avant-2017/rs-4-(comfort-and-sound-pack)-450ps-tiptronic-auto-5d/specs/
CAR_47ECC142,Audi,A4,rs 4 29 tfsi 450ps quattro tiptronic auto 5d,Audi A4 RS4 AvantRS 4 2.9 TFSI 450PS Quattro Tiptronic auto 5d Specs & dimensions,2017,,2894.0,6.0,443.0,600.0,1715.0,4 wheel drive,Automatic,Turbocharged,Petrol,,,249.4,155.0,4.0,199.0,https://www.parkers.co.uk/audi/a4/rs4-avant-2017/rs-4-29-tfsi-450ps-quattro-tiptronic-auto-5d/specs/
CAR_80CBDA93,Audi,A4,18t fsi (160bhp) black edition 4d,Audi A4 Saloon1.8T FSI (160bhp) Black Edition 4d Specs & dimensions,2008,,1798.0,4.0,157.0,250.0,1410.0,Front wheel drive,Manual,Naturally Aspirated,Petrol,,,225.3,140.0,8.3,164.0,https://www.parkers.co.uk/audi/a4/saloon-2008/18t-fsi-(160bhp)-black-edition-4d/specs/
CAR_3EFA3DC0,Audi,A4,18t fsi (160bhp) black edition 4d multitronic,Audi A4 Saloon1.8T FSI (160bhp) Black Edition 4d Multitronic Specs & dimensions,2008,,1798.0,4.0,157.0,250.0,1410.0,Front wheel drive,Automatic,Naturally Aspirated,Petrol,,,225.3,140.0,8.3,169.0,https://www.parkers.co.uk/audi/a4/saloon-2008/18t-fsi-(160bhp)-black-edition-4d-multitronic/specs/
CAR_C21F9A7E,Audi,A4,18t fsi (160bhp) black edition 5d,Audi A4 Avant1.8T FSI (160bhp) Black Edition 5d Specs & dimensions,2008,,1798.0,4.0,157.0,250.0,1470.0,Front wheel drive,Manual,Naturally Aspirated,Petrol,,,225.3,140.0,8.6,169.0,https://www.parkers.co.uk/audi/a4/avant-2008/18t-fsi-(160bhp)-black-edition-5d/specs/
CAR_83BB70C1,Audi,A4,18t fsi (160bhp) black edition 5d multitronic,Audi A4 Avant1.8T FSI (160bhp) Black Edition 5d Multitronic Specs & dimensions,2008,,1798.0,4.0,157.0,250.0,1510.0,Front wheel drive,Automatic,Naturally Aspirated,Petrol,,,222.1,138.0,8.6,174.0,https://www.parkers.co.uk/audi/a4/avant-2008/18t-fsi-(160bhp)-black-edition-5d-multitronic/specs/
CAR_16B6C33D,Audi,A4,20 tdi (190bhp) quattro 5d,Audi A4 Allroad2.0 TDI (190bhp) Quattro 5d Specs & dimensions,2009,,1968.0,4.0,187.0,400.0,1690.0,4 wheel drive,Manual,Diesel,Diesel,,,222.1,138.0,7.4,145.0,https://www.parkers.co.uk/audi/a4/allroad-2009/20-tdi-(190bhp)-quattro-5d/specs/
CAR_A4F3FCB8,Audi,A4,20 tdi (190bhp) quattro 5d s tronic,Audi A4 Allroad2.0 TDI (190bhp) Quattro 5d S Tronic Specs & dimensions,2009,,1968.0,4.0,187.0,400.0,1730.0,4 wheel drive,Automatic,Diesel,Diesel,,,214.0,133.0,7.6,149.0,https://www.parkers.co.uk/audi/a4/allroad-2009/20-tdi-(190bhp)-quattro-5d-s-tronic/specs/
CAR_7D908350,Audi,A4,s4 quattro avant (2012) 5d s tronic,Audi A4 S4S4 Quattro Avant (2012) 5d S Tronic Specs & dimensions,2009,2012,2995.0,6.0,328.0,440.0,1750.0,4 wheel drive,Automatic,Naturally Aspirated,Petrol,,,249.4,155.0,4.9,180.0,https://www.parkers.co.uk/audi/a4/s4-2009/s4-quattro-avant-(2012)-5d-s-tronic/specs/
CAR_E431F4FE,Audi,A4,s4 quattro avant (nav) 5d s tronic,Audi A4 S4S4 Quattro Avant (Nav) 5d S Tronic Specs & dimensions,2009,,2995.0,6.0,328.0,440.0,1750.0,4 wheel drive,Automatic,Naturally Aspirated,Petrol,,,249.4,155.0,4.9,180.0,https://www.parkers.co.uk/audi/a4/s4-2009/s4-quattro-avant-(nav)-5d-s-tronic/specs/
CAR_22D150BE,Audi,A4,42 fsi quattro 5d s tronic,Audi A4 RS4 Avant4.2 FSI Quattro 5d S Tronic Specs & dimensions,2012,,4163.0,8.0,443.0,430.0,1795.0,4 wheel drive,Automatic,Naturally Aspirated,Petrol,,,249.4,155.0,4.5,249.0,https://www.parkers.co.uk/audi/a4/rs4-avant-2012/42-fsi-quattro-5d-s-tronic/specs/
CAR_C0F77D67,Audi,A4,42 fsi quattro limited edition 5d s tronic,Audi A4 RS4 Avant4.2 FSI Quattro Limited Edition 5d S Tronic Specs & dimensions,2012,,4163.0,8.0,443.0,430.0,1795.0,4 wheel drive,Automatic,Naturally Aspirated,Petrol,,,249.4,155.0,4.5,249.0,https://www.parkers.co.uk/audi/a4/rs4-avant-2012/42-fsi-quattro-limited-edition-5d-s-tronic/specs/
CAR_D2456324,Audi,A4,16 4d,Audi A4 Saloon1.6 4d Specs & dimensions,1995,,1595.0,4.0,101.0,140.0,1185.0,Front wheel drive,Manual,Naturally Aspirated,Petrol,,,191.5,119.0,11.5,197.0,https://www.parkers.co.uk/audi/a4/saloon-1995/16-4d/specs/
CAR_C701FF82,Audi,A4,16 4d auto,Audi A4 Saloon1.6 4d Auto Specs & dimensions,1995,,1595.0,4.0,101.0,140.0,1205.0,Front wheel drive,Automatic,Naturally Aspirated,Petrol,,,185.1,115.0,14.1,206.0,https://www.parkers.co.uk/audi/a4/saloon-1995/16-4d-auto/specs/
CAR_EFD5310F,Audi,A4,16 5d,Audi A4 Avant1.6 5d Specs & dimensions,1996,,1595.0,4.0,101.0,140.0,1200.0,Front wheel drive,Manual,Naturally Aspirated,Petrol,,,186.7,116.0,11.7,197.0,https://www.parkers.co.uk/audi/a4/avant-1996/16-5d/specs/
CAR_0DA518AB,Audi,A4,16 5d auto,Audi A4 Avant1.6 5d Auto Specs & dimensions,1996,,1595.0,4.0,101.0,140.0,1185.0,Front wheel drive,Automatic,Naturally Aspirated,Petrol,,,191.5,119.0,11.5,,https://www.parkers.co.uk/audi/a4/avant-1996/16-5d-auto/specs/
CAR_157CA3B5,Audi,A4,16 4d,Audi A4 Saloon1.6 4d Specs & dimensions,2000,,1595.0,4.0,100.0,148.0,1295.0,Front wheel drive,Manual,Naturally Aspirated,Petrol,,,188.3,117.0,12.2,187.0,https://www.parkers.co.uk/audi/a4/saloon-2000/16-4d/specs/
CAR_A970B396,Audi,A4,16 se 4d,Audi A4 Saloon1.6 SE 4d Specs & dimensions,2000,,1595.0,4.0,100.0,148.0,1295.0,Front wheel drive,Manual,Naturally Aspirated,Petrol,,,188.3,117.0,12.2,187.0,https://www.parkers.co.uk/audi/a4/saloon-2000/16-se-4d/specs/
CAR_50B69C1D,Audi,A4,16 5d,Audi A4 Avant1.6 5d Specs & dimensions,2001,,1596.0,4.0,100.0,148.0,1350.0,Front wheel drive,Manual,Naturally Aspirated,Petrol,,,185.1,115.0,12.6,190.0,https://www.parkers.co.uk/audi/a4/avant-2001/16-5d/specs/
CAR_F8233344,Audi,A4,16 se 5d,Audi A4 Avant1.6 SE 5d Specs & dimensions,2001,,1596.0,4.0,100.0,148.0,1350.0,Front wheel drive,Manual,Naturally Aspirated,Petrol,,,185.1,115.0,12.6,190.0,https://www.parkers.co.uk/audi/a4/avant-2001/16-se-5d/specs/
CAR_AF212CB6,Audi,A4,18t 2d,Audi A4 Cabriolet1.8T 2d Specs & dimensions,2001,,1781.0,4.0,160.0,225.0,1540.0,Front wheel drive,Manual,Naturally Aspirated,Petrol,,,225.3,140.0,9.1,208.0,https://www.parkers.co.uk/audi/a4/cabriolet-2001/18t-2d/specs/
CAR_91E847AE,Audi,A4,18t 2d multitronic,Audi A4 Cabriolet1.8T 2d Multitronic Specs & dimensions,2001,,1781.0,4.0,160.0,225.0,1580.0,Front wheel drive,Automatic,Naturally Aspirated,Petrol,,,217.3,135.0,9.0,206.0,https://www.parkers.co.uk/audi/a4/cabriolet-2001/18t-2d-multitronic/specs/
CAR_CDB7F3C4,Audi,A4,16 4d,Audi A4 Saloon1.6 4d Specs & dimensions,2005,,1596.0,4.0,100.0,148.0,1300.0,Front wheel drive,Manual,Naturally Aspirated,Petrol,,,189.9,118.0,12.2,187.0,https://www.parkers.co.uk/audi/a4/saloon-2005/16-4d/specs/
CAR_D108263D,Audi,A4,16 s line 4d,Audi A4 Saloon1.6 S Line 4d Specs & dimensions,2005,,1596.0,4.0,100.0,148.0,1300.0,Front wheel drive,Manual,Naturally Aspirated,Petrol,,,189.9,118.0,12.2,187.0,https://www.parkers.co.uk/audi/a4/saloon-2005/16-s-line-4d/specs/
CAR_53EA1310,Audi,A4,16 5d,Audi A4 Avant1.6 5d Specs & dimensions,2005,,1596.0,4.0,100.0,148.0,1360.0,Front wheel drive,Manual,Naturally Aspirated,Petrol,,,185.1,115.0,12.6,190.0,https://www.parkers.co.uk/audi/a4/avant-2005/16-5d/specs/
CAR_9BCCA311,Audi,A4,16 s line 5d,Audi A4 Avant1.6 S Line 5d Specs & dimensions,2005,,1596.0,4.0,100.0,148.0,1360.0,Front wheel drive,Manual,Naturally Aspirated,Petrol,,,185.1,115.0,12.6,190.0,https://www.parkers.co.uk/audi/a4/avant-2005/16-s-line-5d/specs/
CAR_BEC2A0AE,Audi,A4,18t 2d,Audi A4 Cabriolet1.8T 2d Specs & dimensions,2006,,1781.0,4.0,160.0,225.0,1540.0,Front wheel drive,Manual,Naturally Aspirated,Petrol,,,225.3,140.0,9.1,199.0,https://www.parkers.co.uk/audi/a4/cabriolet-2006/18t-2d/specs/
CAR_A6B9A9A1,Audi,A4,18t 2d multitronic,Audi A4 Cabriolet1.8T 2d Multitronic Specs & dimensions,2006,,1781.0,4.0,160.0,225.0,1580.0,Front wheel drive,Automatic,Naturally Aspirated,Petrol,,,217.3,135.0,9.0,204.0,https://www.parkers.co.uk/audi/a4/cabriolet-2006/18t-2d-multitronic/specs/
CAR_E0B949C3,Audi,A4,42 fsi quattro 2d cabriolet,Audi A4 RS44.2 FSI quattro 2d Cabriolet Specs & dimensions,2005,,4163.0,8.0,414.0,430.0,1845.0,4 wheel drive,Manual,Naturally Aspirated,Petrol,,,249.4,155.0,4.7,336.0,https://www.parkers.co.uk/audi/a4/rs4-2005/42-fsi-quattro-2d-cabriolet/specs/
CAR_FC80762F,Audi,A4,42 fsi quattro 4d saloon,Audi A4 RS44.2 FSI quattro 4d saloon Specs & dimensions,2005,,4163.0,8.0,414.0,430.0,1650.0,4 wheel drive,Manual,Naturally Aspirated,Petrol,,,249.4,155.0,4.6,324.0,https://www.parkers.co.uk/audi/a4/rs4-2005/42-fsi-quattro-4d-saloon/specs/
CAR_BBB32357,Audi,Tt,18t fsi s line 2d,Audi TT Coupe1.8T FSI S Line 2d Specs & dimensions,2014,,1798.0,4.0,177.0,250.0,1210.0,Front wheel drive,Manual,Naturally Aspirated,Petrol,,,239.8,149.0,6.7,138.0,https://www.parkers.co.uk/audi/tt/coupe-2014/18t-fsi-s-line-2d/specs/
CAR_5EDE996A,Audi,Tt,18t fsi sport 2d,Audi TT Coupe1.8T FSI Sport 2d Specs & dimensions,2014,,1798.0,4.0,177.0,250.0,1210.0,Front wheel drive,Manual,Naturally Aspirated,Petrol,,,239.8,149.0,6.7,138.0,https://www.parkers.co.uk/audi/tt/coupe-2014/18t-fsi-sport-2d/specs/
CAR_F3AED8BD,Audi,Tt,18t fsi s line 2d,Audi TT Roadster1.8T FSI S Line 2d Specs & dimensions,2015,,1798.0,4.0,177.0,250.0,1300.0,Front wheel drive,Manual,Naturally Aspirated,Petrol,,,236.6,147.0,7.0,142.0,https://www.parkers.co.uk/audi/tt/roadster-2015/18t-fsi-s-line-2d/specs/
CAR_243D0815,Audi,Tt,18t fsi sport 2d,Audi TT Roadster1.8T FSI Sport 2d Specs & dimensions,2015,,1798.0,4.0,177.0,250.0,1300.0,Front wheel drive,Manual,Naturally Aspirated,Petrol,,,236.6,147.0,7.0,142.0,https://www.parkers.co.uk/audi/tt/roadster-2015/18t-fsi-sport-2d/specs/
CAR_69BF71AE,Audi,Tt,18t fsi s line 2d,Audi TT Coupe1.8T FSI S Line 2d Specs & dimensions,2006,,1798.0,4.0,157.0,250.0,1260.0,Front wheel drive,Manual,Naturally Aspirated,Petrol,,,225.3,140.0,7.1,149.0,https://www.parkers.co.uk/audi/tt/coupe-2006/18t-fsi-s-line-2d/specs/
CAR_6B0468A5,Audi,Tt,18t fsi s line 2d s tronic,Audi TT Coupe1.8T FSI S Line 2d S Tronic Specs & dimensions,2006,,1798.0,4.0,157.0,250.0,1280.0,Front wheel drive,Automatic,Naturally Aspirated,Petrol,,,225.3,140.0,7.0,147.0,https://www.parkers.co.uk/audi/tt/coupe-2006/18t-fsi-s-line-2d-s-tronic/specs/
CAR_DB7CA4D7,Audi,Tt,18t fsi (2011) 2d,Audi TT Roadster1.8T FSI (2011) 2d Specs & dimensions,2007,2011,1798.0,4.0,157.0,250.0,1285.0,Front wheel drive,Manual,Naturally Aspirated,Petrol,,,223.7,139.0,7.2,152.0,https://www.parkers.co.uk/audi/tt/roadster-2007/18t-fsi-(2011)-2d/specs/
CAR_A1BF0D6D,Audi,Tt,18t fsi 2d,Audi TT Roadster1.8T FSI 2d Specs & dimensions,2007,,1798.0,4.0,157.0,250.0,1285.0,Front wheel drive,Manual,Naturally Aspirated,Petrol,,,222.1,138.0,7.2,159.0,https://www.parkers.co.uk/audi/tt/roadster-2007/18t-fsi-2d/specs/
CAR_ECB5FAFF,Audi,Tt,25t fsi tt rs plus quattro coupe 2d,Audi TT RS2.5T FSI TT RS Plus Quattro Coupe 2d Specs & dimensions,2009,,2480.0,5.0,354.0,465.0,1450.0,4 wheel drive,Manual,Turbocharged,Petrol,,,280.0,174.0,4.2,209.0,https://www.parkers.co.uk/audi/tt/rs-2009/25t-fsi-tt-rs-plus-quattro-coupe-2d/specs/
CAR_A460AB5E,Audi,Tt,25t fsi tt rs plus quattro coupe 2d s tronic,Audi TT RS2.5T FSI TT RS Plus Quattro Coupe 2d S Tronic Specs & dimensions,2009,,2480.0,5.0,354.0,465.0,1475.0,4 wheel drive,Automatic,Turbocharged,Petrol,,,280.0,174.0,4.0,197.0,https://www.parkers.co.uk/audi/tt/rs-2009/25t-fsi-tt-rs-plus-quattro-coupe-2d-s-tronic/specs/
CAR_190110B4,Audi,Tt,18 s line (225ps) 2d,Audi TT Coupe1.8 S-Line (225ps) 2d Specs & dimensions,1999,,1781.0,4.0,225.0,280.0,1465.0,4 wheel drive,Manual,Naturally Aspirated,Petrol,,,243.0,151.0,6.4,226.0,https://www.parkers.co.uk/audi/tt/coupe-1999/18-s-line-(225ps)-2d/specs/
CAR_B570B895,Audi,Tt,18 t (180ps) 2d,Audi TT Coupe1.8 T (180ps) 2d Specs & dimensions,1999,,1781.0,4.0,177.0,235.0,1280.0,Front wheel drive,Manual,Naturally Aspirated,Petrol,,,226.9,141.0,7.6,199.0,https://www.parkers.co.uk/audi/tt/coupe-1999/18-t-(180ps)-2d/specs/
CAR_30855D90,Audi,Tt,18 t (150ps) 2d,Audi TT Roadster1.8 T (150ps) 2d Specs & dimensions,1999,,1781.0,4.0,147.0,210.0,1335.0,Front wheel drive,Manual,Naturally Aspirated,Petrol,,,215.7,134.0,8.6,199.0,https://www.parkers.co.uk/audi/tt/roadster-1999/18-t-(150ps)-2d/specs/
CAR_4B2A4D56,Audi,Tt,18 t (163ps) 2d,Audi TT Roadster1.8 T (163ps) 2d Specs & dimensions,1999,,1781.0,4.0,160.0,240.0,1340.0,Front wheel drive,Manual,Naturally Aspirated,Petrol,,,217.3,135.0,7.9,199.0,https://www.parkers.co.uk/audi/tt/roadster-1999/18-t-(163ps)-2d/specs/
CAR_12D05252,Audi,A3,12 tfsi (110bhp) s line 5d,Audi A3 Sportback1.2 TFSI (110bhp) S Line 5d Specs & dimensions,2013,,1197.0,4.0,108.0,175.0,1180.0,Front wheel drive,Manual,Turbocharged,Petrol,,,197.9,123.0,9.8,114.0,https://www.parkers.co.uk/audi/a3/sportback-2013/12-tfsi-(110bhp)-s-line-5d/specs/
CAR_B42E866A,Audi,A3,12 tfsi (110bhp) s line 5d s tronic,Audi A3 Sportback1.2 TFSI (110bhp) S Line 5d S Tronic Specs & dimensions,2013,,1197.0,4.0,108.0,175.0,1200.0,Front wheel drive,Automatic,Turbocharged,Petrol,,,197.9,123.0,9.8,110.0,https://www.parkers.co.uk/audi/a3/sportback-2013/12-tfsi-(110bhp)-s-line-5d-s-tronic/specs/
CAR_9E57EE98,Audi,A3,14 tfsi (150bhp) s line (nav) 4d,Audi A3 Saloon1.4 TFSI (150bhp) S Line (Nav) 4d Specs & dimensions,2013,,1395.0,4.0,147.0,250.0,1240.0,Front wheel drive,Manual,Turbocharged,Petrol,,,223.7,139.0,7.9,112.0,https://www.parkers.co.uk/audi/a3/saloon-2013/14-tfsi-(150bhp)-s-line-(nav)-4d/specs/
CAR_ABF4C27C,Audi,A3,14 tfsi (150bhp) s line (nav) 4d s tronic,Audi A3 Saloon1.4 TFSI (150bhp) S Line (Nav) 4d S Tronic Specs & dimensions,2013,,1395.0,4.0,147.0,250.0,1250.0,Front wheel drive,Automatic,Turbocharged,Petrol,,,223.7,139.0,7.9,113.0,https://www.parkers.co.uk/audi/a3/saloon-2013/14-tfsi-(150bhp)-s-line-(nav)-4d-s-tronic/specs/
CAR_C9C5FEC8,Audi,A3,14 tfsi (150bhp) s line (nav) 2d,Audi A3 Cabriolet1.4 TFSI (150bhp) S Line (Nav) 2d Specs & dimensions,2014,,1395.0,4.0,147.0,250.0,1365.0,Front wheel drive,Manual,Turbocharged,Petrol,,,222.1,138.0,8.6,118.0,https://www.parkers.co.uk/audi/a3/cabriolet-2014/14-tfsi-(150bhp)-s-line-(nav)-2d/specs/
CAR_94DC212C,Audi,A3,14 tfsi (150bhp) s line (nav) 2d s tronic,Audi A3 Cabriolet1.4 TFSI (150bhp) S Line (Nav) 2d S Tronic Specs & dimensions,2014,,1395.0,4.0,147.0,250.0,1380.0,Front wheel drive,Automatic,Turbocharged,Petrol,,,222.1,138.0,8.6,118.0,https://www.parkers.co.uk/audi/a3/cabriolet-2014/14-tfsi-(150bhp)-s-line-(nav)-2d-s-tronic/specs/
CAR_494B50D3,Audi,A3,15 tfsi 116 s line 5dr,Audi A3 Sportback1.5 TFSI 116 S Line 5dr Specs & dimensions,2020,,1498.0,,114.0,220.0,1285.0,Front wheel drive,Manual,Turbocharged,Petrol,,,204.4,127.0,9.4,132.0,https://www.parkers.co.uk/audi/a3/sportback-2020/15-tfsi-116-s-line-5dr/specs/
CAR_9DB5E1E0,Audi,A3,15 tfsi 116 s line 5dr s tronic,Audi A3 Sportback1.5 TFSI 116 S Line 5dr S Tronic Specs & dimensions,2020,,1498.0,,114.0,220.0,1315.0,Front wheel drive,Automatic,Turbocharged,Petrol,,,204.4,127.0,9.6,125.0,https://www.parkers.co.uk/audi/a3/sportback-2020/15-tfsi-116-s-line-5dr-s-tronic/specs/
CAR_A0F30475,Audi,A3,15 tfsi 116 s line 4dr,Audi A3 Saloon1.5 TFSI 116 S Line 4dr Specs & dimensions,2020,,1498.0,,114.0,220.0,1285.0,Front wheel drive,Manual,Turbocharged,Petrol,,,209.2,130.0,9.4,127.0,https://www.parkers.co.uk/audi/a3/saloon-2020/15-tfsi-116-s-line-4dr/specs/
CAR_753B8591,Audi,A3,15 tfsi 116 s line 4dr s tronic,Audi A3 Saloon1.5 TFSI 116 S Line 4dr S Tronic Specs & dimensions,2020,,1498.0,,114.0,220.0,1315.0,Front wheel drive,Automatic,Turbocharged,Petrol,,,209.2,130.0,9.6,121.0,https://www.parkers.co.uk/audi/a3/saloon-2020/15-tfsi-116-s-line-4dr-s-tronic/specs/
CAR_53930883,Audi,A3,s3 tfsi black ed quattro 4dr s tronic [tech pro],Audi A3 S3S3 TFSI Black Ed Quattro 4dr S Tronic [Tech Pro] Specs & dimensions,2020,,1984.0,4.0,305.0,400.0,1505.0,4 wheel drive,Automatic,Turbocharged,Petrol,,,249.4,155.0,4.6,180.0,https://www.parkers.co.uk/audi/a3/s3-2020/s3-tfsi-black-ed-quattro-4dr-s-tronic-[tech-pro]/specs/
CAR_F1A92C37,Audi,A3,rs 3 tfsi qtro 400 carbon vorsprung 5dr s tronic,Audi A3 RS 3 SportbackRS 3 TFSI Qtro 400 Carbon Vorsprung 5dr S Tronic Specs & dimensions,2021,,2480.0,5.0,394.0,500.0,1565.0,4 wheel drive,Automatic,Turbocharged,Petrol,,,280.0,174.0,3.7,213.0,https://www.parkers.co.uk/audi/a3/rs-3-sportback-2021/rs-3-tfsi-qtro-400-carbon-vorsprung-5dr-s-tronic/specs/
CAR_B83E16B3,Audi,A3,rs 3 tfsi qtro 400 competition limited 5dr stronic,Audi A3 RS 3 SportbackRS 3 TFSI Qtro 400 Competition Limited 5dr STronic Specs & dimensions,2021,,2480.0,5.0,394.0,500.0,1565.0,4 wheel drive,Automatic,Turbocharged,Petrol,,,289.7,180.0,3.7,212.0,https://www.parkers.co.uk/audi/a3/rs-3-sportback-2021/rs-3-tfsi-qtro-400-competition-limited-5dr-stronic/specs/
CAR_0789D367,Audi,A3,rs 3 tfsi qtro 400 carbon vorsprung 4dr s tronic,Audi A3 RS 3 SaloonRS 3 TFSI Qtro 400 Carbon Vorsprung 4dr S Tronic Specs & dimensions,2021,,2480.0,5.0,394.0,500.0,1565.0,4 wheel drive,Automatic,Turbocharged,Petrol,,,280.0,174.0,3.7,209.0,https://www.parkers.co.uk/audi/a3/rs-3-saloon-2021/rs-3-tfsi-qtro-400-carbon-vorsprung-4dr-s-tronic/specs/
CAR_7ED5D2F5,Audi,A3,rs 3 tfsi qtro carbon black 4dr s tronic tech pro,Audi A3 RS 3 SaloonRS 3 TFSI Qtro Carbon Black 4dr S Tronic Tech Pro Specs & dimensions,2021,,2480.0,5.0,394.0,500.0,1565.0,4 wheel drive,Automatic,Turbocharged,Petrol,,,249.4,155.0,3.7,207.0,https://www.parkers.co.uk/audi/a3/rs-3-saloon-2021/rs-3-tfsi-qtro-carbon-black-4dr-s-tronic-tech-pro/specs/
CAR_F134EEE2,Audi,A3,15 tfsi e 204 black ed 5dr s tronic [tech pack],Audi A3 Phev1.5 TFSI e 204 Black Ed 5dr S Tronic [Tech Pack] Specs & dimensions,2025,,1498.0,,201.0,350.0,1600.0,Front wheel drive,Automatic,Turbocharged,Petrol Parallel PHEV,,,225.3,140.0,7.2,29.0,https://www.parkers.co.uk/audi/a3/phev-2025/15-tfsi-e-204-black-ed-5dr-s-tronic-[tech-pack]/specs/
CAR_496F7B81,Audi,A3,15 tfsi e 204 black ed 5dr s tronic [tech pro],Audi A3 Phev1.5 TFSI e 204 Black Ed 5dr S Tronic [Tech Pro] Specs & dimensions,2025,,1498.0,,201.0,350.0,1600.0,Front wheel drive,Automatic,Turbocharged,Petrol Parallel PHEV,,,225.3,140.0,7.2,29.0,https://www.parkers.co.uk/audi/a3/phev-2025/15-tfsi-e-204-black-ed-5dr-s-tronic-[tech-pro]/specs/
CAR_53F62B3B,Audi,A3,12 tfsi (start stop) 3d,Audi A3 Hatchback1.2 TFSI (Start Stop) 3d Specs & dimensions,2003,,1197.0,4.0,103.0,175.0,1205.0,Front wheel drive,Manual,Turbocharged,Petrol,,,191.5,119.0,10.6,127.0,https://www.parkers.co.uk/audi/a3/hatchback-2003/12-tfsi-(start-stop)-3d/specs/
CAR_097BF052,Audi,A3,12 tfsi 3d s tronic,Audi A3 Hatchback1.2 TFSI 3d S Tronic Specs & dimensions,2003,,1197.0,4.0,103.0,175.0,1230.0,Front wheel drive,Automatic,Turbocharged,Petrol,,,191.5,119.0,10.2,123.0,https://www.parkers.co.uk/audi/a3/hatchback-2003/12-tfsi-3d-s-tronic/specs/
CAR_5B863EC7,Audi,A3,12 t fsi (start stop) 5d,Audi A3 Sportback1.2 T FSI (Start Stop) 5d Specs & dimensions,2004,,1197.0,4.0,103.0,175.0,1245.0,Front wheel drive,Manual,Naturally Aspirated,Petrol,,,191.5,119.0,10.9,127.0,https://www.parkers.co.uk/audi/a3/sportback-2004/12-t-fsi-(start-stop)-5d/specs/
CAR_D8C1B5E7,Audi,A3,12 t fsi 5d s tronic,Audi A3 Sportback1.2 T FSI 5d S Tronic Specs & dimensions,2004,,1197.0,4.0,103.0,175.0,1270.0,Front wheel drive,Automatic,Naturally Aspirated,Petrol,,,191.5,119.0,10.5,123.0,https://www.parkers.co.uk/audi/a3/sportback-2004/12-t-fsi-5d-s-tronic/specs/
CAR_90415E34,Audi,A3,12 t fsi (start stop) 2d,Audi A3 Cabriolet1.2 T FSI (Start Stop) 2d Specs & dimensions,2008,,1197.0,4.0,103.0,175.0,1360.0,Front wheel drive,Manual,Naturally Aspirated,Petrol,,,189.9,118.0,11.8,132.0,https://www.parkers.co.uk/audi/a3/cabriolet-2008/12-t-fsi-(start-stop)-2d/specs/
CAR_061E1827,Audi,A3,12 t fsi s line (start stop) 2d,Audi A3 Cabriolet1.2 T FSI S Line (Start Stop) 2d Specs & dimensions,2008,,1197.0,4.0,103.0,175.0,1360.0,Front wheel drive,Manual,Naturally Aspirated,Petrol,,,189.9,118.0,11.8,132.0,https://www.parkers.co.uk/audi/a3/cabriolet-2008/12-t-fsi-s-line-(start-stop)-2d/specs/
CAR_971A669F,Audi,A3,s3 quattro (06) 3d,Audi A3 S3S3 Quattro (06) 3d Specs & dimensions,2006,,1984.0,4.0,261.0,350.0,1455.0,4 wheel drive,Manual,Naturally Aspirated,Petrol,,,249.4,155.0,5.5,217.0,https://www.parkers.co.uk/audi/a3/s3-2006/s3-quattro-(06)-3d/specs/
CAR_4CBC4CDD,Audi,A3,s3 quattro (08) 3d,Audi A3 S3S3 Quattro (08) 3d Specs & dimensions,2006,,1984.0,4.0,261.0,350.0,1455.0,4 wheel drive,Manual,Naturally Aspirated,Petrol,,,249.4,155.0,5.5,198.0,https://www.parkers.co.uk/audi/a3/s3-2006/s3-quattro-(08)-3d/specs/
CAR_D9CBFA55,Audi,A3,25t fsi rs3 quattro 5d s tronic,Audi A3 RS3 Sportback2.5T FSI RS3 Quattro 5d S Tronic Specs & dimensions,2011,,2480.0,5.0,335.0,450.0,1650.0,4 wheel drive,Automatic,Naturally Aspirated,Petrol,,,249.4,155.0,4.5,212.0,https://www.parkers.co.uk/audi/a3/rs3-sportback-2011/25t-fsi-rs3-quattro-5d-s-tronic/specs/
CAR_9700712F,Audi,A3,trim standard trim,Audi A3 RS3 Sportback Standard Trim (2011 - 2012)Specs & dimensions,2011,2012,,,,,,,,Unknown,,,,,,,,https://www.parkers.co.uk/audi/a3/rs3-sportback-2011/trim-standard-trim/specs/
CAR_89DF2F23,Audi,A3,12 tfsi (110bhp) s line 3d,Audi A3 Hatchback1.2 TFSI (110bhp) S Line 3d Specs & dimensions,2012,,1197.0,4.0,108.0,175.0,1150.0,Front wheel drive,Manual,Turbocharged,Petrol,,,197.9,123.0,9.6,114.0,https://www.parkers.co.uk/audi/a3/hatchback-2012/12-tfsi-(110bhp)-s-line-3d/specs/
CAR_88D5A335,Audi,A3,12 tfsi (110bhp) s line 3d s tronic,Audi A3 Hatchback1.2 TFSI (110bhp) S Line 3d S Tronic Specs & dimensions,2012,,1197.0,4.0,108.0,175.0,1170.0,Front wheel drive,Automatic,Turbocharged,Petrol,,,197.9,123.0,9.6,110.0,https://www.parkers.co.uk/audi/a3/hatchback-2012/12-tfsi-(110bhp)-s-line-3d-s-tronic/specs/
CAR_ED14E8B1,Audi,A3,s3 cabriolet tfsi quattro 2d s tronic,Audi A3 S3S3 Cabriolet TFSI Quattro 2d S Tronic Specs & dimensions,2013,,1984.0,4.0,295.0,380.0,1620.0,4 wheel drive,Automatic,Turbocharged,Petrol,,,249.4,155.0,5.2,165.0,https://www.parkers.co.uk/audi/a3/s3-2013/s3-cabriolet-tfsi-quattro-2d-s-tronic/specs/
CAR_41B81B10,Audi,A3,s3 sportback tfsi quattro 5d,Audi A3 S3S3 Sportback TFSI Quattro 5d Specs & dimensions,2013,,1984.0,4.0,295.0,380.0,1435.0,4 wheel drive,Manual,Turbocharged,Petrol,,,249.4,155.0,5.1,162.0,https://www.parkers.co.uk/audi/a3/s3-2013/s3-sportback-tfsi-quattro-5d/specs/
CAR_846B2C71,Audi,A3,25 tfsi rs 3 quattro (nav) 5d s tronic,Audi A3 RS3 Sportback2.5 TFSI RS 3 Quattro (Nav) 5d S Tronic Specs & dimensions,2015,,2480.0,5.0,361.0,465.0,1520.0,4 wheel drive,Automatic,Turbocharged,Petrol,,,249.4,155.0,4.2,189.0,https://www.parkers.co.uk/audi/a3/rs3-sportback-2015/25-tfsi-rs-3-quattro-(nav)-5d-s-tronic/specs/
CAR_1A31A672,Audi,A3,25 tfsi rs 3 quattro 5d s tronic,Audi A3 RS3 Sportback2.5 TFSI RS 3 Quattro 5d S Tronic Specs & dimensions,2015,,2480.0,5.0,361.0,465.0,1520.0,4 wheel drive,Automatic,Turbocharged,Petrol,,,249.4,155.0,4.2,189.0,https://www.parkers.co.uk/audi/a3/rs3-sportback-2015/25-tfsi-rs-3-quattro-5d-s-tronic/specs/
CAR_B3AA93EE,Audi,A3,16 3d,Audi A3 Hatchback1.6 3d Specs & dimensions,1996,,1595.0,4.0,100.0,148.0,1090.0,Front wheel drive,Manual,Naturally Aspirated,Petrol,,,188.3,117.0,10.6,170.0,https://www.parkers.co.uk/audi/a3/hatchback-1996/16-3d/specs/
CAR_F3B35ECC,Audi,A3,16 3d auto,Audi A3 Hatchback1.6 3d Auto Specs & dimensions,1996,,1595.0,4.0,100.0,145.0,1125.0,Front wheel drive,Automatic,Naturally Aspirated,Petrol,,,183.5,114.0,12.3,194.0,https://www.parkers.co.uk/audi/a3/hatchback-1996/16-3d-auto/specs/
CAR_4084FCC8,Audi,Q5,40 tdi quattro black ed 5dr s tronic [tech pack],Audi Q5 SUV40 TDI Quattro Black Ed 5dr S Tronic [Tech Pack] Specs & dimensions,2016,,1968.0,,201.0,400.0,1805.0,4 wheel drive,Automatic,Diesel,Diesel,,,220.5,137.0,7.4,175.0,https://www.parkers.co.uk/audi/q5/suv-2016/40-tdi-quattro-black-ed-5dr-s-tronic-[tech-pack]/specs/
CAR_DF874D89,Audi,Q5,40 tdi quattro black ed 5dr s tronic [tech pro],Audi Q5 SUV40 TDI Quattro Black Ed 5dr S Tronic [Tech Pro] Specs & dimensions,2016,,1968.0,,201.0,400.0,1805.0,4 wheel drive,Automatic,Diesel,Diesel,,,220.5,137.0,7.4,175.0,https://www.parkers.co.uk/audi/q5/suv-2016/40-tdi-quattro-black-ed-5dr-s-tronic-[tech-pro]/specs/
CAR_64B23DC3,Audi,Q5,40 tdi quattro black ed 5dr s tronic [tech pack],Audi Q5 Sportback40 TDI Quattro Black Ed 5dr S Tronic [Tech Pack] Specs & dimensions,2021,,1968.0,,201.0,400.0,1825.0,4 wheel drive,Automatic,Diesel,Diesel,,,220.5,137.0,7.4,175.0,https://www.parkers.co.uk/audi/q5/sportback-2021/40-tdi-quattro-black-ed-5dr-s-tronic-[tech-pack]/specs/
CAR_25A67E3D,Audi,Q5,40 tdi quattro black ed 5dr s tronic [tech pro],Audi Q5 Sportback40 TDI Quattro Black Ed 5dr S Tronic [Tech Pro] Specs & dimensions,2021,,1968.0,,201.0,400.0,1825.0,4 wheel drive,Automatic,Diesel,Diesel,,,220.5,137.0,7.4,175.0,https://www.parkers.co.uk/audi/q5/sportback-2021/40-tdi-quattro-black-ed-5dr-s-tronic-[tech-pro]/specs/
CAR_034A67C2,Audi,Q5,20 tdi quattro black edition 5dr s tronic,Audi Q5 SUV2.0 TDI Quattro Black Edition 5dr S Tronic Specs & dimensions,2024,,1968.0,4.0,201.0,400.0,1955.0,4 wheel drive,Automatic,Diesel,Diesel,,,225.3,140.0,7.2,166.0,https://www.parkers.co.uk/audi/q5/suv-2024/20-tdi-quattro-black-edition-5dr-s-tronic/specs/
CAR_D34EA1EC,Audi,Q5,20 tdi quattro black edition 5dr s tronic [tech],Audi Q5 SUV2.0 TDI Quattro Black Edition 5dr S Tronic [Tech] Specs & dimensions,2024,,1968.0,4.0,201.0,400.0,1955.0,4 wheel drive,Automatic,Diesel,Diesel,,,225.3,140.0,7.2,166.0,https://www.parkers.co.uk/audi/q5/suv-2024/20-tdi-quattro-black-edition-5dr-s-tronic-[tech]/specs/
CAR_5F74B9CF,Audi,Q5,20 tdi quattro black edition 5dr s tronic,Audi Q5 Sportback2.0 TDI Quattro Black Edition 5dr S Tronic Specs & dimensions,2025,,1968.0,4.0,201.0,400.0,1970.0,4 wheel drive,Automatic,Diesel,Diesel,,,225.3,140.0,7.2,165.0,https://www.parkers.co.uk/audi/q5/sportback-2025/20-tdi-quattro-black-edition-5dr-s-tronic/specs/
CAR_7A63387C,Audi,Q5,20 tdi quattro black edition 5dr s tronic [tech],Audi Q5 Sportback2.0 TDI Quattro Black Edition 5dr S Tronic [Tech] Specs & dimensions,2025,,1968.0,4.0,201.0,400.0,1970.0,4 wheel drive,Automatic,Diesel,Diesel,,,225.3,140.0,7.2,165.0,https://www.parkers.co.uk/audi/q5/sportback-2025/20-tdi-quattro-black-edition-5dr-s-tronic-[tech]/specs/
CAR_8E4A9351,Audi,Q5,20 tdi (143bhp) quattro (start stop) 5d,Audi Q5 Estate2.0 TDI (143bhp) Quattro (Start Stop) 5d Specs & dimensions,2008,,1968.0,4.0,140.0,320.0,1755.0,4 wheel drive,Manual,Diesel,Diesel,,,189.9,118.0,11.0,162.0,https://www.parkers.co.uk/audi/q5/estate-2008/20-tdi-(143bhp)-quattro-(start-stop)-5d/specs/
CAR_7732EFAC,Audi,Q5,20 tdi (143bhp) quattro 5d,Audi Q5 Estate2.0 TDI (143bhp) Quattro 5d Specs & dimensions,2008,,1968.0,4.0,140.0,320.0,1745.0,4 wheel drive,Manual,Diesel,Diesel,,,189.9,118.0,11.0,172.0,https://www.parkers.co.uk/audi/q5/estate-2008/20-tdi-(143bhp)-quattro-5d/specs/
CAR_D6D71201,Audi,Q5,sq5 (326bhp) quattro 5d tip auto,Audi Q5 SQ5SQ5 (326bhp) Quattro 5d Tip Auto Specs & dimensions,2012,,2967.0,6.0,321.0,650.0,2000.0,4 wheel drive,Automatic,Unknown,Diesel,,,249.4,155.0,4.9,174.0,https://www.parkers.co.uk/audi/q5/sq5-2012/sq5-(326bhp)-quattro-5d-tip-auto/specs/
CAR_5F8E840F,Audi,Q5,sq5 30 tdi quattro 5d tip auto,Audi Q5 SQ5SQ5 3.0 TDi Quattro 5d Tip Auto Specs & dimensions,2012,,2967.0,6.0,308.0,650.0,2000.0,4 wheel drive,Automatic,Diesel,Diesel,,,249.4,155.0,5.0,174.0,https://www.parkers.co.uk/audi/q5/sq5-2012/sq5-30-tdi-quattro-5d-tip-auto/specs/
CAR_8A2CC4C4,Audi,A1,25 tfsi black edition 5dr,Audi A1 Sportback25 TFSI Black Edition 5dr Specs & dimensions,2018,,999.0,3.0,93.0,175.0,1100.0,Front wheel drive,Manual,Turbocharged,Petrol,,,191.5,119.0,10.6,126.0,https://www.parkers.co.uk/audi/a1/sportback-2018/25-tfsi-black-edition-5dr/specs/
CAR_0462DD73,Audi,A1,25 tfsi black edition 5dr s tronic,Audi A1 Sportback25 TFSI Black Edition 5dr S Tronic Specs & dimensions,2018,,999.0,3.0,93.0,175.0,1130.0,Front wheel drive,Automatic,Turbocharged,Petrol,,,191.5,119.0,11.1,130.0,https://www.parkers.co.uk/audi/a1/sportback-2018/25-tfsi-black-edition-5dr-s-tronic/specs/
CAR_2CD923B6,Audi,A1,(technology pack) 30 tfsi 116ps 5d,Audi A1 Citycarver(Technology Pack) 30 TFSI 116PS 5d Specs & dimensions,2019,,999.0,3.0,114.0,200.0,1140.0,Front wheel drive,Manual,Turbocharged,Petrol,,,197.9,123.0,9.6,139.0,https://www.parkers.co.uk/audi/a1/citycarver-2019/(technology-pack)-30-tfsi-116ps-5d/specs/
CAR_6164B97A,Audi,A1,(technology pack) 30 tfsi 116ps s tronic auto 5d,Audi A1 Citycarver(Technology Pack) 30 TFSI 116PS S Tronic auto 5d Specs & dimensions,2019,,999.0,3.0,114.0,200.0,1170.0,Front wheel drive,Automatic,Turbocharged,Petrol,,,197.9,123.0,9.6,146.0,https://www.parkers.co.uk/audi/a1/citycarver-2019/(technology-pack)-30-tfsi-116ps-s-tronic-auto-5d/specs/
CAR_F32FD119,Audi,A1,10 tfsi se 3d,Audi A1 Hatchback1.0 TFSI SE 3d Specs & dimensions,2010,,999.0,3.0,93.0,160.0,1035.0,Front wheel drive,Manual,Turbocharged,Petrol,,,186.7,116.0,10.6,114.0,https://www.parkers.co.uk/audi/a1/hatchback-2010/10-tfsi-se-3d/specs/
CAR_29DB2D50,Audi,A1,10 tfsi se 3d s tronic,Audi A1 Hatchback1.0 TFSI SE 3d S Tronic Specs & dimensions,2010,,999.0,3.0,93.0,160.0,1065.0,Front wheel drive,Automatic,Turbocharged,Petrol,,,186.7,116.0,10.6,102.0,https://www.parkers.co.uk/audi/a1/hatchback-2010/10-tfsi-se-3d-s-tronic/specs/
CAR_EB55F0B0,Audi,A1,10 tfsi se 5d,Audi A1 Sportback1.0 TFSI SE 5d Specs & dimensions,2012,,999.0,3.0,93.0,160.0,1060.0,Front wheel drive,Manual,Turbocharged,Petrol,,,186.7,116.0,10.7,114.0,https://www.parkers.co.uk/audi/a1/sportback-2012/10-tfsi-se-5d/specs/
CAR_354341BE,Audi,A1,10 tfsi se 5d s tronic,Audi A1 Sportback1.0 TFSI SE 5d S Tronic Specs & dimensions,2012,,999.0,3.0,93.0,160.0,1090.0,Front wheel drive,Automatic,Turbocharged,Petrol,,,186.7,116.0,10.7,102.0,https://www.parkers.co.uk/audi/a1/sportback-2012/10-tfsi-se-5d-s-tronic/specs/
CAR_6DEF0D98,Audi,A1,s1 tfsi quattro 3d,Audi A1 S1S1 TFSI Quattro 3d Specs & dimensions,2014,,1984.0,4.0,227.0,370.0,1315.0,4 wheel drive,Manual,Turbocharged,Petrol,,,249.4,155.0,5.6,162.0,https://www.parkers.co.uk/audi/a1/s1-2014/s1-tfsi-quattro-3d/specs/
CAR_D0DE86C7,Audi,A1,s1 tfsi quattro 5d,Audi A1 S1S1 TFSI Quattro 5d Specs & dimensions,2014,,1984.0,4.0,227.0,370.0,1340.0,4 wheel drive,Manual,Turbocharged,Petrol,,,249.4,155.0,5.7,166.0,https://www.parkers.co.uk/audi/a1/s1-2014/s1-tfsi-quattro-5d/specs/
CAR_4CB462DD,Audi,A5,35 tdi black edition 2dr s tronic,Audi A5 Coupe35 TDI Black Edition 2dr S Tronic Specs & dimensions,2016,,1968.0,,160.0,370.0,1490.0,Front wheel drive,Automatic,Diesel,Diesel,,,228.5,142.0,7.9,137.0,https://www.parkers.co.uk/audi/a5/coupe-2016/35-tdi-black-edition-2dr-s-tronic/specs/
CAR_B16C815C,Audi,A5,35 tdi black edition 2dr s tronic [comfortsound],Audi A5 Coupe35 TDI Black Edition 2dr S Tronic [Comfort+Sound] Specs & dimensions,2016,,1968.0,,160.0,370.0,1490.0,Front wheel drive,Automatic,Diesel,Diesel,,,228.5,142.0,7.9,137.0,https://www.parkers.co.uk/audi/a5/coupe-2016/35-tdi-black-edition-2dr-s-tronic-[comfortsound]/specs/
CAR_8B535CC7,Audi,A5,35 tdi black edition 5dr s tronic,Audi A5 Sportback35 TDI Black Edition 5dr S Tronic Specs & dimensions,2017,,1968.0,,160.0,370.0,1520.0,Front wheel drive,Automatic,Diesel,Diesel,,,225.3,140.0,8.1,139.0,https://www.parkers.co.uk/audi/a5/sportback-2017/35-tdi-black-edition-5dr-s-tronic/specs/
CAR_77536A87,Audi,A5,35 tdi black edition 5dr s tronic [comfortsound],Audi A5 Sportback35 TDI Black Edition 5dr S Tronic [Comfort+Sound] Specs & dimensions,2017,,1968.0,,160.0,370.0,1520.0,Front wheel drive,Automatic,Diesel,Diesel,,,225.3,140.0,8.1,139.0,https://www.parkers.co.uk/audi/a5/sportback-2017/35-tdi-black-edition-5dr-s-tronic-[comfortsound]/specs/
CAR_820D557A,Audi,A5,35 tfsi edition 1 2dr s tronic 2d,Audi A5 Cabriolet35 TFSI Edition 1 2dr S Tronic 2d Specs & dimensions,2017,,1984.0,,147.0,270.0,1665.0,Front wheel drive,Automatic,Turbocharged,Petrol,,,218.9,136.0,9.5,164.0,https://www.parkers.co.uk/audi/a5/cabriolet-2017/35-tfsi-edition-1-2dr-s-tronic-2d/specs/
CAR_016D8E18,Audi,A5,35 tfsi edition 1 2dr s tronic [comfortsound] 2d,Audi A5 Cabriolet35 TFSI Edition 1 2dr S Tronic [Comfort+Sound] 2d Specs & dimensions,2017,,1984.0,,147.0,270.0,1665.0,Front wheel drive,Automatic,Turbocharged,Petrol,,,218.9,136.0,9.5,164.0,https://www.parkers.co.uk/audi/a5/cabriolet-2017/35-tfsi-edition-1-2dr-s-tronic-[comfortsound]-2d/specs/
CAR_6DDCDFC5,Audi,A5,20 tdi 204 black edition 4dr s tronic,Audi A5 Saloon2.0 TDI 204 Black Edition 4dr S tronic Specs & dimensions,2024,,1968.0,4.0,201.0,400.0,1820.0,Front wheel drive,Automatic,Diesel,Diesel,,,241.4,150.0,7.5,129.0,https://www.parkers.co.uk/audi/a5/saloon-2024/20-tdi-204-black-edition-4dr-s-tronic/specs/
CAR_2BE37649,Audi,A5,20 tdi 204 black edition 4dr s tronic [tech],Audi A5 Saloon2.0 TDI 204 Black Edition 4dr S tronic [Tech] Specs & dimensions,2024,,1968.0,4.0,201.0,400.0,1820.0,Front wheel drive,Automatic,Diesel,Diesel,,,241.4,150.0,7.5,129.0,https://www.parkers.co.uk/audi/a5/saloon-2024/20-tdi-204-black-edition-4dr-s-tronic-[tech]/specs/
CAR_3BB346E2,Audi,A5,20 tdi 204 black edition 5dr s tronic,Audi A5 Avant2.0 TDI 204 Black Edition 5dr S tronic Specs & dimensions,2024,,1968.0,4.0,201.0,400.0,1835.0,Front wheel drive,Automatic,Diesel,Diesel,,,239.8,149.0,7.5,131.0,https://www.parkers.co.uk/audi/a5/avant-2024/20-tdi-204-black-edition-5dr-s-tronic/specs/
CAR_ED6BA8F1,Audi,A5,20 tdi 204 black edition 5dr s tronic [tech],Audi A5 Avant2.0 TDI 204 Black Edition 5dr S tronic [Tech] Specs & dimensions,2024,,1968.0,4.0,201.0,400.0,1835.0,Front wheel drive,Automatic,Diesel,Diesel,,,239.8,149.0,7.5,131.0,https://www.parkers.co.uk/audi/a5/avant-2024/20-tdi-204-black-edition-5dr-s-tronic-[tech]/specs/
CAR_13AB0444,Audi,A5,20 tfsi 299 e qtro edition1 4dr s tronic[19alloy],Audi A5 Hybrid2.0 TFSI 299 e Qtro Edition1 4dr S Tronic[19Alloy] Specs & dimensions,2025,,1984.0,4.0,294.0,450.0,2070.0,4 wheel drive,Automatic,Hybrid,Petrol Parallel PHEV,,,249.4,155.0,5.7,47.0,https://www.parkers.co.uk/audi/a5/hybrid-2025/20-tfsi-299-e-qtro-edition1-4dr-s-tronic[19alloy]/specs/
CAR_37242385,Audi,A5,20 tfsi 299 e qtro edition1 4dr s tronic[sv19],"Audi A5 Hybrid2.0 TFSI 299 e Qtro Edition1 4dr S Tronic[S+V/19""] Specs & dimensions",2025,,1984.0,4.0,294.0,450.0,2070.0,4 wheel drive,Automatic,Hybrid,Petrol Parallel PHEV,,,249.4,155.0,5.7,47.0,https://www.parkers.co.uk/audi/a5/hybrid-2025/20-tfsi-299-e-qtro-edition1-4dr-s-tronic[sv19]/specs/
CAR_1A8C01F7,Audi,A5,18t fsi (160bhp) 2d,Audi A5 Coupe1.8T FSI (160bhp) 2d Specs & dimensions,2007,,1798.0,4.0,157.0,250.0,1420.0,Front wheel drive,Manual,Naturally Aspirated,Petrol,,,225.3,140.0,8.3,164.0,https://www.parkers.co.uk/audi/a5/coupe-2007/18t-fsi-(160bhp)-2d/specs/
CAR_778DE07C,Audi,A5,18t fsi (160bhp) 2d multitronic,Audi A5 Coupe1.8T FSI (160bhp) 2d Multitronic Specs & dimensions,2007,,1798.0,4.0,157.0,250.0,1455.0,Front wheel drive,Automatic,Naturally Aspirated,Petrol,,,215.7,134.0,8.3,169.0,https://www.parkers.co.uk/audi/a5/coupe-2007/18t-fsi-(160bhp)-2d-multitronic/specs/
CAR_E50AACB8,Audi,A5,18t fsi (177bhp) s line (nav) 2d,Audi A5 Cabriolet1.8T FSI (177bhp) S Line (Nav) 2d Specs & dimensions,2009,,1798.0,4.0,174.0,320.0,1620.0,Front wheel drive,Manual,Naturally Aspirated,Petrol,,,223.7,139.0,8.4,144.0,https://www.parkers.co.uk/audi/a5/cabriolet-2009/18t-fsi-(177bhp)-s-line-(nav)-2d/specs/
CAR_95C75831,Audi,A5,18t fsi (177bhp) s line (nav) 2d multitronic,Audi A5 Cabriolet1.8T FSI (177bhp) S Line (Nav) 2d Multitronic Specs & dimensions,2009,,1798.0,4.0,174.0,320.0,1655.0,Front wheel drive,Automatic,Naturally Aspirated,Petrol,,,214.0,133.0,8.6,146.0,https://www.parkers.co.uk/audi/a5/cabriolet-2009/18t-fsi-(177bhp)-s-line-(nav)-2d-multitronic/specs/
CAR_DA868313,Audi,A5,18t fsi (177bhp) black ed plus (5 seat) 5d multitronic,Audi A5 Sportback1.8T FSI (177bhp) Black Ed Plus (5 Seat) 5d Multitronic Specs & dimensions,2009,,1798.0,4.0,174.0,320.0,1525.0,Front wheel drive,Automatic,Naturally Aspirated,Petrol,,,220.5,137.0,8.1,149.0,https://www.parkers.co.uk/audi/a5/sportback-2009/18t-fsi-(177bhp)-black-ed-plus-(5-seat)-5d-multitronic/specs/
CAR_E243862A,Audi,A5,18t fsi (177bhp) black edition plus (5 seat) 5d,Audi A5 Sportback1.8T FSI (177bhp) Black Edition Plus (5 Seat) 5d Specs & dimensions,2009,,1798.0,4.0,174.0,320.0,1490.0,Front wheel drive,Manual,Naturally Aspirated,Petrol,,,231.7,144.0,7.9,148.0,https://www.parkers.co.uk/audi/a5/sportback-2009/18t-fsi-(177bhp)-black-edition-plus-(5-seat)-5d/specs/
CAR_CE8A2B1D,Audi,A5,s5 quattro (2011) cabrio 2d s tronic,Audi A5 S5S5 Quattro (2011) Cabrio 2d S Tronic Specs & dimensions,2007,2011,2995.0,6.0,328.0,440.0,1675.0,4 wheel drive,Automatic,Naturally Aspirated,Petrol,,,249.4,155.0,4.7,184.0,https://www.parkers.co.uk/audi/a5/s5-2007/s5-quattro-(2011)-cabrio-2d-s-tronic/specs/
CAR_71EFA4B1,Audi,A5,s5 quattro (2011) coupe 2d s tronic,Audi A5 S5S5 Quattro (2011) Coupe 2d S Tronic Specs & dimensions,2007,2011,2995.0,6.0,328.0,440.0,1880.0,4 wheel drive,Automatic,Naturally Aspirated,Petrol,,,249.4,155.0,5.2,189.0,https://www.parkers.co.uk/audi/a5/s5-2007/s5-quattro-(2011)-coupe-2d-s-tronic/specs/
CAR_DD0E1FF4,Audi,A5,42 fsi cabriolet quattro 2d s tronic,Audi A5 RS54.2 FSI Cabriolet Quattro 2d S Tronic Specs & dimensions,2010,,4163.0,8.0,443.0,430.0,1920.0,4 wheel drive,Automatic,Naturally Aspirated,Petrol,,,249.4,155.0,4.5,249.0,https://www.parkers.co.uk/audi/a5/rs5-2010/42-fsi-cabriolet-quattro-2d-s-tronic/specs/
CAR_35343CA7,Audi,A5,42 fsi coupe quattro (2012) 2d s tronic,Audi A5 RS54.2 FSI Coupe Quattro (2012) 2d S Tronic Specs & dimensions,2010,2012,4163.0,8.0,443.0,430.0,1715.0,4 wheel drive,Automatic,Naturally Aspirated,Petrol,,,249.4,155.0,4.4,246.0,https://www.parkers.co.uk/audi/a5/rs5-2010/42-fsi-coupe-quattro-(2012)-2d-s-tronic/specs/
CAR_0BB6C8D8,Bmw,1 Series,116d m sport (plus pack and tech pack 1) 5d,BMW 1-Series Hatchback116d M Sport (Plus Pack and Tech Pack 1) 5d Specs & dimensions,2019,,1496.0,3.0,114.0,270.0,1375.0,Front wheel drive,Manual,Unknown,Diesel,,,199.6,124.0,10.0,123.0,https://www.parkers.co.uk/bmw/1-series/hatchback-2019/116d-m-sport-(plus-pack-and-tech-pack-1)-5d/specs/
CAR_85A539EE,Bmw,1 Series,116d m sport (plus pack and tech pack 1) dual clutch auto 5d,BMW 1-Series Hatchback116d M Sport (Plus Pack and Tech Pack 1) Dual-clutch auto 5d Specs & dimensions,2019,,1496.0,3.0,114.0,270.0,1385.0,Front wheel drive,Automatic,Unknown,Diesel,,,199.6,124.0,9.8,124.0,https://www.parkers.co.uk/bmw/1-series/hatchback-2019/116d-m-sport-(plus-pack-and-tech-pack-1)-dual-clutch-auto-5d/specs/
CAR_172FB2A3,Bmw,1 Series,128ti 5dr step auto,BMW 1-Series 128ti128ti 5dr Step Auto Specs & dimensions,2020,,1998.0,4.0,261.0,400.0,1445.0,Front wheel drive,Automatic,Naturally Aspirated,Petrol,,,249.4,155.0,5.9,157.0,https://www.parkers.co.uk/bmw/1-series/128ti-2020/128ti-5dr-step-auto/specs/
CAR_C4F34B8E,Bmw,1 Series,128ti 5dr step auto [lcpprotech pk],BMW 1-Series 128ti128ti 5dr Step Auto [LCP/Pro/Tech pk] Specs & dimensions,2020,,1998.0,4.0,261.0,400.0,1445.0,Front wheel drive,Automatic,Naturally Aspirated,Petrol,,,249.4,155.0,5.9,158.0,https://www.parkers.co.uk/bmw/1-series/128ti-2020/128ti-5dr-step-auto-[lcpprotech-pk]/specs/
CAR_55DCB3A3,Bmw,1 Series,m135i xdrive 5dr step auto [pro pack],BMW 1-Series M135iM135i xDrive 5dr Step Auto [Pro Pack] Specs & dimensions,2019,,1998.0,4.0,301.0,450.0,1525.0,4 wheel drive,Automatic,Naturally Aspirated,Petrol,,,249.4,155.0,4.6,168.0,https://www.parkers.co.uk/bmw/1-series/m135i-2019/m135i-xdrive-5dr-step-auto-[pro-pack]/specs/
CAR_40707566,Bmw,1 Series,m135i xdrive 5dr step auto [techpro pack],BMW 1-Series M135iM135i xDrive 5dr Step Auto [Tech/Pro Pack] Specs & dimensions,2019,,1998.0,4.0,301.0,450.0,1525.0,4 wheel drive,Automatic,Naturally Aspirated,Petrol,,,249.4,155.0,4.6,168.0,https://www.parkers.co.uk/bmw/1-series/m135i-2019/m135i-xdrive-5dr-step-auto-[techpro-pack]/specs/
CAR_081A8623,Bmw,1 Series,120 m sport 5dr step auto,BMW 1-Series Hatchback120 M Sport 5dr Step Auto Specs & dimensions,2024,,1499.0,3.0,153.0,280.0,1425.0,Front wheel drive,Automatic,Naturally Aspirated,Petrol,,,225.3,140.0,7.6,121.0,https://www.parkers.co.uk/bmw/1-series/hatchback-2024/120-m-sport-5dr-step-auto/specs/
CAR_A3937D93,Bmw,1 Series,120 m sport 5dr step auto [pro pack],BMW 1-Series Hatchback120 M Sport 5dr Step Auto [Pro Pack] Specs & dimensions,2024,,1499.0,3.0,153.0,280.0,1425.0,Front wheel drive,Automatic,Naturally Aspirated,Petrol,,,225.3,140.0,7.6,121.0,https://www.parkers.co.uk/bmw/1-series/hatchback-2024/120-m-sport-5dr-step-auto-[pro-pack]/specs/
CAR_ECA6C69C,Bmw,1 Series,m135 xdrive 5dr step auto,BMW 1-Series M135M135 xDrive 5dr Step Auto Specs & dimensions,2024,,1998.0,4.0,295.0,400.0,1550.0,4 wheel drive,Automatic,Naturally Aspirated,Petrol,,,249.4,155.0,4.7,173.0,https://www.parkers.co.uk/bmw/1-series/m135-2024/m135-xdrive-5dr-step-auto/specs/
CAR_86911C08,Bmw,1 Series,m135 xdrive 5dr step auto [pro pack],BMW 1-Series M135M135 xDrive 5dr Step Auto [Pro Pack] Specs & dimensions,2024,,1998.0,4.0,295.0,400.0,1550.0,4 wheel drive,Automatic,Naturally Aspirated,Petrol,,,249.4,155.0,4.7,173.0,https://www.parkers.co.uk/bmw/1-series/m135-2024/m135-xdrive-5dr-step-auto-[pro-pack]/specs/
CAR_8873A4D7,Bmw,1 Series,116d (dynamic) 3d,BMW 1-Series Hatchback116d (Dynamic) 3d Specs & dimensions,2004,,1995.0,4.0,114.0,260.0,1295.0,Rear wheel drive,Manual,Unknown,Diesel,,,199.6,124.0,9.9,118.0,https://www.parkers.co.uk/bmw/1-series/hatchback-2004/116d-(dynamic)-3d/specs/
CAR_A0CE017E,Bmw,1 Series,116d (dynamic) 5d,BMW 1-Series Hatchback116d (Dynamic) 5d Specs & dimensions,2004,,1995.0,4.0,114.0,260.0,1305.0,Rear wheel drive,Manual,Unknown,Diesel,,,199.6,124.0,10.0,118.0,https://www.parkers.co.uk/bmw/1-series/hatchback-2004/116d-(dynamic)-5d/specs/
CAR_4BCA8034,Bmw,1 Series,118d es (dynamic) 2d,BMW 1-Series Coupe118d ES (Dynamic) 2d Specs & dimensions,2007,,1995.0,4.0,140.0,300.0,1320.0,Rear wheel drive,Manual,Unknown,Diesel,,,209.2,130.0,8.7,119.0,https://www.parkers.co.uk/bmw/1-series/coupe-2007/118d-es-(dynamic)-2d/specs/
CAR_937290EA,Bmw,1 Series,118d es (dynamic) 2d step auto,BMW 1-Series Coupe118d ES (Dynamic) 2d Step Auto Specs & dimensions,2007,,1995.0,4.0,140.0,300.0,1345.0,Rear wheel drive,Automatic,Unknown,Diesel,,,209.2,130.0,8.8,140.0,https://www.parkers.co.uk/bmw/1-series/coupe-2007/118d-es-(dynamic)-2d-step-auto/specs/
CAR_5DA3E774,Bmw,1 Series,118d es (dynamic) 2d,BMW 1-Series Convertible118d ES (Dynamic) 2d Specs & dimensions,2008,,1995.0,4.0,140.0,300.0,1475.0,Rear wheel drive,Manual,Unknown,Diesel,,,207.6,129.0,9.2,129.0,https://www.parkers.co.uk/bmw/1-series/convertible-2008/118d-es-(dynamic)-2d/specs/
CAR_B73E067C,Bmw,1 Series,118d es (dynamic) 2d step auto,BMW 1-Series Convertible118d ES (Dynamic) 2d Step Auto Specs & dimensions,2008,,1995.0,4.0,140.0,300.0,1500.0,Rear wheel drive,Automatic,Unknown,Diesel,,,207.6,129.0,9.3,145.0,https://www.parkers.co.uk/bmw/1-series/convertible-2008/118d-es-(dynamic)-2d-step-auto/specs/
CAR_895C0916,Bmw,1 Series,m 2d,BMW 1-Series M CoupeM 2d Specs & dimensions,2011,,2979.0,6.0,335.0,450.0,1495.0,Rear wheel drive,Manual,Naturally Aspirated,Petrol,,,249.4,155.0,4.7,224.0,https://www.parkers.co.uk/bmw/1-series/m-coupe-2011/m-2d/specs/
CAR_C845B0D9,Bmw,1 Series,trim m,BMW 1-Series M Coupe M (2011 - 2011)Specs & dimensions,2011,2011,,,,,,,,Unknown,,,,,,,,https://www.parkers.co.uk/bmw/1-series/m-coupe-2011/trim-m/specs/
CAR_735DCC25,Bmw,1 Series,114d es (business media) 3d,BMW 1-Series Hatchback114d ES (Business Media) 3d Specs & dimensions,2011,,1598.0,4.0,93.0,235.0,1315.0,Rear wheel drive,Manual,Unknown,Diesel,,,185.1,115.0,11.8,109.0,https://www.parkers.co.uk/bmw/1-series/hatchback-2011/114d-es-(business-media)-3d/specs/
CAR_F51AE960,Bmw,1 Series,114d es (business media) 5d,BMW 1-Series Hatchback114d ES (Business Media) 5d Specs & dimensions,2011,,1598.0,4.0,93.0,235.0,1320.0,Rear wheel drive,Manual,Unknown,Diesel,,,185.1,115.0,11.8,109.0,https://www.parkers.co.uk/bmw/1-series/hatchback-2011/114d-es-(business-media)-5d/specs/
CAR_EB0010F2,Bmw,3 Series,318d (150bhp) luxury (business media) 5d,BMW 3-Series Gran Turismo318d (150bhp) Luxury (Business Media) 5d Specs & dimensions,2013,,1995.0,4.0,147.0,320.0,1570.0,Rear wheel drive,Manual,Unknown,Diesel,,,209.2,130.0,9.0,121.0,https://www.parkers.co.uk/bmw/3-series/gran-turismo-2013/318d-(150bhp)-luxury-(business-media)-5d/specs/
CAR_254DC047,Bmw,3 Series,318d (150bhp) luxury (business media) 5d step auto,BMW 3-Series Gran Turismo318d (150bhp) Luxury (Business Media) 5d Step Auto Specs & dimensions,2013,,1995.0,4.0,147.0,320.0,1595.0,Rear wheel drive,Automatic,Unknown,Diesel,,,209.2,130.0,8.9,117.0,https://www.parkers.co.uk/bmw/3-series/gran-turismo-2013/318d-(150bhp)-luxury-(business-media)-5d-step-auto/specs/
CAR_D14076C2,Bmw,3 Series,318d m sport (plus package and technology package) 4d,BMW 3-Series Saloon318d M Sport (Plus Package and Technology Package) 4d Specs & dimensions,2019,,1995.0,4.0,147.0,320.0,1445.0,Rear wheel drive,Manual,Unknown,Diesel,,,225.3,140.0,8.1,132.0,https://www.parkers.co.uk/bmw/3-series/saloon-2019/318d-m-sport-(plus-package-and-technology-package)-4d/specs/
CAR_EA89620D,Bmw,3 Series,318d m sport (plus package and technology package) auto 4d,BMW 3-Series Saloon318d M Sport (Plus Package and Technology Package) auto 4d Specs & dimensions,2019,,1995.0,4.0,147.0,320.0,1455.0,Rear wheel drive,Automatic,Unknown,Diesel,,,223.7,139.0,8.0,134.0,https://www.parkers.co.uk/bmw/3-series/saloon-2019/318d-m-sport-(plus-package-and-technology-package)-auto-4d/specs/
CAR_DF9E5A3C,Bmw,3 Series,318d m sport (plus package and technology package) auto 5d,BMW 3-Series Touring318d M Sport (Plus Package and Technology Package) auto 5d Specs & dimensions,2019,,1995.0,4.0,147.0,320.0,1585.0,Rear wheel drive,Automatic,Unknown,Diesel,,,214.0,133.0,8.5,139.0,https://www.parkers.co.uk/bmw/3-series/touring-2019/318d-m-sport-(plus-package-and-technology-package)-auto-5d/specs/
CAR_5EDD9597,Bmw,3 Series,318d m sport (plus package) auto 5d,BMW 3-Series Touring318d M Sport (Plus Package) auto 5d Specs & dimensions,2019,,1995.0,4.0,147.0,320.0,1585.0,Rear wheel drive,Automatic,Unknown,Diesel,,,214.0,133.0,8.5,139.0,https://www.parkers.co.uk/bmw/3-series/touring-2019/318d-m-sport-(plus-package)-auto-5d/specs/
CAR_944C994F,Bmw,3 Series,m3 cs 4dr step auto,BMW 3-Series M3M3 CS 4dr Step Auto Specs & dimensions,2020,,2993.0,6.0,543.0,650.0,1765.0,4 wheel drive,Automatic,Naturally Aspirated,Petrol,,,302.6,188.0,3.3,230.0,https://www.parkers.co.uk/bmw/3-series/m3-2020/m3-cs-4dr-step-auto/specs/
CAR_2627A43C,Bmw,3 Series,m3 competition 4dr step auto,BMW 3-Series M3M3 Competition 4dr Step Auto Specs & dimensions,2020,,2993.0,6.0,502.0,650.0,1730.0,Rear wheel drive,Automatic,Naturally Aspirated,Petrol,,,249.4,155.0,3.8,223.0,https://www.parkers.co.uk/bmw/3-series/m3-2020/m3-competition-4dr-step-auto/specs/
CAR_9C79E4FA,Bmw,3 Series,m3 cs xdrive 550 5dr step auto,BMW 3-Series M3 TouringM3 CS xDrive 550 5dr Step Auto Specs & dimensions,2022,,2993.0,6.0,543.0,650.0,1850.0,4 wheel drive,Automatic,Naturally Aspirated,Petrol,,,299.3,186.0,3.4,238.0,https://www.parkers.co.uk/bmw/3-series/m3-touring-2022/m3-cs-xdrive-550-5dr-step-auto/specs/
CAR_FB8A2304,Bmw,3 Series,m3 xdrive 530 competition m 5dr step auto,BMW 3-Series M3 TouringM3 xDrive 530 Competition M 5dr Step Auto Specs & dimensions,2022,,2993.0,6.0,522.0,650.0,1865.0,4 wheel drive,Automatic,Naturally Aspirated,Petrol,,,249.4,155.0,3.5,234.0,https://www.parkers.co.uk/bmw/3-series/m3-touring-2022/m3-xdrive-530-competition-m-5dr-step-auto/specs/
CAR_C2540201,Bmw,3 Series,316d es 4d,BMW 3-Series Saloon316d ES 4d Specs & dimensions,2005,,1995.0,4.0,114.0,260.0,1400.0,Rear wheel drive,Manual,Unknown,Diesel,,,197.9,123.0,10.6,118.0,https://www.parkers.co.uk/bmw/3-series/saloon-2005/316d-es-4d/specs/
CAR_F4D44AF9,Bmw,3 Series,318d (143bhp) es 4d,BMW 3-Series Saloon318d (143bhp) ES 4d Specs & dimensions,2005,,1995.0,4.0,140.0,300.0,1430.0,Rear wheel drive,Manual,Unknown,Diesel,,,209.2,130.0,9.0,123.0,https://www.parkers.co.uk/bmw/3-series/saloon-2005/318d-(143bhp)-es-4d/specs/
CAR_306549F1,Bmw,3 Series,320d m sport (2010) 2d,BMW 3-Series Convertible320d M Sport (2010) 2d Specs & dimensions,2007,2010,1995.0,4.0,181.0,380.0,1655.0,Rear wheel drive,Manual,Unknown,Diesel,,,228.5,142.0,8.0,135.0,https://www.parkers.co.uk/bmw/3-series/convertible-2007/320d-m-sport-(2010)-2d/specs/
CAR_1ED7CAB8,Bmw,3 Series,320d m sport (2010) 2d step auto,BMW 3-Series Convertible320d M Sport (2010) 2d Step Auto Specs & dimensions,2007,2010,1995.0,4.0,181.0,380.0,1670.0,Rear wheel drive,Automatic,Unknown,Diesel,,,225.3,140.0,8.1,149.0,https://www.parkers.co.uk/bmw/3-series/convertible-2007/320d-m-sport-(2010)-2d-step-auto/specs/
CAR_B7C06300,Bmw,3 Series,318d (143bhp) es 5d,BMW 3-Series Touring318d (143bhp) ES 5d Specs & dimensions,2005,,1995.0,4.0,140.0,300.0,1505.0,Rear wheel drive,Manual,Unknown,Diesel,,,209.2,130.0,9.3,125.0,https://www.parkers.co.uk/bmw/3-series/touring-2005/318d-(143bhp)-es-5d/specs/
CAR_DF4A426C,Bmw,3 Series,318d (143bhp) m sport 5d,BMW 3-Series Touring318d (143bhp) M Sport 5d Specs & dimensions,2005,,1995.0,4.0,140.0,300.0,1505.0,Rear wheel drive,Manual,Unknown,Diesel,,,209.2,130.0,9.3,125.0,https://www.parkers.co.uk/bmw/3-series/touring-2005/318d-(143bhp)-m-sport-5d/specs/
CAR_94E51797,Bmw,3 Series,318i m sport 2d,BMW 3-Series Coupe318i M Sport 2d Specs & dimensions,2006,,1995.0,4.0,140.0,190.0,1360.0,Rear wheel drive,Manual,Naturally Aspirated,Petrol,,,209.2,130.0,8.8,146.0,https://www.parkers.co.uk/bmw/3-series/coupe-2006/318i-m-sport-2d/specs/
CAR_A79A30D8,Bmw,3 Series,318i se 2d,BMW 3-Series Coupe318i SE 2d Specs & dimensions,2006,,1995.0,4.0,140.0,190.0,1360.0,Rear wheel drive,Manual,Naturally Aspirated,Petrol,,,209.2,130.0,8.8,146.0,https://www.parkers.co.uk/bmw/3-series/coupe-2006/318i-se-2d/specs/
CAR_8B79BA90,Bmw,3 Series,m3 convertible (2010) 2d,BMW 3-Series M3M3 Convertible (2010) 2d Specs & dimensions,2007,2010,3999.0,8.0,414.0,400.0,1810.0,Rear wheel drive,Manual,Naturally Aspirated,Petrol,,,249.4,155.0,5.1,297.0,https://www.parkers.co.uk/bmw/3-series/m3-2007/m3-convertible-(2010)-2d/specs/
CAR_A3936987,Bmw,3 Series,m3 convertible (2010) 2d dct,BMW 3-Series M3M3 Convertible (2010) 2d DCT Specs & dimensions,2007,2010,3999.0,8.0,414.0,400.0,1830.0,Rear wheel drive,Automatic,Naturally Aspirated,Petrol,,,249.4,155.0,4.9,269.0,https://www.parkers.co.uk/bmw/3-series/m3-2007/m3-convertible-(2010)-2d-dct/specs/
CAR_2E6E2698,Bmw,3 Series,316d es (business media) 4d,BMW 3-Series Saloon316d ES (Business Media) 4d Specs & dimensions,2012,,1995.0,4.0,114.0,270.0,1420.0,Rear wheel drive,Manual,Unknown,Diesel,,,204.4,127.0,10.4,109.0,https://www.parkers.co.uk/bmw/3-series/saloon-2012/316d-es-(business-media)-4d/specs/
CAR_30826D22,Bmw,3 Series,316d es (business media) 4d step auto,BMW 3-Series Saloon316d ES (Business Media) 4d Step Auto Specs & dimensions,2012,,1995.0,4.0,114.0,270.0,1430.0,Rear wheel drive,Automatic,Unknown,Diesel,,,204.4,127.0,10.3,109.0,https://www.parkers.co.uk/bmw/3-series/saloon-2012/316d-es-(business-media)-4d-step-auto/specs/
CAR_402BC97D,Bmw,3 Series,316d es (business media) 5d,BMW 3-Series Touring316d ES (Business Media) 5d Specs & dimensions,2012,,1995.0,4.0,114.0,270.0,1495.0,Rear wheel drive,Manual,Unknown,Diesel,,,199.6,124.0,10.8,116.0,https://www.parkers.co.uk/bmw/3-series/touring-2012/316d-es-(business-media)-5d/specs/
CAR_D300F1C4,Bmw,3 Series,316d es (business media) 5d step auto,BMW 3-Series Touring316d ES (Business Media) 5d Step Auto Specs & dimensions,2012,,1995.0,4.0,114.0,270.0,1510.0,Rear wheel drive,Automatic,Unknown,Diesel,,,197.9,123.0,10.7,116.0,https://www.parkers.co.uk/bmw/3-series/touring-2012/316d-es-(business-media)-5d-step-auto/specs/
CAR_E44F0783,Bmw,3 Series,m3 (0715 ) 4d,BMW 3-Series M3M3 (07/15-) 4d Specs & dimensions,2014,,2979.0,6.0,424.0,550.0,1560.0,Rear wheel drive,Manual,Naturally Aspirated,Petrol,,,249.4,155.0,4.2,209.0,https://www.parkers.co.uk/bmw/3-series/m3-2014/m3-(0715-)-4d/specs/
CAR_7ABF7F4B,Bmw,3 Series,m3 (0715 ) 4d dct,BMW 3-Series M3M3 (07/15-) 4d DCT Specs & dimensions,2014,,2979.0,6.0,424.0,550.0,1585.0,Rear wheel drive,Automatic,Naturally Aspirated,Petrol,,,249.4,155.0,4.0,194.0,https://www.parkers.co.uk/bmw/3-series/m3-2014/m3-(0715-)-4d-dct/specs/
CAR_3302056E,Bmw,3 Series,316i 3d,BMW 3-Series Compact316i 3d Specs & dimensions,1994,,1596.0,4.0,102.0,150.0,1250.0,Rear wheel drive,Manual,Naturally Aspirated,Petrol,,,188.3,117.0,11.9,182.0,https://www.parkers.co.uk/bmw/3-series/compact-1994/316i-3d/specs/
CAR_8053D259,Bmw,3 Series,316i 3d (19),BMW 3-Series Compact316i 3d (1.9) Specs & dimensions,1994,,1895.0,4.0,105.0,165.0,1250.0,Rear wheel drive,Manual,Naturally Aspirated,Petrol,,,191.5,119.0,11.5,183.0,https://www.parkers.co.uk/bmw/3-series/compact-1994/316i-3d-(19)/specs/
CAR_627AE402,Bmw,3 Series,318i 2d,BMW 3-Series Convertible318i 2d Specs & dimensions,1993,,1796.0,4.0,115.0,168.0,1445.0,Rear wheel drive,Manual,Naturally Aspirated,Petrol,,,194.7,121.0,12.1,202.0,https://www.parkers.co.uk/bmw/3-series/convertible-1993/318i-2d/specs/
CAR_07EDE9B7,Bmw,3 Series,318i 2d auto,BMW 3-Series Convertible318i 2d Auto Specs & dimensions,1993,,1796.0,4.0,115.0,168.0,1445.0,Rear wheel drive,Automatic,Naturally Aspirated,Petrol,,,188.3,117.0,13.3,224.0,https://www.parkers.co.uk/bmw/3-series/convertible-1993/318i-2d-auto/specs/
CAR_88F3206F,Bmw,3 Series,2d,BMW 3-Series M3 Convertible2d Specs & dimensions,1994,,2990.0,6.0,286.0,320.0,1615.0,Rear wheel drive,Manual,Naturally Aspirated,Petrol,,,249.4,155.0,6.0,,https://www.parkers.co.uk/bmw/3-series/m3-convertible-1994/2d/specs/
CAR_8AB9113E,Bmw,3 Series,edition 2d,BMW 3-Series M3 ConvertibleEdition 2d Specs & dimensions,1994,,3201.0,6.0,321.0,350.0,1635.0,Rear wheel drive,Manual,Naturally Aspirated,Petrol,,,249.4,155.0,5.4,270.0,https://www.parkers.co.uk/bmw/3-series/m3-convertible-1994/edition-2d/specs/
CAR_A54FB112,Bmw,3 Series,316i 16v 4d,BMW 3-Series Saloon316i 16v 4d Specs & dimensions,1998,,1796.0,4.0,114.0,175.0,1385.0,Rear wheel drive,Manual,Naturally Aspirated,Petrol,,,206.0,128.0,10.6,172.0,https://www.parkers.co.uk/bmw/3-series/saloon-1998/316i-16v-4d/specs/
CAR_3425BA41,Bmw,3 Series,316i 16v 4d auto,BMW 3-Series Saloon316i 16v 4d Auto Specs & dimensions,1998,,1796.0,4.0,114.0,175.0,1415.0,Rear wheel drive,Automatic,Naturally Aspirated,Petrol,,,199.6,124.0,11.5,194.0,https://www.parkers.co.uk/bmw/3-series/saloon-1998/316i-16v-4d-auto/specs/
CAR_D1EA0482,Bmw,3 Series,316ti 3d (01),BMW 3-Series Compact316ti 3d (01) Specs & dimensions,2001,,1796.0,4.0,115.0,175.0,1375.0,Rear wheel drive,Manual,Naturally Aspirated,Petrol,,,201.2,125.0,10.6,167.0,https://www.parkers.co.uk/bmw/3-series/compact-2001/316ti-3d-(01)/specs/
CAR_4C422C67,Bmw,3 Series,316ti 3d (03),BMW 3-Series Compact316ti 3d (03) Specs & dimensions,2001,,1796.0,4.0,113.0,175.0,1375.0,Rear wheel drive,Manual,Naturally Aspirated,Petrol,,,201.2,125.0,10.6,170.0,https://www.parkers.co.uk/bmw/3-series/compact-2001/316ti-3d-(03)/specs/
CAR_E2989628,Bmw,3 Series,316i se 16v 5d,BMW 3-Series Touring316i SE 16v 5d Specs & dimensions,1999,,1796.0,4.0,115.0,175.0,1465.0,Rear wheel drive,Manual,Naturally Aspirated,Petrol,,,199.6,124.0,10.8,177.0,https://www.parkers.co.uk/bmw/3-series/touring-1999/316i-se-16v-5d/specs/
CAR_5D3F95C8,Bmw,3 Series,316i se 16v 5d auto,BMW 3-Series Touring316i SE 16v 5d Auto Specs & dimensions,1999,,1796.0,4.0,115.0,175.0,1480.0,Rear wheel drive,Automatic,Naturally Aspirated,Petrol,,,194.7,121.0,11.8,196.0,https://www.parkers.co.uk/bmw/3-series/touring-1999/316i-se-16v-5d-auto/specs/
CAR_78D0E871,Bmw,3 Series,318 ci 16v 2d,BMW 3-Series Coupe318 Ci 16V 2d Specs & dimensions,1999,,1995.0,4.0,143.0,200.0,1360.0,Rear wheel drive,Manual,Naturally Aspirated,Petrol,,,217.3,135.0,9.0,175.0,https://www.parkers.co.uk/bmw/3-series/coupe-1999/318-ci-16v-2d/specs/
CAR_32BCA9D4,Bmw,3 Series,318 ci 16v 2d step auto,BMW 3-Series Coupe318 Ci 16V 2d Step Auto Specs & dimensions,1999,,1995.0,4.0,143.0,200.0,1340.0,Rear wheel drive,Automatic,Naturally Aspirated,Petrol,,,214.0,133.0,9.9,196.0,https://www.parkers.co.uk/bmw/3-series/coupe-1999/318-ci-16v-2d-step-auto/specs/
CAR_6E510F12,Bmw,3 Series,318 ci 2d (01),BMW 3-Series Convertible318 Ci 2d (01) Specs & dimensions,2000,,1995.0,4.0,143.0,200.0,1540.0,Rear wheel drive,Manual,Naturally Aspirated,Petrol,,,206.0,128.0,9.9,187.0,https://www.parkers.co.uk/bmw/3-series/convertible-2000/318-ci-2d-(01)/specs/
CAR_94C9211F,Bmw,3 Series,318 ci 2d (03),BMW 3-Series Convertible318 Ci 2d (03) Specs & dimensions,2000,,1995.0,4.0,143.0,200.0,1540.0,Rear wheel drive,Manual,Naturally Aspirated,Petrol,,,206.0,128.0,9.9,187.0,https://www.parkers.co.uk/bmw/3-series/convertible-2000/318-ci-2d-(03)/specs/
CAR_8B46A6C9,Bmw,3 Series,2d,BMW 3-Series M3 Coupe2d Specs & dimensions,2001,,3246.0,6.0,338.0,365.0,1495.0,Rear wheel drive,Manual,Naturally Aspirated,Petrol,,,249.4,155.0,5.0,323.0,https://www.parkers.co.uk/bmw/3-series/m3-coupe-2001/2d/specs/
CAR_C95B6E99,Bmw,3 Series,2d smg,BMW 3-Series M3 Coupe2d SMG Specs & dimensions,2001,,3246.0,6.0,338.0,365.0,1495.0,Rear wheel drive,Automatic,Naturally Aspirated,Petrol,,,249.4,155.0,5.0,323.0,https://www.parkers.co.uk/bmw/3-series/m3-coupe-2001/2d-smg/specs/
CAR_967D45A9,Bmw,3 Series,2d,BMW 3-Series M3 Convertible2d Specs & dimensions,2001,,3246.0,6.0,338.0,365.0,1655.0,Rear wheel drive,Manual,Naturally Aspirated,Petrol,,,249.4,155.0,5.3,328.0,https://www.parkers.co.uk/bmw/3-series/m3-convertible-2001/2d/specs/
CAR_FBB1882C,Bmw,3 Series,2d smg,BMW 3-Series M3 Convertible2d SMG Specs & dimensions,2001,,3246.0,6.0,338.0,365.0,1655.0,Rear wheel drive,Automatic,Naturally Aspirated,Petrol,,,249.4,155.0,5.3,328.0,https://www.parkers.co.uk/bmw/3-series/m3-convertible-2001/2d-smg/specs/
CAR_90133E73,Bmw,3 Series,316 2d,BMW 3-Series Saloon316 2d Specs & dimensions,1983,,1766.0,,90.0,,,Rear wheel drive,Manual,Naturally Aspirated,Petrol,,,,,,,https://www.parkers.co.uk/bmw/3-series/saloon-1983/316-2d/specs/
CAR_21844450,Bmw,3 Series,316 2d auto,BMW 3-Series Saloon316 2d Auto Specs & dimensions,1983,,1766.0,,90.0,,,Rear wheel drive,Automatic,Naturally Aspirated,Petrol,,,,,,,https://www.parkers.co.uk/bmw/3-series/saloon-1983/316-2d-auto/specs/
CAR_CB0738BB,Bmw,3 Series,316i 5d,BMW 3-Series Touring316i 5d Specs & dimensions,1988,,1596.0,,102.0,,,Rear wheel drive,Manual,Naturally Aspirated,Petrol,,,,,,,https://www.parkers.co.uk/bmw/3-series/touring-1988/316i-5d/specs/
CAR_D0341665,Bmw,3 Series,316i 5d auto,BMW 3-Series Touring316i 5d Auto Specs & dimensions,1988,,1596.0,,102.0,,,Rear wheel drive,Automatic,Naturally Aspirated,Petrol,,,,,,,https://www.parkers.co.uk/bmw/3-series/touring-1988/316i-5d-auto/specs/
CAR_3F4F86D8,Bmw,3 Series,325i individual 2d,BMW 3-Series Coupe325i Individual 2d Specs & dimensions,1992,,2494.0,,192.0,,,Rear wheel drive,Manual,Naturally Aspirated,Petrol,,,,,,,https://www.parkers.co.uk/bmw/3-series/coupe-1992/325i-individual-2d/specs/
CAR_6F03D159,Bmw,3 Series,325i individual 2d auto,BMW 3-Series Coupe325i Individual 2d Auto Specs & dimensions,1992,,2494.0,,192.0,,,Rear wheel drive,Automatic,Naturally Aspirated,Petrol,,,,,,,https://www.parkers.co.uk/bmw/3-series/coupe-1992/325i-individual-2d-auto/specs/
CAR_CF4B3B92,Bmw,3 Series,318i 2d,BMW 3-Series Convertible318i 2d Specs & dimensions,1986,,1796.0,,115.0,,,Rear wheel drive,Manual,Naturally Aspirated,Petrol,,,,,,,https://www.parkers.co.uk/bmw/3-series/convertible-1986/318i-2d/specs/
CAR_199CEE86,Bmw,3 Series,318i 2d auto,BMW 3-Series Convertible318i 2d Auto Specs & dimensions,1986,,1796.0,,115.0,,,Rear wheel drive,Automatic,Naturally Aspirated,Petrol,,,,,,,https://www.parkers.co.uk/bmw/3-series/convertible-1986/318i-2d-auto/specs/
CAR_2B042DFE,Bmw,3 Series,316e 4d,BMW 3-Series Saloon316e 4d Specs & dimensions,1991,,1596.0,,100.0,,,Rear wheel drive,Manual,Naturally Aspirated,Petrol,,,,,,,https://www.parkers.co.uk/bmw/3-series/saloon-1991/316e-4d/specs/
CAR_B3A7DA84,Bmw,3 Series,316i 4d,BMW 3-Series Saloon316i 4d Specs & dimensions,1991,,1596.0,4.0,102.0,150.0,1310.0,Rear wheel drive,Manual,Naturally Aspirated,Petrol,,,194.7,121.0,12.3,182.0,https://www.parkers.co.uk/bmw/3-series/saloon-1991/316i-4d/specs/
CAR_AB5AA8EC,Bmw,3 Series,316i 5d,BMW 3-Series Touring316i 5d Specs & dimensions,1995,,1596.0,4.0,102.0,150.0,1355.0,Rear wheel drive,Manual,Naturally Aspirated,Petrol,,,191.5,119.0,12.8,191.0,https://www.parkers.co.uk/bmw/3-series/touring-1995/316i-5d/specs/
CAR_4208F4B8,Bmw,3 Series,316i 5d auto,BMW 3-Series Touring316i 5d Auto Specs & dimensions,1995,,1596.0,4.0,102.0,150.0,1395.0,Rear wheel drive,Automatic,Naturally Aspirated,Petrol,,,185.1,115.0,15.2,214.0,https://www.parkers.co.uk/bmw/3-series/touring-1995/316i-5d-auto/specs/
CAR_DEFF987A,Bmw,3 Series,trim individual,BMW 3-Series Coupe Individual (1992 - 1993)Specs & dimensions,1992,1993,,,,,,,,Unknown,,,,,,,,https://www.parkers.co.uk/bmw/3-series/coupe-1992/trim-individual/specs/
CAR_54BDD0E9,Bmw,3 Series,engine 325i petrol,BMW 3-Series Coupe 325i Petrol (1992 - 1993)Specs & dimensions,1992,1993,,,,,,,,Unknown,,,,,,,,https://www.parkers.co.uk/bmw/3-series/coupe-1992/engine-325i-petrol/specs/
CAR_66B15BF5,Bmw,3 Series,4d,BMW 3-Series M3 Saloon4d Specs & dimensions,1995,,2990.0,6.0,286.0,320.0,1930.0,Rear wheel drive,Manual,Naturally Aspirated,Petrol,,,249.4,155.0,5.8,,https://www.parkers.co.uk/bmw/3-series/m3-saloon-1995/4d/specs/
CAR_68C1328F,Bmw,3 Series,evolution 4d,BMW 3-Series M3 SaloonEvolution 4d Specs & dimensions,1995,,3201.0,6.0,321.0,350.0,1535.0,Rear wheel drive,Manual,Naturally Aspirated,Petrol,,,249.4,155.0,5.3,,https://www.parkers.co.uk/bmw/3-series/m3-saloon-1995/evolution-4d/specs/
CAR_44AAE7A4,Bmw,3 Series,2d,BMW 3-Series M3 Coupe2d Specs & dimensions,1993,,2990.0,6.0,286.0,320.0,1930.0,Rear wheel drive,Manual,Naturally Aspirated,Petrol,,,249.4,155.0,5.8,,https://www.parkers.co.uk/bmw/3-series/m3-coupe-1993/2d/specs/
CAR_10128467,Bmw,3 Series,edition 2d,BMW 3-Series M3 CoupeEdition 2d Specs & dimensions,1993,,3201.0,6.0,321.0,350.0,1535.0,Rear wheel drive,Manual,Naturally Aspirated,Petrol,,,249.4,155.0,5.3,267.0,https://www.parkers.co.uk/bmw/3-series/m3-coupe-1993/edition-2d/specs/
CAR_A8BC72F2,Bmw,5 Series,518d m sport auto 4d,BMW 5-Series Saloon518d M Sport auto 4d Specs & dimensions,2017,,1995.0,4.0,147.0,350.0,1580.0,Rear wheel drive,Automatic,Unknown,Diesel,,,220.5,137.0,8.5,119.0,https://www.parkers.co.uk/bmw/5-series/saloon-2017/518d-m-sport-auto-4d/specs/
CAR_8ECBD334,Bmw,5 Series,518d se auto 4d,BMW 5-Series Saloon518d SE auto 4d Specs & dimensions,2017,,1995.0,4.0,147.0,350.0,1580.0,Rear wheel drive,Automatic,Unknown,Diesel,,,220.5,137.0,8.5,116.0,https://www.parkers.co.uk/bmw/5-series/saloon-2017/518d-se-auto-4d/specs/
CAR_C1D30A6B,Bmw,5 Series,520d m sport (plus package and technology package) auto (1119 on) 5d,BMW 5-Series Touring520d M Sport (Plus Package and Technology Package) auto (11/19-on) 5d Specs & dimensions,2017,,1995.0,4.0,187.0,400.0,1740.0,Rear wheel drive,Automatic,Unknown,Diesel,,,225.3,140.0,7.3,139.0,https://www.parkers.co.uk/bmw/5-series/touring-2017/520d-m-sport-(plus-package-and-technology-package)-auto-(1119-on)-5d/specs/
CAR_69C968FA,Bmw,5 Series,520d m sport (plus package and technology package) auto 5d,BMW 5-Series Touring520d M Sport (Plus Package and Technology Package) auto 5d Specs & dimensions,2017,,1995.0,4.0,187.0,400.0,1685.0,Rear wheel drive,Automatic,Unknown,Diesel,,,223.7,139.0,7.4,125.0,https://www.parkers.co.uk/bmw/5-series/touring-2017/520d-m-sport-(plus-package-and-technology-package)-auto-5d/specs/
CAR_99E06A38,Bmw,5 Series,m5 35 jahre edition m steptronic auto 4d,BMW 5-Series M5M5 35 Jahre Edition M Steptronic auto 4d Specs & dimensions,2018,,4395.0,8.0,616.0,750.0,,4 wheel drive,Automatic,Naturally Aspirated,Petrol,,,,,,241.0,https://www.parkers.co.uk/bmw/5-series/m5-2018/m5-35-jahre-edition-m-steptronic-auto-4d/specs/
CAR_EF1DDE50,Bmw,5 Series,m5 cs 4dr dct,BMW 5-Series M5M5 CS 4dr DCT Specs & dimensions,2018,,4395.0,8.0,626.0,750.0,,4 wheel drive,Automatic,Naturally Aspirated,Petrol,,,304.2,189.0,2.9,256.0,https://www.parkers.co.uk/bmw/5-series/m5-2018/m5-cs-4dr-dct/specs/
CAR_3E6366E5,Bmw,5 Series,520i m sport 4dr auto,BMW 5-Series Saloon520i M Sport 4dr Auto Specs & dimensions,2024,,1998.0,4.0,205.0,330.0,1725.0,Rear wheel drive,Automatic,Naturally Aspirated,Petrol,,,230.1,143.0,7.3,131.0,https://www.parkers.co.uk/bmw/5-series/saloon-2024/520i-m-sport-4dr-auto/specs/
CAR_44AFCC4F,Bmw,5 Series,520i m sport 4dr auto [comfort plus],BMW 5-Series Saloon520i M Sport 4dr Auto [Comfort Plus] Specs & dimensions,2024,,1998.0,4.0,205.0,330.0,1725.0,Rear wheel drive,Automatic,Naturally Aspirated,Petrol,,,230.1,143.0,7.3,131.0,https://www.parkers.co.uk/bmw/5-series/saloon-2024/520i-m-sport-4dr-auto-[comfort-plus]/specs/
CAR_7CCF9EF4,Bmw,5 Series,520i m sport 5dr auto,BMW 5-Series Touring520i M Sport 5dr Auto Specs & dimensions,2024,,1998.0,4.0,205.0,330.0,1775.0,Rear wheel drive,Automatic,Naturally Aspirated,Petrol,,,222.1,138.0,7.6,139.0,https://www.parkers.co.uk/bmw/5-series/touring-2024/520i-m-sport-5dr-auto/specs/
CAR_27C17CE3,Bmw,5 Series,520i m sport 5dr auto [comfort plus],BMW 5-Series Touring520i M Sport 5dr Auto [Comfort Plus] Specs & dimensions,2024,,1998.0,4.0,205.0,330.0,1775.0,Rear wheel drive,Automatic,Naturally Aspirated,Petrol,,,222.1,138.0,7.6,139.0,https://www.parkers.co.uk/bmw/5-series/touring-2024/520i-m-sport-5dr-auto-[comfort-plus]/specs/
CAR_B5424B86,Bmw,5 Series,m5 4dr dct,BMW 5-Series M5M5 4dr DCT Specs & dimensions,2024,,4395.0,8.0,716.0,1000.0,2440.0,4 wheel drive,Automatic,Unknown,Petrol Parallel PHEV,,,249.4,155.0,3.4,103.0,https://www.parkers.co.uk/bmw/5-series/m5-2024/m5-4dr-dct/specs/
CAR_2A259694,Bmw,5 Series,m5 4dr dct [ultimate pack],BMW 5-Series M5M5 4dr DCT [Ultimate Pack] Specs & dimensions,2024,,4395.0,8.0,716.0,1000.0,2440.0,4 wheel drive,Automatic,Unknown,Petrol Parallel PHEV,,,305.8,190.0,3.4,102.0,https://www.parkers.co.uk/bmw/5-series/m5-2024/m5-4dr-dct-[ultimate-pack]/specs/
CAR_CFB18A0B,Bmw,5 Series,520d (177bhp) m sport 4d,BMW 5-Series Saloon520d (177bhp) M Sport 4d Specs & dimensions,2003,,1995.0,4.0,174.0,350.0,1510.0,Rear wheel drive,Manual,Unknown,Diesel,,,231.7,144.0,8.0,136.0,https://www.parkers.co.uk/bmw/5-series/saloon-2003/520d-(177bhp)-m-sport-4d/specs/
CAR_FD2AF6E4,Bmw,5 Series,520d (177bhp) m sport 4d step auto,BMW 5-Series Saloon520d (177bhp) M Sport 4d Step Auto Specs & dimensions,2003,,1995.0,4.0,174.0,350.0,1520.0,Rear wheel drive,Automatic,Unknown,Diesel,,,228.5,142.0,8.1,149.0,https://www.parkers.co.uk/bmw/5-series/saloon-2003/520d-(177bhp)-m-sport-4d-step-auto/specs/
CAR_39E53F93,Bmw,5 Series,520d (177bhp) m sport 5d,BMW 5-Series Touring520d (177bhp) M Sport 5d Specs & dimensions,2003,,1995.0,4.0,174.0,350.0,1600.0,Rear wheel drive,Manual,Unknown,Diesel,,,223.7,139.0,8.2,140.0,https://www.parkers.co.uk/bmw/5-series/touring-2003/520d-(177bhp)-m-sport-5d/specs/
CAR_030AF3FA,Bmw,5 Series,520d (177bhp) m sport 5d step auto,BMW 5-Series Touring520d (177bhp) M Sport 5d Step Auto Specs & dimensions,2003,,1995.0,4.0,174.0,350.0,1620.0,Rear wheel drive,Automatic,Unknown,Diesel,,,223.7,139.0,8.3,154.0,https://www.parkers.co.uk/bmw/5-series/touring-2003/520d-(177bhp)-m-sport-5d-step-auto/specs/
CAR_E4CA1542,Bmw,5 Series,50 v10 saloon 4d smg,BMW 5-Series M55.0 V10 Saloon 4d SMG Specs & dimensions,2005,,4999.0,10.0,499.0,520.0,1830.0,Rear wheel drive,Automatic,Naturally Aspirated,Petrol,,,249.4,155.0,4.5,357.0,https://www.parkers.co.uk/bmw/5-series/m5-2005/50-v10-saloon-4d-smg/specs/
CAR_CCB142F1,Bmw,5 Series,50 v10 saloon 4d smg (07),BMW 5-Series M55.0 V10 Saloon 4d SMG (07) Specs & dimensions,2005,,4999.0,10.0,499.0,520.0,1830.0,Rear wheel drive,Automatic,Naturally Aspirated,Petrol,,,249.4,155.0,4.5,344.0,https://www.parkers.co.uk/bmw/5-series/m5-2005/50-v10-saloon-4d-smg-(07)/specs/
CAR_C5F2402E,Bmw,5 Series,520d luxury (euro 5) gt hatch 5d step auto,BMW 5-Series GT520d Luxury (Euro 5) GT Hatch 5d Step Auto Specs & dimensions,2009,,1995.0,4.0,181.0,380.0,1880.0,Rear wheel drive,Automatic,Unknown,Diesel,,,214.0,133.0,8.6,139.0,https://www.parkers.co.uk/bmw/5-series/gt-2009/520d-luxury-(euro-5)-gt-hatch-5d-step-auto/specs/
CAR_9121021E,Bmw,5 Series,520d luxury gt hatch 5d step auto,BMW 5-Series GT520d Luxury GT Hatch 5d Step Auto Specs & dimensions,2009,,1995.0,4.0,181.0,380.0,1915.0,Rear wheel drive,Automatic,Unknown,Diesel,,,214.0,133.0,8.6,144.0,https://www.parkers.co.uk/bmw/5-series/gt-2009/520d-luxury-gt-hatch-5d-step-auto/specs/
CAR_FFAF999B,Bmw,5 Series,30 activehybrid 5 4d step auto,BMW 5-Series Saloon3.0 ActiveHybrid 5 4d Step Auto Specs & dimensions,2010,,2979.0,6.0,335.0,400.0,1850.0,Rear wheel drive,Automatic,EV,Petrol/Electric Hybrid,,,249.4,155.0,5.7,149.0,https://www.parkers.co.uk/bmw/5-series/saloon-2010/30-activehybrid-5-4d-step-auto/specs/
CAR_224A7010,Bmw,5 Series,518d (150bhp) luxury 4d,BMW 5-Series Saloon518d (150bhp) Luxury 4d Specs & dimensions,2010,,1995.0,4.0,147.0,360.0,1615.0,Rear wheel drive,Manual,Unknown,Diesel,,,217.3,135.0,9.2,119.0,https://www.parkers.co.uk/bmw/5-series/saloon-2010/518d-(150bhp)-luxury-4d/specs/
CAR_F4A17D4B,Bmw,5 Series,518d (150bhp) luxury 5d,BMW 5-Series Touring518d (150bhp) Luxury 5d Specs & dimensions,2010,,1995.0,4.0,147.0,360.0,1720.0,Rear wheel drive,Manual,Unknown,Diesel,,,209.2,130.0,9.6,127.0,https://www.parkers.co.uk/bmw/5-series/touring-2010/518d-(150bhp)-luxury-5d/specs/
CAR_42D48D53,Bmw,5 Series,518d (150bhp) luxury 5d step auto,BMW 5-Series Touring518d (150bhp) Luxury 5d Step Auto Specs & dimensions,2010,,1995.0,4.0,147.0,360.0,1730.0,Rear wheel drive,Automatic,Unknown,Diesel,,,209.2,130.0,9.5,123.0,https://www.parkers.co.uk/bmw/5-series/touring-2010/518d-(150bhp)-luxury-5d-step-auto/specs/
CAR_C9C37A58,Bmw,5 Series,m5 (0713 ) 4d dct,BMW 5-Series M5M5 (07/13-) 4d DCT Specs & dimensions,2011,,4395.0,8.0,552.0,680.0,1870.0,Rear wheel drive,Automatic,Naturally Aspirated,Petrol,,,249.4,155.0,4.2,231.0,https://www.parkers.co.uk/bmw/5-series/m5-2011/m5-(0713-)-4d-dct/specs/
CAR_493B791D,Bmw,5 Series,m5 (competition pack) 4d dct,BMW 5-Series M5M5 (Competition Pack) 4d DCT Specs & dimensions,2011,,4395.0,8.0,566.0,680.0,1870.0,Rear wheel drive,Automatic,Naturally Aspirated,Petrol,,,249.4,155.0,4.1,231.0,https://www.parkers.co.uk/bmw/5-series/m5-2011/m5-(competition-pack)-4d-dct/specs/
CAR_5115A45A,Bmw,5 Series,520i 4d (00),BMW 5-Series Saloon520i 4d (00) Specs & dimensions,1996,,2171.0,6.0,170.0,210.0,1570.0,Rear wheel drive,Manual,Naturally Aspirated,Petrol,,,225.3,140.0,8.8,213.0,https://www.parkers.co.uk/bmw/5-series/saloon-1996/520i-4d-(00)/specs/
CAR_AF48980E,Bmw,5 Series,520i 4d (96),BMW 5-Series Saloon520i 4d (96) Specs & dimensions,1996,,1991.0,6.0,150.0,190.0,1485.0,Rear wheel drive,Manual,Naturally Aspirated,Petrol,,,220.5,137.0,9.9,215.0,https://www.parkers.co.uk/bmw/5-series/saloon-1996/520i-4d-(96)/specs/
CAR_C89C7860,Bmw,5 Series,520i 5d (00),BMW 5-Series Touring520i 5d (00) Specs & dimensions,1997,,2171.0,6.0,170.0,210.0,1670.0,Rear wheel drive,Manual,Naturally Aspirated,Petrol,,,223.7,139.0,9.2,228.0,https://www.parkers.co.uk/bmw/5-series/touring-1997/520i-5d-(00)/specs/
CAR_B8605D39,Bmw,5 Series,520i 5d (97),BMW 5-Series Touring520i 5d (97) Specs & dimensions,1997,,1991.0,6.0,150.0,190.0,1580.0,Rear wheel drive,Manual,Naturally Aspirated,Petrol,,,212.4,132.0,10.3,229.0,https://www.parkers.co.uk/bmw/5-series/touring-1997/520i-5d-(97)/specs/
CAR_FB963A8A,Bmw,5 Series,35 4d,BMW 5-Series Saloon3.5 4d Specs & dimensions,1988,,3535.0,,315.0,,,Rear wheel drive,Manual,Naturally Aspirated,Petrol,,,,,,,https://www.parkers.co.uk/bmw/5-series/saloon-1988/35-4d/specs/
CAR_BD81691B,Bmw,5 Series,38 4d,BMW 5-Series Saloon3.8 4d Specs & dimensions,1988,,3795.0,,340.0,,,Rear wheel drive,Manual,Naturally Aspirated,Petrol,,,,,,,https://www.parkers.co.uk/bmw/5-series/saloon-1988/38-4d/specs/
CAR_10879923,Bmw,5 Series,518i 5d,BMW 5-Series Touring518i 5d Specs & dimensions,1992,,1796.0,4.0,115.0,168.0,1520.0,Rear wheel drive,Manual,Naturally Aspirated,Petrol,,,191.5,119.0,12.8,,https://www.parkers.co.uk/bmw/5-series/touring-1992/518i-5d/specs/
CAR_25210A12,Bmw,5 Series,518i se 5d,BMW 5-Series Touring518i SE 5d Specs & dimensions,1992,,1796.0,4.0,115.0,168.0,1520.0,Rear wheel drive,Manual,Naturally Aspirated,Petrol,,,191.5,119.0,12.8,,https://www.parkers.co.uk/bmw/5-series/touring-1992/518i-se-5d/specs/
CAR_B0E57591,Bmw,5 Series,518i 4d,BMW 5-Series Saloon518i 4d Specs & dimensions,1981,,1766.0,,105.0,,,Rear wheel drive,Manual,Naturally Aspirated,Petrol,,,,,,,https://www.parkers.co.uk/bmw/5-series/saloon-1981/518i-4d/specs/
CAR_63AA08F6,Bmw,5 Series,518i lux 4d,BMW 5-Series Saloon518i Lux 4d Specs & dimensions,1981,,1766.0,,105.0,,,Rear wheel drive,Manual,Naturally Aspirated,Petrol,,,,,,,https://www.parkers.co.uk/bmw/5-series/saloon-1981/518i-lux-4d/specs/
CAR_EC552F89,Bmw,Z4,m40i (shadowline plus package and technology package) sport automatic 2d,BMW Z4 RoadsterM40i (Shadowline Plus Package and Technology Package) Sport Automatic 2d Specs & dimensions,2019,,2998.0,6.0,335.0,500.0,1565.0,Rear wheel drive,Automatic,Naturally Aspirated,Petrol,,,249.4,155.0,4.4,180.0,https://www.parkers.co.uk/bmw/z4/roadster-2019/m40i-(shadowline-plus-package-and-technology-package)-sport-automatic-2d/specs/
CAR_F94ED6F1,Bmw,Z4,m40i (shadowline plus package) sport automatic 2d,BMW Z4 RoadsterM40i (Shadowline Plus Package) Sport Automatic 2d Specs & dimensions,2019,,2998.0,6.0,335.0,500.0,1565.0,Rear wheel drive,Automatic,Naturally Aspirated,Petrol,,,249.4,155.0,4.4,180.0,https://www.parkers.co.uk/bmw/z4/roadster-2019/m40i-(shadowline-plus-package)-sport-automatic-2d/specs/
CAR_78038C89,Bmw,Z4,18i sdrive (nav) 2d,BMW Z4 Roadster18i sDrive (Nav) 2d Specs & dimensions,2009,,1997.0,4.0,153.0,240.0,1395.0,Rear wheel drive,Manual,Naturally Aspirated,Petrol,,,220.5,137.0,7.6,159.0,https://www.parkers.co.uk/bmw/z4/roadster-2009/18i-sdrive-(nav)-2d/specs/
CAR_55EC1FF2,Bmw,Z4,18i sdrive (nav) 2d auto,BMW Z4 Roadster18i sDrive (Nav) 2d Auto Specs & dimensions,2009,,1997.0,4.0,153.0,240.0,1420.0,Rear wheel drive,Automatic,Naturally Aspirated,Petrol,,,220.5,137.0,7.8,159.0,https://www.parkers.co.uk/bmw/z4/roadster-2009/18i-sdrive-(nav)-2d-auto/specs/
CAR_6222E044,Bmw,Z4,20i 2d (05),BMW Z4 Roadster2.0i 2d (05) Specs & dimensions,2003,,1995.0,4.0,150.0,200.0,1220.0,Rear wheel drive,Manual,Naturally Aspirated,Petrol,,,220.5,137.0,7.9,181.0,https://www.parkers.co.uk/bmw/z4/roadster-2003/20i-2d-(05)/specs/
CAR_CE3D4CA9,Bmw,Z4,20i 2d (06),BMW Z4 Roadster2.0i 2d (06) Specs & dimensions,2003,,1995.0,4.0,147.0,200.0,1295.0,Rear wheel drive,Manual,Naturally Aspirated,Petrol,,,220.5,137.0,7.9,181.0,https://www.parkers.co.uk/bmw/z4/roadster-2003/20i-2d-(06)/specs/
CAR_CE0669A4,Bmw,Z4,30si se 2d,BMW Z4 Coupe3.0si SE 2d Specs & dimensions,2006,,2996.0,6.0,261.0,315.0,1320.0,Rear wheel drive,Manual,Naturally Aspirated,Petrol,,,249.4,155.0,5.5,207.0,https://www.parkers.co.uk/bmw/z4/coupe-2006/30si-se-2d/specs/
CAR_48400E6C,Bmw,Z4,30si se 2d auto,BMW Z4 Coupe3.0si SE 2d Auto Specs & dimensions,2006,,2996.0,6.0,261.0,315.0,1350.0,Rear wheel drive,Automatic,Naturally Aspirated,Petrol,,,249.4,155.0,5.8,209.0,https://www.parkers.co.uk/bmw/z4/coupe-2006/30si-se-2d-auto/specs/
CAR_A31F17DF,Bmw,Z4,32 coupe 2d,BMW Z4 M3.2 Coupé 2d Specs & dimensions,2006,,3246.0,6.0,338.0,365.0,1420.0,Rear wheel drive,Manual,Naturally Aspirated,Petrol,,,249.4,155.0,4.8,292.0,https://www.parkers.co.uk/bmw/z4/m-2006/32-coupe-2d/specs/
CAR_AA8496CB,Bmw,Z4,32 roadster 2d,BMW Z4 M3.2 Roadster 2d Specs & dimensions,2006,,3246.0,6.0,338.0,365.0,1410.0,Rear wheel drive,Manual,Naturally Aspirated,Petrol,,,249.4,155.0,4.8,292.0,https://www.parkers.co.uk/bmw/z4/m-2006/32-roadster-2d/specs/
CAR_E18D7916,Bmw,6 Series,620d m sport auto 5d,BMW 6-Series Gran Turismo620d M Sport auto 5d Specs & dimensions,2017,,1995.0,4.0,187.0,400.0,1765.0,Rear wheel drive,Automatic,Unknown,Diesel,,,220.5,137.0,7.6,167.0,https://www.parkers.co.uk/bmw/6-series/gran-turismo-2017/620d-m-sport-auto-5d/specs/
CAR_9F53CB95,Bmw,6 Series,620d se auto 5d,BMW 6-Series Gran Turismo620d SE auto 5d Specs & dimensions,2017,,1995.0,4.0,187.0,400.0,1765.0,Rear wheel drive,Automatic,Unknown,Diesel,,,220.5,137.0,7.6,159.0,https://www.parkers.co.uk/bmw/6-series/gran-turismo-2017/620d-se-auto-5d/specs/
CAR_BAF9EA03,Bmw,6 Series,630i (272bhp) 2d,BMW 6-Series Coupe630i (272bhp) 2d Specs & dimensions,2004,,2996.0,6.0,268.0,320.0,1530.0,Rear wheel drive,Manual,Naturally Aspirated,Petrol,,,249.4,155.0,6.0,188.0,https://www.parkers.co.uk/bmw/6-series/coupe-2004/630i-(272bhp)-2d/specs/
CAR_F5633AF1,Bmw,6 Series,630i (272bhp) 2d auto,BMW 6-Series Coupe630i (272bhp) 2d Auto Specs & dimensions,2004,,2996.0,6.0,268.0,320.0,1540.0,Rear wheel drive,Automatic,Naturally Aspirated,Petrol,,,249.4,155.0,6.2,184.0,https://www.parkers.co.uk/bmw/6-series/coupe-2004/630i-(272bhp)-2d-auto/specs/
CAR_ABD0CFF6,Bmw,6 Series,630i (272bhp) 2d,BMW 6-Series Convertible630i (272bhp) 2d Specs & dimensions,2004,,2996.0,6.0,268.0,320.0,1740.0,Rear wheel drive,Manual,Naturally Aspirated,Petrol,,,249.4,155.0,6.5,198.0,https://www.parkers.co.uk/bmw/6-series/convertible-2004/630i-(272bhp)-2d/specs/
CAR_34CA7ABF,Bmw,6 Series,630i (272bhp) 2d auto,BMW 6-Series Convertible630i (272bhp) 2d Auto Specs & dimensions,2004,,2996.0,6.0,268.0,320.0,1750.0,Rear wheel drive,Automatic,Naturally Aspirated,Petrol,,,249.4,155.0,6.8,192.0,https://www.parkers.co.uk/bmw/6-series/convertible-2004/630i-(272bhp)-2d-auto/specs/
CAR_68818115,Bmw,6 Series,m6 (2010) 2d smg,BMW 6-Series M6M6 (2010) 2d SMG Specs & dimensions,2005,2010,4999.0,10.0,499.0,520.0,1710.0,Rear wheel drive,Automatic,Naturally Aspirated,Petrol,,,249.4,155.0,4.5,342.0,https://www.parkers.co.uk/bmw/6-series/m6-2005/m6-(2010)-2d-smg/specs/
CAR_AA5E1409,Bmw,6 Series,m6 50 v10 2d smg,BMW 6-Series M6M6 5.0 V10 2d SMG Specs & dimensions,2005,,4999.0,10.0,499.0,520.0,1710.0,Rear wheel drive,Automatic,Naturally Aspirated,Petrol,,,249.4,155.0,4.5,342.0,https://www.parkers.co.uk/bmw/6-series/m6-2005/m6-50-v10-2d-smg/specs/
CAR_287C6E2B,Bmw,6 Series,640d m sport 2d auto,BMW 6-Series Convertible640d M Sport 2d Auto Specs & dimensions,2011,,2993.0,6.0,308.0,630.0,1860.0,Rear wheel drive,Automatic,Unknown,Diesel,,,249.4,155.0,5.3,153.0,https://www.parkers.co.uk/bmw/6-series/convertible-2011/640d-m-sport-2d-auto/specs/
CAR_2CD3145A,Bmw,6 Series,640d se 2d auto,BMW 6-Series Convertible640d SE 2d Auto Specs & dimensions,2011,,2993.0,6.0,308.0,630.0,1860.0,Rear wheel drive,Automatic,Unknown,Diesel,,,249.4,155.0,5.3,149.0,https://www.parkers.co.uk/bmw/6-series/convertible-2011/640d-se-2d-auto/specs/
CAR_3F823BB7,Bmw,6 Series,640d m sport 2d auto,BMW 6-Series Coupe640d M Sport 2d Auto Specs & dimensions,2011,,2993.0,6.0,308.0,630.0,1740.0,Rear wheel drive,Automatic,Unknown,Diesel,,,249.4,155.0,5.1,147.0,https://www.parkers.co.uk/bmw/6-series/coupe-2011/640d-m-sport-2d-auto/specs/
CAR_0DBC9B2C,Bmw,6 Series,640d m sport limited edition 2dr auto 2d,BMW 6-Series Coupe640d M Sport Limited Edition 2dr Auto 2d Specs & dimensions,2011,,2993.0,6.0,308.0,630.0,1740.0,Rear wheel drive,Automatic,Unknown,Diesel,,,249.4,155.0,5.1,147.0,https://www.parkers.co.uk/bmw/6-series/coupe-2011/640d-m-sport-limited-edition-2dr-auto-2d/specs/
CAR_E4FD19C1,Bmw,6 Series,640d m sport 4d auto,BMW 6-Series Gran Coupe640d M Sport 4d Auto Specs & dimensions,2012,,2993.0,6.0,308.0,630.0,1810.0,Rear wheel drive,Automatic,Unknown,Diesel,,,249.4,155.0,5.2,152.0,https://www.parkers.co.uk/bmw/6-series/gran-coupe-2012/640d-m-sport-4d-auto/specs/
CAR_4AE58517,Bmw,6 Series,640d se 4d auto,BMW 6-Series Gran Coupe640d SE 4d Auto Specs & dimensions,2012,,2993.0,6.0,308.0,630.0,1810.0,Rear wheel drive,Automatic,Unknown,Diesel,,,249.4,155.0,5.2,147.0,https://www.parkers.co.uk/bmw/6-series/gran-coupe-2012/640d-se-4d-auto/specs/
CAR_88F4AA45,Bmw,6 Series,m6 coupe 2d dct,BMW 6-Series M6M6 Coupe 2d DCT Specs & dimensions,2012,,4395.0,8.0,552.0,680.0,1850.0,Rear wheel drive,Automatic,Naturally Aspirated,Petrol,,,249.4,155.0,4.1,231.0,https://www.parkers.co.uk/bmw/6-series/m6-2012/m6-coupe-2d-dct/specs/
CAR_27D687FB,Bmw,6 Series,trim m6,BMW 6-Series M6 M6 (2012 - 2017)Specs & dimensions,2012,2017,,,,,,,,Unknown,,,,,,,,https://www.parkers.co.uk/bmw/6-series/m6-2012/trim-m6/specs/
CAR_DD1294B7,Bmw,6 Series,m6 convertible 2d dct,BMW 6-Series M6 ConvertibleM6 Convertible 2d DCT Specs & dimensions,2012,,4395.0,8.0,552.0,680.0,1980.0,Rear wheel drive,Automatic,Naturally Aspirated,Petrol,,,249.4,155.0,4.2,239.0,https://www.parkers.co.uk/bmw/6-series/m6-convertible-2012/m6-convertible-2d-dct/specs/
CAR_0495E126,Bmw,6 Series,trim m6,BMW 6-Series M6 Convertible M6 (2012 - 2018)Specs & dimensions,2012,2018,,,,,,,,Unknown,,,,,,,,https://www.parkers.co.uk/bmw/6-series/m6-convertible-2012/trim-m6/specs/
CAR_464F16ED,Bmw,6 Series,m6 gran coupe 4d dct,BMW 6-Series M6 Gran CoupeM6 Gran Coupe 4d DCT Specs & dimensions,2013,,4395.0,8.0,552.0,680.0,1910.0,Rear wheel drive,Automatic,Naturally Aspirated,Petrol,,,249.4,155.0,4.1,231.0,https://www.parkers.co.uk/bmw/6-series/m6-gran-coupe-2013/m6-gran-coupe-4d-dct/specs/
CAR_CEFECC5A,Bmw,6 Series,trim m6,BMW 6-Series M6 Gran Coupe M6 (2013 - 2018)Specs & dimensions,2013,2018,,,,,,,,Unknown,,,,,,,,https://www.parkers.co.uk/bmw/6-series/m6-gran-coupe-2013/trim-m6/specs/
CAR_FAC2A6D6,Bmw,6 Series,628 csia 2d,BMW 6-Series Coupe628 CSiA 2d Specs & dimensions,1986,,2788.0,,184.0,,,Rear wheel drive,Automatic,Naturally Aspirated,Petrol,,,,,,,https://www.parkers.co.uk/bmw/6-series/coupe-1986/628-csia-2d/specs/
CAR_F8423BA8,Bmw,6 Series,635 csia 2d,BMW 6-Series Coupe635 CSiA 2d Specs & dimensions,1986,,3430.0,,220.0,,,Rear wheel drive,Automatic,Naturally Aspirated,Petrol,,,,,,,https://www.parkers.co.uk/bmw/6-series/coupe-1986/635-csia-2d/specs/
CAR_EEAC8298,Bmw,X1,sdrive 18d m sport (plus pack and tech pack ii) 5d,BMW X1 SUVsDrive 18d M Sport (Plus Pack and Tech Pack II) 5d Specs & dimensions,2015,,1995.0,4.0,147.0,350.0,1510.0,Front wheel drive,Manual,Unknown,Diesel,,,204.4,127.0,9.0,134.0,https://www.parkers.co.uk/bmw/x1/suv-2015/sdrive-18d-m-sport-(plus-pack-and-tech-pack-ii)-5d/specs/
CAR_6F2F1C33,Bmw,X1,sdrive 18d m sport (plus pack and tech pack ii) sport automatic 5d,BMW X1 SUVsDrive 18d M Sport (Plus Pack and Tech Pack II) Sport Automatic 5d Specs & dimensions,2015,,1995.0,4.0,147.0,350.0,1540.0,Front wheel drive,Automatic,Unknown,Diesel,,,204.4,127.0,9.1,141.0,https://www.parkers.co.uk/bmw/x1/suv-2015/sdrive-18d-m-sport-(plus-pack-and-tech-pack-ii)-sport-automatic-5d/specs/
CAR_459206D9,Bmw,X1,m35i xdrive 5dr step auto,BMW X1 SUVM35i xDrive 5dr Step Auto Specs & dimensions,2022,,1998.0,4.0,295.0,400.0,1665.0,4 wheel drive,Automatic,Naturally Aspirated,Petrol,,,249.4,155.0,5.2,175.0,https://www.parkers.co.uk/bmw/x1/suv-2022/m35i-xdrive-5dr-step-auto/specs/
CAR_4FCB90ED,Bmw,X1,m35i xdrive 5dr [tech plus pack] step auto,BMW X1 SUVM35i xDrive 5dr [Tech Plus Pack] Step Auto Specs & dimensions,2022,,1998.0,4.0,295.0,400.0,1665.0,4 wheel drive,Automatic,Naturally Aspirated,Petrol,,,249.4,155.0,5.2,175.0,https://www.parkers.co.uk/bmw/x1/suv-2022/m35i-xdrive-5dr-[tech-plus-pack]-step-auto/specs/
CAR_7B4CFBA2,Bmw,X1,sdrive 16d se 5d,BMW X1 EstatesDrive 16d SE 5d Specs & dimensions,2009,,1995.0,4.0,114.0,260.0,1480.0,Rear wheel drive,Manual,Unknown,Diesel,,,189.9,118.0,11.1,128.0,https://www.parkers.co.uk/bmw/x1/estate-2009/sdrive-16d-se-5d/specs/
CAR_F9D26A75,Bmw,X1,sdrive 16d sport 5d,BMW X1 EstatesDrive 16d Sport 5d Specs & dimensions,2009,,1995.0,4.0,114.0,260.0,1480.0,Rear wheel drive,Manual,Unknown,Diesel,,,189.9,118.0,11.1,128.0,https://www.parkers.co.uk/bmw/x1/estate-2009/sdrive-16d-sport-5d/specs/
CAR_C5AD5E3B,Bmw,X3,m40d sport automatic 5d,BMW X3 SUVM40d Sport Automatic 5d Specs & dimensions,2017,,2993.0,6.0,321.0,680.0,1895.0,4 wheel drive,Automatic,Unknown,Diesel,,,249.4,155.0,4.7,187.0,https://www.parkers.co.uk/bmw/x3/suv-2017/m40d-sport-automatic-5d/specs/
CAR_E3DB2271,Bmw,X3,m40i sport automatic (0718 ) 5d,BMW X3 SUVM40i Sport Automatic (07/18-) 5d Specs & dimensions,2017,,2998.0,6.0,349.0,500.0,1810.0,4 wheel drive,Automatic,Naturally Aspirated,Petrol,,,249.4,155.0,4.6,180.0,https://www.parkers.co.uk/bmw/x3/suv-2017/m40i-sport-automatic-(0718-)-5d/specs/
CAR_F7E8E32C,Bmw,X3,m competition (ultimate package) m steptronic auto 5d,BMW X3 MM Competition (Ultimate Package) M Steptronic auto 5d Specs & dimensions,2019,,2993.0,6.0,502.0,600.0,1995.0,4 wheel drive,Automatic,Naturally Aspirated,Petrol,,,249.4,155.0,4.0,261.0,https://www.parkers.co.uk/bmw/x3/m-2019/m-competition-(ultimate-package)-m-steptronic-auto-5d/specs/
CAR_13959361,Bmw,X3,m competition m steptronic auto 5d,BMW X3 MM Competition M Steptronic auto 5d Specs & dimensions,2019,,2993.0,6.0,502.0,600.0,1995.0,4 wheel drive,Automatic,Naturally Aspirated,Petrol,,,249.4,155.0,4.0,261.0,https://www.parkers.co.uk/bmw/x3/m-2019/m-competition-m-steptronic-auto-5d/specs/
CAR_6553F6B5,Bmw,X3,xdrive 30e m sport 5dr auto,BMW X3 SUVxDrive 30e M Sport 5dr Auto Specs & dimensions,2024,,1998.0,4.0,294.0,450.0,2065.0,4 wheel drive,Automatic,Unknown,Petrol Parallel PHEV,,,215.7,134.0,6.0,64.0,https://www.parkers.co.uk/bmw/x3/suv-2024/xdrive-30e-m-sport-5dr-auto/specs/
CAR_6EECC165,Bmw,X3,xdrive 30e m sport 5dr auto [pro pack],BMW X3 SUVxDrive 30e M Sport 5dr Auto [Pro Pack] Specs & dimensions,2024,,1998.0,4.0,294.0,450.0,2065.0,4 wheel drive,Automatic,Unknown,Petrol Parallel PHEV,,,215.7,134.0,6.0,64.0,https://www.parkers.co.uk/bmw/x3/suv-2024/xdrive-30e-m-sport-5dr-auto-[pro-pack]/specs/
CAR_8BBAA95B,Bmw,X3,20d xdrive20d se (dynamic) 5d,BMW X3 Estate2.0D xDrive20d SE (Dynamic) 5d Specs & dimensions,2004,,1995.0,4.0,174.0,350.0,1740.0,4 wheel drive,Manual,Unknown,Diesel,,,206.0,128.0,8.6,172.0,https://www.parkers.co.uk/bmw/x3/estate-2004/20d-xdrive20d-se-(dynamic)-5d/specs/
CAR_D313954E,Bmw,X3,20d xdrive20d se (dynamic) 5d step auto,BMW X3 Estate2.0D xDrive20d SE (Dynamic) 5d Step Auto Specs & dimensions,2004,,1995.0,4.0,174.0,350.0,1750.0,4 wheel drive,Automatic,Unknown,Diesel,,,204.4,127.0,8.9,178.0,https://www.parkers.co.uk/bmw/x3/estate-2004/20d-xdrive20d-se-(dynamic)-5d-step-auto/specs/
CAR_D13FD8E8,Bmw,X3,sdrive18d m sport (business media) 5d,BMW X3 EstatesDrive18d M Sport (Business Media) 5d Specs & dimensions,2011,,1995.0,4.0,140.0,360.0,1660.0,Rear wheel drive,Manual,Unknown,Diesel,,,194.7,121.0,9.6,135.0,https://www.parkers.co.uk/bmw/x3/estate-2011/sdrive18d-m-sport-(business-media)-5d/specs/
CAR_A4692E62,Bmw,X3,sdrive18d m sport (business media) 5d step auto,BMW X3 EstatesDrive18d M Sport (Business Media) 5d Step Auto Specs & dimensions,2011,,1995.0,4.0,140.0,360.0,1680.0,Rear wheel drive,Automatic,Unknown,Diesel,,,189.9,118.0,10.0,142.0,https://www.parkers.co.uk/bmw/x3/estate-2011/sdrive18d-m-sport-(business-media)-5d-step-auto/specs/
CAR_7FCF80A5,Bmw,X5,m50d sport automatic (third row seating) 5d,BMW X5 4x4M50d Sport Automatic (Third-row seating) 5d Specs & dimensions,2018,,2993.0,6.0,394.0,760.0,2350.0,4 wheel drive,Automatic,Unknown,Diesel,,,249.4,155.0,5.1,217.0,https://www.parkers.co.uk/bmw/x5/4x4-2018/m50d-sport-automatic-(third-row-seating)-5d/specs/
CAR_E6658BD0,Bmw,X5,m50d sport automatic 5d,BMW X5 4x4M50d Sport Automatic 5d Specs & dimensions,2018,,2993.0,6.0,394.0,760.0,2275.0,4 wheel drive,Automatic,Unknown,Diesel,,,249.4,155.0,5.0,217.0,https://www.parkers.co.uk/bmw/x5/4x4-2018/m50d-sport-automatic-5d/specs/
CAR_1D2DBCA5,Bmw,X5,xdrive x5 m competition 5dr step auto,BMW X5 MxDrive X5 M Competition 5dr Step Auto Specs & dimensions,2019,,4395.0,8.0,616.0,750.0,2400.0,4 wheel drive,Automatic,Naturally Aspirated,Petrol,,,249.4,155.0,3.8,289.0,https://www.parkers.co.uk/bmw/x5/m-2019/xdrive-x5-m-competition-5dr-step-auto/specs/
CAR_3FEE440B,Bmw,X5,xdrive x5 m competition 5dr step auto 5d,BMW X5 MxDrive X5 M Competition 5dr Step Auto 5d Specs & dimensions,2019,,4395.0,8.0,616.0,750.0,2335.0,4 wheel drive,Automatic,Naturally Aspirated,Petrol,,,249.4,155.0,3.7,304.0,https://www.parkers.co.uk/bmw/x5/m-2019/xdrive-x5-m-competition-5dr-step-auto-5d/specs/
CAR_B54BDF1A,Bmw,X5,30 xdrive30i se(dynamic) 5d auto,BMW X5 Estate3.0 xDrive30i SE(Dynamic) 5d Auto Specs & dimensions,2007,,2996.0,6.0,268.0,315.0,2000.0,4 wheel drive,Automatic,Naturally Aspirated,Petrol,,,209.2,130.0,7.8,244.0,https://www.parkers.co.uk/bmw/x5/estate-2007/30-xdrive30i-se(dynamic)-5d-auto/specs/
CAR_9DF054AE,Bmw,X5,30d xdrive30d se (dynamic) 5d auto,BMW X5 Estate3.0D xDrive30d SE (Dynamic) 5d Auto Specs & dimensions,2007,,2993.0,6.0,231.0,520.0,2075.0,4 wheel drive,Automatic,Unknown,Diesel,,,209.2,130.0,7.8,217.0,https://www.parkers.co.uk/bmw/x5/estate-2007/30d-xdrive30d-se-(dynamic)-5d-auto/specs/
CAR_E56FDEE4,Bmw,X5,sdrive25d (231bhp) m sport (7 seat) 5d auto,BMW X5 4x4sDrive25d (231bhp) M Sport (7 Seat) 5d Auto Specs & dimensions,2013,,1995.0,4.0,227.0,500.0,2030.0,Rear wheel drive,Automatic,Unknown,Diesel,,,218.9,136.0,7.5,141.0,https://www.parkers.co.uk/bmw/x5/4x4-2013/sdrive25d-(231bhp)-m-sport-(7-seat)-5d-auto/specs/
CAR_9021DB6C,Bmw,X5,sdrive25d (231bhp) m sport 5d auto,BMW X5 4x4sDrive25d (231bhp) M Sport 5d Auto Specs & dimensions,2013,,1995.0,4.0,227.0,500.0,2035.0,Rear wheel drive,Automatic,Unknown,Diesel,,,218.9,136.0,7.5,141.0,https://www.parkers.co.uk/bmw/x5/4x4-2013/sdrive25d-(231bhp)-m-sport-5d-auto/specs/
CAR_6E30D239,Bmw,X5,30d 5d (01),BMW X5 Estate3.0d 5d (01) Specs & dimensions,2000,,2926.0,6.0,184.0,410.0,2095.0,4 wheel drive,Manual,Unknown,Diesel,,,199.6,124.0,9.8,233.0,https://www.parkers.co.uk/bmw/x5/estate-2000/30d-5d-(01)/specs/
CAR_DB4612C5,Bmw,X5,30d 5d auto (01),BMW X5 Estate3.0d 5d Auto (01) Specs & dimensions,2000,,2926.0,6.0,184.0,410.0,2190.0,4 wheel drive,Automatic,Unknown,Diesel,,,199.6,124.0,10.2,259.0,https://www.parkers.co.uk/bmw/x5/estate-2000/30d-5d-auto-(01)/specs/
CAR_355B31A9,Bmw,2 Series,218d (150bhp) luxury (nav) 2d,BMW 2-Series Coupe218d (150bhp) Luxury (Nav) 2d Specs & dimensions,2014,,1995.0,4.0,147.0,320.0,1375.0,Rear wheel drive,Manual,Unknown,Diesel,,,212.4,132.0,8.1,116.0,https://www.parkers.co.uk/bmw/2-series/coupe-2014/218d-(150bhp)-luxury-(nav)-2d/specs/
CAR_729AE3B8,Bmw,2 Series,218d (150bhp) luxury (nav) 2d step auto,BMW 2-Series Coupe218d (150bhp) Luxury (Nav) 2d Step Auto Specs & dimensions,2014,,1995.0,4.0,147.0,320.0,1395.0,Rear wheel drive,Automatic,Unknown,Diesel,,,212.4,132.0,7.9,111.0,https://www.parkers.co.uk/bmw/2-series/coupe-2014/218d-(150bhp)-luxury-(nav)-2d-step-auto/specs/
CAR_7021EFDA,Bmw,2 Series,216d luxury (042018 on) 5d,BMW 2-Series Active Tourer216d Luxury (04/2018 on) 5d Specs & dimensions,2014,2018,1496.0,3.0,114.0,270.0,1425.0,Front wheel drive,Manual,Unknown,Diesel,,,194.7,121.0,10.7,123.0,https://www.parkers.co.uk/bmw/2-series/active-tourer-2014/216d-luxury-(042018-on)-5d/specs/
CAR_A4C086A6,Bmw,2 Series,216d luxury (nav) 5d,BMW 2-Series Active Tourer216d Luxury (Nav) 5d Specs & dimensions,2014,,1496.0,3.0,114.0,270.0,1365.0,Front wheel drive,Manual,Unknown,Diesel,,,194.7,121.0,10.3,112.0,https://www.parkers.co.uk/bmw/2-series/active-tourer-2014/216d-luxury-(nav)-5d/specs/
CAR_5E655513,Bmw,2 Series,216d luxury (042018 on) 5d,BMW 2-Series Gran Tourer216d Luxury (04/2018 on) 5d Specs & dimensions,2015,2018,1496.0,3.0,114.0,270.0,1530.0,Front wheel drive,Manual,Unknown,Diesel,,,191.5,119.0,11.4,130.0,https://www.parkers.co.uk/bmw/2-series/gran-tourer-2015/216d-luxury-(042018-on)-5d/specs/
CAR_B7415EDF,Bmw,2 Series,216d luxury 5d,BMW 2-Series Gran Tourer216d Luxury 5d Specs & dimensions,2015,,1496.0,3.0,114.0,270.0,1470.0,Front wheel drive,Manual,Unknown,Diesel,,,191.5,119.0,11.0,118.0,https://www.parkers.co.uk/bmw/2-series/gran-tourer-2015/216d-luxury-5d/specs/
CAR_C8629E8B,Bmw,2 Series,218d (150bhp) luxury (nav) 2d,BMW 2-Series Convertible218d (150bhp) Luxury (Nav) 2d Specs & dimensions,2015,,1995.0,4.0,147.0,320.0,1520.0,Rear wheel drive,Manual,Unknown,Diesel,,,207.6,129.0,8.6,124.0,https://www.parkers.co.uk/bmw/2-series/convertible-2015/218d-(150bhp)-luxury-(nav)-2d/specs/
CAR_8C11E96F,Bmw,2 Series,218d (150bhp) luxury (nav) 2d step auto,BMW 2-Series Convertible218d (150bhp) Luxury (Nav) 2d Step Auto Specs & dimensions,2015,,1995.0,4.0,147.0,320.0,1540.0,Rear wheel drive,Automatic,Unknown,Diesel,,,204.4,127.0,8.4,118.0,https://www.parkers.co.uk/bmw/2-series/convertible-2015/218d-(150bhp)-luxury-(nav)-2d-step-auto/specs/
CAR_E62A610F,Bmw,2 Series,218d m sport 4dr 4d,BMW 2-Series Gran Coupe218d M Sport 4dr 4d Specs & dimensions,2020,,1995.0,4.0,147.0,350.0,1425.0,Front wheel drive,Manual,Unknown,Diesel,,,222.1,138.0,8.3,122.0,https://www.parkers.co.uk/bmw/2-series/gran-coupe-2020/218d-m-sport-4dr-4d/specs/
CAR_71D3D0B3,Bmw,2 Series,218d m sport 4dr step auto 4d,BMW 2-Series Gran Coupe218d M Sport 4dr Step Auto 4d Specs & dimensions,2020,,1995.0,4.0,147.0,350.0,1470.0,Front wheel drive,Automatic,Unknown,Diesel,,,222.1,138.0,8.2,129.0,https://www.parkers.co.uk/bmw/2-series/gran-coupe-2020/218d-m-sport-4dr-step-auto-4d/specs/
CAR_7943353A,Bmw,2 Series,220d mht m sport 2dr step auto,BMW 2-Series Coupe220d MHT M Sport 2dr Step Auto Specs & dimensions,2021,,1995.0,4.0,187.0,400.0,1580.0,Rear wheel drive,Automatic,Unknown,Diesel,,,236.6,147.0,6.7,122.0,https://www.parkers.co.uk/bmw/2-series/coupe-2021/220d-mht-m-sport-2dr-step-auto/specs/
CAR_946C728B,Bmw,2 Series,220d mht m sport 2dr step auto [pro pack],BMW 2-Series Coupe220d MHT M Sport 2dr Step Auto [Pro Pack] Specs & dimensions,2021,,1995.0,4.0,187.0,400.0,1580.0,Rear wheel drive,Automatic,Unknown,Diesel,,,236.6,147.0,6.7,122.0,https://www.parkers.co.uk/bmw/2-series/coupe-2021/220d-mht-m-sport-2dr-step-auto-[pro-pack]/specs/
CAR_EEFC5855,Bmw,2 Series,218d luxury 5dr dct,BMW 2-Series Active Tourer218d Luxury 5dr DCT Specs & dimensions,2021,,1995.0,4.0,147.0,360.0,1545.0,Front wheel drive,Automatic,Unknown,Diesel,,,220.5,137.0,8.5,126.0,https://www.parkers.co.uk/bmw/2-series/active-tourer-2021/218d-luxury-5dr-dct/specs/
CAR_6B62F7CF,Bmw,2 Series,218d luxury 5dr dct [tech plus pack],BMW 2-Series Active Tourer218d Luxury 5dr DCT  [Tech Plus Pack] Specs & dimensions,2021,,1995.0,4.0,147.0,360.0,1545.0,Front wheel drive,Automatic,Unknown,Diesel,,,220.5,137.0,8.5,126.0,https://www.parkers.co.uk/bmw/2-series/active-tourer-2021/218d-luxury-5dr-dct-[tech-plus-pack]/specs/
CAR_8D46CC2B,Bmw,2 Series,m2 2dr,BMW 2-Series M2M2 2dr Specs & dimensions,2022,,2993.0,6.0,453.0,550.0,1700.0,Rear wheel drive,Manual,Naturally Aspirated,Petrol,,,249.4,155.0,4.2,227.0,https://www.parkers.co.uk/bmw/2-series/m2-2022/m2-2dr/specs/
CAR_3007197C,Bmw,2 Series,m2 2dr dct,BMW 2-Series M2M2 2dr DCT Specs & dimensions,2022,,2993.0,6.0,453.0,550.0,1725.0,Rear wheel drive,Automatic,Naturally Aspirated,Petrol,,,249.4,155.0,4.0,219.0,https://www.parkers.co.uk/bmw/2-series/m2-2022/m2-2dr-dct/specs/
CAR_D4ACBEEC,Bmw,2 Series,220 m sport 4dr step auto,BMW 2-Series Gran Coupe220 M Sport 4dr Step Auto Specs & dimensions,2025,,1499.0,3.0,167.0,280.0,1450.0,Front wheel drive,Automatic,Naturally Aspirated,Petrol,,,230.1,143.0,7.6,120.0,https://www.parkers.co.uk/bmw/2-series/gran-coupe-2025/220-m-sport-4dr-step-auto/specs/
CAR_25B18193,Bmw,2 Series,220 m sport 4dr step auto [pro pack],BMW 2-Series Gran Coupe220 M Sport 4dr Step Auto [Pro Pack] Specs & dimensions,2025,,1499.0,3.0,167.0,280.0,1450.0,Front wheel drive,Automatic,Naturally Aspirated,Petrol,,,230.1,143.0,7.6,120.0,https://www.parkers.co.uk/bmw/2-series/gran-coupe-2025/220-m-sport-4dr-step-auto-[pro-pack]/specs/
CAR_A7AE5FA9,Bmw,2 Series,220i m sport pro 2dr step auto,BMW 2-Series Coupe220i M Sport Pro 2dr Step Auto Specs & dimensions,2025,,1998.0,4.0,181.0,300.0,1490.0,Rear wheel drive,Automatic,Naturally Aspirated,Petrol,,,236.6,147.0,7.3,146.0,https://www.parkers.co.uk/bmw/2-series/coupe-2025/220i-m-sport-pro-2dr-step-auto/specs/
CAR_F20A64EE,Bmw,2 Series,220i m sport pro 2dr step auto [tech pack],BMW 2-Series Coupe220i M Sport Pro 2dr Step Auto [Tech+ Pack] Specs & dimensions,2025,,1998.0,4.0,181.0,300.0,1490.0,Rear wheel drive,Automatic,Naturally Aspirated,Petrol,,,236.6,147.0,7.3,147.0,https://www.parkers.co.uk/bmw/2-series/coupe-2025/220i-m-sport-pro-2dr-step-auto-[tech-pack]/specs/
CAR_3EA78A62,Bmw,2 Series,m2 2d,BMW 2-Series M2M2 2d Specs & dimensions,2016,,2979.0,6.0,364.0,465.0,1495.0,Rear wheel drive,Manual,Naturally Aspirated,Petrol,,,249.4,155.0,4.4,199.0,https://www.parkers.co.uk/bmw/2-series/m2-2016/m2-2d/specs/
CAR_E8AF69F7,Bmw,2 Series,m2 2d dct,BMW 2-Series M2M2 2d DCT Specs & dimensions,2016,,2979.0,6.0,364.0,465.0,1520.0,Rear wheel drive,Automatic,Naturally Aspirated,Petrol,,,249.4,155.0,4.2,185.0,https://www.parkers.co.uk/bmw/2-series/m2-2016/m2-2d-dct/specs/
CAR_647F9B14,Bmw,4 Series,418d luxury (professional media) 2d,BMW 4-Series Coupe418d Luxury (Professional Media) 2d Specs & dimensions,2013,,1995.0,4.0,147.0,320.0,1460.0,Rear wheel drive,Manual,Unknown,Diesel,,,215.7,134.0,8.3,118.0,https://www.parkers.co.uk/bmw/4-series/coupe-2013/418d-luxury-(professional-media)-2d/specs/
CAR_056ED920,Bmw,4 Series,418d luxury (professional media) 2d auto,BMW 4-Series Coupe418d Luxury (Professional Media) 2d Auto Specs & dimensions,2013,,1995.0,4.0,147.0,320.0,1485.0,Rear wheel drive,Automatic,Unknown,Diesel,,,212.4,132.0,8.3,117.0,https://www.parkers.co.uk/bmw/4-series/coupe-2013/418d-luxury-(professional-media)-2d-auto/specs/
CAR_9E35F092,Bmw,4 Series,418d (150bhp) luxury (professional media) 5d,BMW 4-Series Gran Coupe418d (150bhp) Luxury (Professional Media) 5d Specs & dimensions,2014,,1995.0,4.0,147.0,320.0,1510.0,Rear wheel drive,Manual,Unknown,Diesel,,,212.4,132.0,8.7,118.0,https://www.parkers.co.uk/bmw/4-series/gran-coupe-2014/418d-(150bhp)-luxury-(professional-media)-5d/specs/
CAR_74DE5DEC,Bmw,4 Series,418d (150bhp) luxury (professional media) 5d auto,BMW 4-Series Gran Coupe418d (150bhp) Luxury (Professional Media) 5d Auto Specs & dimensions,2014,,1995.0,4.0,147.0,320.0,1530.0,Rear wheel drive,Automatic,Unknown,Diesel,,,212.4,132.0,8.6,116.0,https://www.parkers.co.uk/bmw/4-series/gran-coupe-2014/418d-(150bhp)-luxury-(professional-media)-5d-auto/specs/
CAR_3A136766,Bmw,4 Series,420d (190bhp) luxury (professional media) 2d,BMW 4-Series Convertible420d (190bhp) Luxury (Professional Media) 2d Specs & dimensions,2014,,1995.0,4.0,187.0,400.0,1700.0,Rear wheel drive,Manual,Unknown,Diesel,,,235.0,146.0,7.8,134.0,https://www.parkers.co.uk/bmw/4-series/convertible-2014/420d-(190bhp)-luxury-(professional-media)-2d/specs/
CAR_C4478164,Bmw,4 Series,420d (190bhp) luxury (professional media) 2d auto,BMW 4-Series Convertible420d (190bhp) Luxury (Professional Media) 2d Auto Specs & dimensions,2014,,1995.0,4.0,187.0,400.0,1715.0,Rear wheel drive,Automatic,Unknown,Diesel,,,228.5,142.0,7.7,124.0,https://www.parkers.co.uk/bmw/4-series/convertible-2014/420d-(190bhp)-luxury-(professional-media)-2d-auto/specs/
CAR_70B66139,Bmw,4 Series,420d mht m sport 2dr step auto 2d,BMW 4-Series Coupe420d MHT M Sport 2dr Step Auto 2d Specs & dimensions,2020,,1995.0,4.0,187.0,400.0,1605.0,Rear wheel drive,Automatic,Unknown,Diesel,,,239.8,149.0,6.9,122.0,https://www.parkers.co.uk/bmw/4-series/coupe-2020/420d-mht-m-sport-2dr-step-auto-2d/specs/
CAR_5E7193AA,Bmw,4 Series,420d mht m sport 2dr step auto [pro pack] 2d,BMW 4-Series Coupe420d MHT M Sport 2dr Step Auto [Pro Pack] 2d Specs & dimensions,2020,,1995.0,4.0,187.0,400.0,1605.0,Rear wheel drive,Automatic,Unknown,Diesel,,,239.8,149.0,6.9,122.0,https://www.parkers.co.uk/bmw/4-series/coupe-2020/420d-mht-m-sport-2dr-step-auto-[pro-pack]-2d/specs/
CAR_8950F050,Bmw,4 Series,420d mht m sport 2dr step auto,BMW 4-Series Convertible420d MHT M Sport 2dr Step Auto Specs & dimensions,2021,,1995.0,4.0,187.0,400.0,1775.0,Rear wheel drive,Automatic,Unknown,Diesel,,,236.6,147.0,7.4,129.0,https://www.parkers.co.uk/bmw/4-series/convertible-2021/420d-mht-m-sport-2dr-step-auto/specs/
CAR_A0D94630,Bmw,4 Series,420d mht m sport 2dr step auto [pro pack],BMW 4-Series Convertible420d MHT M Sport 2dr Step Auto [Pro Pack] Specs & dimensions,2021,,1995.0,4.0,187.0,400.0,1775.0,Rear wheel drive,Automatic,Unknown,Diesel,,,236.6,147.0,7.4,129.0,https://www.parkers.co.uk/bmw/4-series/convertible-2021/420d-mht-m-sport-2dr-step-auto-[pro-pack]/specs/
CAR_2BD65B95,Bmw,4 Series,m4 cs xdrive 550 2dr step auto,BMW 4-Series M4M4 CS xDrive 550 2dr Step Auto Specs & dimensions,2020,,2993.0,6.0,543.0,650.0,1760.0,4 wheel drive,Automatic,Naturally Aspirated,Petrol,,,302.6,188.0,3.3,232.0,https://www.parkers.co.uk/bmw/4-series/m4-2020/m4-cs-xdrive-550-2dr-step-auto/specs/
CAR_E27B1DE1,Bmw,4 Series,m4 csl 2dr step auto,BMW 4-Series M4M4 CSL 2dr Step Auto Specs & dimensions,2020,,2993.0,6.0,543.0,650.0,1625.0,Rear wheel drive,Automatic,Naturally Aspirated,Petrol,,,307.4,191.0,3.6,224.0,https://www.parkers.co.uk/bmw/4-series/m4-2020/m4-csl-2dr-step-auto/specs/
CAR_9E69456A,Bmw,4 Series,420d mht m sport 5dr step auto,BMW 4-Series Gran Coupe420d MHT M Sport 5dr Step Auto Specs & dimensions,2021,,1995.0,4.0,187.0,400.0,1705.0,Rear wheel drive,Automatic,Unknown,Diesel,,,235.0,146.0,7.1,130.0,https://www.parkers.co.uk/bmw/4-series/gran-coupe-2021/420d-mht-m-sport-5dr-step-auto/specs/
CAR_CEBAF001,Bmw,4 Series,420d mht m sport 5dr step auto [pro pack],BMW 4-Series Gran Coupe420d MHT M Sport 5dr Step Auto [Pro Pack] Specs & dimensions,2021,,1995.0,4.0,187.0,400.0,1705.0,Rear wheel drive,Automatic,Unknown,Diesel,,,235.0,146.0,7.1,130.0,https://www.parkers.co.uk/bmw/4-series/gran-coupe-2021/420d-mht-m-sport-5dr-step-auto-[pro-pack]/specs/
CAR_8A0A2BCB,Bmw,4 Series,m4 convertible 2d,BMW 4-Series M4M4 Convertible 2d Specs & dimensions,2014,,2979.0,6.0,424.0,550.0,1790.0,Rear wheel drive,Manual,Naturally Aspirated,Petrol,,,251.1,156.0,4.5,232.0,https://www.parkers.co.uk/bmw/4-series/m4-2014/m4-convertible-2d/specs/
CAR_153CB2C6,Bmw,4 Series,m4 convertible 2d dct,BMW 4-Series M4M4 Convertible 2d DCT Specs & dimensions,2014,,2979.0,6.0,424.0,550.0,1815.0,Rear wheel drive,Automatic,Naturally Aspirated,Petrol,,,251.1,156.0,4.3,217.0,https://www.parkers.co.uk/bmw/4-series/m4-2014/m4-convertible-2d-dct/specs/
CAR_1CC685EF,Citroen,C1,10 vti 72 jcc 5d,Citroën C1 Hatchback1.0 VTi 72 JCC+ 5d Specs & dimensions,2014,,998.0,3.0,70.0,93.0,840.0,Front wheel drive,Manual,Naturally Aspirated,Petrol,,,159.3,99.0,13.6,110.0,https://www.parkers.co.uk/citroen/c1/hatchback-2014/10-vti-72-jcc-5d/specs/
CAR_E790FB3B,Citroen,C1,10 vti 72 live 3dr,Citroën C1 Hatchback1.0 VTi 72 Live 3dr Specs & dimensions,2014,,998.0,3.0,70.0,93.0,840.0,Front wheel drive,Manual,Naturally Aspirated,Petrol,,,159.3,99.0,13.6,108.0,https://www.parkers.co.uk/citroen/c1/hatchback-2014/10-vti-72-live-3dr/specs/
CAR_EF1360F1,Citroen,C1,10i airplay 3d,Citroën C1 Hatchback1.0i Airplay 3d Specs & dimensions,2005,,998.0,3.0,68.0,94.0,790.0,Front wheel drive,Manual,Naturally Aspirated,Petrol,,,157.7,98.0,13.3,109.0,https://www.parkers.co.uk/citroen/c1/hatchback-2005/10i-airplay-3d/specs/
CAR_01E6C157,Citroen,C1,10i airplay 5d,Citroën C1 Hatchback1.0i Airplay 5d Specs & dimensions,2005,,998.0,3.0,68.0,94.0,800.0,Front wheel drive,Manual,Naturally Aspirated,Petrol,,,157.7,98.0,13.3,109.0,https://www.parkers.co.uk/citroen/c1/hatchback-2005/10i-airplay-5d/specs/
CAR_4AA4AC24,Citroen,Ds3,12 pure tech dstyle 3d,Citroën DS3 Hatchback1.2 Pure Tech DStyle 3d Specs & dimensions,2010,,1199.0,3.0,110.0,205.0,1070.0,Front wheel drive,Manual,Naturally Aspirated,Petrol,,,189.9,118.0,9.3,107.0,https://www.parkers.co.uk/citroen/ds3/hatchback-2010/12-pure-tech-dstyle-3d/specs/
CAR_0E6771DA,Citroen,Ds3,12 pure tech dstyle plus 3d,Citroën DS3 Hatchback1.2 Pure Tech DStyle Plus 3d Specs & dimensions,2010,,1199.0,3.0,110.0,205.0,1075.0,Front wheel drive,Manual,Naturally Aspirated,Petrol,,,189.9,118.0,9.3,107.0,https://www.parkers.co.uk/citroen/ds3/hatchback-2010/12-pure-tech-dstyle-plus-3d/specs/
CAR_6A3F64D2,Citroen,Ds3,16 thp 16v racing black 3d,Citroën DS3 Racing1.6 THP 16V Racing Black 3d Specs & dimensions,2011,,1598.0,4.0,207.0,275.0,,Front wheel drive,Manual,Naturally Aspirated,Petrol,,,235.0,146.0,6.3,149.0,https://www.parkers.co.uk/citroen/ds3/racing-2011/16-thp-16v-racing-black-3d/specs/
CAR_050F8FFB,Citroen,Ds3,16 thp 16v racing white 3d,Citroën DS3 Racing1.6 THP 16V Racing White 3d Specs & dimensions,2011,,1598.0,4.0,207.0,275.0,,Front wheel drive,Manual,Naturally Aspirated,Petrol,,,235.0,146.0,6.3,149.0,https://www.parkers.co.uk/citroen/ds3/racing-2011/16-thp-16v-racing-white-3d/specs/
CAR_346F7049,Citroen,Ds3,12 puretech (110bhp) dstyle 2d,Citroën DS3 Cabrio1.2 PureTech (110bhp) DStyle 2d Specs & dimensions,2013,,1199.0,3.0,110.0,205.0,1220.0,Front wheel drive,Manual,Naturally Aspirated,Petrol,,,189.9,118.0,9.5,107.0,https://www.parkers.co.uk/citroen/ds3/cabrio-2013/12-puretech-(110bhp)-dstyle-2d/specs/
CAR_D45643E3,Citroen,Ds3,12 puretech (110bhp) dstyle plus 2d,Citroën DS3 Cabrio1.2 PureTech (110bhp) DStyle Plus 2d Specs & dimensions,2013,,1199.0,3.0,110.0,205.0,1215.0,Front wheel drive,Manual,Naturally Aspirated,Petrol,,,189.9,118.0,9.5,107.0,https://www.parkers.co.uk/citroen/ds3/cabrio-2013/12-puretech-(110bhp)-dstyle-plus-2d/specs/
CAR_89AA331F,Citroen,C4,12 hybrid you 5dr e dcs6,Citroën C4 Hatchback1.2 Hybrid You 5dr e-DCS6 Specs & dimensions,2021,,1199.0,3.0,99.0,,1324.0,Front wheel drive,Automatic,Hybrid,Petrol,,,191.5,119.0,,107.0,https://www.parkers.co.uk/citroen/c4/hatchback-2021/12-hybrid-you-5dr-e-dcs6/specs/
CAR_C37EAAA3,Citroen,C4,14i 16v cool 5d,Citroën C4 Hatchback1.4i 16V Cool 5d Specs & dimensions,2004,,1360.0,4.0,90.0,133.0,1182.0,Front wheel drive,Manual,Naturally Aspirated,Petrol,,,181.9,113.0,12.4,153.0,https://www.parkers.co.uk/citroen/c4/hatchback-2004/14i-16v-cool-5d/specs/
CAR_D6FD9AF0,Citroen,C4,14i 16v lx (0908) 5d,Citroën C4 Hatchback1.4i 16V LX (09/08) 5d Specs & dimensions,2004,,1360.0,4.0,90.0,133.0,1182.0,Front wheel drive,Manual,Naturally Aspirated,Petrol,,,181.9,113.0,12.4,153.0,https://www.parkers.co.uk/citroen/c4/hatchback-2004/14i-16v-lx-(0908)-5d/specs/
CAR_D1A159A1,Citroen,C4,14i 16v vt 3d,Citroën C4 Coupe1.4i 16V VT 3d Specs & dimensions,2004,,1360.0,4.0,90.0,133.0,1181.0,Front wheel drive,Manual,Naturally Aspirated,Petrol,,,181.9,113.0,12.4,153.0,https://www.parkers.co.uk/citroen/c4/coupe-2004/14i-16v-vt-3d/specs/
CAR_9803A5C6,Citroen,C4,14i 16v vtr (0908) 3d,Citroën C4 Coupe1.4i 16V VTR (09/08) 3d Specs & dimensions,2004,,1360.0,4.0,88.0,133.0,1181.0,Front wheel drive,Manual,Naturally Aspirated,Petrol,,,181.9,113.0,12.4,153.0,https://www.parkers.co.uk/citroen/c4/coupe-2004/14i-16v-vtr-(0908)-3d/specs/
CAR_95B064FE,Citroen,C4,12 puretech (130bhp) flair (plus pack) 5d,Citroën C4 Hatchback1.2 PureTech (130bhp) Flair (Plus Pack) 5d Specs & dimensions,2011,,1199.0,3.0,128.0,230.0,1205.0,Front wheel drive,Manual,Naturally Aspirated,Petrol,,,199.6,124.0,10.5,114.0,https://www.parkers.co.uk/citroen/c4/hatchback-2011/12-puretech-(130bhp)-flair-(plus-pack)-5d/specs/
CAR_F483F535,Citroen,C4,12 puretech (130bhp) flair 5d,Citroën C4 Hatchback1.2 PureTech (130bhp) Flair 5d Specs & dimensions,2011,,1199.0,3.0,128.0,230.0,1205.0,Front wheel drive,Manual,Naturally Aspirated,Petrol,,,199.6,124.0,10.5,110.0,https://www.parkers.co.uk/citroen/c4/hatchback-2011/12-puretech-(130bhp)-flair-5d/specs/
CAR_891F740A,Citroen,Grand C4 Picasso,16 16v vti lx 5d,Citroën Grand C4 Picasso Estate1.6 16V VTi LX 5d Specs & dimensions,2007,,1598.0,4.0,120.0,163.0,1486.0,Front wheel drive,Manual,Naturally Aspirated,Petrol,,,186.7,116.0,12.0,174.0,https://www.parkers.co.uk/citroen/grand-c4-picasso/estate-2007/16-16v-vti-lx-5d/specs/
CAR_DFE4B938,Citroen,Grand C4 Picasso,16 16v vti sx 5d,Citroën Grand C4 Picasso Estate1.6 16V VTi SX 5d Specs & dimensions,2007,,1598.0,4.0,120.0,163.0,1486.0,Front wheel drive,Manual,Naturally Aspirated,Petrol,,,186.7,116.0,12.0,174.0,https://www.parkers.co.uk/citroen/grand-c4-picasso/estate-2007/16-16v-vti-sx-5d/specs/
CAR_A43B779F,Citroen,Grand C4 Picasso,12 puretech vtr 5d,Citroën Grand C4 Picasso Estate1.2 PureTech VTR 5d Specs & dimensions,2014,,1199.0,3.0,129.0,230.0,1297.0,Front wheel drive,Manual,Naturally Aspirated,Petrol,,,201.2,125.0,,115.0,https://www.parkers.co.uk/citroen/grand-c4-picasso/estate-2014/12-puretech-vtr-5d/specs/
CAR_2E085448,Citroen,C5,12 hybrid 136 c series edition 5dr e dsc6,Citroën C5 Aircross1.2 Hybrid 136 C-Series Edition 5dr e-DSC6 Specs & dimensions,2018,,1199.0,3.0,134.0,,,Front wheel drive,Automatic,Hybrid,Petrol,,,,,,130.0,https://www.parkers.co.uk/citroen/c5/aircross-2018/12-hybrid-136-c-series-edition-5dr-e-dsc6/specs/
CAR_EE9A450B,Citroen,C5,12 hybrid 136 e series 5dr e dsc6,Citroën C5 Aircross1.2 Hybrid 136 E-series 5dr e-DSC6 Specs & dimensions,2018,,1199.0,3.0,134.0,230.0,1531.0,Front wheel drive,Automatic,Hybrid,Petrol,,,199.6,124.0,9.9,120.0,https://www.parkers.co.uk/citroen/c5/aircross-2018/12-hybrid-136-e-series-5dr-e-dsc6/specs/
CAR_B3DF4964,Citroen,C5,12 hybrid 145 max 5dr auto,Citroën C5 Aircross1.2 Hybrid 145 Max 5dr Auto Specs & dimensions,2025,,1199.0,3.0,142.0,230.0,1554.0,Front wheel drive,Automatic,Hybrid,Petrol,,,201.2,125.0,10.8,122.0,https://www.parkers.co.uk/citroen/c5/aircross-2025/12-hybrid-145-max-5dr-auto/specs/
CAR_76923375,Citroen,C5,12 hybrid 145 max edition 5dr auto,Citroën C5 Aircross1.2 Hybrid 145 Max Edition 5dr Auto Specs & dimensions,2025,,1199.0,3.0,142.0,230.0,1531.0,Front wheel drive,Automatic,Hybrid,Petrol,,,199.6,124.0,9.9,120.0,https://www.parkers.co.uk/citroen/c5/aircross-2025/12-hybrid-145-max-edition-5dr-auto/specs/
CAR_AADCB4F1,Citroen,C5,16 hdi 16v vtr (115bhp) (techno pack) 4d,Citroën C5 Saloon1.6 HDI 16V VTR (115bhp) (Techno Pack) 4d Specs & dimensions,2008,,1560.0,4.0,115.0,240.0,1506.0,Front wheel drive,Manual,Unknown,Diesel,,,189.9,118.0,11.2,120.0,https://www.parkers.co.uk/citroen/c5/saloon-2008/16-hdi-16v-vtr-(115bhp)-(techno-pack)-4d/specs/
CAR_9DE4F1E5,Citroen,C5,16 hdi 16v vtr (115bhp) 4d,Citroën C5 Saloon1.6 HDI 16V VTR (115bhp) 4d Specs & dimensions,2008,,1560.0,4.0,115.0,240.0,1506.0,Front wheel drive,Manual,Unknown,Diesel,,,189.9,118.0,11.2,120.0,https://www.parkers.co.uk/citroen/c5/saloon-2008/16-hdi-16v-vtr-(115bhp)-4d/specs/
CAR_B58CD19B,Citroen,C5,16 hdi 16v vtr (115bhp) (techno pack) 5d,Citroën C5 Tourer1.6 HDI 16V VTR (115bhp) (Techno Pack) 5d Specs & dimensions,2008,,1560.0,4.0,115.0,240.0,1538.0,Front wheel drive,Manual,Unknown,Diesel,,,186.7,116.0,11.5,120.0,https://www.parkers.co.uk/citroen/c5/tourer-2008/16-hdi-16v-vtr-(115bhp)-(techno-pack)-5d/specs/
CAR_B501591B,Citroen,C5,16 hdi 16v vtr (115bhp) 5d,Citroën C5 Tourer1.6 HDI 16V VTR (115bhp) 5d Specs & dimensions,2008,,1560.0,4.0,115.0,240.0,1538.0,Front wheel drive,Manual,Unknown,Diesel,,,186.7,116.0,11.5,120.0,https://www.parkers.co.uk/citroen/c5/tourer-2008/16-hdi-16v-vtr-(115bhp)-5d/specs/
CAR_EBC2EEC8,Citroen,C5,18i 16v lx 5d,Citroën C5 Hatchback1.8i 16V LX 5d Specs & dimensions,2001,,1749.0,4.0,117.0,160.0,1290.0,Front wheel drive,Manual,Naturally Aspirated,Petrol,,,196.3,122.0,10.7,182.0,https://www.parkers.co.uk/citroen/c5/hatchback-2001/18i-16v-lx-5d/specs/
CAR_D157D380,Citroen,C5,18i 16v lx 5d auto,Citroën C5 Hatchback1.8i 16V LX 5d Auto Specs & dimensions,2001,,1749.0,4.0,117.0,,1315.0,Front wheel drive,Automatic,Naturally Aspirated,Petrol,,,193.1,120.0,12.7,201.0,https://www.parkers.co.uk/citroen/c5/hatchback-2001/18i-16v-lx-5d-auto/specs/
CAR_E4EF987A,Citroen,C5,18i 16v lx 5d,Citroën C5 Estate1.8i 16V LX 5d Specs & dimensions,2001,,1749.0,4.0,117.0,160.0,1371.0,Front wheel drive,Manual,Naturally Aspirated,Petrol,,,193.1,120.0,11.1,187.0,https://www.parkers.co.uk/citroen/c5/estate-2001/18i-16v-lx-5d/specs/
CAR_41DD29EA,Citroen,C5,20 hdi exclusive (110bhp) 5d,Citroën C5 Estate2.0 HDi Exclusive (110bhp) 5d Specs & dimensions,2001,,1997.0,4.0,110.0,249.0,1438.0,Front wheel drive,Manual,Unknown,Diesel,,,186.7,116.0,11.2,149.0,https://www.parkers.co.uk/citroen/c5/estate-2001/20-hdi-exclusive-(110bhp)-5d/specs/
CAR_62BDCA86,Citroen,C5,16 hdi 16v design 5d,Citroën C5 Hatchback1.6 HDi 16V Design 5d Specs & dimensions,2004,,1560.0,4.0,110.0,240.0,1424.0,Front wheel drive,Manual,Unknown,Diesel,,,189.9,118.0,10.9,139.0,https://www.parkers.co.uk/citroen/c5/hatchback-2004/16-hdi-16v-design-5d/specs/
CAR_257015FF,Citroen,C5,16 hdi 16v lx 5d,Citroën C5 Hatchback1.6 HDi 16V LX 5d Specs & dimensions,2004,,1560.0,4.0,110.0,240.0,1424.0,Front wheel drive,Manual,Unknown,Diesel,,,189.9,118.0,10.9,139.0,https://www.parkers.co.uk/citroen/c5/hatchback-2004/16-hdi-16v-lx-5d/specs/
CAR_E54A7D9F,Citroen,C5,16 hdi 16v design 5d,Citroën C5 Estate1.6 HDi 16V Design 5d Specs & dimensions,2004,,1560.0,4.0,110.0,240.0,1442.0,Front wheel drive,Manual,Unknown,Diesel,,,186.7,116.0,11.1,145.0,https://www.parkers.co.uk/citroen/c5/estate-2004/16-hdi-16v-design-5d/specs/
CAR_6DDDAF77,Citroen,C5,16 hdi 16v lx 5d,Citroën C5 Estate1.6 HDi 16V LX 5d Specs & dimensions,2004,,1560.0,4.0,110.0,,1442.0,Front wheel drive,Manual,Unknown,Diesel,,,186.7,116.0,11.1,145.0,https://www.parkers.co.uk/citroen/c5/estate-2004/16-hdi-16v-lx-5d/specs/
CAR_DAD2537C,Ford,Kuga,15 ecoboost (120bhp) zetec (nav) 2wd 5d,Ford Kuga Estate1.5 EcoBoost (120bhp) Zetec (Nav) 2WD 5d Specs & dimensions,2012,,1498.0,4.0,118.0,240.0,1504.0,Front wheel drive,Manual,Turbocharged,Petrol,,,180.2,112.0,12.1,143.0,https://www.parkers.co.uk/ford/kuga/estate-2012/15-ecoboost-(120bhp)-zetec-(nav)-2wd-5d/specs/
CAR_8BA64069,Ford,Kuga,15 ecoboost (120bhp) zetec 2wd 5d,Ford Kuga Estate1.5 EcoBoost (120bhp) Zetec 2WD 5d Specs & dimensions,2012,,1498.0,4.0,118.0,240.0,1504.0,Front wheel drive,Manual,Turbocharged,Petrol,,,180.2,112.0,12.1,143.0,https://www.parkers.co.uk/ford/kuga/estate-2012/15-ecoboost-(120bhp)-zetec-2wd-5d/specs/
CAR_2ED3570F,Ford,Kuga,15 ecoblue st line edition 5d,Ford Kuga SUV1.5 EcoBlue ST-Line Edition 5d Specs & dimensions,2020,,1498.0,4.0,118.0,300.0,,Front wheel drive,Manual,Unknown,Diesel,,,180.2,112.0,11.3,124.0,https://www.parkers.co.uk/ford/kuga/suv-2020/15-ecoblue-st-line-edition-5d/specs/
CAR_0D58B85B,Ford,Kuga,15 ecoblue st line edition auto 5d,Ford Kuga SUV1.5 EcoBlue ST-Line Edition Auto 5d Specs & dimensions,2020,,1498.0,4.0,118.0,300.0,,Front wheel drive,Automatic,Unknown,Diesel,,,177.0,110.0,11.6,138.0,https://www.parkers.co.uk/ford/kuga/suv-2020/15-ecoblue-st-line-edition-auto-5d/specs/
CAR_688BF68A,Ford,Kuga,20 tdci (140bhp) titanium 2wd 5d,Ford Kuga Estate2.0 TDCi (140bhp) Titanium 2WD 5d Specs & dimensions,2008,,1997.0,4.0,138.0,320.0,1584.0,Front wheel drive,Manual,Diesel,Diesel,,,186.7,116.0,,154.0,https://www.parkers.co.uk/ford/kuga/estate-2008/20-tdci-(140bhp)-titanium-2wd-5d/specs/
CAR_E77B1E4B,Ford,Kuga,20 tdci (140bhp) titanium x 2wd 5d,Ford Kuga Estate2.0 TDCi (140bhp) Titanium X 2WD 5d Specs & dimensions,2008,,1997.0,4.0,138.0,320.0,1584.0,Front wheel drive,Manual,Diesel,Diesel,,,186.7,116.0,9.9,154.0,https://www.parkers.co.uk/ford/kuga/estate-2008/20-tdci-(140bhp)-titanium-x-2wd-5d/specs/
CAR_01016672,Ford,Mondeo,10 ecoboost zetec (nav) 5d,Ford Mondeo Hatchback1.0 EcoBoost Zetec (Nav) 5d Specs & dimensions,2014,,998.0,3.0,123.0,170.0,1455.0,Front wheel drive,Manual,Turbocharged,Petrol,,,199.6,124.0,11.6,119.0,https://www.parkers.co.uk/ford/mondeo/hatchback-2014/10-ecoboost-zetec-(nav)-5d/specs/
CAR_4AEE9BFA,Ford,Mondeo,10 ecoboost zetec 5d,Ford Mondeo Hatchback1.0 EcoBoost Zetec 5d Specs & dimensions,2014,,998.0,3.0,123.0,170.0,1380.0,Front wheel drive,Manual,Turbocharged,Petrol,,,199.6,124.0,11.6,119.0,https://www.parkers.co.uk/ford/mondeo/hatchback-2014/10-ecoboost-zetec-5d/specs/
CAR_E75EBF62,Ford,Mondeo,20 ecoboost vignale 4d auto,Ford Mondeo Saloon2.0 EcoBoost Vignale 4d Auto Specs & dimensions,2014,,1999.0,4.0,236.0,340.0,1564.0,Front wheel drive,Automatic,Turbocharged,Petrol,,,239.8,149.0,7.6,171.0,https://www.parkers.co.uk/ford/mondeo/saloon-2014/20-ecoboost-vignale-4d-auto/specs/
CAR_8E587D5E,Ford,Mondeo,20 hybrid titanium (x pack) 4d auto,Ford Mondeo Saloon2.0 Hybrid Titanium (X Pack) 4d Auto Specs & dimensions,2014,,1999.0,4.0,184.0,173.0,,Front wheel drive,Automatic,EV,Petrol/Electric Hybrid,,,186.7,116.0,8.9,92.0,https://www.parkers.co.uk/ford/mondeo/saloon-2014/20-hybrid-titanium-(x-pack)-4d-auto/specs/
CAR_8356D300,Ford,Mondeo,10 ecoboost zetec (nav) 5d,Ford Mondeo Estate1.0 EcoBoost Zetec (Nav) 5d Specs & dimensions,2014,,998.0,3.0,123.0,170.0,1476.0,Front wheel drive,Manual,Turbocharged,Petrol,,,194.7,121.0,11.7,120.0,https://www.parkers.co.uk/ford/mondeo/estate-2014/10-ecoboost-zetec-(nav)-5d/specs/
CAR_8999817B,Ford,Mondeo,10 ecoboost zetec 5d,Ford Mondeo Estate1.0 EcoBoost Zetec 5d Specs & dimensions,2014,,998.0,3.0,123.0,170.0,1401.0,Front wheel drive,Manual,Turbocharged,Petrol,,,194.7,121.0,11.7,120.0,https://www.parkers.co.uk/ford/mondeo/estate-2014/10-ecoboost-zetec-5d/specs/
CAR_BB286D78,Ford,Mondeo,16 ecoboost edge (start stop) 5d,Ford Mondeo Hatchback1.6 EcoBoost Edge (Start Stop) 5d Specs & dimensions,2007,,1596.0,4.0,157.0,270.0,1498.0,Front wheel drive,Manual,Turbocharged,Petrol,,,215.7,134.0,9.0,149.0,https://www.parkers.co.uk/ford/mondeo/hatchback-2007/16-ecoboost-edge-(start-stop)-5d/specs/
CAR_AB5BDAAB,Ford,Mondeo,16 ecoboost graphite (start stop) 5d,Ford Mondeo Hatchback1.6 EcoBoost Graphite (Start Stop) 5d Specs & dimensions,2007,,1596.0,4.0,157.0,240.0,1498.0,Front wheel drive,Manual,Turbocharged,Petrol,,,215.7,134.0,9.0,149.0,https://www.parkers.co.uk/ford/mondeo/hatchback-2007/16-ecoboost-graphite-(start-stop)-5d/specs/
CAR_787C5373,Ford,Mondeo,16 edge 4d,Ford Mondeo Saloon1.6 Edge 4d Specs & dimensions,2007,,1596.0,4.0,123.0,160.0,1435.0,Front wheel drive,Manual,Naturally Aspirated,Petrol,,,194.7,121.0,11.9,177.0,https://www.parkers.co.uk/ford/mondeo/saloon-2007/16-edge-4d/specs/
CAR_32664E77,Ford,Mondeo,16 zetec 4d,Ford Mondeo Saloon1.6 Zetec 4d Specs & dimensions,2007,,1596.0,4.0,123.0,160.0,1437.0,Front wheel drive,Manual,Naturally Aspirated,Petrol,,,194.7,121.0,11.9,177.0,https://www.parkers.co.uk/ford/mondeo/saloon-2007/16-zetec-4d/specs/
CAR_C8DBB7C2,Ford,Mondeo,16 ecoboost edge (start stop) 5d,Ford Mondeo Estate1.6 EcoBoost Edge (Start Stop) 5d Specs & dimensions,2007,,1596.0,4.0,157.0,270.0,1501.0,Front wheel drive,Manual,Turbocharged,Petrol,,,209.2,130.0,9.3,149.0,https://www.parkers.co.uk/ford/mondeo/estate-2007/16-ecoboost-edge-(start-stop)-5d/specs/
CAR_8AC589E6,Ford,Mondeo,16 ecoboost graphite (start stop) 5d,Ford Mondeo Estate1.6 EcoBoost Graphite (Start Stop) 5d Specs & dimensions,2007,,1596.0,4.0,157.0,240.0,1501.0,Front wheel drive,Manual,Turbocharged,Petrol,,,209.2,130.0,9.3,149.0,https://www.parkers.co.uk/ford/mondeo/estate-2007/16-ecoboost-graphite-(start-stop)-5d/specs/
CAR_79A7255C,Ford,Mondeo,16 verona 5d,Ford Mondeo Hatchback1.6 Verona 5d Specs & dimensions,1993,,1598.0,4.0,93.0,142.0,1283.0,Front wheel drive,Manual,Naturally Aspirated,Petrol,,,185.1,115.0,11.9,178.0,https://www.parkers.co.uk/ford/mondeo/hatchback-1993/16-verona-5d/specs/
CAR_88C33812,Ford,Mondeo,16i 5d,Ford Mondeo Hatchback1.6i 5d Specs & dimensions,1993,,1598.0,,90.0,,,Front wheel drive,Manual,Naturally Aspirated,Petrol,,,,,,,https://www.parkers.co.uk/ford/mondeo/hatchback-1993/16i-5d/specs/
CAR_1B09045F,Ford,Mondeo,16i 4d,Ford Mondeo Saloon1.6i 4d Specs & dimensions,1993,,1598.0,,90.0,,,Front wheel drive,Manual,Naturally Aspirated,Petrol,,,,,,,https://www.parkers.co.uk/ford/mondeo/saloon-1993/16i-4d/specs/
CAR_620FD4DB,Ford,Mondeo,16i aspen 4d,Ford Mondeo Saloon1.6i Aspen 4d Specs & dimensions,1993,,1598.0,,90.0,,,Front wheel drive,Manual,Naturally Aspirated,Petrol,,,,,,,https://www.parkers.co.uk/ford/mondeo/saloon-1993/16i-aspen-4d/specs/
CAR_1A9B0390,Ford,Mondeo,16i aspen 5d (94),Ford Mondeo Estate1.6i Aspen 5d (94) Specs & dimensions,1993,,1598.0,,90.0,,,Front wheel drive,Manual,Naturally Aspirated,Petrol,,,,,,,https://www.parkers.co.uk/ford/mondeo/estate-1993/16i-aspen-5d-(94)/specs/
CAR_E718891A,Ford,Mondeo,16i aspen 5d (95),Ford Mondeo Estate1.6i Aspen 5d (95) Specs & dimensions,1993,,1598.0,,90.0,,,Front wheel drive,Manual,Naturally Aspirated,Petrol,,,,,,,https://www.parkers.co.uk/ford/mondeo/estate-1993/16i-aspen-5d-(95)/specs/
CAR_B5EF8125,Ford,Mondeo,18 edge 5d,Ford Mondeo Hatchback1.8 Edge 5d Specs & dimensions,2000,,1798.0,,123.0,,,Front wheel drive,Manual,Naturally Aspirated,Petrol,,,204.4,127.0,,182.0,https://www.parkers.co.uk/ford/mondeo/hatchback-2000/18-edge-5d/specs/
CAR_51086C2A,Ford,Mondeo,18 graphite 5d,Ford Mondeo Hatchback1.8 Graphite 5d Specs & dimensions,2000,,1798.0,4.0,123.0,170.0,1384.0,Front wheel drive,Manual,Naturally Aspirated,Petrol,,,204.4,127.0,9.9,182.0,https://www.parkers.co.uk/ford/mondeo/hatchback-2000/18-graphite-5d/specs/
CAR_BE18D7AC,Ford,Mondeo,18 lx 4d (00),Ford Mondeo Saloon1.8 LX 4d (00) Specs & dimensions,2000,,1798.0,4.0,123.0,170.0,1373.0,Front wheel drive,Manual,Naturally Aspirated,Petrol,,,204.4,127.0,10.5,182.0,https://www.parkers.co.uk/ford/mondeo/saloon-2000/18-lx-4d-(00)/specs/
CAR_B3105CEC,Ford,Mondeo,18 lx 4d (05),Ford Mondeo Saloon1.8 LX 4d (05) Specs & dimensions,2000,,1798.0,4.0,123.0,170.0,1364.0,Front wheel drive,Manual,Naturally Aspirated,Petrol,,,204.4,127.0,10.5,182.0,https://www.parkers.co.uk/ford/mondeo/saloon-2000/18-lx-4d-(05)/specs/
CAR_41F4FBBB,Ford,Mondeo,18 edge 5d,Ford Mondeo Estate1.8 Edge 5d Specs & dimensions,2000,,1798.0,,123.0,,,Front wheel drive,Manual,Naturally Aspirated,Petrol,,,199.6,124.0,,186.0,https://www.parkers.co.uk/ford/mondeo/estate-2000/18-edge-5d/specs/
CAR_D4DB06E1,Ford,Mondeo,18 graphite 5d,Ford Mondeo Estate1.8 Graphite 5d Specs & dimensions,2000,,1798.0,4.0,123.0,170.0,1431.0,Front wheel drive,Manual,Naturally Aspirated,Petrol,,,199.6,124.0,10.8,186.0,https://www.parkers.co.uk/ford/mondeo/estate-2000/18-graphite-5d/specs/
CAR_F78CF5E6,Ford,S Max,15 ecoboost titanium (x pack) 5d,Ford S-MAX Estate1.5 EcoBoost Titanium (X Pack) 5d Specs & dimensions,2015,,1498.0,4.0,157.0,240.0,1570.0,Front wheel drive,Manual,Turbocharged,Petrol,,,199.6,124.0,9.6,149.0,https://www.parkers.co.uk/ford/s-max/estate-2015/15-ecoboost-titanium-(x-pack)-5d/specs/
CAR_43C28195,Ford,S Max,15 ecoboost titanium 5d,Ford S-MAX Estate1.5 EcoBoost Titanium 5d Specs & dimensions,2015,,1498.0,4.0,157.0,240.0,1570.0,Front wheel drive,Manual,Turbocharged,Petrol,,,199.6,124.0,9.6,149.0,https://www.parkers.co.uk/ford/s-max/estate-2015/15-ecoboost-titanium-5d/specs/
CAR_68E3106E,Ford,S Max,16 ecoboost titanium (start stop) 5d,Ford S-MAX Estate1.6 EcoBoost Titanium (Start Stop) 5d Specs & dimensions,2006,,1596.0,4.0,157.0,240.0,1602.0,Front wheel drive,Manual,Turbocharged,Petrol,,,202.8,126.0,9.6,159.0,https://www.parkers.co.uk/ford/s-max/estate-2006/16-ecoboost-titanium-(start-stop)-5d/specs/
CAR_A22C5CF4,Ford,S Max,16 ecoboost titanium 5d,Ford S-MAX Estate1.6 EcoBoost Titanium 5d Specs & dimensions,2006,,1596.0,4.0,157.0,240.0,,Front wheel drive,Manual,Turbocharged,Petrol,,,202.8,126.0,9.5,164.0,https://www.parkers.co.uk/ford/s-max/estate-2006/16-ecoboost-titanium-5d/specs/
CAR_E27211D5,Honda,Jazz,13 ex 5d,Honda Jazz Hatchback1.3 EX 5d Specs & dimensions,2015,,1318.0,4.0,100.0,123.0,1066.0,Front wheel drive,Manual,Naturally Aspirated,Petrol,,,189.9,118.0,11.1,120.0,https://www.parkers.co.uk/honda/jazz/hatchback-2015/13-ex-5d/specs/
CAR_47F2A071,Honda,Jazz,13 ex 5d cvt,Honda Jazz Hatchback1.3 EX 5d CVT Specs & dimensions,2015,,1318.0,4.0,100.0,123.0,1098.0,Front wheel drive,Automatic,Naturally Aspirated,Petrol,,,181.9,113.0,11.9,114.0,https://www.parkers.co.uk/honda/jazz/hatchback-2015/13-ex-5d-cvt/specs/
CAR_9279E8B9,Honda,Jazz,15 i mmd hybrid advance 5dr ecvt,Honda Jazz Hatchback1.5 i-MMD Hybrid Advance 5dr eCVT Specs & dimensions,2020,,1498.0,4.0,120.0,253.0,1230.0,Front wheel drive,Automatic,EV,Petrol/Electric Hybrid,,,175.4,109.0,9.3,104.0,https://www.parkers.co.uk/honda/jazz/hatchback-2020/15-i-mmd-hybrid-advance-5dr-ecvt/specs/
CAR_A0864930,Honda,Jazz,15 i mmd hybrid advance sport 5dr ecvt,Honda Jazz Hatchback1.5 i-MMD Hybrid Advance Sport 5dr eCVT Specs & dimensions,2020,,1498.0,4.0,120.0,253.0,1242.0,Front wheel drive,Automatic,EV,Petrol/Electric Hybrid,,,175.4,109.0,9.3,105.0,https://www.parkers.co.uk/honda/jazz/hatchback-2020/15-i-mmd-hybrid-advance-sport-5dr-ecvt/specs/
CAR_3C61B0F4,Honda,Jazz,15 i mmd hybrid ex ecvt auto 5d,Honda Jazz Crosstar1.5 i-MMD Hybrid EX eCVT auto 5d Specs & dimensions,2020,,1498.0,4.0,107.0,253.0,1253.0,Front wheel drive,Automatic,EV,Petrol/Electric Hybrid,,,173.8,108.0,9.6,109.0,https://www.parkers.co.uk/honda/jazz/crosstar-2020/15-i-mmd-hybrid-ex-ecvt-auto-5d/specs/
CAR_3FFBAC97,Honda,Jazz,trim crosstar ex,Honda Jazz Crosstar Crosstar EX (2020 - 2023)Specs & dimensions,2020,2023,,,,,,,,Unknown,,,,,,,,https://www.parkers.co.uk/honda/jazz/crosstar-2020/trim-crosstar-ex/specs/
CAR_1DFAB64B,Honda,Jazz,12 i vtec s (ac) 5d,Honda Jazz Hatchback1.2 i-VTEC S (AC) 5d Specs & dimensions,2008,,1198.0,4.0,88.0,114.0,1047.0,Front wheel drive,Manual,Naturally Aspirated,Petrol,,,177.0,110.0,12.1,123.0,https://www.parkers.co.uk/honda/jazz/hatchback-2008/12-i-vtec-s-(ac)-5d/specs/
CAR_A93C6CD4,Honda,Jazz,12 i vtec s (vsa) 5d,Honda Jazz Hatchback1.2 i-VTEC S (VSA) 5d Specs & dimensions,2008,,1198.0,4.0,88.0,114.0,1047.0,Front wheel drive,Manual,Naturally Aspirated,Petrol,,,177.0,110.0,12.1,123.0,https://www.parkers.co.uk/honda/jazz/hatchback-2008/12-i-vtec-s-(vsa)-5d/specs/
CAR_9A4773D2,Honda,Jazz,12 i dsi s 5d,Honda Jazz Hatchback1.2 i-DSI S 5d Specs & dimensions,2002,,1246.0,4.0,75.0,110.0,1015.0,Front wheel drive,Manual,Naturally Aspirated,Petrol,,,170.6,106.0,13.3,129.0,https://www.parkers.co.uk/honda/jazz/hatchback-2002/12-i-dsi-s-5d/specs/
CAR_FE3ECFD4,Honda,Jazz,14 i dsi se 5d,Honda Jazz Hatchback1.4 i-DSi SE 5d Specs & dimensions,2002,,1339.0,4.0,81.0,119.0,1041.0,Front wheel drive,Manual,Naturally Aspirated,Petrol,,,170.6,106.0,12.9,137.0,https://www.parkers.co.uk/honda/jazz/hatchback-2002/14-i-dsi-se-5d/specs/
CAR_1DCFC9D4,Honda,Accord,20 i vtec es 4d,Honda Accord Saloon2.0 i-VTEC ES 4d Specs & dimensions,2008,,1997.0,4.0,153.0,192.0,1501.0,Front wheel drive,Manual,Naturally Aspirated,Petrol,,,215.7,134.0,9.1,159.0,https://www.parkers.co.uk/honda/accord/saloon-2008/20-i-vtec-es-4d/specs/
CAR_0EBFCDE4,Honda,Accord,20 i vtec es 4d auto,Honda Accord Saloon2.0 i-VTEC ES 4d Auto Specs & dimensions,2008,,1997.0,4.0,153.0,192.0,1532.0,Front wheel drive,Automatic,Naturally Aspirated,Petrol,,,212.4,132.0,10.5,168.0,https://www.parkers.co.uk/honda/accord/saloon-2008/20-i-vtec-es-4d-auto/specs/
CAR_0B86D11C,Honda,Accord,20 i vtec es 5d,Honda Accord Tourer2.0 i-VTEC ES 5d Specs & dimensions,2008,,1997.0,4.0,153.0,192.0,1565.0,Front wheel drive,Manual,Naturally Aspirated,Petrol,,,212.4,132.0,9.4,163.0,https://www.parkers.co.uk/honda/accord/tourer-2008/20-i-vtec-es-5d/specs/
CAR_B4724A4B,Honda,Accord,20 i vtec es 5d auto,Honda Accord Tourer2.0 i-VTEC ES 5d Auto Specs & dimensions,2008,,1997.0,4.0,153.0,192.0,1586.0,Front wheel drive,Automatic,Naturally Aspirated,Petrol,,,209.2,130.0,10.7,170.0,https://www.parkers.co.uk/honda/accord/tourer-2008/20-i-vtec-es-5d-auto/specs/
CAR_D3BCE8BD,Honda,Accord,18i vtec s 5d (01),Honda Accord Hatchback1.8i VTEC S 5d (01) Specs & dimensions,1999,,1850.0,4.0,134.0,175.0,1385.0,Front wheel drive,Manual,Naturally Aspirated,Petrol,,,204.4,127.0,10.6,189.0,https://www.parkers.co.uk/honda/accord/hatchback-1999/18i-vtec-s-5d-(01)/specs/
CAR_24811096,Honda,Accord,18i vtec s 5d (99),Honda Accord Hatchback1.8i VTEC S 5d (99) Specs & dimensions,1999,,1850.0,4.0,134.0,175.0,1404.0,Front wheel drive,Manual,Naturally Aspirated,Petrol,,,206.0,128.0,11.0,200.0,https://www.parkers.co.uk/honda/accord/hatchback-1999/18i-vtec-s-5d-(99)/specs/
CAR_9D3131F7,Honda,Accord,18i es 4d,Honda Accord Saloon1.8i ES 4d Specs & dimensions,1998,,1850.0,4.0,134.0,175.0,1406.0,Front wheel drive,Manual,Naturally Aspirated,Petrol,,,204.4,127.0,10.1,200.0,https://www.parkers.co.uk/honda/accord/saloon-1998/18i-es-4d/specs/
CAR_91CBBFAB,Honda,Accord,18i es 4d (sn),Honda Accord Saloon1.8i ES 4d (SN) Specs & dimensions,1998,,1850.0,4.0,134.0,175.0,1406.0,Front wheel drive,Manual,Naturally Aspirated,Petrol,,,204.4,127.0,10.1,200.0,https://www.parkers.co.uk/honda/accord/saloon-1998/18i-es-4d-(sn)/specs/
CAR_56F9F8B3,Honda,Accord,20i es 2d,Honda Accord Coupe2.0i ES 2d Specs & dimensions,1998,,1997.0,4.0,144.0,184.0,1370.0,Front wheel drive,Manual,Naturally Aspirated,Petrol,,,207.6,129.0,9.7,215.0,https://www.parkers.co.uk/honda/accord/coupe-1998/20i-es-2d/specs/
CAR_374F102A,Honda,Accord,20i es 2d auto,Honda Accord Coupe2.0i ES 2d Auto Specs & dimensions,1998,,1997.0,4.0,144.0,184.0,1400.0,Front wheel drive,Automatic,Naturally Aspirated,Petrol,,,196.3,122.0,10.7,235.0,https://www.parkers.co.uk/honda/accord/coupe-1998/20i-es-2d-auto/specs/
CAR_2BA3174F,Honda,Accord,20 i vtec ex 4d,Honda Accord Saloon2.0 i-VTEC EX 4d Specs & dimensions,2003,,1998.0,4.0,152.0,190.0,1365.0,Front wheel drive,Manual,Naturally Aspirated,Petrol,,,217.3,135.0,9.0,189.0,https://www.parkers.co.uk/honda/accord/saloon-2003/20-i-vtec-ex-4d/specs/
CAR_860F2B72,Honda,Accord,20 i vtec ex 4d (17 in alloy nav),Honda Accord Saloon2.0 i-VTEC EX 4d (17 in Alloy + Nav) Specs & dimensions,2003,,1998.0,4.0,152.0,190.0,1365.0,Front wheel drive,Manual,Naturally Aspirated,Petrol,,,217.3,135.0,9.0,189.0,https://www.parkers.co.uk/honda/accord/saloon-2003/20-i-vtec-ex-4d-(17-in-alloy-nav)/specs/
CAR_8023B78B,Honda,Accord,20 i vtec ex 5d,Honda Accord Tourer2.0 i-VTEC EX 5d Specs & dimensions,2003,,1998.0,4.0,152.0,190.0,1473.0,Front wheel drive,Manual,Naturally Aspirated,Petrol,,,204.4,127.0,9.6,204.0,https://www.parkers.co.uk/honda/accord/tourer-2003/20-i-vtec-ex-5d/specs/
CAR_B0ADE5F6,Honda,Accord,20 i vtec ex 5d (17 in alloy),Honda Accord Tourer2.0 i-VTEC EX 5d (17 in Alloy) Specs & dimensions,2003,,1998.0,4.0,152.0,190.0,1473.0,Front wheel drive,Manual,Naturally Aspirated,Petrol,,,204.4,127.0,9.6,204.0,https://www.parkers.co.uk/honda/accord/tourer-2003/20-i-vtec-ex-5d-(17-in-alloy)/specs/
CAR_F4517C5F,Honda,Accord,20i 5d,Honda Accord Hatchback2.0i 5d Specs & dimensions,1991,,1997.0,,133.0,,,Front wheel drive,Manual,Naturally Aspirated,Petrol,,,,,,,https://www.parkers.co.uk/honda/accord/hatchback-1991/20i-5d/specs/
CAR_9649E5ED,Honda,Accord,22i 5d,Honda Accord Hatchback2.2i 5d Specs & dimensions,1991,,2156.0,,150.0,,,Front wheel drive,Manual,Naturally Aspirated,Petrol,,,,,,,https://www.parkers.co.uk/honda/accord/hatchback-1991/22i-5d/specs/
CAR_6E29ED8F,Honda,Accord,16 dx 4d,Honda Accord Saloon1.6 DX 4d Specs & dimensions,1982,,1602.0,,,,,Front wheel drive,Manual,Naturally Aspirated,Petrol,,,,,,,https://www.parkers.co.uk/honda/accord/saloon-1982/16-dx-4d/specs/
CAR_5F58CD67,Honda,Accord,18 ex 4d,Honda Accord Saloon1.8 EX 4d Specs & dimensions,1982,,1829.0,,,,,Front wheel drive,Manual,Naturally Aspirated,Petrol,,,,,,,https://www.parkers.co.uk/honda/accord/saloon-1982/18-ex-4d/specs/
CAR_DB8F861B,Honda,Accord,20i 2d,Honda Accord Coupe2.0i 2d Specs & dimensions,1992,,1997.0,,133.0,,,Front wheel drive,Manual,Naturally Aspirated,Petrol,,,,,,,https://www.parkers.co.uk/honda/accord/coupe-1992/20i-2d/specs/
CAR_4C715A49,Honda,Accord,20i 2d auto,Honda Accord Coupe2.0i 2d Auto Specs & dimensions,1992,,1997.0,,133.0,,,Front wheel drive,Automatic,Naturally Aspirated,Petrol,,,,,,,https://www.parkers.co.uk/honda/accord/coupe-1992/20i-2d-auto/specs/
CAR_3CA726CB,Honda,Accord,18i 4d,Honda Accord Saloon1.8i 4d Specs & dimensions,1993,,1849.0,4.0,113.0,158.0,1278.0,Front wheel drive,Manual,Naturally Aspirated,Petrol,,,194.7,121.0,10.6,,https://www.parkers.co.uk/honda/accord/saloon-1993/18i-4d/specs/
CAR_3771C168,Honda,Accord,18i 4d (ac),Honda Accord Saloon1.8i 4d (AC) Specs & dimensions,1993,,1849.0,4.0,115.0,158.0,1278.0,Front wheel drive,Manual,Naturally Aspirated,Petrol,,,194.7,121.0,10.6,,https://www.parkers.co.uk/honda/accord/saloon-1993/18i-4d-(ac)/specs/
CAR_3C83E14A,Honda,Accord,20i es 5d,Honda Accord Aerodeck2.0i ES 5d Specs & dimensions,1994,,1997.0,4.0,136.0,198.0,,Front wheel drive,Manual,Naturally Aspirated,Petrol,,,,,,,https://www.parkers.co.uk/honda/accord/aerodeck-1994/20i-es-5d/specs/
CAR_F3E75CD9,Honda,Accord,20i es 5d auto,Honda Accord Aerodeck2.0i ES 5d Auto Specs & dimensions,1994,,1997.0,4.0,136.0,184.0,,Front wheel drive,Automatic,Naturally Aspirated,Petrol,,,,,,,https://www.parkers.co.uk/honda/accord/aerodeck-1994/20i-es-5d-auto/specs/
CAR_86842E24,Honda,Accord,20i ls 2d,Honda Accord Coupe2.0i LS 2d Specs & dimensions,1994,,1997.0,4.0,136.0,184.0,1313.0,Front wheel drive,Manual,Naturally Aspirated,Petrol,,,,,,,https://www.parkers.co.uk/honda/accord/coupe-1994/20i-ls-2d/specs/
CAR_195B3805,Honda,Accord,20i ls 2d (ac),Honda Accord Coupe2.0i LS 2d (AC) Specs & dimensions,1994,,1997.0,4.0,136.0,184.0,1313.0,Front wheel drive,Manual,Naturally Aspirated,Petrol,,,,,,,https://www.parkers.co.uk/honda/accord/coupe-1994/20i-ls-2d-(ac)/specs/
CAR_22A30E9E,Honda,Accord,16 dx 3d,Honda Accord Hatchback1.6 DX 3d Specs & dimensions,1982,,1602.0,,,,,Front wheel drive,Manual,Naturally Aspirated,Petrol,,,,,,,https://www.parkers.co.uk/honda/accord/hatchback-1982/16-dx-3d/specs/
CAR_99483EF2,Honda,Accord,16 dx 3d auto,Honda Accord Hatchback1.6 DX 3d Auto Specs & dimensions,1982,,1602.0,,,,,Front wheel drive,Automatic,Naturally Aspirated,Petrol,,,,,,,https://www.parkers.co.uk/honda/accord/hatchback-1982/16-dx-3d-auto/specs/
CAR_ECFFFC8E,Honda,Accord,20 ex 3d,Honda Accord Aerodeck2.0 EX 3d Specs & dimensions,1985,,1955.0,,106.0,,,Front wheel drive,Manual,Naturally Aspirated,Petrol,,,,,,,https://www.parkers.co.uk/honda/accord/aerodeck-1985/20-ex-3d/specs/
CAR_19422C90,Honda,Accord,20 ex 3d auto,Honda Accord Aerodeck2.0 EX 3d Auto Specs & dimensions,1985,,1955.0,,106.0,,,Front wheel drive,Automatic,Naturally Aspirated,Petrol,,,,,,,https://www.parkers.co.uk/honda/accord/aerodeck-1985/20-ex-3d-auto/specs/
CAR_B2D80F85,Honda,Cr V,20 i mmd hybrid sport line 2wd 5dr ecvt,Honda CR-V SUV2.0 i-MMD Hybrid Sport Line 2WD 5dr eCVT Specs & dimensions,2018,,1993.0,4.0,181.0,315.0,1614.0,Front wheel drive,Automatic,EV,Petrol/Electric Hybrid,,,180.2,112.0,8.3,151.0,https://www.parkers.co.uk/honda/cr-v/suv-2018/20-i-mmd-hybrid-sport-line-2wd-5dr-ecvt/specs/
CAR_B3623421,Honda,Cr V,ex 15 vtec turbo awd 5d,Honda CR-V SUVEX 1.5 VTEC Turbo AWD 5d Specs & dimensions,2018,,1498.0,4.0,170.0,220.0,1573.0,4 wheel drive,Manual,Turbocharged,Petrol,,,207.6,129.0,9.5,181.0,https://www.parkers.co.uk/honda/cr-v/suv-2018/ex-15-vtec-turbo-awd-5d/specs/
CAR_932CA621,Honda,Cr V,20 ehev advance 5dr ecvt,Honda CR-V SUV2.0 eHEV Advance 5dr eCVT Specs & dimensions,2023,,1993.0,4.0,181.0,335.0,1822.0,4 wheel drive,Automatic,EV,Petrol/Electric Hybrid,,,185.1,115.0,9.0,151.0,https://www.parkers.co.uk/honda/cr-v/suv-2023/20-ehev-advance-5dr-ecvt/specs/
CAR_C392A306,Honda,Cr V,20 ehev elegance 5dr ecvt,Honda CR-V SUV2.0 eHEV Elegance 5dr eCVT Specs & dimensions,2023,,1993.0,4.0,181.0,335.0,1808.0,4 wheel drive,Automatic,EV,Petrol/Electric Hybrid,,,185.1,115.0,9.0,151.0,https://www.parkers.co.uk/honda/cr-v/suv-2023/20-ehev-elegance-5dr-ecvt/specs/
CAR_4CDD2472,Honda,Cr V,20 i vtec es (09) 5d,Honda CR-V Estate2.0 i-VTEC ES (09) 5d Specs & dimensions,2007,,1997.0,4.0,147.0,192.0,1607.0,4 wheel drive,Manual,Naturally Aspirated,Petrol,,,189.9,118.0,9.9,190.0,https://www.parkers.co.uk/honda/cr-v/estate-2007/20-i-vtec-es-(09)-5d/specs/
CAR_A0EF2975,Honda,Cr V,20 i vtec es (09) 5d auto,Honda CR-V Estate2.0 i-VTEC ES (09) 5d Auto Specs & dimensions,2007,,1997.0,4.0,147.0,192.0,1643.0,4 wheel drive,Automatic,Naturally Aspirated,Petrol,,,177.0,110.0,11.8,193.0,https://www.parkers.co.uk/honda/cr-v/estate-2007/20-i-vtec-es-(09)-5d-auto/specs/
CAR_9732FCAA,Honda,Cr V,16 i dtec black edition 5d,Honda CR-V Hatchback1.6 i-DTEC Black Edition 5d Specs & dimensions,2012,,1597.0,4.0,157.0,350.0,1630.0,4 wheel drive,Manual,Unknown,Diesel,,,201.2,125.0,9.3,129.0,https://www.parkers.co.uk/honda/cr-v/hatchback-2012/16-i-dtec-black-edition-5d/specs/
CAR_E556F8DA,Honda,Cr V,16 i dtec black edition 5d auto,Honda CR-V Hatchback1.6 i-DTEC Black Edition 5d Auto Specs & dimensions,2012,,1597.0,4.0,157.0,350.0,1658.0,4 wheel drive,Automatic,Unknown,Diesel,,,196.3,122.0,9.7,134.0,https://www.parkers.co.uk/honda/cr-v/hatchback-2012/16-i-dtec-black-edition-5d-auto/specs/
CAR_B330645B,Honda,Cr V,20i es 5d (ac),Honda CR-V Estate2.0i ES 5d (AC) Specs & dimensions,1997,,1973.0,4.0,144.0,182.0,,4 wheel drive,Manual,Naturally Aspirated,Petrol,,,177.0,110.0,10.2,229.0,https://www.parkers.co.uk/honda/cr-v/estate-1997/20i-es-5d-(ac)/specs/
CAR_32A8BD0F,Honda,Cr V,20i es 5d auto (ac),Honda CR-V Estate2.0i ES 5d Auto (AC) Specs & dimensions,1997,,1973.0,4.0,144.0,182.0,,4 wheel drive,Automatic,Naturally Aspirated,Petrol,,,170.6,106.0,12.1,235.0,https://www.parkers.co.uk/honda/cr-v/estate-1997/20i-es-5d-auto-(ac)/specs/
CAR_4EF2C381,Honda,Cr V,20 i vtec executive 5d (03),Honda CR-V Estate2.0 i-VTEC Executive 5d (03) Specs & dimensions,2001,,1998.0,4.0,148.0,192.0,1493.0,4 wheel drive,Manual,Naturally Aspirated,Petrol,,,177.0,110.0,9.8,216.0,https://www.parkers.co.uk/honda/cr-v/estate-2001/20-i-vtec-executive-5d-(03)/specs/
CAR_A66C9F47,Honda,Cr V,20 i vtec executive 5d (04),Honda CR-V Estate2.0 i-VTEC Executive 5d (04) Specs & dimensions,2001,,1998.0,4.0,147.0,192.0,1502.0,4 wheel drive,Manual,Naturally Aspirated,Petrol,,,177.0,110.0,10.5,215.0,https://www.parkers.co.uk/honda/cr-v/estate-2001/20-i-vtec-executive-5d-(04)/specs/
CAR_B307F6C7,Honda,Civic,10 vtec turbo ex  sport line 5d,Honda Civic Hatchback1.0 VTEC Turbo EX - Sport Line 5d Specs & dimensions,2017,,988.0,3.0,124.0,200.0,1281.0,Front wheel drive,Manual,Turbocharged,Petrol,,,204.4,127.0,10.8,141.0,https://www.parkers.co.uk/honda/civic/hatchback-2017/10-vtec-turbo-ex--sport-line-5d/specs/
CAR_48D91016,Honda,Civic,10 vtec turbo ex  sport line cvt auto 5d,Honda Civic Hatchback1.0 VTEC Turbo EX - Sport Line CVT auto 5d Specs & dimensions,2017,,988.0,3.0,124.0,180.0,1289.0,Front wheel drive,Automatic,Turbocharged,Petrol,,,199.6,124.0,10.6,152.0,https://www.parkers.co.uk/honda/civic/hatchback-2017/10-vtec-turbo-ex--sport-line-cvt-auto-5d/specs/
CAR_B67449A3,Honda,Civic,ex 120ps 16i dtec 4d,Honda Civic SaloonEX 120PS 1.6i-DTEC 4d Specs & dimensions,2018,,1597.0,4.0,118.0,300.0,1314.0,Front wheel drive,Manual,Unknown,Diesel,,,201.2,125.0,9.8,91.0,https://www.parkers.co.uk/honda/civic/saloon-2018/ex-120ps-16i-dtec-4d/specs/
CAR_A99107FE,Honda,Civic,ex 120ps 16i dtec auto 4d,Honda Civic SaloonEX 120PS 1.6i-DTEC auto 4d Specs & dimensions,2018,,1597.0,4.0,118.0,300.0,1337.0,Front wheel drive,Automatic,Unknown,Diesel,,,199.6,124.0,10.5,108.0,https://www.parkers.co.uk/honda/civic/saloon-2018/ex-120ps-16i-dtec-auto-4d/specs/
CAR_DF50CA23,Honda,Civic,20 vtec turbo type r limited edition 5dr,Honda Civic Type-R2.0 VTEC Turbo Type R Limited Edition 5dr Specs & dimensions,2017,,1996.0,4.0,315.0,400.0,1358.0,Front wheel drive,Manual,Turbocharged,Petrol,,,270.4,168.0,5.5,191.0,https://www.parkers.co.uk/honda/civic/type-r-2017/20-vtec-turbo-type-r-limited-edition-5dr/specs/
CAR_99B29934,Honda,Civic,20 vtec turbo type r sport line 5dr,Honda Civic Type-R2.0 VTEC Turbo Type R Sport Line 5dr Specs & dimensions,2017,,1996.0,4.0,315.0,400.0,1380.0,Front wheel drive,Manual,Turbocharged,Petrol,,,270.4,168.0,5.6,187.0,https://www.parkers.co.uk/honda/civic/type-r-2017/20-vtec-turbo-type-r-sport-line-5dr/specs/
CAR_6B1E85EB,Honda,Civic,20 ehev advance 5dr cvt,Honda Civic Hatchback2.0 eHEV Advance 5dr CVT Specs & dimensions,2022,,1993.0,4.0,140.0,186.0,1500.0,Front wheel drive,Automatic,EV,Petrol/Electric Hybrid,,,178.6,111.0,7.8,114.0,https://www.parkers.co.uk/honda/civic/hatchback-2022/20-ehev-advance-5dr-cvt/specs/
CAR_31D3B274,Honda,Civic,20 vtec turbo type r 5dr,Honda Civic Type-R2.0 VTEC Turbo Type R 5dr Specs & dimensions,2023,,1996.0,4.0,324.0,420.0,1429.0,Front wheel drive,Manual,Turbocharged,Petrol,,,275.2,171.0,5.2,189.0,https://www.parkers.co.uk/honda/civic/type-r-2023/20-vtec-turbo-type-r-5dr/specs/
CAR_AC9FAA4D,Honda,Civic,trim vtec type r,Honda Civic Type-R VTEC Type R (2023 - 2026)Specs & dimensions,2023,2026,,,,,,,,Turbocharged,,,,,,,,https://www.parkers.co.uk/honda/civic/type-r-2023/trim-vtec-type-r/specs/
CAR_EF66A9F6,Honda,Civic,14 i dsi s 5d,Honda Civic Hatchback1.4 i-Dsi S 5d Specs & dimensions,2006,,1339.0,4.0,80.0,119.0,1180.0,Front wheel drive,Manual,Naturally Aspirated,Petrol,,,170.6,106.0,14.1,139.0,https://www.parkers.co.uk/honda/civic/hatchback-2006/14-i-dsi-s-5d/specs/
CAR_AD2C6D86,Honda,Civic,14 i dsi se 5d,Honda Civic Hatchback1.4 i-Dsi SE+ 5d Specs & dimensions,2006,,1339.0,4.0,80.0,119.0,1212.0,Front wheel drive,Manual,Naturally Aspirated,Petrol,,,170.6,106.0,14.1,139.0,https://www.parkers.co.uk/honda/civic/hatchback-2006/14-i-dsi-se-5d/specs/
CAR_C4B670B7,Honda,Civic,14 i dsi es ima 4d cvt auto,Honda Civic Hybrid Saloon1.4 i-Dsi ES IMA 4d CVT Auto Specs & dimensions,2006,,1339.0,4.0,113.0,225.0,1297.0,Front wheel drive,Automatic,EV,Petrol/Electric Hybrid,,,185.1,115.0,11.7,109.0,https://www.parkers.co.uk/honda/civic/hybrid-saloon-2006/14-i-dsi-es-ima-4d-cvt-auto/specs/
CAR_64629E97,Honda,Civic,14 i dsi es ima 4d cvt auto (leather),Honda Civic Hybrid Saloon1.4 i-Dsi ES IMA 4d CVT Auto (Leather) Specs & dimensions,2006,,1339.0,4.0,113.0,225.0,1297.0,Front wheel drive,Automatic,EV,Petrol/Electric Hybrid,,,185.1,115.0,11.7,109.0,https://www.parkers.co.uk/honda/civic/hybrid-saloon-2006/14-i-dsi-es-ima-4d-cvt-auto-(leather)/specs/
CAR_5A90EF8F,Honda,Civic,20 i vtec 3d,Honda Civic Type-R2.0 i-VTEC 3d Specs & dimensions,2007,,1998.0,4.0,198.0,193.0,1267.0,Front wheel drive,Manual,Naturally Aspirated,Petrol,,,235.0,146.0,6.4,215.0,https://www.parkers.co.uk/honda/civic/type-r-2007/20-i-vtec-3d/specs/
CAR_C7DD63A1,Honda,Civic,20 i vtec championship white type r (snavhft) 3d,Honda Civic Type-R2.0 i-VTEC Championship White Type R (SNavHFT) 3d Specs & dimensions,2007,,1998.0,4.0,198.0,193.0,1357.0,Front wheel drive,Manual,Turbocharged,Petrol,,,235.0,146.0,6.4,215.0,https://www.parkers.co.uk/honda/civic/type-r-2007/20-i-vtec-championship-white-type-r-(snavhft)-3d/specs/
CAR_D6EA6A39,Honda,Civic,14 i vtec s (0315 ) 5d,Honda Civic Hatchback1.4 i-VTEC S (03/15-) 5d Specs & dimensions,2012,,1339.0,4.0,98.0,127.0,1184.0,Front wheel drive,Manual,Naturally Aspirated,Petrol,,,186.7,116.0,13.0,129.0,https://www.parkers.co.uk/honda/civic/hatchback-2012/14-i-vtec-s-(0315-)-5d/specs/
CAR_9F76BFFC,Honda,Civic,14 i vtec s (nav) 5d,Honda Civic Hatchback1.4 i-VTEC S (Nav) 5d Specs & dimensions,2012,,1339.0,4.0,98.0,127.0,1184.0,Front wheel drive,Manual,Naturally Aspirated,Petrol,,,186.7,116.0,13.0,129.0,https://www.parkers.co.uk/honda/civic/hatchback-2012/14-i-vtec-s-(nav)-5d/specs/
CAR_56F5C952,Honda,Civic,16 i dtec black edition 5d,Honda Civic Tourer1.6 i-DTEC Black Edition 5d Specs & dimensions,2014,,1597.0,4.0,118.0,300.0,1337.0,Front wheel drive,Manual,Unknown,Diesel,,,194.7,121.0,9.8,99.0,https://www.parkers.co.uk/honda/civic/tourer-2014/16-i-dtec-black-edition-5d/specs/
CAR_D051BDD1,Honda,Civic,16 i dtec ex plus (0315 ) 5d,Honda Civic Tourer1.6 i-DTEC EX Plus (03/15-) 5d Specs & dimensions,2014,,1597.0,4.0,118.0,300.0,1342.0,Front wheel drive,Manual,Unknown,Diesel,,,194.7,121.0,10.2,103.0,https://www.parkers.co.uk/honda/civic/tourer-2014/16-i-dtec-ex-plus-(0315-)-5d/specs/
CAR_66D2F72B,Honda,Civic,20 i vtec type r 5d,Honda Civic Type-R2.0 i-VTEC Type R 5d Specs & dimensions,2015,,1996.0,4.0,305.0,400.0,1382.0,Front wheel drive,Manual,Turbocharged,Petrol,,,270.4,168.0,5.5,170.0,https://www.parkers.co.uk/honda/civic/type-r-2015/20-i-vtec-type-r-5d/specs/
CAR_91640A0B,Honda,Civic,20 i vtec type r gt 5d,Honda Civic Type-R2.0 i-VTEC Type R GT 5d Specs & dimensions,2015,,1996.0,4.0,305.0,400.0,1382.0,Front wheel drive,Manual,Turbocharged,Petrol,,,270.4,168.0,5.5,170.0,https://www.parkers.co.uk/honda/civic/type-r-2015/20-i-vtec-type-r-gt-5d/specs/
CAR_AF9C2ADF,Honda,Civic,14i (90bhp) 5d (97),Honda Civic Hatchback1.4i (90bhp) 5d (97) Specs & dimensions,1995,,1396.0,4.0,90.0,117.0,1090.0,Front wheel drive,Manual,Naturally Aspirated,Petrol,,,175.4,109.0,12.9,178.0,https://www.parkers.co.uk/honda/civic/hatchback-1995/14i-(90bhp)-5d-(97)/specs/
CAR_BB6282E8,Honda,Civic,14i 3d,Honda Civic Hatchback1.4i 3d Specs & dimensions,1995,,1396.0,4.0,88.0,127.0,1165.0,Front wheel drive,Manual,Naturally Aspirated,Petrol,,,177.0,110.0,11.2,214.0,https://www.parkers.co.uk/honda/civic/hatchback-1995/14i-3d/specs/
CAR_7B93B509,Honda,Civic,15i ls 5d,Honda Civic Estate1.5i LS 5d Specs & dimensions,1998,,1493.0,4.0,112.0,135.0,1176.0,Front wheel drive,Manual,Naturally Aspirated,Petrol,,,189.9,118.0,11.7,161.0,https://www.parkers.co.uk/honda/civic/estate-1998/15i-ls-5d/specs/
CAR_B13F4665,Honda,Civic,15i ls 5d (ac),Honda Civic Estate1.5i LS 5d (AC) Specs & dimensions,1998,,1493.0,4.0,112.0,135.0,1176.0,Front wheel drive,Manual,Naturally Aspirated,Petrol,,,189.9,118.0,11.7,161.0,https://www.parkers.co.uk/honda/civic/estate-1998/15i-ls-5d-(ac)/specs/
CAR_D690004E,Honda,Civic,16 lsi se 2d,Honda Civic Coupe1.6 LSi SE 2d Specs & dimensions,1996,,1595.0,4.0,101.0,133.0,,Front wheel drive,Manual,Naturally Aspirated,Petrol,,,,,,,https://www.parkers.co.uk/honda/civic/coupe-1996/16-lsi-se-2d/specs/
CAR_CA50C8A5,Honda,Civic,16i 2d,Honda Civic Coupe1.6i 2d Specs & dimensions,1996,,1590.0,4.0,103.0,142.0,1205.0,Front wheel drive,Manual,Naturally Aspirated,Petrol,,,189.9,118.0,9.8,173.0,https://www.parkers.co.uk/honda/civic/coupe-1996/16i-2d/specs/
CAR_4CB43F7F,Honda,Civic,14i e 3d,Honda Civic Hatchback1.4i E 3d Specs & dimensions,2000,,1396.0,4.0,88.0,130.0,1126.0,Front wheel drive,Manual,Naturally Aspirated,Petrol,,,177.0,110.0,11.2,150.0,https://www.parkers.co.uk/honda/civic/hatchback-2000/14i-e-3d/specs/
CAR_766CEB1E,Honda,Civic,14i e 5d,Honda Civic Hatchback1.4i E 5d Specs & dimensions,2000,,1396.0,4.0,88.0,130.0,1125.0,Front wheel drive,Manual,Naturally Aspirated,Petrol,,,175.4,109.0,11.5,153.0,https://www.parkers.co.uk/honda/civic/hatchback-2000/14i-e-5d/specs/
CAR_B73199ED,Honda,Civic,20i vtec 30th anniversary 3d,Honda Civic Type-R2.0i VTEC 30th Anniversary 3d Specs & dimensions,2001,,1998.0,4.0,197.0,196.0,1204.0,Front wheel drive,Manual,Naturally Aspirated,Petrol,,,235.0,146.0,6.6,212.0,https://www.parkers.co.uk/honda/civic/type-r-2001/20i-vtec-30th-anniversary-3d/specs/
CAR_36693E9C,Honda,Civic,20i vtec 3d,Honda Civic Type-R2.0i VTEC 3d Specs & dimensions,2001,,1998.0,4.0,197.0,196.0,1204.0,Front wheel drive,Manual,Naturally Aspirated,Petrol,,,235.0,146.0,6.4,212.0,https://www.parkers.co.uk/honda/civic/type-r-2001/20i-vtec-3d/specs/
CAR_5BE32EBD,Honda,Civic,13i vtec executive 4d,Honda Civic IMA Saloon1.3i VTEC Executive 4d Specs & dimensions,2003,,1339.0,4.0,88.0,159.0,1189.0,Front wheel drive,Manual,EV,Petrol/Electric Hybrid,,,178.6,111.0,12.4,116.0,https://www.parkers.co.uk/honda/civic/ima-saloon-2003/13i-vtec-executive-4d/specs/
CAR_EF93B25F,Honda,Civic,13i vtec se executive 4d,Honda Civic IMA Saloon1.3i VTEC SE Executive 4d Specs & dimensions,2003,,1339.0,4.0,88.0,159.0,1194.0,Front wheel drive,Manual,EV,Petrol/Electric Hybrid,,,177.0,110.0,12.1,116.0,https://www.parkers.co.uk/honda/civic/ima-saloon-2003/13i-vtec-se-executive-4d/specs/
CAR_86FD817D,Honda,Civic,17 vtec 2d,Honda Civic Coupe1.7 VTEC 2d Specs & dimensions,2001,,1668.0,4.0,123.0,153.0,1162.0,Front wheel drive,Manual,Naturally Aspirated,Petrol,,,202.8,126.0,9.3,159.0,https://www.parkers.co.uk/honda/civic/coupe-2001/17-vtec-2d/specs/
CAR_F59434C0,Honda,Civic,17 vtec 2d auto,Honda Civic Coupe1.7 VTEC 2d Auto Specs & dimensions,2001,,1668.0,4.0,123.0,153.0,1187.0,Front wheel drive,Automatic,Naturally Aspirated,Petrol,,,196.3,122.0,10.7,170.0,https://www.parkers.co.uk/honda/civic/coupe-2001/17-vtec-2d-auto/specs/
CAR_B2C9E86B,Honda,Civic,16i vtec 3d,Honda Civic Hatchback1.6i VTEC 3d Specs & dimensions,1987,,1595.0,,150.0,,,Front wheel drive,Manual,Naturally Aspirated,Petrol,,,,,,,https://www.parkers.co.uk/honda/civic/hatchback-1987/16i-vtec-3d/specs/
CAR_68658031,Honda,Civic,16i 16 3d,Honda Civic Hatchback1.6i-16 3d Specs & dimensions,1987,,1590.0,,130.0,,,Front wheel drive,Manual,Naturally Aspirated,Petrol,,,,,,,https://www.parkers.co.uk/honda/civic/hatchback-1987/16i-16-3d/specs/
CAR_0D1029D5,Honda,Civic,gl 4d,Honda Civic SaloonGL 4d Specs & dimensions,1990,,1396.0,,90.0,,,Front wheel drive,Manual,Naturally Aspirated,Petrol,,,,,,,https://www.parkers.co.uk/honda/civic/saloon-1990/gl-4d/specs/
CAR_524686E8,Honda,Civic,gl 4d auto,Honda Civic SaloonGL 4d Auto Specs & dimensions,1990,,1396.0,,90.0,,,Front wheel drive,Automatic,Naturally Aspirated,Petrol,,,,,,,https://www.parkers.co.uk/honda/civic/saloon-1990/gl-4d-auto/specs/
CAR_93687EDF,Honda,Civic,14 gl 5d,Honda Civic Estate1.4 GL 5d Specs & dimensions,1988,,1396.0,,90.0,,,Front wheel drive,Manual,Naturally Aspirated,Petrol,,,,,,,https://www.parkers.co.uk/honda/civic/estate-1988/14-gl-5d/specs/
CAR_1AB62B93,Honda,Civic,14 gl 5d auto,Honda Civic Estate1.4 GL 5d Auto Specs & dimensions,1988,,1396.0,,90.0,,,Front wheel drive,Automatic,Naturally Aspirated,Petrol,,,,,,,https://www.parkers.co.uk/honda/civic/estate-1988/14-gl-5d-auto/specs/
CAR_CB23C39B,Honda,Civic,bali 3d (93),Honda Civic HatchbackBali 3d (93) Specs & dimensions,1991,,1343.0,,74.0,,,Front wheel drive,Manual,Naturally Aspirated,Petrol,,,,,,,https://www.parkers.co.uk/honda/civic/hatchback-1991/bali-3d-(93)/specs/
CAR_4C1AA868,Honda,Civic,bali 3d (94),Honda Civic HatchbackBali 3d (94) Specs & dimensions,1991,,1343.0,,74.0,,,Front wheel drive,Manual,Naturally Aspirated,Petrol,,,,,,,https://www.parkers.co.uk/honda/civic/hatchback-1991/bali-3d-(94)/specs/
CAR_56316CFA,Honda,Civic,bali 4d,Honda Civic SaloonBali 4d Specs & dimensions,1991,,1493.0,,89.0,,,Front wheel drive,Manual,Naturally Aspirated,Petrol,,,,,,,https://www.parkers.co.uk/honda/civic/saloon-1991/bali-4d/specs/
CAR_544DA177,Honda,Civic,bel air 4d,Honda Civic SaloonBel Air 4d Specs & dimensions,1991,,1493.0,,89.0,,,Front wheel drive,Manual,Naturally Aspirated,Petrol,,,,,,,https://www.parkers.co.uk/honda/civic/saloon-1991/bel-air-4d/specs/
CAR_2E453F51,Honda,Civic,15 2d,Honda Civic Coupe1.5 2d Specs & dimensions,1994,,1493.0,4.0,101.0,133.0,,Front wheel drive,Manual,Naturally Aspirated,Petrol,,,,,,,https://www.parkers.co.uk/honda/civic/coupe-1994/15-2d/specs/
CAR_824A17D8,Honda,Civic,15 2d auto,Honda Civic Coupe1.5 2d Auto Specs & dimensions,1994,,1493.0,4.0,101.0,133.0,,Front wheel drive,Automatic,Naturally Aspirated,Petrol,,,,,,,https://www.parkers.co.uk/honda/civic/coupe-1994/15-2d-auto/specs/
CAR_6FF69B11,Honda,Civic,15i ls 4d,Honda Civic Saloon1.5i LS 4d Specs & dimensions,1996,,1493.0,4.0,112.0,134.0,1136.0,Front wheel drive,Manual,Naturally Aspirated,Petrol,,,191.5,119.0,10.1,153.0,https://www.parkers.co.uk/honda/civic/saloon-1996/15i-ls-4d/specs/
CAR_0647E25F,Honda,Civic,15i ls 4d (ac),Honda Civic Saloon1.5i LS 4d (AC) Specs & dimensions,1996,,1493.0,4.0,112.0,134.0,1136.0,Front wheel drive,Manual,Naturally Aspirated,Petrol,,,191.5,119.0,10.1,153.0,https://www.parkers.co.uk/honda/civic/saloon-1996/15i-ls-4d-(ac)/specs/
CAR_02C43266,Honda,Civic,13 dl 3d,Honda Civic Hatchback1.3 DL 3d Specs & dimensions,1984,,1342.0,,71.0,,,Front wheel drive,Manual,Naturally Aspirated,Petrol,,,,,,,https://www.parkers.co.uk/honda/civic/hatchback-1984/13-dl-3d/specs/
CAR_C00AC502,Honda,Civic,13 dl 3d auto,Honda Civic Hatchback1.3 DL 3d Auto Specs & dimensions,1984,,1342.0,,71.0,,,Front wheel drive,Automatic,Naturally Aspirated,Petrol,,,,,,,https://www.parkers.co.uk/honda/civic/hatchback-1984/13-dl-3d-auto/specs/
CAR_221ADD0D,Honda,Civic,15 4wd 5d,Honda Civic Estate1.5 4WD 5d Specs & dimensions,1984,,1488.0,,85.0,,,4 wheel drive,Manual,Naturally Aspirated,Petrol,,,,,,,https://www.parkers.co.uk/honda/civic/estate-1984/15-4wd-5d/specs/
CAR_CEC2707F,Honda,Civic,15 5d,Honda Civic Estate1.5 5d Specs & dimensions,1984,,1488.0,,85.0,,,Front wheel drive,Manual,Naturally Aspirated,Petrol,,,,,,,https://www.parkers.co.uk/honda/civic/estate-1984/15-5d/specs/
CAR_E2C3F161,Peugeot,3008,12 hybrid 136 active 5dr e dsc6,Peugeot 3008 SUV1.2 Hybrid 136 Active 5dr e-DSC6 Specs & dimensions,2016,,1199.0,3.0,134.0,230.0,1478.0,Front wheel drive,Automatic,Hybrid,Petrol,,,199.6,124.0,9.7,120.0,https://www.parkers.co.uk/peugeot/3008/suv-2016/12-hybrid-136-active-5dr-e-dsc6/specs/
CAR_9774ECE9,Peugeot,3008,12 hybrid 136 active premium 5dr e dsc6,Peugeot 3008 SUV1.2 Hybrid 136 Active Premium+ 5dr e-DSC6 Specs & dimensions,2016,,1199.0,3.0,134.0,230.0,1478.0,Front wheel drive,Automatic,Hybrid,Petrol,,,199.6,124.0,,120.0,https://www.parkers.co.uk/peugeot/3008/suv-2016/12-hybrid-136-active-premium-5dr-e-dsc6/specs/
CAR_02A7852B,Peugeot,3008,12 hybrid 136 allure 5dr e dsc6,Peugeot 3008 SUV1.2 Hybrid 136 Allure 5dr e-DSC6 Specs & dimensions,2024,,1199.0,,134.0,230.0,1573.0,Front wheel drive,Automatic,Hybrid,Petrol,,,201.2,125.0,9.9,122.0,https://www.parkers.co.uk/peugeot/3008/suv-2024/12-hybrid-136-allure-5dr-e-dsc6/specs/
CAR_D0E0DD18,Peugeot,3008,12 hybrid 136 gt 5dr e dsc6,Peugeot 3008 SUV1.2 Hybrid 136 GT 5dr e-DSC6 Specs & dimensions,2024,,1199.0,,134.0,230.0,1573.0,Front wheel drive,Automatic,Hybrid,Petrol,,,201.2,125.0,9.9,122.0,https://www.parkers.co.uk/peugeot/3008/suv-2024/12-hybrid-136-gt-5dr-e-dsc6/specs/
CAR_4DF7F9EF,Peugeot,3008,12 puretech access 5d,Peugeot 3008 Estate1.2 Puretech Access 5d Specs & dimensions,2009,,1199.0,3.0,128.0,230.0,1400.0,Front wheel drive,Manual,Naturally Aspirated,Petrol,,,194.7,121.0,10.5,123.0,https://www.parkers.co.uk/peugeot/3008/estate-2009/12-puretech-access-5d/specs/
CAR_E1D0CF19,Peugeot,3008,12 puretech active 5d,Peugeot 3008 Estate1.2 Puretech Active 5d Specs & dimensions,2009,,1199.0,3.0,128.0,230.0,1400.0,Front wheel drive,Manual,Naturally Aspirated,Petrol,,,199.6,124.0,10.5,115.0,https://www.parkers.co.uk/peugeot/3008/estate-2009/12-puretech-active-5d/specs/
CAR_3787B971,Peugeot,208,12 100 allure 5dr,Peugeot 208 Hatchback1.2 100 Allure 5dr Specs & dimensions,2019,,1199.0,3.0,101.0,205.0,1121.0,Front wheel drive,Manual,Naturally Aspirated,Petrol,,,194.7,121.0,9.8,113.0,https://www.parkers.co.uk/peugeot/208/hatchback-2019/12-100-allure-5dr/specs/
CAR_5560E5F5,Peugeot,208,12 100 allure 5dr [ni],Peugeot 208 Hatchback1.2 100 Allure 5dr [NI] Specs & dimensions,2019,,1199.0,3.0,101.0,205.0,1121.0,Front wheel drive,Manual,Naturally Aspirated,Petrol,,,194.7,121.0,9.8,113.0,https://www.parkers.co.uk/peugeot/208/hatchback-2019/12-100-allure-5dr-[ni]/specs/
CAR_CC6D057A,Peugeot,208,10 puretech access ac 3d,Peugeot 208 Hatchback1.0 PureTech Access A/C 3d Specs & dimensions,2012,,999.0,,67.0,95.0,960.0,Front wheel drive,Manual,Naturally Aspirated,Petrol,,,165.8,103.0,13.6,102.0,https://www.parkers.co.uk/peugeot/208/hatchback-2012/10-puretech-access-ac-3d/specs/
CAR_1CD8C830,Peugeot,208,10 puretech access ac 5d,Peugeot 208 Hatchback1.0 PureTech Access A/C 5d Specs & dimensions,2012,,999.0,,67.0,95.0,970.0,Front wheel drive,Manual,Naturally Aspirated,Petrol,,,165.8,103.0,13.6,102.0,https://www.parkers.co.uk/peugeot/208/hatchback-2012/10-puretech-access-ac-5d/specs/
CAR_E6D7C594,Peugeot,208,16 thp gti (0515 ) 3d,Peugeot 208 GTi1.6 THP GTi (05/15-) 3d Specs & dimensions,2012,,1598.0,,205.0,300.0,1160.0,Front wheel drive,Manual,Turbocharged,Petrol,,,230.1,143.0,6.3,125.0,https://www.parkers.co.uk/peugeot/208/gti-2012/16-thp-gti-(0515-)-3d/specs/
CAR_F3D22C7E,Peugeot,208,16 thp gti 30th 3d,Peugeot 208 GTi1.6 THP GTi 30th 3d Specs & dimensions,2012,,1598.0,4.0,205.0,300.0,1160.0,Front wheel drive,Manual,Turbocharged,Petrol,,,230.1,143.0,6.3,125.0,https://www.parkers.co.uk/peugeot/208/gti-2012/16-thp-gti-30th-3d/specs/
CAR_0D7C4155,Peugeot,107,10 access 3d,Peugeot 107 Hatchback1.0 Access 3d Specs & dimensions,2005,,998.0,3.0,67.0,93.0,820.0,Front wheel drive,Manual,Naturally Aspirated,Petrol,,,157.7,98.0,11.9,99.0,https://www.parkers.co.uk/peugeot/107/hatchback-2005/10-access-3d/specs/
CAR_C677FE1E,Peugeot,107,10 active 3d,Peugeot 107 Hatchback1.0 Active 3d Specs & dimensions,2005,,998.0,3.0,67.0,93.0,820.0,Front wheel drive,Manual,Naturally Aspirated,Petrol,,,157.7,98.0,11.9,99.0,https://www.parkers.co.uk/peugeot/107/hatchback-2005/10-active-3d/specs/
CAR_3E483E81,Peugeot,308,12 puretech 110 active premium 5d,Peugeot 308 Hatchback1.2 PureTech 110 Active Premium 5d Specs & dimensions,2014,,1199.0,3.0,108.0,205.0,1203.0,Front wheel drive,Manual,Naturally Aspirated,Petrol,,,186.7,116.0,9.7,116.0,https://www.parkers.co.uk/peugeot/308/hatchback-2014/12-puretech-110-active-premium-5d/specs/
CAR_899D34C5,Peugeot,308,12 puretech 130 allure eat8 digital i cockpit 5d,Peugeot 308 Hatchback1.2 PureTech 130 Allure EAT8 Digital i-Cockpit 5d Specs & dimensions,2014,,1199.0,3.0,129.0,230.0,1294.0,Front wheel drive,Automatic,Naturally Aspirated,Petrol,,,204.4,127.0,9.1,127.0,https://www.parkers.co.uk/peugeot/308/hatchback-2014/12-puretech-130-allure-eat8-digital-i-cockpit-5d/specs/
CAR_14C6F7E2,Peugeot,308,12 puretech 110 active premium 5d,Peugeot 308 SW1.2 PureTech 110 Active Premium 5d Specs & dimensions,2014,,1199.0,3.0,108.0,205.0,1205.0,Front wheel drive,Manual,Naturally Aspirated,Petrol,,,186.7,116.0,10.1,116.0,https://www.parkers.co.uk/peugeot/308/sw-2014/12-puretech-110-active-premium-5d/specs/
CAR_55085E40,Peugeot,308,12 puretech 130 allure eat8 digital i cockpit 5d,Peugeot 308 SW1.2 PureTech 130 Allure EAT8 Digital i-Cockpit 5d Specs & dimensions,2014,,1199.0,3.0,129.0,230.0,1320.0,Front wheel drive,Automatic,Naturally Aspirated,Petrol,,,204.4,127.0,9.5,127.0,https://www.parkers.co.uk/peugeot/308/sw-2014/12-puretech-130-allure-eat8-digital-i-cockpit-5d/specs/
CAR_7CBBA48B,Peugeot,308,12 hybrid 136 active 5dr e dsc6,Peugeot 308 Hatchback1.2 Hybrid 136 Active 5dr e-DSC6 Specs & dimensions,2021,,1199.0,3.0,134.0,230.0,1375.0,Front wheel drive,Automatic,Hybrid,Petrol,,,209.2,130.0,9.0,102.0,https://www.parkers.co.uk/peugeot/308/hatchback-2021/12-hybrid-136-active-5dr-e-dsc6/specs/
CAR_084BF53C,Peugeot,308,12 hybrid 136 allure 5dr e dsc6,Peugeot 308 Hatchback1.2 Hybrid 136 Allure 5dr e-DSC6 Specs & dimensions,2021,,1199.0,3.0,134.0,230.0,1375.0,Front wheel drive,Automatic,Hybrid,Petrol,,,209.2,130.0,9.0,102.0,https://www.parkers.co.uk/peugeot/308/hatchback-2021/12-hybrid-136-allure-5dr-e-dsc6/specs/
CAR_4A6E9853,Peugeot,308,12 hybrid 136 active 5dr e dsc6,Peugeot 308 SW1.2 Hybrid 136 Active 5dr e-DSC6 Specs & dimensions,2021,,1199.0,3.0,134.0,230.0,1435.0,Front wheel drive,Automatic,Hybrid,Petrol,,,209.2,130.0,9.0,102.0,https://www.parkers.co.uk/peugeot/308/sw-2021/12-hybrid-136-active-5dr-e-dsc6/specs/
CAR_1D178422,Peugeot,308,12 hybrid 136 allure 5dr e dsc6,Peugeot 308 SW1.2 Hybrid 136 Allure 5dr e-DSC6 Specs & dimensions,2021,,1199.0,3.0,134.0,230.0,1435.0,Front wheel drive,Automatic,Hybrid,Petrol,,,209.2,130.0,9.0,102.0,https://www.parkers.co.uk/peugeot/308/sw-2021/12-hybrid-136-allure-5dr-e-dsc6/specs/
CAR_D05BB8CF,Peugeot,308,14 vti (98bhp) access 5d,Peugeot 308 Hatchback1.4 VTi (98bhp) Access 5d Specs & dimensions,2007,,1397.0,4.0,98.0,136.0,1371.0,Front wheel drive,Manual,Naturally Aspirated,Petrol,,,181.9,113.0,12.3,139.0,https://www.parkers.co.uk/peugeot/308/hatchback-2007/14-vti-(98bhp)-access-5d/specs/
CAR_C398E29C,Peugeot,308,14 vti (98bhp) active 5d,Peugeot 308 Hatchback1.4 VTi (98bhp) Active 5d Specs & dimensions,2007,,1397.0,4.0,98.0,136.0,1371.0,Front wheel drive,Manual,Naturally Aspirated,Petrol,,,181.9,113.0,12.3,139.0,https://www.parkers.co.uk/peugeot/308/hatchback-2007/14-vti-(98bhp)-active-5d/specs/
CAR_688CEA59,Peugeot,308,14 vti access 5d,Peugeot 308 SW1.4 VTi Access 5d Specs & dimensions,2008,,1397.0,4.0,98.0,136.0,1429.0,Front wheel drive,Manual,Naturally Aspirated,Petrol,,,178.6,111.0,13.0,144.0,https://www.parkers.co.uk/peugeot/308/sw-2008/14-vti-access-5d/specs/
CAR_368A9C9A,Peugeot,308,14 vti s 5d,Peugeot 308 SW1.4 VTi S 5d Specs & dimensions,2008,,1397.0,4.0,95.0,136.0,1351.0,Front wheel drive,Manual,Naturally Aspirated,Petrol,,,183.5,114.0,13.0,159.0,https://www.parkers.co.uk/peugeot/308/sw-2008/14-vti-s-5d/specs/
CAR_84CD7669,Peugeot,308,16 hdi (112bhp) se 2d,Peugeot 308 CC1.6 HDi (112bhp) SE 2d Specs & dimensions,2009,,1560.0,4.0,112.0,,1590.0,Front wheel drive,Manual,Unknown,Diesel,,,188.3,117.0,12.7,138.0,https://www.parkers.co.uk/peugeot/308/cc-2009/16-hdi-(112bhp)-se-2d/specs/
CAR_E6734703,Peugeot,308,16 hdi (112bhp) sport 2d,Peugeot 308 CC1.6 HDi (112bhp) Sport 2d Specs & dimensions,2009,,1560.0,4.0,112.0,,1590.0,Front wheel drive,Manual,Unknown,Diesel,,,188.3,117.0,12.7,133.0,https://www.parkers.co.uk/peugeot/308/cc-2009/16-hdi-(112bhp)-sport-2d/specs/
CAR_1AA07D87,Peugeot,308,16 thp (250bhp) gti by peugeot sport 5d,Peugeot 308 GTi1.6 THP (250bhp) GTI by Peugeot Sport 5d Specs & dimensions,2015,,1598.0,4.0,246.0,330.0,1205.0,Front wheel drive,Manual,Turbocharged,Petrol,,,249.4,155.0,6.0,139.0,https://www.parkers.co.uk/peugeot/308/gti-2015/16-thp-(250bhp)-gti-by-peugeot-sport-5d/specs/
CAR_638CBAAF,Peugeot,308,16 thp (270bhp) gti by peugeot sport 5d,Peugeot 308 GTi1.6 THP (270bhp) GTI by Peugeot Sport 5d Specs & dimensions,2015,,1598.0,4.0,268.0,330.0,1205.0,Front wheel drive,Manual,Turbocharged,Petrol,,,249.4,155.0,5.8,139.0,https://www.parkers.co.uk/peugeot/308/gti-2015/16-thp-(270bhp)-gti-by-peugeot-sport-5d/specs/
CAR_E87C35B2,Peugeot,308,16 e thp (205bhp) gt 5d,Peugeot 308 GT1.6 e-THP (205bhp) GT 5d Specs & dimensions,2015,,1598.0,4.0,202.0,285.0,1200.0,Front wheel drive,Manual,Naturally Aspirated,Petrol,,,235.0,146.0,7.3,130.0,https://www.parkers.co.uk/peugeot/308/gt-2015/16-e-thp-(205bhp)-gt-5d/specs/
CAR_9F001E5C,Peugeot,308,20 bluehdi gt 5d auto,Peugeot 308 GT2.0 BlueHDi GT 5d Auto Specs & dimensions,2015,,1997.0,4.0,177.0,400.0,1320.0,Front wheel drive,Automatic,Unknown,Diesel,,,220.5,137.0,8.1,105.0,https://www.parkers.co.uk/peugeot/308/gt-2015/20-bluehdi-gt-5d-auto/specs/
CAR_08E65136,Renault,Clio,10 sce 65 iconic 5d,Renault Clio Hatchback1.0 SCe 65 Iconic 5d Specs & dimensions,2019,,999.0,3.0,64.0,95.0,1140.0,Front wheel drive,Manual,Naturally Aspirated,Petrol,,,159.3,99.0,16.6,119.0,https://www.parkers.co.uk/renault/clio/hatchback-2019/10-sce-65-iconic-5d/specs/
CAR_E7FA4CD7,Renault,Clio,10 sce 65 play 5d,Renault Clio Hatchback1.0 SCe 65 Play 5d Specs & dimensions,2019,,999.0,3.0,64.0,95.0,1140.0,Front wheel drive,Manual,Naturally Aspirated,Petrol,,,159.3,99.0,16.6,119.0,https://www.parkers.co.uk/renault/clio/hatchback-2019/10-sce-65-play-5d/specs/
CAR_1020ECC2,Renault,Clio,12 16v authentique 5d,Renault Clio Hatchback1.2 16V Authentique 5d Specs & dimensions,2005,,1149.0,4.0,73.0,105.0,1090.0,Front wheel drive,Manual,Naturally Aspirated,Petrol,,,167.4,104.0,13.0,139.0,https://www.parkers.co.uk/renault/clio/hatchback-2005/12-16v-authentique-5d/specs/
CAR_5E8B3B9A,Renault,Clio,12 16v authentique 5d (ac),Renault Clio Hatchback1.2 16V Authentique 5d (AC) Specs & dimensions,2005,,1149.0,4.0,73.0,105.0,1090.0,Front wheel drive,Manual,Naturally Aspirated,Petrol,,,167.4,104.0,13.0,139.0,https://www.parkers.co.uk/renault/clio/hatchback-2005/12-16v-authentique-5d-(ac)/specs/
CAR_E0427140,Renault,Clio,12 16v bizu 5d,Renault Clio Sport Tourer1.2 16V Bizu 5d Specs & dimensions,2008,,1149.0,4.0,73.0,107.0,1110.0,Front wheel drive,Manual,Naturally Aspirated,Petrol,,,167.4,104.0,13.2,135.0,https://www.parkers.co.uk/renault/clio/sport-tourer-2008/12-16v-bizu-5d/specs/
CAR_0445AD67,Renault,Clio,12 16v dynamique (09) 5d,Renault Clio Sport Tourer1.2 16V Dynamique (09) 5d Specs & dimensions,2008,,1149.0,4.0,73.0,105.0,1110.0,Front wheel drive,Manual,Naturally Aspirated,Petrol,,,167.4,104.0,13.2,139.0,https://www.parkers.co.uk/renault/clio/sport-tourer-2008/12-16v-dynamique-(09)-5d/specs/
CAR_55EC8B65,Renault,Clio,20 16v (197bhp) 3d,Renault Clio Renaultsport2.0 16V (197bhp) 3d Specs & dimensions,2006,,1998.0,4.0,194.0,215.0,1240.0,Front wheel drive,Manual,Naturally Aspirated,Petrol,,,215.7,134.0,6.7,199.0,https://www.parkers.co.uk/renault/clio/renaultsport-2006/20-16v-(197bhp)-3d/specs/
CAR_C5C241FB,Renault,Clio,20 16v f1 team (197bhp) 3d,Renault Clio Renaultsport2.0 16V F1 Team (197bhp) 3d Specs & dimensions,2006,,1998.0,4.0,194.0,215.0,1240.0,Front wheel drive,Manual,Naturally Aspirated,Petrol,,,215.7,134.0,6.7,199.0,https://www.parkers.co.uk/renault/clio/renaultsport-2006/20-16v-f1-team-(197bhp)-3d/specs/
CAR_32DB9832,Renault,Clio,09 tce (90bhp) dynamique medianav 5d,Renault Clio Hatchback0.9 TCE (90bhp) Dynamique MediaNav 5d Specs & dimensions,2012,,898.0,3.0,88.0,135.0,1009.0,Front wheel drive,Manual,Naturally Aspirated,Petrol,,,181.9,113.0,11.8,104.0,https://www.parkers.co.uk/renault/clio/hatchback-2012/09-tce-(90bhp)-dynamique-medianav-5d/specs/
CAR_082769FB,Renault,Clio,09 tce (90bhp) dynamique nav 5d,Renault Clio Hatchback0.9 TCE (90bhp) Dynamique Nav 5d Specs & dimensions,2012,,898.0,3.0,88.0,140.0,1017.0,Front wheel drive,Manual,Naturally Aspirated,Petrol,,,181.9,113.0,11.8,104.0,https://www.parkers.co.uk/renault/clio/hatchback-2012/09-tce-(90bhp)-dynamique-nav-5d/specs/
CAR_3793FA14,Renault,Clio,16t 16v renaultsport trophy nav (220bhp) 5d auto,Renault Clio Renaultsport1.6T 16V RenaultSport Trophy Nav (220bhp) 5d Auto Specs & dimensions,2013,,1618.0,4.0,216.0,260.0,1204.0,Front wheel drive,Automatic,Naturally Aspirated,Petrol,,,235.0,146.0,6.4,135.0,https://www.parkers.co.uk/renault/clio/renaultsport-2013/16t-16v-renaultsport-trophy-nav-(220bhp)-5d-auto/specs/
CAR_21C4E7D8,Renault,Clio,16t 16v renaultsport (200bhp) 5d edc,Renault Clio Renaultsport1.6T 16V Renaultsport (200bhp) 5d EDC Specs & dimensions,2013,,1618.0,4.0,197.0,240.0,1204.0,Front wheel drive,Automatic,Naturally Aspirated,Petrol,,,230.1,143.0,6.5,144.0,https://www.parkers.co.uk/renault/clio/renaultsport-2013/16t-16v-renaultsport-(200bhp)-5d-edc/specs/
CAR_47302EFE,Renault,Clio,12 16v sport 3d,Renault Clio Hatchback1.2 16V Sport 3d Specs & dimensions,1998,,1149.0,4.0,75.0,105.0,930.0,Front wheel drive,Manual,Naturally Aspirated,Petrol,,,170.6,106.0,11.7,146.0,https://www.parkers.co.uk/renault/clio/hatchback-1998/12-16v-sport-3d/specs/
CAR_8BE317A7,Renault,Clio,12 3d,Renault Clio Hatchback1.2 3d Specs & dimensions,1998,,1149.0,4.0,60.0,93.0,880.0,Front wheel drive,Manual,Naturally Aspirated,Petrol,,,160.9,100.0,14.5,146.0,https://www.parkers.co.uk/renault/clio/hatchback-1998/12-3d/specs/
CAR_E222D708,Renault,Clio,12 16v campus sport 2007 3d,Renault Clio Hatchback1.2 16V Campus Sport 2007 3d Specs & dimensions,2001,2007,1149.0,4.0,75.0,105.0,945.0,Front wheel drive,Manual,Naturally Aspirated,Petrol,,,170.6,106.0,12.6,142.0,https://www.parkers.co.uk/renault/clio/hatchback-2001/12-16v-campus-sport-2007-3d/specs/
CAR_B980ACB6,Renault,Clio,12 16v campus sport 2007 3d (ac),Renault Clio Hatchback1.2 16V Campus Sport 2007 3d (A/C) Specs & dimensions,2001,2007,1149.0,4.0,75.0,105.0,945.0,Front wheel drive,Manual,Naturally Aspirated,Petrol,,,170.6,106.0,12.6,142.0,https://www.parkers.co.uk/renault/clio/hatchback-2001/12-16v-campus-sport-2007-3d-(ac)/specs/
CAR_C249F502,Renault,Clio,20 16v (172bhp) 3d,Renault Clio Renaultsport2.0 16V (172bhp) 3d Specs & dimensions,2001,,1998.0,4.0,172.0,200.0,1035.0,Front wheel drive,Manual,Naturally Aspirated,Petrol,,,222.1,138.0,7.0,194.0,https://www.parkers.co.uk/renault/clio/renaultsport-2001/20-16v-(172bhp)-3d/specs/
CAR_2A0A60E2,Renault,Clio,20 16v (182bhp) 3d,Renault Clio Renaultsport2.0 16V (182bhp) 3d Specs & dimensions,2001,,1998.0,4.0,180.0,200.0,1090.0,Front wheel drive,Manual,Naturally Aspirated,Petrol,,,223.7,139.0,6.9,194.0,https://www.parkers.co.uk/renault/clio/renaultsport-2001/20-16v-(182bhp)-3d/specs/
CAR_F73348D4,Renault,Clio,30 24v (230bhp) 3d,Renault Clio V63.0 24V (230bhp) 3d Specs & dimensions,2001,,2946.0,6.0,230.0,300.0,1335.0,Front wheel drive,Manual,Naturally Aspirated,Petrol,,,235.0,146.0,6.2,267.0,https://www.parkers.co.uk/renault/clio/v6-2001/30-24v-(230bhp)-3d/specs/
CAR_C3647AB9,Renault,Clio,30 24v (255bhp) 3d,Renault Clio V63.0 24V (255bhp) 3d Specs & dimensions,2001,,2946.0,6.0,255.0,300.0,1400.0,Rear wheel drive,Manual,Naturally Aspirated,Petrol,,,246.2,153.0,5.6,285.0,https://www.parkers.co.uk/renault/clio/v6-2001/30-24v-(255bhp)-3d/specs/
CAR_D4B90F7C,Renault,Clio,12 be bop 3d,Renault Clio Hatchback1.2 Be Bop 3d Specs & dimensions,1991,,1171.0,,60.0,,,Front wheel drive,Manual,Naturally Aspirated,Petrol,,,,,,,https://www.parkers.co.uk/renault/clio/hatchback-1991/12-be-bop-3d/specs/
CAR_8FB99C92,Renault,Clio,12 be bop 5d,Renault Clio Hatchback1.2 Be Bop 5d Specs & dimensions,1991,,1171.0,,60.0,,,Front wheel drive,Manual,Naturally Aspirated,Petrol,,,,,,,https://www.parkers.co.uk/renault/clio/hatchback-1991/12-be-bop-5d/specs/
CAR_04ED1BAD,Renault,Scenic,12 tce (130bhp) dynamique nav 5d,Renault Scenic Estate1.2 TCE (130bhp) Dynamique Nav 5d Specs & dimensions,2009,,1198.0,4.0,128.0,205.0,1410.0,Front wheel drive,Manual,Naturally Aspirated,Petrol,,,189.9,118.0,11.0,140.0,https://www.parkers.co.uk/renault/scenic/estate-2009/12-tce-(130bhp)-dynamique-nav-5d/specs/
CAR_F49FB0C8,Renault,Scenic,12 tce (130bhp) dynamique tomtom 5d,Renault Scenic Estate1.2 TCE (130bhp) Dynamique TomTom 5d Specs & dimensions,2009,,1198.0,4.0,128.0,205.0,1410.0,Front wheel drive,Manual,Naturally Aspirated,Petrol,,,189.9,118.0,11.0,140.0,https://www.parkers.co.uk/renault/scenic/estate-2009/12-tce-(130bhp)-dynamique-tomtom-5d/specs/
CAR_D71ADE3E,Renault,Scenic,12 tce (130bhp) dynamique nav (bose pack) 5d,Renault Scenic XMOD1.2 TCE (130bhp) Dynamique Nav (Bose+ Pack) 5d Specs & dimensions,2013,,1198.0,4.0,128.0,205.0,1424.0,Front wheel drive,Manual,Naturally Aspirated,Petrol,,,189.9,118.0,11.0,140.0,https://www.parkers.co.uk/renault/scenic/xmod-2013/12-tce-(130bhp)-dynamique-nav-(bose-pack)-5d/specs/
CAR_5596ECBF,Renault,Scenic,12 tce (130bhp) dynamique tomtom (bose pack) 5d,Renault Scenic XMOD1.2 TCE (130bhp) Dynamique TomTom (Bose+ Pack) 5d Specs & dimensions,2013,,1198.0,4.0,128.0,205.0,1424.0,Front wheel drive,Manual,Naturally Aspirated,Petrol,,,189.9,118.0,11.0,145.0,https://www.parkers.co.uk/renault/scenic/xmod-2013/12-tce-(130bhp)-dynamique-tomtom-(bose-pack)-5d/specs/
CAR_52E1CD3A,Renault,Scenic,15 dci 120 iconic auto 5d,Renault Scenic Estate1.5 dCi 120 Iconic Auto 5d Specs & dimensions,2016,,1749.0,4.0,118.0,,,Front wheel drive,Automatic,Diesel,Diesel,,,,,,135.0,https://www.parkers.co.uk/renault/scenic/estate-2016/15-dci-120-iconic-auto-5d/specs/
CAR_FD07C506,Renault,Scenic,15 dci 120 play auto 5d,Renault Scenic Estate1.5 dCi 120 Play Auto 5d Specs & dimensions,2016,,1749.0,4.0,118.0,,,Front wheel drive,Automatic,Diesel,Diesel,,,,,,135.0,https://www.parkers.co.uk/renault/scenic/estate-2016/15-dci-120-play-auto-5d/specs/
CAR_F7F096D2,Renault,Scenic,14 16v 5d,Renault Scenic Estate1.4 16V 5d Specs & dimensions,1999,,1390.0,4.0,95.0,127.0,1235.0,Front wheel drive,Manual,Naturally Aspirated,Petrol,,,172.2,107.0,12.5,168.0,https://www.parkers.co.uk/renault/scenic/estate-1999/14-16v-5d/specs/
CAR_0C02B403,Renault,Scenic,14 16v 5d (sr),Renault Scenic Estate1.4 16V 5d (SR) Specs & dimensions,1999,,1390.0,4.0,95.0,127.0,1235.0,Front wheel drive,Manual,Naturally Aspirated,Petrol,,,172.2,107.0,12.5,168.0,https://www.parkers.co.uk/renault/scenic/estate-1999/14-16v-5d-(sr)/specs/
CAR_95218631,Renault,Scenic,14 authentique (1006 1207) 5d (ac),Renault Scenic Estate1.4 Authentique (10/06-12/07) 5d (AC) Specs & dimensions,2003,,1390.0,4.0,98.0,127.0,1320.0,Front wheel drive,Manual,Naturally Aspirated,Petrol,,,173.8,108.0,13.8,176.0,https://www.parkers.co.uk/renault/scenic/estate-2003/14-authentique-(1006-1207)-5d-(ac)/specs/
CAR_0BB99837,Renault,Scenic,14 authentique 5d,Renault Scenic Estate1.4 Authentique 5d Specs & dimensions,2003,,1390.0,4.0,98.0,127.0,1315.0,Front wheel drive,Manual,Naturally Aspirated,Petrol,,,173.8,108.0,13.8,171.0,https://www.parkers.co.uk/renault/scenic/estate-2003/14-authentique-5d/specs/
CAR_71F1EB88,Renault,Megane,12 tce gt line 5d,Renault Megane Hatchback1.2 TCE GT Line 5d Specs & dimensions,2016,,1198.0,4.0,128.0,205.0,1352.0,Front wheel drive,Manual,Naturally Aspirated,Petrol,,,196.3,122.0,10.3,124.0,https://www.parkers.co.uk/renault/megane/hatchback-2016/12-tce-gt-line-5d/specs/
CAR_8B9A9B51,Renault,Megane,12 tce gt line auto 5d,Renault Megane Hatchback1.2 TCE GT Line Auto 5d Specs & dimensions,2016,,1198.0,4.0,128.0,205.0,1373.0,Front wheel drive,Automatic,Naturally Aspirated,Petrol,,,199.6,124.0,10.0,125.0,https://www.parkers.co.uk/renault/megane/hatchback-2016/12-tce-gt-line-auto-5d/specs/
CAR_D33CC5BB,Renault,Megane,12 tce gt line 5d,Renault Megane Sport Tourer1.2 TCE GT Line 5d Specs & dimensions,2016,,1198.0,4.0,128.0,205.0,1422.0,Front wheel drive,Manual,Naturally Aspirated,Petrol,,,196.3,122.0,10.6,124.0,https://www.parkers.co.uk/renault/megane/sport-tourer-2016/12-tce-gt-line-5d/specs/
CAR_154F223B,Renault,Megane,12 tce gt line auto 5d,Renault Megane Sport Tourer1.2 TCE GT Line Auto 5d Specs & dimensions,2016,,1198.0,4.0,128.0,205.0,1449.0,Front wheel drive,Automatic,Naturally Aspirated,Petrol,,,196.3,122.0,11.3,125.0,https://www.parkers.co.uk/renault/megane/sport-tourer-2016/12-tce-gt-line-auto-5d/specs/
CAR_D98F4197,Renault,Megane,12 16v tce dynamique tomtom 5d,Renault Megane Hatchback1.2 16V TCE Dynamique TomTom 5d Specs & dimensions,2008,,1198.0,4.0,113.0,190.0,1205.0,Front wheel drive,Manual,Naturally Aspirated,Petrol,,,189.9,118.0,10.6,119.0,https://www.parkers.co.uk/renault/megane/hatchback-2008/12-16v-tce-dynamique-tomtom-5d/specs/
CAR_FC19714C,Renault,Megane,12 16v tce gt line tomtom (start stop) 5d,Renault Megane Hatchback1.2 16V TCE GT Line TomTom (Start Stop) 5d Specs & dimensions,2008,,1198.0,4.0,128.0,205.0,1269.0,Front wheel drive,Manual,Naturally Aspirated,Petrol,,,199.6,124.0,9.5,124.0,https://www.parkers.co.uk/renault/megane/hatchback-2008/12-16v-tce-gt-line-tomtom-(start-stop)-5d/specs/
CAR_335EB328,Renault,Megane,12 16v tce gt line tomtom (start stop) 3d,Renault Megane Coupe1.2 16V TCE GT Line TomTom (Start Stop) 3d Specs & dimensions,2009,,1198.0,4.0,128.0,205.0,1263.0,Front wheel drive,Manual,Naturally Aspirated,Petrol,,,199.6,124.0,9.5,124.0,https://www.parkers.co.uk/renault/megane/coupe-2009/12-16v-tce-gt-line-tomtom-(start-stop)-3d/specs/
CAR_16A19305,Renault,Megane,12 16v tce gt line tomtom 3d,Renault Megane Coupe1.2 16V TCE GT Line TomTom 3d Specs & dimensions,2009,,1198.0,4.0,113.0,190.0,1205.0,Front wheel drive,Manual,Naturally Aspirated,Petrol,,,189.9,118.0,10.6,119.0,https://www.parkers.co.uk/renault/megane/coupe-2009/12-16v-tce-gt-line-tomtom-3d/specs/
CAR_8443EB15,Renault,Megane,12 16v tce dynamique nav 2d,Renault Megane Coupe Cabriolet1.2 16V TCE Dynamique Nav 2d Specs & dimensions,2010,,1198.0,4.0,128.0,205.0,1547.0,Front wheel drive,Manual,Naturally Aspirated,Petrol,,,199.6,124.0,10.6,145.0,https://www.parkers.co.uk/renault/megane/coupe-cabriolet-2010/12-16v-tce-dynamique-nav-2d/specs/
CAR_0DA7ED1D,Renault,Megane,12 16v tce dynamique tomtom (0214 ) 2d,Renault Megane Coupe Cabriolet1.2 16V TCE Dynamique TomTom (02/14-) 2d Specs & dimensions,2010,,1198.0,4.0,128.0,205.0,1547.0,Front wheel drive,Manual,Naturally Aspirated,Petrol,,,199.6,124.0,10.6,145.0,https://www.parkers.co.uk/renault/megane/coupe-cabriolet-2010/12-16v-tce-dynamique-tomtom-(0214-)-2d/specs/
CAR_AA6446D3,Renault,Megane,12 tce dynamique nav 5d,Renault Megane Sport Tourer1.2 TCE Dynamique Nav 5d Specs & dimensions,2009,,1198.0,4.0,113.0,190.0,1284.0,Front wheel drive,Manual,Naturally Aspirated,Petrol,,,189.9,118.0,10.6,119.0,https://www.parkers.co.uk/renault/megane/sport-tourer-2009/12-tce-dynamique-nav-5d/specs/
CAR_8B998234,Renault,Megane,12 tce dynamique tomtom (14 ) 5d,Renault Megane Sport Tourer1.2 TCE Dynamique TomTom (14-) 5d Specs & dimensions,2009,,1198.0,4.0,113.0,190.0,1284.0,Front wheel drive,Manual,Naturally Aspirated,Petrol,,,189.9,118.0,10.6,119.0,https://www.parkers.co.uk/renault/megane/sport-tourer-2009/12-tce-dynamique-tomtom-(14-)-5d/specs/
CAR_26A270AE,Renault,Megane,20 t 16v renaultsport (250bhp) (cupchass recaro) 3d,Renault Megane Renaultsport2.0 T 16V Renaultsport (250bhp) (CupChass + Recaro) 3d Specs & dimensions,2010,,1998.0,4.0,246.0,340.0,1387.0,Front wheel drive,Manual,Naturally Aspirated,Petrol,,,251.1,156.0,5.9,190.0,https://www.parkers.co.uk/renault/megane/renaultsport-2010/20-t-16v-renaultsport-(250bhp)-(cupchass-recaro)-3d/specs/
CAR_3095FBDA,Renault,Megane,20 t 16v renaultsport (250bhp) 3d,Renault Megane Renaultsport2.0 T 16V Renaultsport (250bhp) 3d Specs & dimensions,2010,,1998.0,4.0,246.0,340.0,1387.0,Front wheel drive,Manual,Naturally Aspirated,Petrol,,,251.1,156.0,5.9,190.0,https://www.parkers.co.uk/renault/megane/renaultsport-2010/20-t-16v-renaultsport-(250bhp)-3d/specs/
CAR_B18D26D8,Renault,Megane,14 16v alize 5d,Renault Megane Hatchback1.4 16V Alize 5d Specs & dimensions,1996,,1390.0,4.0,95.0,127.0,1090.0,Front wheel drive,Manual,Naturally Aspirated,Petrol,,,183.5,114.0,11.4,156.0,https://www.parkers.co.uk/renault/megane/hatchback-1996/14-16v-alize-5d/specs/
CAR_DC6D3FBB,Renault,Megane,14 16v authentique 5d,Renault Megane Hatchback1.4 16V Authentique 5d Specs & dimensions,1996,,1390.0,4.0,95.0,127.0,1080.0,Front wheel drive,Manual,Naturally Aspirated,Petrol,,,183.5,114.0,11.4,165.0,https://www.parkers.co.uk/renault/megane/hatchback-1996/14-16v-authentique-5d/specs/
CAR_B23B86C9,Renault,Megane,14 16v 4d,Renault Megane Saloon1.4 16V 4d Specs & dimensions,1996,,1390.0,4.0,95.0,127.0,1090.0,Front wheel drive,Manual,Naturally Aspirated,Petrol,,,188.3,117.0,11.5,156.0,https://www.parkers.co.uk/renault/megane/saloon-1996/14-16v-4d/specs/
CAR_F9AC8133,Renault,Megane,14 16v expression 4d,Renault Megane Saloon1.4 16V Expression 4d Specs & dimensions,1996,,1390.0,4.0,95.0,127.0,1090.0,Front wheel drive,Manual,Naturally Aspirated,Petrol,,,188.3,117.0,11.5,165.0,https://www.parkers.co.uk/renault/megane/saloon-1996/14-16v-expression-4d/specs/
CAR_A51BD760,Renault,Megane,14 16v 2d,Renault Megane Coupe1.4 16V 2d Specs & dimensions,1996,,1390.0,4.0,95.0,127.0,1045.0,Front wheel drive,Manual,Naturally Aspirated,Petrol,,,186.7,116.0,11.0,153.0,https://www.parkers.co.uk/renault/megane/coupe-1996/14-16v-2d/specs/
CAR_97763ACB,Renault,Megane,14 16v dynamique 2d,Renault Megane Coupe1.4 16V Dynamique 2d Specs & dimensions,1996,,1390.0,4.0,95.0,127.0,1045.0,Front wheel drive,Manual,Naturally Aspirated,Petrol,,,186.7,116.0,11.0,163.0,https://www.parkers.co.uk/renault/megane/coupe-1996/14-16v-dynamique-2d/specs/
CAR_DBBED917,Renault,Megane,16 16v 2d,Renault Megane Cabriolet1.6 16V 2d Specs & dimensions,1997,,1598.0,4.0,110.0,148.0,1125.0,Front wheel drive,Manual,Naturally Aspirated,Petrol,,,199.6,124.0,9.8,165.0,https://www.parkers.co.uk/renault/megane/cabriolet-1997/16-16v-2d/specs/
CAR_BF0F8349,Renault,Megane,16 16v 2d auto,Renault Megane Cabriolet1.6 16V 2d Auto Specs & dimensions,1997,,1598.0,4.0,110.0,148.0,1125.0,Front wheel drive,Automatic,Naturally Aspirated,Petrol,,,193.1,120.0,12.1,174.0,https://www.parkers.co.uk/renault/megane/cabriolet-1997/16-16v-2d-auto/specs/
CAR_789B4B7A,Renault,Megane,14 authentique 5d,Renault Megane Hatchback1.4 Authentique 5d Specs & dimensions,2002,,1390.0,4.0,98.0,127.0,1165.0,Front wheel drive,Manual,Naturally Aspirated,Petrol,,,183.5,114.0,12.1,164.0,https://www.parkers.co.uk/renault/megane/hatchback-2002/14-authentique-5d/specs/
CAR_66861CF9,Renault,Megane,14 authentique 5d (ac),Renault Megane Hatchback1.4 Authentique 5d (AC) Specs & dimensions,2002,,1390.0,4.0,98.0,127.0,1165.0,Front wheel drive,Manual,Naturally Aspirated,Petrol,,,183.5,114.0,12.1,164.0,https://www.parkers.co.uk/renault/megane/hatchback-2002/14-authentique-5d-(ac)/specs/
CAR_32A7B59E,Renault,Megane,14 dynamique 4d,Renault Megane Saloon1.4 Dynamique 4d Specs & dimensions,2003,,1390.0,4.0,96.0,127.0,1190.0,Front wheel drive,Manual,Naturally Aspirated,Petrol,,,185.1,115.0,12.3,164.0,https://www.parkers.co.uk/renault/megane/saloon-2003/14-dynamique-4d/specs/
CAR_B9EBEE05,Renault,Megane,14 dynamique 4d (euro 4),Renault Megane Saloon1.4 Dynamique 4d (Euro 4) Specs & dimensions,2003,,1390.0,,98.0,,,Front wheel drive,Manual,Naturally Aspirated,Petrol,,,185.1,115.0,,165.0,https://www.parkers.co.uk/renault/megane/saloon-2003/14-dynamique-4d-(euro-4)/specs/
CAR_021ABE63,Renault,Megane,14 dynamique 5d,Renault Megane Sport Tourer1.4 Dynamique 5d Specs & dimensions,2003,,1390.0,4.0,98.0,127.0,1210.0,Front wheel drive,Manual,Naturally Aspirated,Petrol,,,180.2,112.0,12.7,165.0,https://www.parkers.co.uk/renault/megane/sport-tourer-2003/14-dynamique-5d/specs/
CAR_DEA06DE2,Renault,Megane,14 dynamique 5d (euro 4),Renault Megane Sport Tourer1.4 Dynamique 5d (Euro 4) Specs & dimensions,2003,,1390.0,,100.0,,,Front wheel drive,Manual,Naturally Aspirated,Petrol,,,180.2,112.0,,166.0,https://www.parkers.co.uk/renault/megane/sport-tourer-2003/14-dynamique-5d-(euro-4)/specs/
CAR_20316D94,Renault,Megane,16 vvt dynamique 2d,Renault Megane Cabriolet1.6 VVT Dynamique 2d Specs & dimensions,2003,,1598.0,4.0,115.0,152.0,1320.0,Front wheel drive,Manual,Naturally Aspirated,Petrol,,,194.7,121.0,11.4,164.0,https://www.parkers.co.uk/renault/megane/cabriolet-2003/16-vvt-dynamique-2d/specs/
CAR_8D00311C,Renault,Megane,16 vvt dynamique 2d (euro 4),Renault Megane Cabriolet1.6 VVT Dynamique 2d (Euro 4) Specs & dimensions,2003,,1598.0,4.0,110.0,152.0,1320.0,Front wheel drive,Manual,Naturally Aspirated,Petrol,,,194.7,121.0,11.4,166.0,https://www.parkers.co.uk/renault/megane/cabriolet-2003/16-vvt-dynamique-2d-(euro-4)/specs/
CAR_2ED5A1CA,Renault,Megane,14 authentique 5d,Renault Megane Hatchback1.4 Authentique 5d Specs & dimensions,2006,,1390.0,4.0,98.0,127.0,1165.0,Front wheel drive,Manual,Naturally Aspirated,Petrol,,,183.5,114.0,12.1,165.0,https://www.parkers.co.uk/renault/megane/hatchback-2006/14-authentique-5d/specs/
CAR_D203AC22,Renault,Megane,14 dynamique 3d,Renault Megane Hatchback1.4 Dynamique 3d Specs & dimensions,2006,,1390.0,4.0,98.0,127.0,1145.0,Front wheel drive,Manual,Naturally Aspirated,Petrol,,,183.5,114.0,12.1,165.0,https://www.parkers.co.uk/renault/megane/hatchback-2006/14-dynamique-3d/specs/
CAR_B386B3DD,Renault,Megane,14 dynamique 4d,Renault Megane Saloon1.4 Dynamique 4d Specs & dimensions,2006,,1390.0,4.0,98.0,127.0,1190.0,Front wheel drive,Manual,Naturally Aspirated,Petrol,,,185.1,115.0,12.3,164.0,https://www.parkers.co.uk/renault/megane/saloon-2006/14-dynamique-4d/specs/
CAR_EFDE8441,Renault,Megane,14 expression 4d,Renault Megane Saloon1.4 Expression 4d Specs & dimensions,2006,,1390.0,4.0,98.0,127.0,1190.0,Front wheel drive,Manual,Naturally Aspirated,Petrol,,,185.1,115.0,12.3,164.0,https://www.parkers.co.uk/renault/megane/saloon-2006/14-expression-4d/specs/
CAR_4B5DCCA3,Renault,Megane,14 dynamique 5d,Renault Megane Tourer1.4 Dynamique 5d Specs & dimensions,2006,,1390.0,4.0,98.0,127.0,1210.0,Front wheel drive,Manual,Naturally Aspirated,Petrol,,,180.2,112.0,12.7,166.0,https://www.parkers.co.uk/renault/megane/tourer-2006/14-dynamique-5d/specs/
CAR_EEBB7570,Renault,Megane,14 expression 5d,Renault Megane Tourer1.4 Expression 5d Specs & dimensions,2006,,1390.0,4.0,98.0,127.0,1210.0,Front wheel drive,Manual,Naturally Aspirated,Petrol,,,180.2,112.0,12.7,166.0,https://www.parkers.co.uk/renault/megane/tourer-2006/14-expression-5d/specs/
CAR_905073D2,Renault,Megane,15 dci dynamique 2d,Renault Megane Cabriolet1.5 dCi Dynamique 2d Specs & dimensions,2006,,1461.0,4.0,104.0,240.0,1395.0,Front wheel drive,Manual,Diesel,Diesel,,,189.9,118.0,11.8,133.0,https://www.parkers.co.uk/renault/megane/cabriolet-2006/15-dci-dynamique-2d/specs/
CAR_61E86D10,Renault,Megane,15 dci dynamique s 2d,Renault Megane Cabriolet1.5 dCi Dynamique S 2d Specs & dimensions,2006,,1461.0,4.0,104.0,240.0,1395.0,Front wheel drive,Manual,Diesel,Diesel,,,189.9,118.0,11.8,133.0,https://www.parkers.co.uk/renault/megane/cabriolet-2006/15-dci-dynamique-s-2d/specs/
CAR_5FE75BB0,Renault,Megane,20 t 16v renaultsport (225bhp) 3d,Renault Megane Renaultsport2.0 T 16V Renaultsport (225bhp) 3d Specs & dimensions,2006,,1998.0,4.0,221.0,300.0,1345.0,Front wheel drive,Manual,Naturally Aspirated,Petrol,,,236.6,147.0,6.3,200.0,https://www.parkers.co.uk/renault/megane/renaultsport-2006/20-t-16v-renaultsport-(225bhp)-3d/specs/
CAR_7B7BA09A,Renault,Megane,20 t 16v renaultsport (225bhp) 5d,Renault Megane Renaultsport2.0 T 16V Renaultsport (225bhp) 5d Specs & dimensions,2006,,1998.0,4.0,221.0,300.0,1365.0,Front wheel drive,Manual,Naturally Aspirated,Petrol,,,236.6,147.0,6.3,200.0,https://www.parkers.co.uk/renault/megane/renaultsport-2006/20-t-16v-renaultsport-(225bhp)-5d/specs/
CAR_50164696,Renault,Captur,10 tce 90 evolution 5dr,Renault Captur 4x41.0 TCE 90 Evolution 5dr Specs & dimensions,2020,,999.0,3.0,89.0,160.0,1316.0,Front wheel drive,Manual,Naturally Aspirated,Petrol,,,167.4,104.0,13.6,131.0,https://www.parkers.co.uk/renault/captur/4x4-2020/10-tce-90-evolution-5dr/specs/
CAR_27BB8882,Renault,Captur,09 tce (90bhp) dynamique medianav 5d,Renault Captur 4x40.9 TCE (90bhp) Dynamique MediaNav 5d Specs & dimensions,2013,,898.0,3.0,88.0,135.0,1089.0,Front wheel drive,Manual,Naturally Aspirated,Petrol,,,170.6,106.0,12.6,115.0,https://www.parkers.co.uk/renault/captur/4x4-2013/09-tce-(90bhp)-dynamique-medianav-5d/specs/
CAR_938F9BC0,Renault,Captur,09 tce (90bhp) dynamique nav 5d,Renault Captur 4x40.9 TCE (90bhp) Dynamique Nav 5d Specs & dimensions,2013,,898.0,3.0,88.0,140.0,1109.0,Front wheel drive,Manual,Naturally Aspirated,Petrol,,,170.6,106.0,12.8,114.0,https://www.parkers.co.uk/renault/captur/4x4-2013/09-tce-(90bhp)-dynamique-nav-5d/specs/
CAR_452EEA90,Skoda,Fabia,10 mpi (60bhp) s 5d,Skoda Fabia Hatchback1.0 MPI (60bhp) S 5d Specs & dimensions,2015,,999.0,3.0,59.0,95.0,1005.0,Front wheel drive,Manual,Naturally Aspirated,Petrol,,,159.3,99.0,15.2,110.0,https://www.parkers.co.uk/skoda/fabia/hatchback-2015/10-mpi-(60bhp)-s-5d/specs/
CAR_AB7C5343,Skoda,Fabia,10 mpi colour edition 5d,Skoda Fabia Hatchback1.0 MPI Colour Edition 5d Specs & dimensions,2015,,999.0,3.0,73.0,95.0,1005.0,Front wheel drive,Manual,Naturally Aspirated,Petrol,,,172.2,107.0,14.2,111.0,https://www.parkers.co.uk/skoda/fabia/hatchback-2015/10-mpi-colour-edition-5d/specs/
CAR_025A1643,Skoda,Fabia,10 mpi monte carlo 5d,Skoda Fabia Estate1.0 MPI Monte Carlo 5d Specs & dimensions,2015,,999.0,3.0,73.0,95.0,1004.0,Front wheel drive,Manual,Naturally Aspirated,Petrol,,,175.4,109.0,14.4,109.0,https://www.parkers.co.uk/skoda/fabia/estate-2015/10-mpi-monte-carlo-5d/specs/
CAR_88D45525,Skoda,Fabia,10 mpi s 5d,Skoda Fabia Estate1.0 MPI S 5d Specs & dimensions,2015,,999.0,3.0,73.0,95.0,1029.0,Front wheel drive,Manual,Naturally Aspirated,Petrol,,,175.4,109.0,14.4,111.0,https://www.parkers.co.uk/skoda/fabia/estate-2015/10-mpi-s-5d/specs/
CAR_B1DDA3AE,Skoda,Fabia,10 mpi 80 colour edition 5dr,Skoda Fabia Hatchback1.0 MPI 80 Colour Edition 5dr Specs & dimensions,2021,,999.0,3.0,78.0,93.0,1053.0,Front wheel drive,Manual,Naturally Aspirated,Petrol,,,173.8,108.0,15.2,118.0,https://www.parkers.co.uk/skoda/fabia/hatchback-2021/10-mpi-80-colour-edition-5dr/specs/
CAR_8444523C,Skoda,Fabia,10 mpi 80 design edition 5dr,Skoda Fabia Hatchback1.0 MPI 80 Design Edition 5dr Specs & dimensions,2021,,999.0,3.0,78.0,93.0,1053.0,Front wheel drive,Manual,Naturally Aspirated,Petrol,,,173.8,108.0,15.2,118.0,https://www.parkers.co.uk/skoda/fabia/hatchback-2021/10-mpi-80-design-edition-5dr/specs/
CAR_629B476E,Skoda,Fabia,15 tsi 177 130 5dr dsg,Skoda Fabia 1301.5 TSI 177 130 5dr DSG Specs & dimensions,2026,,1498.0,4.0,174.0,250.0,1195.0,Front wheel drive,Automatic,Turbocharged,Petrol,,,226.9,141.0,7.2,124.0,https://www.parkers.co.uk/skoda/fabia/130-2026/15-tsi-177-130-5dr-dsg/specs/
CAR_062D334A,Skoda,Fabia,trim 130,Skoda Fabia 130 130 (2026 - 2026)Specs & dimensions,2026,2026,,,,,,,,Unknown,,,,,,,,https://www.parkers.co.uk/skoda/fabia/130-2026/trim-130/specs/
CAR_EB84CC62,Skoda,Fabia,12 1 5d,Skoda Fabia Hatchback1.2 1 5d Specs & dimensions,2007,,1198.0,3.0,60.0,108.0,1015.0,Front wheel drive,Manual,Naturally Aspirated,Petrol,,,154.5,96.0,16.0,140.0,https://www.parkers.co.uk/skoda/fabia/hatchback-2007/12-1-5d/specs/
CAR_0D61FD86,Skoda,Fabia,12 12v (60bhp) s 5d,Skoda Fabia Hatchback1.2 12V (60bhp) S 5d Specs & dimensions,2007,,1198.0,3.0,59.0,108.0,1020.0,Front wheel drive,Manual,Naturally Aspirated,Petrol,,,154.5,96.0,16.0,128.0,https://www.parkers.co.uk/skoda/fabia/hatchback-2007/12-12v-(60bhp)-s-5d/specs/
CAR_6BE5B6DF,Skoda,Fabia,12 12v 1 5d,Skoda Fabia Estate1.2 12V 1 5d Specs & dimensions,2008,,1198.0,3.0,70.0,112.0,1070.0,Front wheel drive,Manual,Naturally Aspirated,Petrol,,,162.5,101.0,14.6,140.0,https://www.parkers.co.uk/skoda/fabia/estate-2008/12-12v-1-5d/specs/
CAR_F260AB69,Skoda,Fabia,12 12v 2 5d,Skoda Fabia Estate1.2 12V 2 5d Specs & dimensions,2008,,1198.0,3.0,70.0,112.0,1070.0,Front wheel drive,Manual,Naturally Aspirated,Petrol,,,162.5,101.0,14.6,140.0,https://www.parkers.co.uk/skoda/fabia/estate-2008/12-12v-2-5d/specs/
CAR_423F90EE,Skoda,Fabia,14 tsi vrs estate 5d dsg,Skoda Fabia vRS1.4 TSI vRS Estate 5d DSG Specs & dimensions,2010,,1390.0,4.0,177.0,250.0,1313.0,Front wheel drive,Automatic,Turbocharged,Petrol,,,225.3,140.0,7.1,148.0,https://www.parkers.co.uk/skoda/fabia/vrs-2010/14-tsi-vrs-estate-5d-dsg/specs/
CAR_90571004,Skoda,Fabia,14 tsi vrs hatch 5d dsg,Skoda Fabia vRS1.4 TSI vRS Hatch 5d DSG Specs & dimensions,2010,,1390.0,4.0,177.0,250.0,1318.0,Front wheel drive,Automatic,Turbocharged,Petrol,,,223.7,139.0,7.1,148.0,https://www.parkers.co.uk/skoda/fabia/vrs-2010/14-tsi-vrs-hatch-5d-dsg/specs/
CAR_C6B4171B,Skoda,Fabia,12 12v ambiente (64bhp) 5d,Skoda Fabia Hatchback1.2 12V Ambiente (64bhp) 5d Specs & dimensions,2000,,1198.0,3.0,64.0,112.0,1150.0,Front wheel drive,Manual,Naturally Aspirated,Petrol,,,159.3,99.0,15.4,140.0,https://www.parkers.co.uk/skoda/fabia/hatchback-2000/12-12v-ambiente-(64bhp)-5d/specs/
CAR_8DC62285,Skoda,Fabia,12 12v blueline 5d,Skoda Fabia Hatchback1.2 12V Blueline 5d Specs & dimensions,2000,,1198.0,3.0,64.0,112.0,1150.0,Front wheel drive,Manual,Naturally Aspirated,Petrol,,,159.3,99.0,15.4,144.0,https://www.parkers.co.uk/skoda/fabia/hatchback-2000/12-12v-blueline-5d/specs/
CAR_180CDA1B,Skoda,Fabia,19 tdi pd (130bhp) 5d,Skoda Fabia vRS1.9 TDI PD (130bhp) 5d Specs & dimensions,2003,,1896.0,4.0,130.0,310.0,1315.0,Front wheel drive,Manual,Diesel,Diesel,,,206.0,128.0,9.2,140.0,https://www.parkers.co.uk/skoda/fabia/vrs-2003/19-tdi-pd-(130bhp)-5d/specs/
CAR_A38EA162,Skoda,Fabia,19 tdi pd vrs special edition 5d,Skoda Fabia vRS1.9 TDi PD vRS Special Edition 5d Specs & dimensions,2003,,1896.0,4.0,128.0,310.0,1315.0,Front wheel drive,Manual,Diesel,Diesel,,,206.0,128.0,9.2,140.0,https://www.parkers.co.uk/skoda/fabia/vrs-2003/19-tdi-pd-vrs-special-edition-5d/specs/
CAR_949718F7,Skoda,Fabia,14 16v (75bhp) 4d auto,Skoda Fabia Saloon1.4 16V (75bhp) 4d Auto Specs & dimensions,2001,,1390.0,4.0,75.0,126.0,1215.0,Front wheel drive,Automatic,Naturally Aspirated,Petrol,,,165.8,103.0,16.7,182.0,https://www.parkers.co.uk/skoda/fabia/saloon-2001/14-16v-(75bhp)-4d-auto/specs/
CAR_93AE5A1C,Skoda,Fabia,14 16v 4d,Skoda Fabia Saloon1.4 16V 4d Specs & dimensions,2001,,1390.0,4.0,100.0,126.0,1185.0,Front wheel drive,Manual,Naturally Aspirated,Petrol,,,185.1,115.0,11.2,161.0,https://www.parkers.co.uk/skoda/fabia/saloon-2001/14-16v-4d/specs/
CAR_033B3BD8,Skoda,Fabia,12 12v ambiente (64bhp) 5d,Skoda Fabia Estate1.2 12V Ambiente (64bhp) 5d Specs & dimensions,2001,,1198.0,3.0,64.0,112.0,1185.0,Front wheel drive,Manual,Naturally Aspirated,Petrol,,,162.5,101.0,15.8,144.0,https://www.parkers.co.uk/skoda/fabia/estate-2001/12-12v-ambiente-(64bhp)-5d/specs/
CAR_6B452414,Skoda,Fabia,12 12v blueline 5d,Skoda Fabia Estate1.2 12V Blueline 5d Specs & dimensions,2001,,1198.0,3.0,64.0,112.0,1185.0,Front wheel drive,Manual,Naturally Aspirated,Petrol,,,162.5,101.0,15.8,144.0,https://www.parkers.co.uk/skoda/fabia/estate-2001/12-12v-blueline-5d/specs/
CAR_AEE114ED,Skoda,Octavia,12 tsi (110bhp) s 5d,Skoda Octavia Hatchback1.2 TSI (110bhp) S 5d Specs & dimensions,2013,,1197.0,4.0,108.0,175.0,1155.0,Front wheel drive,Manual,Turbocharged,Petrol,,,199.6,124.0,9.9,114.0,https://www.parkers.co.uk/skoda/octavia/hatchback-2013/12-tsi-(110bhp)-s-5d/specs/
CAR_C6067558,Skoda,Octavia,12 tsi (110bhp) s 5d dsg,Skoda Octavia Hatchback1.2 TSI (110bhp) S 5d DSG Specs & dimensions,2013,,1197.0,4.0,108.0,175.0,1180.0,Front wheel drive,Automatic,Turbocharged,Petrol,,,199.6,124.0,10.0,113.0,https://www.parkers.co.uk/skoda/octavia/hatchback-2013/12-tsi-(110bhp)-s-5d-dsg/specs/
CAR_B4624EE5,Skoda,Octavia,12 tsi (110bhp) s 5d,Skoda Octavia Estate1.2 TSI (110bhp) S 5d Specs & dimensions,2013,,1197.0,4.0,108.0,175.0,1177.0,Front wheel drive,Manual,Turbocharged,Petrol,,,196.3,122.0,9.9,114.0,https://www.parkers.co.uk/skoda/octavia/estate-2013/12-tsi-(110bhp)-s-5d/specs/
CAR_093C3C94,Skoda,Octavia,12 tsi (110bhp) s 5d dsg,Skoda Octavia Estate1.2 TSI (110bhp) S 5d DSG Specs & dimensions,2013,,1197.0,4.0,108.0,175.0,1202.0,Front wheel drive,Automatic,Turbocharged,Petrol,,,196.3,122.0,10.1,113.0,https://www.parkers.co.uk/skoda/octavia/estate-2013/12-tsi-(110bhp)-s-5d-dsg/specs/
CAR_E9203C25,Skoda,Octavia,20 tdi 150ps 4x4 (0317 on) 5d,Skoda Octavia Scout2.0 TDI 150PS 4x4 (03/17 on) 5d Specs & dimensions,2014,,1968.0,4.0,147.0,340.0,1451.0,4 wheel drive,Manual,Diesel,Diesel,,,207.6,129.0,8.8,130.0,https://www.parkers.co.uk/skoda/octavia/scout-2014/20-tdi-150ps-4x4-(0317-on)-5d/specs/
CAR_17380ADB,Skoda,Octavia,20 tdi 184ps 4x4 dsg auto (0317 on) 5d,Skoda Octavia Scout2.0 TDI 184PS 4x4 DSG auto (03/17 on) 5d Specs & dimensions,2014,,1968.0,4.0,181.0,380.0,1484.0,4 wheel drive,Automatic,Diesel,Diesel,,,218.9,136.0,7.6,135.0,https://www.parkers.co.uk/skoda/octavia/scout-2014/20-tdi-184ps-4x4-dsg-auto-(0317-on)-5d/specs/
CAR_0D4CAD81,Skoda,Octavia,10 tsi se 5dr,Skoda Octavia Hatchback1.0 TSI SE 5dr Specs & dimensions,2020,,999.0,3.0,108.0,200.0,1234.0,Front wheel drive,Manual,Turbocharged,Petrol,,,201.2,125.0,10.5,118.0,https://www.parkers.co.uk/skoda/octavia/hatchback-2020/10-tsi-se-5dr/specs/
CAR_63180C5A,Skoda,Octavia,10 tsi se first edition 5d,Skoda Octavia Hatchback1.0 TSI SE First Edition 5d Specs & dimensions,2020,,999.0,3.0,108.0,200.0,1226.0,Front wheel drive,Manual,Turbocharged,Petrol,,,207.6,129.0,10.5,117.0,https://www.parkers.co.uk/skoda/octavia/hatchback-2020/10-tsi-se-first-edition-5d/specs/
CAR_042676BA,Skoda,Octavia,10 tsi se 5dr,Skoda Octavia Estate1.0 TSI SE 5dr Specs & dimensions,2020,,999.0,3.0,108.0,200.0,1253.0,Front wheel drive,Manual,Turbocharged,Petrol,,,201.2,125.0,10.6,119.0,https://www.parkers.co.uk/skoda/octavia/estate-2020/10-tsi-se-5dr/specs/
CAR_EAF24CA6,Skoda,Octavia,10 tsi se first edition 5d,Skoda Octavia Estate1.0 TSI SE First Edition 5d Specs & dimensions,2020,,999.0,3.0,108.0,200.0,1238.0,Front wheel drive,Manual,Turbocharged,Petrol,,,201.2,125.0,10.6,119.0,https://www.parkers.co.uk/skoda/octavia/estate-2020/10-tsi-se-first-edition-5d/specs/
CAR_185C9EC5,Skoda,Octavia,14 tsi iv vrs 5dr dsg,Skoda Octavia vRS1.4 TSI iV vRS 5dr DSG Specs & dimensions,2020,,1395.0,4.0,241.0,400.0,1619.0,Front wheel drive,Automatic,Turbocharged,Petrol Parallel PHEV,,,223.7,139.0,6.8,27.0,https://www.parkers.co.uk/skoda/octavia/vrs-2020/14-tsi-iv-vrs-5dr-dsg/specs/
CAR_4837E347,Skoda,Octavia,12 tsi s 5d,Skoda Octavia Hatchback1.2 TSI S 5d Specs & dimensions,2004,,1197.0,4.0,103.0,175.0,1190.0,Front wheel drive,Manual,Turbocharged,Petrol,,,191.5,119.0,10.5,134.0,https://www.parkers.co.uk/skoda/octavia/hatchback-2004/12-tsi-s-5d/specs/
CAR_30AFB63A,Skoda,Octavia,12 tsi s 5d dsg,Skoda Octavia Hatchback1.2 TSI S 5d DSG Specs & dimensions,2004,,1197.0,4.0,103.0,175.0,1215.0,Front wheel drive,Automatic,Turbocharged,Petrol,,,191.5,119.0,10.5,136.0,https://www.parkers.co.uk/skoda/octavia/hatchback-2004/12-tsi-s-5d-dsg/specs/
CAR_819D4D56,Skoda,Octavia,12 tsi s 5d,Skoda Octavia Estate1.2 TSI S 5d Specs & dimensions,2005,,1197.0,4.0,103.0,175.0,1205.0,Front wheel drive,Manual,Turbocharged,Petrol,,,191.5,119.0,10.6,134.0,https://www.parkers.co.uk/skoda/octavia/estate-2005/12-tsi-s-5d/specs/
CAR_7487277C,Skoda,Octavia,12 tsi s 5d dsg,Skoda Octavia Estate1.2 TSI S 5d DSG Specs & dimensions,2005,,1197.0,4.0,103.0,175.0,1230.0,Front wheel drive,Automatic,Turbocharged,Petrol,,,191.5,119.0,10.6,136.0,https://www.parkers.co.uk/skoda/octavia/estate-2005/12-tsi-s-5d-dsg/specs/
CAR_D6E6EBFD,Skoda,Octavia,18 tsi scout 4x4 (09) 5d,Skoda Octavia Scout1.8 TSI Scout 4x4 (09) 5d Specs & dimensions,2007,,1798.0,4.0,157.0,250.0,1455.0,4 wheel drive,Manual,Turbocharged,Petrol,,,210.8,131.0,8.1,182.0,https://www.parkers.co.uk/skoda/octavia/scout-2007/18-tsi-scout-4x4-(09)-5d/specs/
CAR_5FB1FF27,Skoda,Octavia,18 tsi scout 4x4 5d,Skoda Octavia Scout1.8 TSI Scout 4x4 5d Specs & dimensions,2007,,1798.0,4.0,157.0,250.0,1485.0,4 wheel drive,Manual,Turbocharged,Petrol,,,210.8,131.0,8.1,182.0,https://www.parkers.co.uk/skoda/octavia/scout-2007/18-tsi-scout-4x4-5d/specs/
CAR_B907FD21,Skoda,Octavia,20 tdi cr (170bhp) vrs estate 5d,Skoda Octavia vRS2.0 TDI CR (170bhp) vRS Estate 5d Specs & dimensions,2005,,1968.0,4.0,170.0,350.0,1445.0,Front wheel drive,Manual,Diesel,Diesel,,,223.7,139.0,8.2,155.0,https://www.parkers.co.uk/skoda/octavia/vrs-2005/20-tdi-cr-(170bhp)-vrs-estate-5d/specs/
CAR_7E8D4870,Skoda,Octavia,20 tdi cr (170bhp) vrs estate 5d dsg,Skoda Octavia vRS2.0 TDI CR (170bhp) vRS Estate 5d DSG Specs & dimensions,2005,,1968.0,4.0,170.0,350.0,1470.0,Front wheel drive,Automatic,Diesel,Diesel,,,220.5,137.0,8.2,159.0,https://www.parkers.co.uk/skoda/octavia/vrs-2005/20-tdi-cr-(170bhp)-vrs-estate-5d-dsg/specs/
CAR_F40FB7D2,Skoda,Octavia,20 tdi cr vrs 4x4 estate 5d dsg,Skoda Octavia vRS2.0 TDI CR vRS 4x4 Estate 5d DSG Specs & dimensions,2013,,1968.0,4.0,181.0,380.0,1497.0,4 wheel drive,Automatic,Diesel,Diesel,,,223.7,139.0,7.5,131.0,https://www.parkers.co.uk/skoda/octavia/vrs-2013/20-tdi-cr-vrs-4x4-estate-5d-dsg/specs/
CAR_4229F1D5,Skoda,Octavia,20 tdi cr vrs 4x4 hatchback 5d dsg,Skoda Octavia vRS2.0 TDI CR vRS 4x4 Hatchback 5d DSG Specs & dimensions,2013,,1968.0,4.0,181.0,380.0,1475.0,4 wheel drive,Automatic,Diesel,Diesel,,,228.5,142.0,7.4,129.0,https://www.parkers.co.uk/skoda/octavia/vrs-2013/20-tdi-cr-vrs-4x4-hatchback-5d-dsg/specs/
CAR_6C906B24,Skoda,Octavia,14 classic 5d,Skoda Octavia Hatchback1.4 Classic 5d Specs & dimensions,1998,,1397.0,4.0,75.0,126.0,1305.0,Front wheel drive,Manual,Naturally Aspirated,Petrol,,,170.6,106.0,14.8,163.0,https://www.parkers.co.uk/skoda/octavia/hatchback-1998/14-classic-5d/specs/
CAR_46EF8151,Skoda,Octavia,16 ambiente 5d,Skoda Octavia Hatchback1.6 Ambiente 5d Specs & dimensions,1998,,1595.0,4.0,102.0,145.0,1335.0,Front wheel drive,Manual,Naturally Aspirated,Petrol,,,189.9,118.0,11.4,173.0,https://www.parkers.co.uk/skoda/octavia/hatchback-1998/16-ambiente-5d/specs/
CAR_923FF114,Skoda,Octavia,16 ambiente 5d,Skoda Octavia Estate1.6 Ambiente 5d Specs & dimensions,1998,,1595.0,4.0,102.0,148.0,1365.0,Front wheel drive,Manual,Naturally Aspirated,Petrol,,,189.9,118.0,11.5,173.0,https://www.parkers.co.uk/skoda/octavia/estate-1998/16-ambiente-5d/specs/
CAR_5FF4CAAB,Skoda,Octavia,16 classic 5d,Skoda Octavia Estate1.6 Classic 5d Specs & dimensions,1998,,1595.0,4.0,102.0,145.0,1335.0,Front wheel drive,Manual,Naturally Aspirated,Petrol,,,189.9,118.0,11.4,173.0,https://www.parkers.co.uk/skoda/octavia/estate-1998/16-classic-5d/specs/
CAR_E3B8DFB3,Skoda,Octavia,18t vrs estate 5d,Skoda Octavia vRS1.8T vRS Estate 5d Specs & dimensions,2001,,1781.0,4.0,180.0,235.0,1390.0,Front wheel drive,Manual,Turbocharged,Petrol,,,230.1,143.0,7.7,192.0,https://www.parkers.co.uk/skoda/octavia/vrs-2001/18t-vrs-estate-5d/specs/
CAR_1679C321,Skoda,Octavia,18t vrs hatchback 5d,Skoda Octavia vRS1.8T vRS Hatchback 5d Specs & dimensions,2001,,1781.0,4.0,180.0,235.0,1375.0,Front wheel drive,Manual,Turbocharged,Petrol,,,235.0,146.0,7.6,192.0,https://www.parkers.co.uk/skoda/octavia/vrs-2001/18t-vrs-hatchback-5d/specs/
CAR_0E6F7AD3,Skoda,Yeti,12 tsi (110bhp) monte carlo 5d,Skoda Yeti Hatchback1.2 TSI (110bhp) Monte Carlo 5d Specs & dimensions,2009,,1197.0,4.0,108.0,175.0,1265.0,Front wheel drive,Manual,Turbocharged,Petrol,,,178.6,111.0,10.6,128.0,https://www.parkers.co.uk/skoda/yeti/hatchback-2009/12-tsi-(110bhp)-monte-carlo-5d/specs/
CAR_8A6CBEE1,Skoda,Yeti,12 tsi (110bhp) monte carlo 5d dsg,Skoda Yeti Hatchback1.2 TSI (110bhp) Monte Carlo 5d DSG Specs & dimensions,2009,,1197.0,4.0,108.0,175.0,1285.0,Front wheel drive,Automatic,Turbocharged,Petrol,,,178.6,111.0,11.0,128.0,https://www.parkers.co.uk/skoda/yeti/hatchback-2009/12-tsi-(110bhp)-monte-carlo-5d-dsg/specs/
CAR_EAE40BB8,Toyota,Yaris,10 vvt i active (0714 ) 3d,Toyota Yaris Hatchback1.0 VVT-i Active (07/14-) 3d Specs & dimensions,2011,,998.0,3.0,68.0,95.0,1040.0,Front wheel drive,Manual,Naturally Aspirated,Petrol,,,154.5,96.0,14.8,99.0,https://www.parkers.co.uk/toyota/yaris/hatchback-2011/10-vvt-i-active-(0714-)-3d/specs/
CAR_D1AB6ABA,Toyota,Yaris,10 vvt i active (0714 ) 5d,Toyota Yaris Hatchback1.0 VVT-i Active (07/14-) 5d Specs & dimensions,2011,,998.0,3.0,68.0,95.0,1040.0,Front wheel drive,Manual,Naturally Aspirated,Petrol,,,154.5,96.0,14.8,99.0,https://www.parkers.co.uk/toyota/yaris/hatchback-2011/10-vvt-i-active-(0714-)-5d/specs/
CAR_71632A93,Toyota,Yaris,15 hybrid 130 excel 5dr cvt,Toyota Yaris Hatchback1.5 Hybrid 130 Excel 5dr CVT Specs & dimensions,2020,,1490.0,3.0,128.0,120.0,1145.0,Front wheel drive,Automatic,EV,Petrol/Electric Hybrid,,,175.4,109.0,8.9,95.0,https://www.parkers.co.uk/toyota/yaris/hatchback-2020/15-hybrid-130-excel-5dr-cvt/specs/
CAR_E19EB33C,Toyota,Yaris,15 hybrid 130 excel 5dr cvt [panoramic roof],Toyota Yaris Hatchback1.5 Hybrid 130 Excel 5dr CVT [Panoramic Roof] Specs & dimensions,2020,,1490.0,3.0,128.0,120.0,1145.0,Front wheel drive,Automatic,EV,Petrol/Electric Hybrid,,,175.4,109.0,8.9,95.0,https://www.parkers.co.uk/toyota/yaris/hatchback-2020/15-hybrid-130-excel-5dr-cvt-[panoramic-roof]/specs/
CAR_2A5A8F6E,Toyota,Yaris,16 3dr awd [convenience pack],Toyota Yaris GR Yaris1.6 3dr AWD [Convenience Pack] Specs & dimensions,2020,,1618.0,3.0,257.0,360.0,1280.0,4 wheel drive,Manual,Naturally Aspirated,Petrol,,,,,5.3,186.0,https://www.parkers.co.uk/toyota/yaris/gr-yaris-2020/16-3dr-awd-[convenience-pack]/specs/
CAR_FA658270,Toyota,Yaris,16 awd 3d,Toyota Yaris GR Yaris1.6 AWD 3d Specs & dimensions,2020,,1618.0,3.0,257.0,360.0,1280.0,4 wheel drive,Manual,Naturally Aspirated,Petrol,,,,,5.3,186.0,https://www.parkers.co.uk/toyota/yaris/gr-yaris-2020/16-awd-3d/specs/
CAR_5EB27855,Toyota,Yaris,10 vvt i ion 3d,Toyota Yaris Hatchback1.0 VVT-i Ion 3d Specs & dimensions,2006,,996.0,3.0,68.0,95.0,980.0,Front wheel drive,Manual,Naturally Aspirated,Petrol,,,154.5,96.0,15.2,127.0,https://www.parkers.co.uk/toyota/yaris/hatchback-2006/10-vvt-i-ion-3d/specs/
CAR_0A8FEF80,Toyota,Yaris,10 vvt i ion 5d,Toyota Yaris Hatchback1.0 VVT-i Ion 5d Specs & dimensions,2006,,996.0,3.0,68.0,95.0,980.0,Front wheel drive,Manual,Naturally Aspirated,Petrol,,,154.5,96.0,15.2,127.0,https://www.parkers.co.uk/toyota/yaris/hatchback-2006/10-vvt-i-ion-5d/specs/
CAR_0C642805,Toyota,Yaris,10 16v vvt i cdx 5d,Toyota Yaris Hatchback1.0 16v VVT-i CDX 5d Specs & dimensions,1999,,998.0,4.0,67.0,90.0,905.0,Front wheel drive,Manual,Naturally Aspirated,Petrol,,,154.5,96.0,13.6,137.0,https://www.parkers.co.uk/toyota/yaris/hatchback-1999/10-16v-vvt-i-cdx-5d/specs/
CAR_F49609C0,Toyota,Yaris,10 16v vvt i cdx 5d free tronic,Toyota Yaris Hatchback1.0 16v VVT-i CDX 5d Free-Tronic Specs & dimensions,1999,,998.0,4.0,67.0,90.0,900.0,Front wheel drive,Manual,Naturally Aspirated,Petrol,,,154.5,96.0,13.6,137.0,https://www.parkers.co.uk/toyota/yaris/hatchback-1999/10-16v-vvt-i-cdx-5d-free-tronic/specs/
CAR_E8003412,Toyota,Yaris,15 vvt i 3d,Toyota Yaris T Sport1.5 VVT-i 3d Specs & dimensions,2001,,1497.0,4.0,103.0,143.0,950.0,Front wheel drive,Manual,Naturally Aspirated,Petrol,,,189.9,118.0,8.7,162.0,https://www.parkers.co.uk/toyota/yaris/t-sport-2001/15-vvt-i-3d/specs/
CAR_F9F34107,Toyota,Yaris,15 vvt i 5d,Toyota Yaris T Sport1.5 VVT-i 5d Specs & dimensions,2001,,1497.0,4.0,103.0,143.0,950.0,Front wheel drive,Manual,Naturally Aspirated,Petrol,,,189.9,118.0,8.7,165.0,https://www.parkers.co.uk/toyota/yaris/t-sport-2001/15-vvt-i-5d/specs/
CAR_5F4F65B5,Toyota,Yaris,13 16v vvt i 5d,Toyota Yaris Verso1.3 16v VVT-i 5d Specs & dimensions,2000,,1299.0,4.0,84.0,124.0,990.0,Front wheel drive,Manual,Naturally Aspirated,Petrol,,,164.2,102.0,12.1,154.0,https://www.parkers.co.uk/toyota/yaris/verso-2000/13-16v-vvt-i-5d/specs/
CAR_FCC62B57,Toyota,Yaris,13 16v vvt i 5d (premium pack),Toyota Yaris Verso1.3 16v VVT-i 5d (Premium Pack) Specs & dimensions,2000,,1299.0,4.0,84.0,124.0,990.0,Front wheel drive,Manual,Naturally Aspirated,Petrol,,,164.2,102.0,12.1,154.0,https://www.parkers.co.uk/toyota/yaris/verso-2000/13-16v-vvt-i-5d-(premium-pack)/specs/
CAR_9340AB19,Toyota,Yaris,13 vvt i sr 3d,Toyota Yaris SR1.3 VVT-i SR 3d Specs & dimensions,2007,,1296.0,4.0,85.0,121.0,,Front wheel drive,Manual,Naturally Aspirated,Petrol,,,170.6,106.0,11.1,141.0,https://www.parkers.co.uk/toyota/yaris/sr-2007/13-vvt-i-sr-3d/specs/
CAR_E02B2F96,Toyota,Yaris,13 vvt i sr 3d mmt,Toyota Yaris SR1.3 VVT-i SR 3d MMT Specs & dimensions,2007,,1296.0,4.0,85.0,121.0,,Front wheel drive,Automatic,Naturally Aspirated,Petrol,,,170.6,106.0,12.7,136.0,https://www.parkers.co.uk/toyota/yaris/sr-2007/13-vvt-i-sr-3d-mmt/specs/
CAR_DAFBFCDA,Toyota,Auris,133 dual vvti colour collection (nav) 5d,Toyota Auris Hatchback1.33 Dual VVTi Colour Collection (Nav) 5d Specs & dimensions,2007,,1329.0,4.0,99.0,132.0,1250.0,Front wheel drive,Manual,Naturally Aspirated,Petrol,,,175.4,109.0,12.7,136.0,https://www.parkers.co.uk/toyota/auris/hatchback-2007/133-dual-vvti-colour-collection-(nav)-5d/specs/
CAR_DEC0F77C,Toyota,Auris,133 dual vvti colour collection 5d,Toyota Auris Hatchback1.33 Dual VVTi Colour Collection 5d Specs & dimensions,2007,,1329.0,4.0,99.0,132.0,1250.0,Front wheel drive,Manual,Naturally Aspirated,Petrol,,,175.4,109.0,12.7,136.0,https://www.parkers.co.uk/toyota/auris/hatchback-2007/133-dual-vvti-colour-collection-5d/specs/
CAR_F308C753,Toyota,Auris,12t business edition 5d,Toyota Auris Hatchback1.2T Business Edition 5d Specs & dimensions,2012,,1197.0,4.0,114.0,185.0,1350.0,Front wheel drive,Manual,Naturally Aspirated,Petrol,,,199.6,124.0,9.8,112.0,https://www.parkers.co.uk/toyota/auris/hatchback-2012/12t-business-edition-5d/specs/
CAR_77CBEB28,Toyota,Auris,12t business edition 5d cvt,Toyota Auris Hatchback1.2T Business Edition 5d CVT Specs & dimensions,2012,,1197.0,4.0,114.0,185.0,1350.0,Front wheel drive,Automatic,Naturally Aspirated,Petrol,,,189.9,118.0,10.2,106.0,https://www.parkers.co.uk/toyota/auris/hatchback-2012/12t-business-edition-5d-cvt/specs/
CAR_87AC684B,Toyota,Auris,12t business edition 5d,Toyota Auris Touring Sports1.2T Business Edition 5d Specs & dimensions,2013,,1197.0,4.0,114.0,185.0,1400.0,Front wheel drive,Manual,Naturally Aspirated,Petrol,,,199.6,124.0,10.1,112.0,https://www.parkers.co.uk/toyota/auris/touring-sports-2013/12t-business-edition-5d/specs/
CAR_E60655FA,Toyota,Auris,12t business edition 5d cvt,Toyota Auris Touring Sports1.2T Business Edition 5d CVT Specs & dimensions,2013,,1197.0,4.0,114.0,185.0,1400.0,Front wheel drive,Automatic,Naturally Aspirated,Petrol,,,189.9,118.0,10.5,110.0,https://www.parkers.co.uk/toyota/auris/touring-sports-2013/12t-business-edition-5d-cvt/specs/
CAR_6B3B333C,Toyota,Avensis,16 v matic t2 4d,Toyota Avensis Saloon1.6 V-matic T2 4d Specs & dimensions,2009,,1598.0,4.0,130.0,160.0,1365.0,Front wheel drive,Manual,Naturally Aspirated,Petrol,,,199.6,124.0,10.1,152.0,https://www.parkers.co.uk/toyota/avensis/saloon-2009/16-v-matic-t2-4d/specs/
CAR_DAF692D0,Toyota,Avensis,16 v matic tr 4d,Toyota Avensis Saloon1.6 V-matic TR 4d Specs & dimensions,2009,,1598.0,4.0,130.0,160.0,1375.0,Front wheel drive,Manual,Naturally Aspirated,Petrol,,,199.6,124.0,10.1,152.0,https://www.parkers.co.uk/toyota/avensis/saloon-2009/16-v-matic-tr-4d/specs/
CAR_166B4C60,Toyota,Avensis,16 v matic t2 5d,Toyota Avensis Tourer1.6 V-matic T2 5d Specs & dimensions,2009,,1598.0,4.0,130.0,160.0,1400.0,Front wheel drive,Manual,Naturally Aspirated,Petrol,,,194.7,121.0,10.3,153.0,https://www.parkers.co.uk/toyota/avensis/tourer-2009/16-v-matic-t2-5d/specs/
CAR_385ACA08,Toyota,Avensis,16 v matic tr 5d,Toyota Avensis Tourer1.6 V-matic TR 5d Specs & dimensions,2009,,1598.0,4.0,130.0,160.0,1410.0,Front wheel drive,Manual,Naturally Aspirated,Petrol,,,194.7,121.0,10.3,153.0,https://www.parkers.co.uk/toyota/avensis/tourer-2009/16-v-matic-tr-5d/specs/
CAR_9BAED6C0,Toyota,Avensis,16d active 5d,Toyota Avensis Touring Sports1.6D Active 5d Specs & dimensions,2015,,1598.0,4.0,110.0,270.0,1460.0,Front wheel drive,Manual,Unknown,Diesel,,,185.1,115.0,11.3,109.0,https://www.parkers.co.uk/toyota/avensis/touring-sports-2015/16d-active-5d/specs/
CAR_50DCFF55,Toyota,Avensis,16d business edition 5d,Toyota Avensis Touring Sports1.6D Business Edition 5d Specs & dimensions,2015,,1598.0,4.0,110.0,270.0,1460.0,Front wheel drive,Manual,Unknown,Diesel,,,185.1,115.0,11.3,110.0,https://www.parkers.co.uk/toyota/avensis/touring-sports-2015/16d-business-edition-5d/specs/
CAR_F04A9E81,Toyota,Avensis,16 gs 5d,Toyota Avensis Hatchback1.6 GS 5d Specs & dimensions,1997,,1587.0,4.0,99.0,136.0,1305.0,Front wheel drive,Manual,Naturally Aspirated,Petrol,,,181.9,113.0,12.5,174.0,https://www.parkers.co.uk/toyota/avensis/hatchback-1997/16-gs-5d/specs/
CAR_C421DD6C,Toyota,Avensis,16 s 5d,Toyota Avensis Hatchback1.6 S 5d Specs & dimensions,1997,,1587.0,4.0,99.0,136.0,1225.0,Front wheel drive,Manual,Naturally Aspirated,Petrol,,,181.9,113.0,12.5,169.0,https://www.parkers.co.uk/toyota/avensis/hatchback-1997/16-s-5d/specs/
CAR_82087073,Toyota,Avensis,16 le 4d,Toyota Avensis Saloon1.6 LE 4d Specs & dimensions,1997,,1587.0,4.0,99.0,136.0,1195.0,Front wheel drive,Manual,Naturally Aspirated,Petrol,,,181.9,113.0,12.5,169.0,https://www.parkers.co.uk/toyota/avensis/saloon-1997/16-le-4d/specs/
CAR_50E8FDB3,Toyota,Avensis,16 s 4d,Toyota Avensis Saloon1.6 S 4d Specs & dimensions,1997,,1587.0,4.0,99.0,136.0,1195.0,Front wheel drive,Manual,Naturally Aspirated,Petrol,,,181.9,113.0,12.5,169.0,https://www.parkers.co.uk/toyota/avensis/saloon-1997/16-s-4d/specs/
CAR_FE0E66B7,Toyota,Avensis,18 gs 5d,Toyota Avensis Estate1.8 GS 5d Specs & dimensions,1997,,1762.0,4.0,108.0,155.0,1325.0,Front wheel drive,Manual,Naturally Aspirated,Petrol,,,185.1,115.0,11.0,185.0,https://www.parkers.co.uk/toyota/avensis/estate-1997/18-gs-5d/specs/
CAR_C7724396,Toyota,Avensis,18 se 5d,Toyota Avensis Estate1.8 SE 5d Specs & dimensions,1997,,1762.0,4.0,108.0,155.0,1325.0,Front wheel drive,Manual,Naturally Aspirated,Petrol,,,185.1,115.0,11.0,169.0,https://www.parkers.co.uk/toyota/avensis/estate-1997/18-se-5d/specs/
CAR_04A42EBD,Toyota,Avensis,18 vvt i colour collection 5d,Toyota Avensis Hatchback1.8 VVT-i Colour Collection 5d Specs & dimensions,2003,,1794.0,4.0,127.0,170.0,1245.0,Front wheel drive,Manual,Naturally Aspirated,Petrol,,,199.6,124.0,9.7,171.0,https://www.parkers.co.uk/toyota/avensis/hatchback-2003/18-vvt-i-colour-collection-5d/specs/
CAR_AF0E66CC,Toyota,Avensis,18 vvt i colour collection 5d (06),Toyota Avensis Hatchback1.8 VVT-i Colour Collection 5d (06) Specs & dimensions,2003,,1794.0,4.0,127.0,170.0,1265.0,Front wheel drive,Manual,Naturally Aspirated,Petrol,,,199.6,124.0,10.0,171.0,https://www.parkers.co.uk/toyota/avensis/hatchback-2003/18-vvt-i-colour-collection-5d-(06)/specs/
CAR_9CDBD77C,Toyota,Avensis,18 vvt i colour collection 4d,Toyota Avensis Saloon1.8 VVT-i Colour Collection 4d Specs & dimensions,2003,,1794.0,4.0,127.0,170.0,1245.0,Front wheel drive,Manual,Naturally Aspirated,Petrol,,,199.6,124.0,9.7,171.0,https://www.parkers.co.uk/toyota/avensis/saloon-2003/18-vvt-i-colour-collection-4d/specs/
CAR_B54C7760,Toyota,Avensis,18 vvt i colour collection 4d (06),Toyota Avensis Saloon1.8 VVT-i Colour Collection 4d (06) Specs & dimensions,2003,,1794.0,4.0,127.0,170.0,1245.0,Front wheel drive,Manual,Naturally Aspirated,Petrol,,,199.6,124.0,10.0,171.0,https://www.parkers.co.uk/toyota/avensis/saloon-2003/18-vvt-i-colour-collection-4d-(06)/specs/
CAR_FB5ED282,Toyota,Avensis,18 vvt i t3 s 5d,Toyota Avensis Tourer1.8 VVT-i T3-S 5d Specs & dimensions,2003,,1794.0,4.0,127.0,170.0,1295.0,Front wheel drive,Manual,Naturally Aspirated,Petrol,,,194.7,121.0,11.0,172.0,https://www.parkers.co.uk/toyota/avensis/tourer-2003/18-vvt-i-t3-s-5d/specs/
CAR_A4801E8E,Toyota,Avensis,18 vvt i t3 s 5d (06),Toyota Avensis Tourer1.8 VVT-i T3-S 5d (06) Specs & dimensions,2003,,1794.0,4.0,127.0,170.0,1295.0,Front wheel drive,Manual,Naturally Aspirated,Petrol,,,199.6,124.0,10.2,172.0,https://www.parkers.co.uk/toyota/avensis/tourer-2003/18-vvt-i-t3-s-5d-(06)/specs/
CAR_7A302818,Toyota,Rav4,25 phev design 5dr cvt,Toyota RAV4 SUV2.5 PHEV Design 5dr CVT Specs & dimensions,2019,,2487.0,4.0,301.0,227.0,1910.0,4 wheel drive,Automatic,Unknown,Petrol Parallel PHEV,,,180.2,112.0,5.8,22.0,https://www.parkers.co.uk/toyota/rav4/suv-2019/25-phev-design-5dr-cvt/specs/
CAR_6EC7D6DD,Toyota,Rav4,25 phev dynamic 5dr cvt,Toyota RAV4 SUV2.5 PHEV Dynamic 5dr CVT Specs & dimensions,2019,,2487.0,4.0,301.0,227.0,1910.0,4 wheel drive,Automatic,Unknown,Petrol Parallel PHEV,,,180.2,112.0,5.8,22.0,https://www.parkers.co.uk/toyota/rav4/suv-2019/25-phev-dynamic-5dr-cvt/specs/
CAR_3A31D2A6,Toyota,Rav4,20 v matic xt r 2wd 5d,Toyota RAV4 Estate2.0 V-matic XT-R 2WD 5d Specs & dimensions,2006,,1987.0,4.0,155.0,198.0,1430.0,Front wheel drive,Manual,Naturally Aspirated,Petrol,,,185.1,115.0,9.9,174.0,https://www.parkers.co.uk/toyota/rav4/estate-2006/20-v-matic-xt-r-2wd-5d/specs/
CAR_21661D6D,Toyota,Rav4,20 v matic xt r 5d m drive s,Toyota RAV4 Estate2.0 V-matic XT-R 5d M-Drive S Specs & dimensions,2006,,1987.0,4.0,155.0,198.0,1510.0,4 wheel drive,Automatic,Naturally Aspirated,Petrol,,,185.1,115.0,10.6,177.0,https://www.parkers.co.uk/toyota/rav4/estate-2006/20-v-matic-xt-r-5d-m-drive-s/specs/
CAR_C6AAD5A1,Toyota,Rav4,20 d active 2wd (leather) 5d,Toyota RAV4 Estate2.0 D Active 2WD (Leather) 5d Specs & dimensions,2013,,1998.0,4.0,122.0,310.0,1535.0,Front wheel drive,Manual,Unknown,Diesel,,,180.2,112.0,9.6,127.0,https://www.parkers.co.uk/toyota/rav4/estate-2013/20-d-active-2wd-(leather)-5d/specs/
CAR_7E3BAE79,Toyota,Rav4,20 d active 2wd 5d,Toyota RAV4 Estate2.0 D Active 2WD 5d Specs & dimensions,2013,,1998.0,4.0,122.0,310.0,1535.0,Front wheel drive,Manual,Unknown,Diesel,,,180.2,112.0,10.2,127.0,https://www.parkers.co.uk/toyota/rav4/estate-2013/20-d-active-2wd-5d/specs/
CAR_946F15FE,Toyota,Rav4,20 16v reebok 3d,Toyota RAV4 Estate2.0 16V Reebok 3d Specs & dimensions,1994,,1998.0,4.0,126.0,178.0,1200.0,4 wheel drive,Manual,Naturally Aspirated,Petrol,,,169.0,105.0,11.6,223.0,https://www.parkers.co.uk/toyota/rav4/estate-1994/20-16v-reebok-3d/specs/
CAR_F5D1CAFF,Toyota,Rav4,20 16v reebok 3d (sr),Toyota RAV4 Estate2.0 16V Reebok 3d (SR) Specs & dimensions,1994,,1998.0,4.0,126.0,178.0,1200.0,4 wheel drive,Manual,Naturally Aspirated,Petrol,,,169.0,105.0,11.6,223.0,https://www.parkers.co.uk/toyota/rav4/estate-1994/20-16v-reebok-3d-(sr)/specs/
CAR_9E931DD0,Toyota,Rav4,18 nv 3d,Toyota RAV4 Estate1.8 NV 3d Specs & dimensions,2000,,1794.0,4.0,123.0,161.0,1125.0,Front wheel drive,Manual,Naturally Aspirated,Petrol,,,170.6,106.0,12.3,175.0,https://www.parkers.co.uk/toyota/rav4/estate-2000/18-nv-3d/specs/
CAR_0465442A,Toyota,Rav4,20 d 4d gx 5d,Toyota RAV4 Estate2.0 D-4D GX 5d Specs & dimensions,2000,,1995.0,4.0,114.0,250.0,1485.0,4 wheel drive,Manual,Unknown,Diesel,,,170.6,106.0,11.7,190.0,https://www.parkers.co.uk/toyota/rav4/estate-2000/20-d-4d-gx-5d/specs/
CAR_8B282A99,Toyota,Prius,18 vvti excel (0115 ) 5d cvt auto,Toyota Prius Plus1.8 VVTi Excel (01/15-) 5d CVT Auto Specs & dimensions,2012,,1798.0,4.0,134.0,142.0,1500.0,Front wheel drive,Automatic,EV,Petrol/Electric Hybrid,,,165.8,103.0,11.3,101.0,https://www.parkers.co.uk/toyota/prius/plus-2012/18-vvti-excel-(0115-)-5d-cvt-auto/specs/
CAR_EB797370,Toyota,Prius,18 vvti excel (leather) 5d cvt auto,Toyota Prius Plus1.8 VVTi Excel (Leather) 5d CVT Auto Specs & dimensions,2012,,1798.0,4.0,134.0,142.0,1500.0,Front wheel drive,Automatic,EV,Petrol/Electric Hybrid,,,165.8,103.0,11.3,101.0,https://www.parkers.co.uk/toyota/prius/plus-2012/18-vvti-excel-(leather)-5d-cvt-auto/specs/
CAR_600BF7CE,Toyota,Prius,18 vvti active (nav) 5d cvt,Toyota Prius Hatchback1.8 VVTi Active (Nav) 5d CVT Specs & dimensions,2015,,1798.0,4.0,120.0,142.0,1375.0,Front wheel drive,Automatic,EV,Petrol/Electric Hybrid,,,180.2,112.0,10.3,78.0,https://www.parkers.co.uk/toyota/prius/hatchback-2015/18-vvti-active-(nav)-5d-cvt/specs/
CAR_7E9D25B8,Toyota,Prius,18 vvti active 5d cvt auto,Toyota Prius Hatchback1.8 VVTi Active 5d CVT Auto Specs & dimensions,2015,,1798.0,4.0,120.0,142.0,1375.0,Front wheel drive,Automatic,EV,Petrol/Electric Hybrid,,,180.2,112.0,10.3,78.0,https://www.parkers.co.uk/toyota/prius/hatchback-2015/18-vvti-active-5d-cvt-auto/specs/
CAR_B866F068,Toyota,Prius,business edition plus (solar roof) plug in 18 vvt i hybrid 5d,Toyota Prius Plug-InBusiness Edition Plus (Solar Roof) Plug-in 1.8 VVT-i Hybrid 5d Specs & dimensions,2017,,1798.0,4.0,120.0,142.0,1530.0,Front wheel drive,Automatic,Hybrid,Petrol Parallel PHEV,,,162.5,101.0,10.7,28.0,https://www.parkers.co.uk/toyota/prius/plug-in-2017/business-edition-plus-(solar-roof)-plug-in-18-vvt-i-hybrid-5d/specs/
CAR_1FE53838,Toyota,Prius,business edition plus plug in 18 vvt i hybrid 5d,Toyota Prius Plug-InBusiness Edition Plus Plug-in 1.8 VVT-i Hybrid 5d Specs & dimensions,2017,,1798.0,4.0,120.0,142.0,1530.0,Front wheel drive,Automatic,Hybrid,Petrol Parallel PHEV,,,162.5,101.0,10.7,28.0,https://www.parkers.co.uk/toyota/prius/plug-in-2017/business-edition-plus-plug-in-18-vvt-i-hybrid-5d/specs/
CAR_158D2D86,Toyota,Prius,20 phev design 5dr cvt,Toyota Prius Plug-in2.0 PHEV Design 5dr CVT Specs & dimensions,2024,,1987.0,4.0,219.0,190.0,1545.0,Front wheel drive,Automatic,Unknown,Petrol Parallel PHEV,,,177.0,110.0,6.6,36.0,https://www.parkers.co.uk/toyota/prius/plug-in-2024/20-phev-design-5dr-cvt/specs/
CAR_FCB21B35,Toyota,Prius,20 phev excel 5dr cvt,Toyota Prius Plug-in2.0 PHEV Excel 5dr CVT Specs & dimensions,2024,,1987.0,4.0,219.0,190.0,1560.0,Front wheel drive,Automatic,Unknown,Petrol Parallel PHEV,,,177.0,110.0,6.6,42.0,https://www.parkers.co.uk/toyota/prius/plug-in-2024/20-phev-excel-5dr-cvt/specs/
CAR_76DAC310,Toyota,Prius,15 vvti le 5d cvt auto,Toyota Prius Hatchback1.5 VVTi LE 5d CVT Auto Specs & dimensions,2009,,1497.0,4.0,74.0,115.0,,Front wheel drive,Automatic,EV,Petrol/Electric Hybrid,,,,,10.6,104.0,https://www.parkers.co.uk/toyota/prius/hatchback-2009/15-vvti-le-5d-cvt-auto/specs/
CAR_E688E38F,Toyota,Prius,15 vvti le2 5d cvt auto,Toyota Prius Hatchback1.5 VVTi LE2 5d CVT Auto Specs & dimensions,2009,,1497.0,4.0,74.0,115.0,,Front wheel drive,Automatic,EV,Petrol/Electric Hybrid,,,,,10.6,104.0,https://www.parkers.co.uk/toyota/prius/hatchback-2009/15-vvti-le2-5d-cvt-auto/specs/
CAR_B9524143,Toyota,Prius,15 vvti hybrid 4d auto,Toyota Prius Saloon1.5 VVTi Hybrid 4d Auto Specs & dimensions,2000,,1497.0,4.0,71.0,115.0,1250.0,Front wheel drive,Automatic,EV,Petrol/Electric Hybrid,,,159.3,99.0,13.0,114.0,https://www.parkers.co.uk/toyota/prius/saloon-2000/15-vvti-hybrid-4d-auto/specs/
CAR_2E2BABE6,Toyota,Prius,15 vvti hybrid 4d auto (sn),Toyota Prius Saloon1.5 VVTi Hybrid 4d Auto (SN) Specs & dimensions,2000,,1497.0,4.0,71.0,115.0,1250.0,Front wheel drive,Automatic,EV,Petrol/Electric Hybrid,,,159.3,99.0,13.0,114.0,https://www.parkers.co.uk/toyota/prius/saloon-2000/15-vvti-hybrid-4d-auto-(sn)/specs/
CAR_F670B38F,Toyota,Prius,15 vvti t spirit hybrid 5d cvt auto,Toyota Prius Hatchback1.5 VVTi T Spirit Hybrid 5d CVT Auto Specs & dimensions,2004,,1497.0,4.0,76.0,115.0,1300.0,Front wheel drive,Automatic,EV,Petrol/Electric Hybrid,,,170.6,106.0,10.6,104.0,https://www.parkers.co.uk/toyota/prius/hatchback-2004/15-vvti-t-spirit-hybrid-5d-cvt-auto/specs/
CAR_A61EA515,Toyota,Prius,15 vvti t3 hybrid 5d cvt auto,Toyota Prius Hatchback1.5 VVTi T3 Hybrid 5d CVT Auto Specs & dimensions,2004,,1497.0,4.0,76.0,115.0,1300.0,Front wheel drive,Automatic,EV,Petrol/Electric Hybrid,,,170.6,106.0,10.6,104.0,https://www.parkers.co.uk/toyota/prius/hatchback-2004/15-vvti-t3-hybrid-5d-cvt-auto/specs/
CAR_5BF03DE0,Toyota,Corolla,18 hybrid design 5dr cvt,Toyota Corolla Hatchback1.8 Hybrid Design 5dr CVT Specs & dimensions,2019,,1798.0,4.0,138.0,142.0,1345.0,Front wheel drive,Automatic,EV,Petrol/Electric Hybrid,,,180.2,112.0,8.8,104.0,https://www.parkers.co.uk/toyota/corolla/hatchback-2019/18-hybrid-design-5dr-cvt/specs/
CAR_7F61C6B6,Toyota,Corolla,18 hybrid design 5dr cvt [panoramic roof],Toyota Corolla Hatchback1.8 Hybrid Design 5dr CVT [Panoramic Roof] Specs & dimensions,2019,,1798.0,4.0,138.0,142.0,1345.0,Front wheel drive,Automatic,EV,Petrol/Electric Hybrid,,,178.6,111.0,8.8,105.0,https://www.parkers.co.uk/toyota/corolla/hatchback-2019/18-hybrid-design-5dr-cvt-[panoramic-roof]/specs/
CAR_6371DED2,Toyota,Corolla,18 hybrid design 5dr cvt,Toyota Corolla Touring Sports1.8 Hybrid Design 5dr CVT Specs & dimensions,2019,,1798.0,4.0,138.0,142.0,1400.0,Front wheel drive,Automatic,EV,Petrol/Electric Hybrid,,,180.2,112.0,9.1,106.0,https://www.parkers.co.uk/toyota/corolla/touring-sports-2019/18-hybrid-design-5dr-cvt/specs/
CAR_7D2F14B5,Toyota,Corolla,18 hybrid design 5dr cvt [panoramic roof],Toyota Corolla Touring Sports1.8 Hybrid Design 5dr CVT [Panoramic Roof] Specs & dimensions,2019,,1798.0,4.0,138.0,142.0,1400.0,Front wheel drive,Automatic,EV,Petrol/Electric Hybrid,,,178.6,111.0,9.1,107.0,https://www.parkers.co.uk/toyota/corolla/touring-sports-2019/18-hybrid-design-5dr-cvt-[panoramic-roof]/specs/
CAR_84D387E4,Toyota,Corolla,18 vvt i hybrid 122hp auto 5d,Toyota Corolla Trek1.8 VVT-i Hybrid 122hp auto 5d Specs & dimensions,2019,,1798.0,4.0,120.0,142.0,1300.0,Front wheel drive,Automatic,EV,Petrol/Electric Hybrid,,,180.2,112.0,10.7,113.0,https://www.parkers.co.uk/toyota/corolla/trek-2019/18-vvt-i-hybrid-122hp-auto-5d/specs/
CAR_134D40AF,Toyota,Corolla,20 vvt i hybrid 184hp auto 5d,Toyota Corolla Trek2.0 VVT-i Hybrid 184hp auto 5d Specs & dimensions,2019,,1987.0,4.0,181.0,190.0,1370.0,Front wheel drive,Automatic,EV,Petrol/Electric Hybrid,,,180.2,112.0,7.8,121.0,https://www.parkers.co.uk/toyota/corolla/trek-2019/20-vvt-i-hybrid-184hp-auto-5d/specs/
CAR_6BFEF162,Toyota,Corolla,design 18 vvt i hybrid auto 4d,Toyota Corolla SaloonDesign 1.8 VVT-i Hybrid auto 4d Specs & dimensions,2019,,1798.0,4.0,120.0,142.0,1310.0,Front wheel drive,Automatic,EV,Petrol/Electric Hybrid,,,180.2,112.0,10.6,110.0,https://www.parkers.co.uk/toyota/corolla/saloon-2019/design-18-vvt-i-hybrid-auto-4d/specs/
CAR_2D556A7B,Toyota,Corolla,icon 18 vvt i hybrid auto 4d,Toyota Corolla SaloonIcon 1.8 VVT-i Hybrid auto 4d Specs & dimensions,2019,,1798.0,4.0,120.0,142.0,1310.0,Front wheel drive,Automatic,EV,Petrol/Electric Hybrid,,,180.2,112.0,10.6,102.0,https://www.parkers.co.uk/toyota/corolla/saloon-2019/icon-18-vvt-i-hybrid-auto-4d/specs/
CAR_64800B1D,Toyota,Corolla,13 cd 3d auto,Toyota Corolla Hatchback1.3 CD 3d Auto Specs & dimensions,1997,,1332.0,4.0,85.0,120.0,1155.0,Front wheel drive,Automatic,Naturally Aspirated,Petrol,,,164.2,102.0,15.6,190.0,https://www.parkers.co.uk/toyota/corolla/hatchback-1997/13-cd-3d-auto/specs/
CAR_8D2473DF,Toyota,Corolla,13 cd 5d auto,Toyota Corolla Hatchback1.3 CD 5d Auto Specs & dimensions,1997,,1332.0,4.0,85.0,120.0,1175.0,Front wheel drive,Automatic,Naturally Aspirated,Petrol,,,164.2,102.0,15.6,190.0,https://www.parkers.co.uk/toyota/corolla/hatchback-1997/13-cd-5d-auto/specs/
CAR_17977AC3,Toyota,Corolla,13 sportif 4d,Toyota Corolla Saloon1.3 Sportif 4d Specs & dimensions,1997,,1332.0,4.0,85.0,120.0,1025.0,Front wheel drive,Manual,Naturally Aspirated,Petrol,,,169.0,105.0,12.1,168.0,https://www.parkers.co.uk/toyota/corolla/saloon-1997/13-sportif-4d/specs/
CAR_C86A4EB7,Toyota,Corolla,13i 16v 4d,Toyota Corolla Saloon1.3i 16V 4d Specs & dimensions,1997,,1332.0,4.0,85.0,120.0,1040.0,Front wheel drive,Manual,Naturally Aspirated,Petrol,,,169.0,105.0,12.1,168.0,https://www.parkers.co.uk/toyota/corolla/saloon-1997/13i-16v-4d/specs/
CAR_E3D3D806,Toyota,Corolla,13 sportif 5d,Toyota Corolla Estate1.3 Sportif 5d Specs & dimensions,1997,,1332.0,4.0,85.0,120.0,1060.0,Front wheel drive,Manual,Naturally Aspirated,Petrol,,,169.0,105.0,12.1,168.0,https://www.parkers.co.uk/toyota/corolla/estate-1997/13-sportif-5d/specs/
CAR_E728A944,Toyota,Corolla,13i 16v 5d,Toyota Corolla Estate1.3i 16V 5d Specs & dimensions,1997,,1332.0,4.0,85.0,120.0,1060.0,Front wheel drive,Manual,Naturally Aspirated,Petrol,,,169.0,105.0,12.1,168.0,https://www.parkers.co.uk/toyota/corolla/estate-1997/13i-16v-5d/specs/
CAR_84E7AC11,Toyota,Corolla,14 vvti calida liftback 5d,Toyota Corolla Hatchback1.4 VVTi Calida Liftback 5d Specs & dimensions,2000,,1398.0,4.0,94.0,130.0,1165.0,Front wheel drive,Manual,Naturally Aspirated,Petrol,,,185.1,115.0,11.4,162.0,https://www.parkers.co.uk/toyota/corolla/hatchback-2000/14-vvti-calida-liftback-5d/specs/
CAR_EEE753CF,Toyota,Corolla,14 vvti gls 5d,Toyota Corolla Hatchback1.4 VVTi GLS 5d Specs & dimensions,2000,,1398.0,4.0,94.0,130.0,1165.0,Front wheel drive,Manual,Naturally Aspirated,Petrol,,,185.1,115.0,11.4,162.0,https://www.parkers.co.uk/toyota/corolla/hatchback-2000/14-vvti-gls-5d/specs/
CAR_9DFD32F2,Toyota,Corolla,14 vvti gs 5d,Toyota Corolla Estate1.4 VVTi GS 5d Specs & dimensions,2000,,1398.0,4.0,94.0,130.0,1175.0,Front wheel drive,Manual,Naturally Aspirated,Petrol,,,185.1,115.0,11.4,165.0,https://www.parkers.co.uk/toyota/corolla/estate-2000/14-vvti-gs-5d/specs/
CAR_D0335757,Toyota,Corolla,16 vvti gls 5d,Toyota Corolla Estate1.6 VVTi GLS 5d Specs & dimensions,2000,,1598.0,4.0,108.0,150.0,1195.0,Front wheel drive,Manual,Naturally Aspirated,Petrol,,,194.7,121.0,9.7,171.0,https://www.parkers.co.uk/toyota/corolla/estate-2000/16-vvti-gls-5d/specs/
CAR_266D7284,Toyota,Corolla,14 d 4d colour collection 3d,Toyota Corolla Hatchback1.4 D-4D Colour Collection 3d Specs & dimensions,2002,,1364.0,4.0,89.0,190.0,1190.0,Front wheel drive,Manual,Unknown,Diesel,,,180.2,112.0,12.9,128.0,https://www.parkers.co.uk/toyota/corolla/hatchback-2002/14-d-4d-colour-collection-3d/specs/
CAR_0B2AD5B5,Toyota,Corolla,14 d 4d colour collection 5d,Toyota Corolla Hatchback1.4 D-4D Colour Collection 5d Specs & dimensions,2002,,1364.0,4.0,89.0,190.0,1200.0,Front wheel drive,Manual,Unknown,Diesel,,,180.2,112.0,14.0,128.0,https://www.parkers.co.uk/toyota/corolla/hatchback-2002/14-d-4d-colour-collection-5d/specs/
CAR_0116E421,Toyota,Corolla,14 d 4d colour collection 4d,Toyota Corolla Saloon1.4 D-4D Colour Collection 4d Specs & dimensions,2002,,1364.0,4.0,89.0,190.0,1115.0,Front wheel drive,Manual,Unknown,Diesel,,,180.2,112.0,12.9,127.0,https://www.parkers.co.uk/toyota/corolla/saloon-2002/14-d-4d-colour-collection-4d/specs/
CAR_7F3F9F0E,Toyota,Corolla,14 d 4d t2 4d,Toyota Corolla Saloon1.4 D-4D T2 4d Specs & dimensions,2002,,1364.0,4.0,89.0,190.0,1115.0,Front wheel drive,Manual,Unknown,Diesel,,,180.2,112.0,12.9,127.0,https://www.parkers.co.uk/toyota/corolla/saloon-2002/14-d-4d-t2-4d/specs/
CAR_FFC493AA,Toyota,Corolla,16 vvt i colour collection 5d,Toyota Corolla Estate1.6 VVT-i Colour Collection 5d Specs & dimensions,2002,,1598.0,4.0,109.0,150.0,1170.0,Front wheel drive,Manual,Naturally Aspirated,Petrol,,,189.9,118.0,9.9,172.0,https://www.parkers.co.uk/toyota/corolla/estate-2002/16-vvt-i-colour-collection-5d/specs/
CAR_ADB03A92,Toyota,Corolla,16 vvt i t2 5d (02),Toyota Corolla Estate1.6 VVT-i T2 5d (02) Specs & dimensions,2002,,1598.0,4.0,110.0,150.0,1170.0,Front wheel drive,Manual,Naturally Aspirated,Petrol,,,189.9,118.0,9.9,172.0,https://www.parkers.co.uk/toyota/corolla/estate-2002/16-vvt-i-t2-5d-(02)/specs/
CAR_64E12DED,Toyota,Corolla,16 vvt i t2 5d,Toyota Corolla Verso1.6 VVT-i T2 5d Specs & dimensions,2002,,1598.0,4.0,110.0,150.0,1280.0,Front wheel drive,Manual,Naturally Aspirated,Petrol,,,180.2,112.0,11.0,174.0,https://www.parkers.co.uk/toyota/corolla/verso-2002/16-vvt-i-t2-5d/specs/
CAR_752EE6ED,Toyota,Corolla,18 vvt i t spirit 5d,Toyota Corolla Verso1.8 VVT-i T Spirit 5d Specs & dimensions,2002,,1794.0,4.0,133.0,170.0,1290.0,Front wheel drive,Manual,Naturally Aspirated,Petrol,,,185.1,115.0,10.0,181.0,https://www.parkers.co.uk/toyota/corolla/verso-2002/18-vvt-i-t-spirit-5d/specs/
CAR_7C98A9D9,Toyota,Corolla,16 vvt i t2 5d,Toyota Corolla Verso1.6 VVT-i T2 5d Specs & dimensions,2004,,1598.0,4.0,109.0,150.0,1365.0,Front wheel drive,Manual,Naturally Aspirated,Petrol,,,175.4,109.0,,178.0,https://www.parkers.co.uk/toyota/corolla/verso-2004/16-vvt-i-t2-5d/specs/
CAR_35596482,Toyota,Corolla,16 vvt i t2 5d (07),Toyota Corolla Verso1.6 VVT-i T2 5d (07) Specs & dimensions,2004,,1598.0,4.0,108.0,150.0,,Front wheel drive,Manual,Naturally Aspirated,Petrol,,,175.4,109.0,,178.0,https://www.parkers.co.uk/toyota/corolla/verso-2004/16-vvt-i-t2-5d-(07)/specs/
CAR_E2AE9591,Toyota,Corolla,13 crescendo 5d,Toyota Corolla Hatchback1.3 Crescendo 5d Specs & dimensions,1983,,1295.0,,74.0,,,Front wheel drive,Manual,Naturally Aspirated,Petrol,,,,,,,https://www.parkers.co.uk/toyota/corolla/hatchback-1983/13-crescendo-5d/specs/
CAR_56A954DE,Toyota,Corolla,13 crescendo 5d auto,Toyota Corolla Hatchback1.3 Crescendo 5d Auto Specs & dimensions,1983,,1295.0,,74.0,,,Front wheel drive,Automatic,Naturally Aspirated,Petrol,,,,,,,https://www.parkers.co.uk/toyota/corolla/hatchback-1983/13-crescendo-5d-auto/specs/
CAR_BCDAA875,Toyota,Corolla,13 gl 4d (83),Toyota Corolla Saloon1.3 GL 4d (83) Specs & dimensions,1983,,1295.0,,74.0,,,Front wheel drive,Manual,Naturally Aspirated,Petrol,,,,,,,https://www.parkers.co.uk/toyota/corolla/saloon-1983/13-gl-4d-(83)/specs/
CAR_10FF0636,Toyota,Corolla,13 gl 4d (85),Toyota Corolla Saloon1.3 GL 4d (85) Specs & dimensions,1983,,1295.0,,74.0,,,Front wheel drive,Manual,Naturally Aspirated,Petrol,,,,,,,https://www.parkers.co.uk/toyota/corolla/saloon-1983/13-gl-4d-(85)/specs/
CAR_198AD40E,Toyota,Corolla,13 gl 5d,Toyota Corolla Estate1.3 GL 5d Specs & dimensions,1987,,1295.0,,74.0,,,Front wheel drive,Manual,Naturally Aspirated,Petrol,,,,,,,https://www.parkers.co.uk/toyota/corolla/estate-1987/13-gl-5d/specs/
CAR_61E1A8AF,Toyota,Corolla,16 4wd 5d,Toyota Corolla Estate1.6 4WD 5d Specs & dimensions,1987,,1587.0,,94.0,,,4 wheel drive,Manual,Naturally Aspirated,Petrol,,,,,,,https://www.parkers.co.uk/toyota/corolla/estate-1987/16-4wd-5d/specs/
CAR_15263939,Toyota,Corolla,13 cd 3d auto,Toyota Corolla Hatchback1.3 CD 3d Auto Specs & dimensions,1992,,1332.0,4.0,85.0,120.0,1090.0,Front wheel drive,Automatic,Naturally Aspirated,Petrol,,,169.0,105.0,12.1,,https://www.parkers.co.uk/toyota/corolla/hatchback-1992/13-cd-3d-auto/specs/
CAR_F687CAC5,Toyota,Corolla,13 cd 3d auto (ac),Toyota Corolla Hatchback1.3 CD 3d Auto (AC) Specs & dimensions,1992,,1332.0,4.0,85.0,120.0,1090.0,Front wheel drive,Automatic,Naturally Aspirated,Petrol,,,169.0,105.0,12.1,,https://www.parkers.co.uk/toyota/corolla/hatchback-1992/13-cd-3d-auto-(ac)/specs/
CAR_66F734B0,Toyota,Corolla,13 gli 4d,Toyota Corolla Saloon1.3 GLi 4d Specs & dimensions,1992,,1331.0,,87.0,,,Front wheel drive,Manual,Naturally Aspirated,Petrol,,,,,,,https://www.parkers.co.uk/toyota/corolla/saloon-1992/13-gli-4d/specs/
CAR_B170D4D8,Toyota,Corolla,16 cd 4d,Toyota Corolla Saloon1.6 CD 4d Specs & dimensions,1992,,1587.0,4.0,113.0,,1105.0,Front wheel drive,Manual,Naturally Aspirated,Petrol,,,186.7,116.0,10.3,,https://www.parkers.co.uk/toyota/corolla/saloon-1992/16-cd-4d/specs/
CAR_4E6DF01B,Toyota,Corolla,13 gli 5d,Toyota Corolla Estate1.3 GLi 5d Specs & dimensions,1992,,1331.0,,87.0,,,Front wheel drive,Manual,Naturally Aspirated,Petrol,,,,,,,https://www.parkers.co.uk/toyota/corolla/estate-1992/13-gli-5d/specs/
CAR_98764056,Toyota,Corolla,13 kudos 5d,Toyota Corolla Estate1.3 Kudos + 5d Specs & dimensions,1992,,1331.0,,87.0,,,Front wheel drive,Manual,Naturally Aspirated,Petrol,,,,,,,https://www.parkers.co.uk/toyota/corolla/estate-1992/13-kudos-5d/specs/
CAR_D8C74B78,Toyota,Corolla,13 20 5d,Toyota Corolla Hatchback1.3 20 5d Specs & dimensions,1985,,1331.0,,,,,Front wheel drive,Manual,Naturally Aspirated,Petrol,,,,,,,https://www.parkers.co.uk/toyota/corolla/hatchback-1985/13-20-5d/specs/
CAR_9AA90E81,Toyota,Corolla,16 special 3d,Toyota Corolla Hatchback1.6 Special 3d Specs & dimensions,1985,,1587.0,,119.0,,,Front wheel drive,Manual,Naturally Aspirated,Petrol,,,,,,,https://www.parkers.co.uk/toyota/corolla/hatchback-1985/16-special-3d/specs/
CAR_9C004656,Toyota,Corolla,13 dx 5d,Toyota Corolla Estate1.3 DX 5d Specs & dimensions,1983,,1290.0,,65.0,,,Front wheel drive,Manual,Naturally Aspirated,Petrol,,,,,,,https://www.parkers.co.uk/toyota/corolla/estate-1983/13-dx-5d/specs/
CAR_1CFDE7ED,Toyota,Corolla,trim dx,Toyota Corolla Estate DX (1983 - 1987)Specs & dimensions,1983,1987,,,,,,,,Unknown,,,,,,,,https://www.parkers.co.uk/toyota/corolla/estate-1983/trim-dx/specs/
CAR_FB736CB8,Toyota,Corolla,gt rwd 3d,Toyota Corolla CoupeGT RWD 3d Specs & dimensions,1986,,1587.0,,124.0,,,Rear wheel drive,Manual,Naturally Aspirated,Petrol,,,,,,,https://www.parkers.co.uk/toyota/corolla/coupe-1986/gt-rwd-3d/specs/
CAR_BA40B21A,Toyota,Corolla,trim gt,Toyota Corolla Coupe GT (1986 - 1987)Specs & dimensions,1986,1987,,,,,,,,Unknown,,,,,,,,https://www.parkers.co.uk/toyota/corolla/coupe-1986/trim-gt/specs/
