car_id,make,model,variant,year_from,stock_hp,weight_kg,displacement_cc,cylinders,stock_torque_nm,drivetrain,engine_type,fuel_type,transmission,top_speed_stock,co2_gkm,power_to_weight,log_power_to_weight,torque_to_weight,log_torque_to_weight,power_per_litre,is_awd,is_ev,is_turbocharged,is_manual,zero_hundred_stock
CAR_8A2CC4C4,Audi,A1,25 tfsi black edition 5dr,2018,93.0,1100.0,999.0,3.0,175.0,Front wheel drive,Turbocharged,Petrol,Manual,191.5,126.0,0.08454545454545455,-2.4704659656332058,0.1590909090909091,-1.8382794848629478,93.09309309309309,0,0,1,1,10.6
CAR_2CD923B6,Audi,A1,(technology pack) 30 tfsi 116ps 5d,2019,114.0,1140.0,999.0,3.0,200.0,Front wheel drive,Turbocharged,Petrol,Manual,197.9,139.0,0.1,-2.3025850929940455,0.17543859649122806,-1.7404661748405046,114.11411411411412,0,0,1,1,9.6
CAR_F32FD119,Audi,A1,10 tfsi se 3d,2010,93.0,1035.0,999.0,3.0,160.0,Front wheel drive,Turbocharged,Petrol,Manual,186.7,114.0,0.08985507246376812,-2.4095572125462135,0.15458937198067632,-1.8669828904656425,93.09309309309309,0,0,1,1,10.6
CAR_EB55F0B0,Audi,A1,10 tfsi se 5d,2012,93.0,1060.0,999.0,3.0,160.0,Front wheel drive,Turbocharged,Petrol,Manual,186.7,114.0,0.08773584905660377,-2.433424693952857,0.1509433962264151,-1.890850371872286,93.09309309309309,0,0,1,1,10.7
CAR_6DEF0D98,Audi,A1,s1 tfsi quattro 3d,2014,227.0,1315.0,1984.0,4.0,370.0,4 wheel drive,Turbocharged,Petrol,Manual,249.4,162.0,0.1726235741444867,-1.7566419271304623,0.2813688212927757,-1.2680889389735948,114.41532258064517,1,0,1,1,5.6
CAR_BCA0C83E,Audi,A2,14 5d,2000,73.0,895.0,1390.0,4.0,126.0,Front wheel drive,Naturally Aspirated,Petrol,Manual,172.2,144.0,0.08156424581005586,-2.5063642771264645,0.14078212290502792,-1.9605418113233775,52.517985611510795,0,0,0,1,11.6
CAR_12D05252,Audi,A3,12 tfsi (110bhp) s line 5d,2013,108.0,1180.0,1197.0,4.0,175.0,Front wheel drive,Turbocharged,Petrol,Manual,197.9,114.0,0.09152542372881356,-2.3911384903354906,0.1483050847457627,-1.9084837435361965,90.22556390977444,0,0,1,1,9.8
CAR_9E57EE98,Audi,A3,14 tfsi (150bhp) s line (nav) 4d,2013,147.0,1240.0,1395.0,4.0,250.0,Front wheel drive,Turbocharged,Petrol,Manual,223.7,112.0,0.11854838709677419,-2.132434071820346,0.20161290322580644,-1.6014057407368363,105.3763440860215,0,0,1,1,7.9
CAR_C9C5FEC8,Audi,A3,14 tfsi (150bhp) s line (nav) 2d,2014,147.0,1365.0,1395.0,4.0,250.0,Front wheel drive,Turbocharged,Petrol,Manual,222.1,118.0,0.1076923076923077,-2.228477120840324,0.18315018315018314,-1.6974487897568138,105.3763440860215,0,0,1,1,8.6
CAR_494B50D3,Audi,A3,15 tfsi 116 s line 5dr,2020,114.0,1285.0,1498.0,4.0,220.0,Front wheel drive,Turbocharged,Petrol,Manual,204.4,132.0,0.088715953307393,-2.4223155489348245,0.17120622568093385,-1.7648864509769586,76.10146862483312,0,0,1,1,9.4
CAR_A0F30475,Audi,A3,15 tfsi 116 s line 4dr,2020,114.0,1285.0,1498.0,4.0,220.0,Front wheel drive,Turbocharged,Petrol,Manual,209.2,127.0,0.088715953307393,-2.4223155489348245,0.17120622568093385,-1.7648864509769586,76.10146862483312,0,0,1,1,9.4
CAR_53930883,Audi,A3,s3 tfsi black ed quattro 4dr s tronic [tech pro],2020,305.0,1505.0,1984.0,4.0,400.0,4 wheel drive,Turbocharged,Petrol,Automatic,249.4,180.0,0.2026578073089701,-1.5962364005755645,0.26578073089701,-1.325083630074994,153.7298387096774,1,0,1,0,4.6
CAR_F1A92C37,Audi,A3,rs 3 tfsi qtro 400 carbon vorsprung 5dr s tronic,2021,394.0,1565.0,2480.0,5.0,500.0,4 wheel drive,Turbocharged,Petrol,Automatic,280.0,213.0,0.25175718849840256,-1.3792901936763198,0.3194888178913738,-1.1410330045520618,158.8709677419355,1,0,1,0,3.7
CAR_0789D367,Audi,A3,rs 3 tfsi qtro 400 carbon vorsprung 4dr s tronic,2021,394.0,1565.0,2480.0,5.0,500.0,4 wheel drive,Turbocharged,Petrol,Automatic,280.0,209.0,0.25175718849840256,-1.3792901936763198,0.3194888178913738,-1.1410330045520618,158.8709677419355,1,0,1,0,3.7
CAR_F134EEE2,Audi,A3,15 tfsi e 204 black ed 5dr s tronic [tech pack],2025,201.0,1600.0,1498.0,4.0,350.0,Front wheel drive,Turbocharged,Petrol Parallel PHEV,Automatic,225.3,29.0,0.125625,-2.0744540001687968,0.21875,-1.5198257537444133,134.1789052069426,0,0,1,0,7.2
CAR_53F62B3B,Audi,A3,12 tfsi (start stop) 3d,2003,103.0,1205.0,1197.0,4.0,175.0,Front wheel drive,Turbocharged,Petrol,Manual,191.5,127.0,0.08547717842323652,-2.4595058576951194,0.14522821576763487,-1.9294488720012413,86.04845446950709,0,0,1,1,10.6
CAR_5B863EC7,Audi,A3,12 t fsi (start stop) 5d,2004,103.0,1245.0,1197.0,4.0,175.0,Front wheel drive,Naturally Aspirated,Petrol,Manual,191.5,127.0,0.08273092369477912,-2.492161820669172,0.14056224899598393,-1.9621048349752939,86.04845446950709,0,0,0,1,10.9
CAR_90415E34,Audi,A3,12 t fsi (start stop) 2d,2008,103.0,1360.0,1197.0,4.0,175.0,Front wheel drive,Naturally Aspirated,Petrol,Manual,189.9,132.0,0.07573529411764705,-2.580510990500462,0.12867647058823528,-2.050454004806584,86.04845446950709,0,0,0,1,11.8
CAR_971A669F,Audi,A3,s3 quattro (06) 3d,2006,261.0,1455.0,1984.0,4.0,350.0,4 wheel drive,Naturally Aspirated,Petrol,Manual,249.4,217.0,0.17938144329896907,-1.7182407722828994,0.24054982817869416,-1.4248280251221335,131.55241935483872,1,0,0,1,5.5
CAR_D9CBFA55,Audi,A3,25t fsi rs3 quattro 5d s tronic,2011,335.0,1650.0,2480.0,5.0,450.0,4 wheel drive,Naturally Aspirated,Petrol,Automatic,249.4,212.0,0.20303030303030303,-1.5944000350695597,0.2727272727272727,-1.2992829841302609,135.08064516129033,1,0,0,0,4.5
CAR_89DF2F23,Audi,A3,12 tfsi (110bhp) s line 3d,2012,108.0,1150.0,1197.0,4.0,175.0,Front wheel drive,Turbocharged,Petrol,Manual,197.9,114.0,0.09391304347826086,-2.365385994233076,0.15217391304347827,-1.8827312474337816,90.22556390977444,0,0,1,1,9.6
CAR_ED14E8B1,Audi,A3,s3 cabriolet tfsi quattro 2d s tronic,2013,295.0,1620.0,1984.0,4.0,380.0,4 wheel drive,Turbocharged,Petrol,Automatic,249.4,165.0,0.18209876543209877,-1.70320607188661,0.2345679012345679,-1.4500101755059984,148.68951612903226,1,0,1,0,5.2
CAR_846B2C71,Audi,A3,25 tfsi rs 3 quattro (nav) 5d s tronic,2015,361.0,1520.0,2480.0,5.0,465.0,4 wheel drive,Turbocharged,Petrol,Automatic,249.4,189.0,0.2375,-1.4375876555074412,0.3059210526315789,-1.1844282082529658,145.56451612903226,1,0,1,0,4.2
CAR_B3AA93EE,Audi,A3,16 3d,1996,100.0,1090.0,1595.0,4.0,148.0,Front wheel drive,Naturally Aspirated,Petrol,Manual,188.3,170.0,0.09174311926605505,-2.388762789235098,0.13577981651376148,-1.9967207014590742,62.695924764890286,0,0,0,1,10.6
CAR_AFB64EAF,Audi,A4,14t fsi se 4d,2015,147.0,1320.0,1395.0,4.0,250.0,Front wheel drive,Naturally Aspirated,Petrol,Manual,209.2,126.0,0.11136363636363636,-2.1949544288016805,0.1893939393939394,-1.66392609771817,105.3763440860215,0,0,0,1,8.4
CAR_7D2A3C99,Audi,A4,14t fsi se 5d,2015,147.0,1370.0,1395.0,4.0,250.0,Front wheel drive,Naturally Aspirated,Petrol,Manual,209.2,131.0,0.1072992700729927,-2.2321334320434345,0.18248175182481752,-1.701105100959924,105.3763440860215,0,0,0,1,8.7
CAR_E22EBCFF,Audi,A4,20 tdi 190ps quattro s tronic auto (062017 on) 5d,2016,187.0,1640.0,1968.0,4.0,400.0,4 wheel drive,Diesel,Diesel,Automatic,218.9,128.0,0.11402439024390244,-2.1713429039636574,0.24390243902439024,-1.410986973710262,95.02032520325203,1,0,0,0,7.6
CAR_FB848E81,Audi,A4,rs 4 (comfort and sound pack) 450ps tiptronic auto 5d,2017,443.0,1745.0,2894.0,6.0,600.0,4 wheel drive,Turbocharged,Petrol,Automatic,249.4,221.0,0.25386819484240686,-1.370940064591392,0.3438395415472779,-1.0675801794203812,153.07532826537664,1,0,1,0,4.0
CAR_80CBDA93,Audi,A4,18t fsi (160bhp) black edition 4d,2008,157.0,1410.0,1798.0,4.0,250.0,Front wheel drive,Naturally Aspirated,Petrol,Manual,225.3,164.0,0.11134751773049645,-2.1950991780239058,0.1773049645390071,-1.7298840655099674,87.31924360400444,0,0,0,1,8.3
CAR_C21F9A7E,Audi,A4,18t fsi (160bhp) black edition 5d,2008,157.0,1470.0,1798.0,4.0,250.0,Front wheel drive,Naturally Aspirated,Petrol,Manual,225.3,169.0,0.10680272108843537,-2.236771874424474,0.17006802721088435,-1.7715567619105357,87.31924360400444,0,0,0,1,8.6
CAR_16B6C33D,Audi,A4,20 tdi (190bhp) quattro 5d,2009,187.0,1690.0,1968.0,4.0,400.0,4 wheel drive,Diesel,Diesel,Manual,222.1,145.0,0.11065088757396449,-2.2013751910625325,0.23668639053254437,-1.4410192608091372,95.02032520325203,1,0,0,1,7.4
CAR_7D908350,Audi,A4,s4 quattro avant (2012) 5d s tronic,2009,328.0,1750.0,2995.0,6.0,440.0,4 wheel drive,Naturally Aspirated,Petrol,Automatic,249.4,180.0,0.18742857142857142,-1.674357458533416,0.25142857142857145,-1.3805963400052528,109.51585976627713,1,0,0,0,4.9
CAR_22D150BE,Audi,A4,42 fsi quattro 5d s tronic,2012,443.0,1795.0,4163.0,8.0,430.0,4 wheel drive,Naturally Aspirated,Petrol,Automatic,249.4,249.0,0.2467966573816156,-1.3991905308772437,0.2395543175487465,-1.4289750922347713,106.41364400672592,1,0,0,0,4.5
CAR_D2456324,Audi,A4,16 4d,1995,101.0,1185.0,1595.0,4.0,140.0,Front wheel drive,Naturally Aspirated,Petrol,Manual,191.5,197.0,0.08523206751054853,-2.462377536727972,0.11814345991561181,-2.1358556309599273,63.322884012539184,0,0,0,1,11.5
CAR_EFD5310F,Audi,A4,16 5d,1996,101.0,1200.0,1595.0,4.0,140.0,Front wheel drive,Naturally Aspirated,Petrol,Manual,186.7,197.0,0.08416666666666667,-2.474956318934832,0.11666666666666667,-2.1484344131667874,63.322884012539184,0,0,0,1,11.7
CAR_157CA3B5,Audi,A4,16 4d,2000,100.0,1295.0,1595.0,4.0,148.0,Front wheel drive,Naturally Aspirated,Petrol,Manual,188.3,187.0,0.07722007722007722,-2.561095788145547,0.11428571428571428,-2.169053700369523,62.695924764890286,0,0,0,1,12.2
CAR_50B69C1D,Audi,A4,16 5d,2001,100.0,1350.0,1596.0,4.0,148.0,Front wheel drive,Naturally Aspirated,Petrol,Manual,185.1,190.0,0.07407407407407407,-2.6026896854443837,0.10962962962962963,-2.21064759766836,62.65664160401002,0,0,0,1,12.6
CAR_AF212CB6,Audi,A4,18t 2d,2001,160.0,1540.0,1781.0,4.0,225.0,Front wheel drive,Naturally Aspirated,Petrol,Manual,225.3,208.0,0.1038961038961039,-2.264363880173848,0.1461038961038961,-1.9234372932032548,89.83717012914093,0,0,0,1,9.1
CAR_CDB7F3C4,Audi,A4,16 4d,2005,100.0,1300.0,1596.0,4.0,148.0,Front wheel drive,Naturally Aspirated,Petrol,Manual,189.9,187.0,0.07692307692307693,-2.5649493574615367,0.11384615384615385,-2.172907269685513,62.65664160401002,0,0,0,1,12.2
CAR_53EA1310,Audi,A4,16 5d,2005,100.0,1360.0,1596.0,4.0,148.0,Front wheel drive,Naturally Aspirated,Petrol,Manual,185.1,190.0,0.07352941176470588,-2.6100697927420065,0.10882352941176471,-2.2180277049659827,62.65664160401002,0,0,0,1,12.6
CAR_BEC2A0AE,Audi,A4,18t 2d,2006,160.0,1540.0,1781.0,4.0,225.0,Front wheel drive,Naturally Aspirated,Petrol,Manual,225.3,199.0,0.1038961038961039,-2.264363880173848,0.1461038961038961,-1.9234372932032548,89.83717012914093,0,0,0,1,9.1
CAR_E0B949C3,Audi,A4,42 fsi quattro 2d cabriolet,2005,414.0,1845.0,4163.0,8.0,430.0,4 wheel drive,Naturally Aspirated,Petrol,Manual,249.4,336.0,0.22439024390243903,-1.4943685826493132,0.23306233062330622,-1.4564493477870195,99.4475138121547,1,0,0,1,4.7
CAR_4CB462DD,Audi,A5,35 tdi black edition 2dr s tronic,2016,160.0,1490.0,1968.0,4.0,370.0,Front wheel drive,Diesel,Diesel,Automatic,228.5,137.0,0.10738255033557047,-2.231357583705678,0.2483221476510067,-1.3930283933012346,81.30081300813008,0,0,0,0,7.9
CAR_8B535CC7,Audi,A5,35 tdi black edition 5dr s tronic,2017,160.0,1520.0,1968.0,4.0,370.0,Front wheel drive,Diesel,Diesel,Automatic,225.3,139.0,0.10526315789473684,-2.2512917986064953,0.24342105263157895,-1.4129626082020519,81.30081300813008,0,0,0,0,8.1
CAR_820D557A,Audi,A5,35 tfsi edition 1 2dr s tronic 2d,2017,147.0,1665.0,1984.0,4.0,270.0,Front wheel drive,Turbocharged,Petrol,Automatic,218.9,164.0,0.08828828828828829,-2.427147815635808,0.16216216216216217,-1.8191584434161694,74.09274193548387,0,0,1,0,9.5
CAR_6DDCDFC5,Audi,A5,20 tdi 204 black edition 4dr s tronic,2024,201.0,1820.0,1968.0,4.0,400.0,Front wheel drive,Diesel,Diesel,Automatic,241.4,129.0,0.11043956043956044,-2.2032868720117653,0.21978021978021978,-1.5151272329628591,102.13414634146342,0,0,0,0,7.5
CAR_3BB346E2,Audi,A5,20 tdi 204 black edition 5dr s tronic,2024,201.0,1835.0,1968.0,4.0,400.0,Front wheel drive,Diesel,Diesel,Automatic,239.8,131.0,0.10953678474114441,-2.211494852429595,0.21798365122615804,-1.5233352133806886,102.13414634146342,0,0,0,0,7.5
CAR_13AB0444,Audi,A5,20 tfsi 299 e qtro edition1 4dr s tronic[19alloy],2025,294.0,2070.0,1984.0,4.0,450.0,4 wheel drive,Hybrid,Petrol Parallel PHEV,Automatic,249.4,47.0,0.14202898550724638,-1.951724118920733,0.21739130434782608,-1.5260563034950494,148.18548387096774,1,0,0,0,5.7
CAR_1A8C01F7,Audi,A5,18t fsi (160bhp) 2d,2007,157.0,1420.0,1798.0,4.0,250.0,Front wheel drive,Naturally Aspirated,Petrol,Manual,225.3,164.0,0.11056338028169015,-2.202166345246998,0.176056338028169,-1.73695123273306,87.31924360400444,0,0,0,1,8.3
CAR_E50AACB8,Audi,A5,18t fsi (177bhp) s line (nav) 2d,2009,174.0,1620.0,1798.0,4.0,320.0,Front wheel drive,Naturally Aspirated,Petrol,Manual,223.7,144.0,0.10740740740740741,-2.231126129011901,0.19753086419753085,-1.6218604324326575,96.77419354838709,0,0,0,1,8.4
CAR_DA868313,Audi,A5,18t fsi (177bhp) black ed plus (5 seat) 5d multitronic,2009,174.0,1525.0,1798.0,4.0,320.0,Front wheel drive,Naturally Aspirated,Petrol,Automatic,220.5,149.0,0.11409836065573771,-2.170694389826983,0.2098360655737705,-1.5614286932477397,96.77419354838709,0,0,0,0,8.1
CAR_CE8A2B1D,Audi,A5,s5 quattro (2011) cabrio 2d s tronic,2007,328.0,1675.0,2995.0,6.0,440.0,4 wheel drive,Naturally Aspirated,Petrol,Automatic,249.4,184.0,0.19582089552238807,-1.630554835875023,0.2626865671641791,-1.33679371734686,109.51585976627713,1,0,0,0,4.7
CAR_DD0E1FF4,Audi,A5,42 fsi cabriolet quattro 2d s tronic,2010,443.0,1920.0,4163.0,8.0,430.0,4 wheel drive,Naturally Aspirated,Petrol,Automatic,249.4,249.0,0.23072916666666668,-1.4665106949766915,0.22395833333333334,-1.4962952563342191,106.41364400672592,1,0,0,0,4.5
CAR_A7C96AC0,Audi,A6,30 tdi 272 quattro se executive 4dr s tronic tech 4d,2018,268.0,1770.0,2967.0,6.0,580.0,4 wheel drive,Diesel,Diesel,Automatic,249.4,133.0,0.15141242937853108,-1.887747845057018,0.327683615819209,-1.11570672202741,90.32692955847658,1,0,0,0,5.3
CAR_7A15EA6C,Audi,A6,30 tdi 272 quattro se executive s tronic tec 5d,2018,268.0,1835.0,2967.0,6.0,580.0,4 wheel drive,Diesel,Diesel,Automatic,249.4,138.0,0.14604904632152588,-1.923812779977814,0.31607629427792916,-1.1517716569482057,90.32692955847658,1,0,0,0,5.5
CAR_0E6A451B,Audi,A6,rs 6 (comfort and sound pack) 600ps tiptronic quattro auto 5d,2020,591.0,2075.0,3996.0,8.0,800.0,4 wheel drive,Turbocharged,Petrol,Automatic,249.4,283.0,0.28481927710843374,-1.2559004152587006,0.3855421686746988,-0.9531047049968713,147.8978978978979,1,0,1,0,3.5
CAR_761CFEFA,Audi,A6,45 tdi 245 quattro sport 5dr s tronic [cs pack],2019,241.0,1945.0,2967.0,6.0,500.0,4 wheel drive,Diesel,Diesel,Automatic,249.4,176.0,0.12390745501285347,-2.0882203225618916,0.2570694087403599,-1.358409157630355,81.226828446242,1,0,0,0,6.4
CAR_0CDE4795,Audi,A6,20 tdi quattro 204 edition 1 5dr s tronic,2025,201.0,2000.0,1968.0,4.0,400.0,4 wheel drive,Diesel,Diesel,Automatic,236.6,146.0,0.1005,-2.2975975514830065,0.2,-1.6094379124341003,102.13414634146342,1,0,0,0,6.8
CAR_81ADBBB9,Audi,A6,20 tdi quattro 204 edition 1 5dr s tronic,2025,201.0,1980.0,1968.0,4.0,400.0,4 wheel drive,Diesel,Diesel,Automatic,241.4,143.0,0.10151515151515152,-2.2875472156295054,0.20202020202020202,-1.599387576580599,102.13414634146342,1,0,0,0,6.7
CAR_8018D14E,Audi,A6,20 e hybrid qtro 299 edition 1 4dr s tronic [sv],2025,294.0,2130.0,1984.0,4.0,450.0,4 wheel drive,Hybrid,Petrol Parallel PHEV,Automatic,249.4,56.0,0.13802816901408452,-1.980297491364789,0.2112676056338028,-1.5546296759391054,148.18548387096774,1,0,0,0,5.8
CAR_E25F6553,Audi,A6,20 tdi (170bhp) 4d,2004,167.0,1565.0,1968.0,4.0,350.0,Front wheel drive,Diesel,Diesel,Manual,225.3,149.0,0.10670926517571885,-2.2376472905574984,0.22364217252396165,-1.4977079484907942,84.85772357723577,0,0,0,1,8.6
CAR_EAC41B02,Audi,A6,20 tdi (170bhp) 5d,2005,167.0,1635.0,1968.0,4.0,350.0,Front wheel drive,Diesel,Diesel,Manual,220.5,152.0,0.10214067278287461,-2.2814042709145985,0.21406727828746178,-1.5414649288478943,84.85772357723577,0,0,0,1,8.9
CAR_FBE34600,Audi,A6,52 fsi quattro 4d tip auto,2006,428.0,1910.0,5204.0,10.0,540.0,4 wheel drive,Naturally Aspirated,Petrol,Automatic,249.4,309.0,0.22408376963350785,-1.4957353254588788,0.28272251308900526,-1.2632893814823554,82.24442736356649,1,0,0,0,5.0
CAR_76618DAA,Audi,A6,50t fsi v10 rs6 plus quattro 4d tip auto,2008,571.0,1985.0,4991.0,10.0,650.0,4 wheel drive,Naturally Aspirated,Petrol,Automatic,249.4,331.0,0.2876574307304786,-1.2459849834652805,0.327455919395466,-1.116401830231608,114.4059306752154,1,0,0,0,4.4
CAR_B3348B86,Audi,A6,27 tdi quattro (1008) 5d tip auto,2006,187.0,1870.0,2698.0,6.0,450.0,4 wheel drive,Diesel,Diesel,Automatic,217.3,199.0,0.1,-2.3025850929940455,0.24064171122994651,-1.424446127084267,69.31060044477391,1,0,0,0,8.5
CAR_F176D7C3,Audi,A6,20 tdi black edition 4d,2011,174.0,1575.0,1968.0,4.0,380.0,Front wheel drive,Diesel,Diesel,Manual,226.9,129.0,0.11047619047619048,-2.2029552520452045,0.24126984126984127,-1.421839298539302,88.41463414634147,0,0,0,1,8.4
CAR_759CC577,Audi,A6,20 tdi black edition 5d,2011,174.0,1640.0,1968.0,4.0,380.0,Front wheel drive,Diesel,Diesel,Manual,222.1,132.0,0.10609756097560975,-2.243396221603715,0.23170731707317074,-1.4622802680978126,88.41463414634147,0,0,0,1,8.7
CAR_12B59F95,Audi,A6,(technology pack) 30 bitdi 320ps quattro tiptronic auto 5d,2012,315.0,1955.0,2967.0,6.0,650.0,4 wheel drive,Diesel,Diesel,Automatic,249.4,172.0,0.16112531969309463,-1.825572833593833,0.33248081841432225,-1.1011731095297834,106.16784630940343,1,0,0,0,5.3
CAR_43A74F85,Audi,A6,s6 tfsi quattro avant (1114 ) 5d s tronic,2012,443.0,1960.0,3993.0,8.0,550.0,4 wheel drive,Turbocharged,Petrol,Automatic,249.4,219.0,0.2260204081632653,-1.4871299821794273,0.28061224489795916,-1.2707814739980463,110.94415226646632,1,0,1,0,4.5
CAR_78416B47,Audi,A6,40t fsi quattro rs6 5d tip auto,2013,552.0,1950.0,3993.0,8.0,700.0,4 wheel drive,Naturally Aspirated,Petrol,Automatic,249.4,223.0,0.28307692307692306,-1.2620366052806973,0.358974358974359,-1.024504316514388,138.2419233658903,1,0,0,0,3.8
CAR_C581460F,Audi,A6,18 t 4d,1997,147.0,1520.0,1781.0,4.0,210.0,Front wheel drive,Naturally Aspirated,Petrol,Manual,215.7,206.0,0.09671052631578947,-2.336033027061586,0.13815789473684212,-1.9793580831228532,82.53790005614823,0,0,0,1,9.4
CAR_042A05E4,Audi,A6,18 t 5d,1998,147.0,1490.0,1781.0,4.0,210.0,Front wheel drive,Naturally Aspirated,Petrol,Manual,214.0,206.0,0.09865771812080537,-2.3160988121607686,0.14093959731543623,-1.9594238682220362,82.53790005614823,0,0,0,1,9.6
CAR_36FFC3AF,Audi,A6,25 tdi quattro (163ps) 5d,2000,160.0,1815.0,2496.0,6.0,310.0,4 wheel drive,Diesel,Diesel,Manual,204.4,238.0,0.0881542699724518,-2.4286669314651244,0.17079889807162535,-1.7672684492197592,64.1025641025641,1,0,0,1,10.1
CAR_83FA4918,Audi,A6,18 4d,1994,125.0,1326.5,1781.0,4.0,200.0,Front wheel drive,Naturally Aspirated,Petrol,Manual,199.6,175.0,0.09423294383716548,-2.3619854362754933,0.15077271013946475,-1.8919818070297578,70.18528916339136,0,0,0,1,11.0
CAR_6F85A1E3,Audi,A6 E Tron,210kw 83kwh black edition 5dr auto,2024,281.0,2100.0,1984.0,4.0,435.0,Rear wheel drive,EV,Electric,Automatic,209.2,0.0,0.13380952380952382,-2.0113379543777685,0.20714285714285716,-1.5743465926228302,141.63306451612902,0,1,0,0,6.8
CAR_6CA3CB27,Audi,A6 E Tron,210kw 83kwh black edition 5dr auto,2024,281.0,2110.0,1984.0,4.0,435.0,Rear wheel drive,EV,Electric,Automatic,209.2,0.0,0.13317535545023695,-2.0160885571363667,0.20616113744075829,-1.5790971953814281,141.63306451612902,0,1,0,0,6.8
CAR_FD321ABC,Audi,A7,40 tdi quattro black ed 5dr s tronic [tech pro],2018,201.0,1765.0,1968.0,4.0,400.0,4 wheel drive,Diesel,Diesel,Automatic,249.4,158.0,0.11388101983002832,-2.1726010613083213,0.22662889518413598,-1.484441422259415,102.13414634146342,1,0,0,0,6.8
CAR_E9C1F026,Audi,A7,rs 7 (comfort and sound pack) 600ps tiptronic quattro auto 5d,2020,591.0,2065.0,3996.0,8.0,800.0,4 wheel drive,Turbocharged,Petrol,Automatic,249.4,278.0,0.28619854721549637,-1.251069487989035,0.387409200968523,-0.9482737777272059,147.8978978978979,1,0,1,0,3.5
CAR_7B234F36,Audi,A7,28 fsi quattro s line (5 seat) 5d s tronic,2010,201.0,1730.0,2773.0,6.0,280.0,4 wheel drive,Naturally Aspirated,Petrol,Automatic,235.0,187.0,0.1161849710982659,-2.152571779432749,0.16184971098265896,-1.821087084322575,72.48467363865849,1,0,0,0,8.0
CAR_B6340491,Audi,A7,s7 tfsi quattro (1014 ) 5d s tronic,2012,443.0,1955.0,3993.0,8.0,550.0,4 wheel drive,Turbocharged,Petrol,Automatic,249.4,220.0,0.22659846547314577,-1.4845757023743305,0.2813299232736573,-1.2682271941929495,110.94415226646632,1,0,1,0,4.5
CAR_0A783ACB,Audi,A7,40t fsi v8 bi turbo rs7 quattro 5d tip auto,2013,552.0,1920.0,3993.0,8.0,700.0,4 wheel drive,Turbocharged,Petrol,Automatic,249.4,229.0,0.2875,-1.246532418744732,0.3645833333333333,-1.0090001299784226,138.2419233658903,1,0,1,0,3.8
CAR_52257EC8,Audi,A8,(comfort and sound pack) 50 tdi 286ps quattro tiptronic auto 4d,2018,281.0,2050.0,2967.0,6.0,600.0,4 wheel drive,Diesel,Diesel,Automatic,249.4,148.0,0.13707317073170733,-1.987240402798708,0.2926829268292683,-1.2286654169163076,94.70845972362656,1,0,0,0,5.7
CAR_52F4C4FB,Audi,A8,28 fsi se 4d multitronic,2003,207.0,1690.0,2773.0,6.0,280.0,Front wheel drive,Naturally Aspirated,Petrol,Automatic,236.6,199.0,0.12248520710059171,-2.09976501465175,0.16568047337278108,-1.7976942047478695,74.64839523981247,0,0,0,0,7.7
CAR_051D44B0,Audi,A8,fsi quattro 4d tip auto (07),2006,443.0,1940.0,5204.0,10.0,540.0,4 wheel drive,Naturally Aspirated,Petrol,Automatic,249.4,319.0,0.22835051546391752,-1.4768734820122382,0.27835051546391754,-1.2788741124990537,85.12682551883167,1,0,0,0,4.9
CAR_519A8AD2,Audi,A8,s8 plus tfsi quattro 4d tip auto,2012,596.0,1990.0,3993.0,8.0,750.0,4 wheel drive,Turbocharged,Petrol,Automatic,249.4,231.0,0.2994974874371859,-1.2056492506531884,0.3768844221105528,-0.9758167111881819,149.26120711244678,1,0,1,0,3.7
CAR_4195FC49,Audi,A8,28 4d auto,1994,193.0,1560.0,2771.0,6.0,280.0,Front wheel drive,Naturally Aspirated,Petrol,Automatic,233.4,259.0,0.12371794871794872,-2.089750911338697,0.1794871794871795,-1.717651497074333,69.64994586791772,0,0,0,0,9.9
CAR_1B5A654D,Audi,Cabriolet,18 2d,1992,125.0,1360.0,1781.0,4.0,168.0,Front wheel drive,Naturally Aspirated,Petrol,Manual,194.7,216.0,0.09191176470588236,-2.3869262414277963,0.12352941176470589,-2.0912759993268386,70.18528916339136,0,0,0,1,11.1
CAR_C616533E,Audi,Cabriolet,18 2d,1997,125.0,1326.5,1781.0,4.0,168.0,Front wheel drive,Naturally Aspirated,Petrol,Manual,194.7,216.0,0.09423294383716548,-2.3619854362754933,0.1266490765171504,-2.066335194174535,70.18528916339136,0,0,0,1,11.1
CAR_A569CDC9,Audi,E Tron,(comfort and sound pack) 55 quattro auto 5d,2019,402.0,2490.0,1984.0,4.0,664.0,4 wheel drive,EV,Electric,Automatic,199.6,0.0,0.1614457831325301,-1.8235859008397324,0.26666666666666666,-1.3217558399823195,202.6209677419355,1,1,0,0,5.5
CAR_8F7793EC,Audi,E Tron,230kw 50 qtro 71kwh black ed 5dr auto cs [22kwch],2020,308.0,2370.0,1984.0,4.0,540.0,4 wheel drive,EV,Electric,Automatic,189.9,0.0,0.12995780590717299,-2.0405454511556025,0.22784810126582278,-1.4790760945708568,155.24193548387098,1,1,0,0,6.6
CAR_177EC72D,Audi,E Tron Gt,370kw 105kwh quattro 4dr auto,2021,495.0,2280.0,1984.0,4.0,625.0,4 wheel drive,EV,Electric,Automatic,244.6,0.0,0.21710526315789475,-1.527372959379796,0.2741228070175439,-1.294179072212085,249.4959677419355,1,1,0,0,4.1
CAR_98CDB6BB,Audi,Q2,30 tdi s line 5dr,2016,114.0,1365.0,1968.0,4.0,250.0,Front wheel drive,Diesel,Diesel,Manual,201.2,129.0,0.08351648351648351,-2.4827112592245646,0.18315018315018314,-1.6974487897568138,57.926829268292686,0,0,0,1,9.6
CAR_A4E2B212,Audi,Q3,35 tdi black edition 5dr,2018,147.0,1625.0,1968.0,4.0,340.0,Front wheel drive,Diesel,Diesel,Manual,201.2,140.0,0.09046153846153847,-2.4028305079851013,0.20923076923076922,-1.5643174771536308,74.69512195121952,0,0,0,1,9.1
CAR_410050F8,Audi,Q3,35 tdi black edition 5dr,2019,147.0,1635.0,1968.0,4.0,340.0,Front wheel drive,Diesel,Diesel,Manual,199.6,139.0,0.08990825688073395,-2.4089654965526175,0.20795107033639143,-1.5704524657211467,74.69512195121952,0,0,0,1,9.1
CAR_6372D592,Audi,Q3,14 e hybrid edition 1 5dr s tronic,2025,268.0,1825.0,1498.0,4.0,400.0,Front wheel drive,Hybrid,Petrol Parallel PHEV,Automatic,215.7,47.0,0.14684931506849316,-1.9183482855057352,0.2191780821917808,-1.51787071890861,178.90520694259013,0,0,0,0,6.8
CAR_03A0CC4F,Audi,Q3,15 tfsi edition 1 5dr s tronic,2025,147.0,1571.0,1498.0,4.0,250.0,Front wheel drive,Turbocharged,Petrol,Automatic,207.6,148.0,0.09357097390197326,-2.3690350514768848,0.15913430935709738,-1.8380067203933748,98.13084112149532,0,0,1,0,9.1
CAR_A5421365,Audi,Q3,14t fsi s line (0315 ) 5d,2011,147.0,1385.0,1395.0,4.0,250.0,Front wheel drive,Naturally Aspirated,Petrol,Manual,202.8,131.0,0.10613718411552346,-2.2430228318427026,0.18050541516245489,-1.7119945007591924,105.3763440860215,0,0,0,1,8.9
CAR_806DF525,Audi,Q3,25t fsi quattro (0315 ) 5d s tronic,2013,335.0,1655.0,2480.0,5.0,450.0,4 wheel drive,Naturally Aspirated,Petrol,Automatic,249.4,203.0,0.20241691842900303,-1.5974257559860967,0.2719033232628399,-1.3023087050467979,135.08064516129033,1,0,0,0,4.6
CAR_AF6EDFCE,Audi,Q4 E Tron,125kw 35 5552kwh edition 1 5dr auto,2021,167.0,1890.0,1984.0,4.0,310.0,Rear wheel drive,EV,Electric,Automatic,159.3,0.0,0.08835978835978836,-2.426338295636933,0.164021164021164,-1.807759810574496,84.17338709677419,0,1,0,0,8.7
CAR_CA3672A8,Audi,Q4 E Tron,125kw 35 5552kwh edition 1 5dr auto,2021,167.0,1895.0,1984.0,4.0,310.0,Rear wheel drive,EV,Electric,Automatic,159.3,0.0,0.08812664907651716,-2.4289803050997714,0.16358839050131926,-1.8104018200373349,84.17338709677419,0,1,0,0,8.7
CAR_4084FCC8,Audi,Q5,40 tdi quattro black ed 5dr s tronic [tech pack],2016,201.0,1805.0,1968.0,4.0,400.0,4 wheel drive,Diesel,Diesel,Automatic,220.5,175.0,0.1113573407202216,-2.1950109627079057,0.22160664819944598,-1.5068513236589993,102.13414634146342,1,0,0,0,7.4
CAR_64B23DC3,Audi,Q5,40 tdi quattro black ed 5dr s tronic [tech pack],2021,201.0,1825.0,1968.0,4.0,400.0,4 wheel drive,Diesel,Diesel,Automatic,220.5,175.0,0.11013698630136987,-2.2060303579575162,0.2191780821917808,-1.51787071890861,102.13414634146342,1,0,0,0,7.4
CAR_034A67C2,Audi,Q5,20 tdi quattro black edition 5dr s tronic,2024,201.0,1955.0,1968.0,4.0,400.0,4 wheel drive,Diesel,Diesel,Automatic,225.3,166.0,0.10281329923273658,-2.27484056436039,0.20460358056265984,-1.5866809253114842,102.13414634146342,1,0,0,0,7.2
CAR_5F74B9CF,Audi,Q5,20 tdi quattro black edition 5dr s tronic,2025,201.0,1970.0,1968.0,4.0,400.0,4 wheel drive,Diesel,Diesel,Automatic,225.3,165.0,0.10203045685279188,-2.282483913672958,0.20304568527918782,-1.5943242746240522,102.13414634146342,1,0,0,0,7.2
CAR_8E4A9351,Audi,Q5,20 tdi (143bhp) quattro (start stop) 5d,2008,140.0,1755.0,1968.0,4.0,320.0,4 wheel drive,Diesel,Diesel,Manual,189.9,162.0,0.07977207977207977,-2.528581713290662,0.18233618233618235,-1.701903140106194,71.13821138211382,1,0,0,1,11.0
CAR_D6D71201,Audi,Q5,sq5 (326bhp) quattro 5d tip auto,2012,321.0,2000.0,2967.0,6.0,650.0,4 wheel drive,Diesel,Diesel,Automatic,249.4,174.0,0.1605,-1.8294613364120664,0.325,-1.1239300966523995,108.19009100101113,1,0,0,0,4.9
CAR_4DF36CE0,Audi,Q6 E Tron,185kw 83kwh black edition 5dr auto,2024,248.0,2125.0,1984.0,4.0,450.0,Rear wheel drive,EV,Electric,Automatic,209.2,0.0,0.11670588235294117,-2.148098335193535,0.21176470588235294,-1.5522794985941517,125.0,0,1,0,0,7.4
CAR_8F65FF61,Audi,Q6 E Tron,185kw 83kwh black edition 5dr auto,2024,248.0,2125.0,1984.0,4.0,450.0,Rear wheel drive,EV,Electric,Automatic,209.2,0.0,0.11670588235294117,-2.148098335193535,0.21176470588235294,-1.5522794985941517,125.0,0,1,0,0,7.4
CAR_163B04EA,Audi,Q7,30 tdi (218bhp) quattro s line 5d tip auto,2015,214.0,2060.0,2967.0,6.0,500.0,4 wheel drive,Diesel,Diesel,Automatic,215.7,150.0,0.10388349514563107,-2.264485246761775,0.24271844660194175,-1.415853163361435,72.12672733400741,1,0,0,0,7.1
CAR_1B821CAE,Audi,Q7,sq7 tfsi qtro 507 black ed 5dr tiptronic tech pro,2016,499.0,2265.0,3996.0,4.0,770.0,4 wheel drive,Turbocharged,Petrol,Automatic,249.4,276.0,0.22030905077262694,-1.5127239421656158,0.33995584988962474,-1.0789395230694048,124.87487487487488,1,0,1,0,4.0
CAR_AEB75809,Audi,Q7,30 tdi (204bhp) quattro 5d tip auto,2006,201.0,2300.0,2967.0,6.0,450.0,4 wheel drive,Diesel,Diesel,Automatic,204.4,189.0,0.08739130434782609,-2.4373594938581653,0.1956521739130435,-1.6314168191528755,67.74519716885743,1,0,0,0,8.8
CAR_FB6C87F4,Audi,Q8,30 tdi quattro 286 black ed 5dr tiptron tech pro,2018,281.0,2160.0,2967.0,6.0,600.0,4 wheel drive,Diesel,Diesel,Automatic,241.4,219.0,0.1300925925925926,-2.039508831344465,0.2777777777777778,-1.2809338454620642,94.70845972362656,1,0,0,0,5.9
CAR_982242D4,Audi,Q8,sq8 tfsi qtro 507 black ed 5dr tiptronic tech pro,2024,499.0,2240.0,3996.0,6.0,770.0,4 wheel drive,Turbocharged,Petrol,Automatic,249.4,281.0,0.22276785714285716,-1.5016250490975669,0.34375,-1.067840630001356,124.87487487487488,1,0,1,0,4.0
CAR_B02B1379,Audi,Q8 E Tron,250kw 50 qtro 95kwh black ed 5dr at tech pro 22kw,2023,335.0,2510.0,1984.0,4.0,664.0,4 wheel drive,EV,Electric,Automatic,199.6,0.0,0.13346613545816732,-2.013907500300763,0.2645418326693227,-1.3297558826493958,168.8508064516129,1,1,0,0,5.8
CAR_10739AD9,Audi,Q8 E Tron,250kw 50 qtro 95kwh black ed 5dr at tech pro 22kw,2023,335.0,2510.0,1984.0,4.0,664.0,4 wheel drive,EV,Electric,Automatic,199.6,0.0,0.13346613545816732,-2.013907500300763,0.2645418326693227,-1.3297558826493958,168.8508064516129,1,1,0,0,5.8
CAR_ADF97EC4,Audi,R8,52 570 v10 2dr s tronic performance ed carbon rwd,2015,562.0,1590.0,5204.0,10.0,550.0,Rear wheel drive,Naturally Aspirated,Petrol,Automatic,328.3,286.0,0.3534591194968553,-1.0399874453205862,0.34591194968553457,-1.0615710169877606,107.99385088393544,0,0,0,0,3.6
CAR_F5A754FD,Audi,R8,52 570 v10 2dr s tronic performance ed carbon rwd,2016,562.0,1695.0,5204.0,10.0,550.0,Rear wheel drive,Naturally Aspirated,Petrol,Automatic,326.7,306.0,0.3315634218289086,-1.1039361699208594,0.32448377581120946,-1.125519741588034,107.99385088393544,0,0,0,0,3.7
CAR_E06000A1,Audi,R8,42 fsi (430bhp) quattro 2d,2007,423.0,1560.0,4163.0,8.0,430.0,4 wheel drive,Naturally Aspirated,Petrol,Manual,300.9,332.0,0.27115384615384613,-1.3050689211973048,0.27564102564102566,-1.2886558915559745,101.60941628633196,1,0,0,1,4.5
CAR_930CB332,Audi,R8,42 fsi quattro 2d,2010,423.0,1660.0,4163.0,8.0,430.0,4 wheel drive,Naturally Aspirated,Petrol,Manual,299.3,337.0,0.2548192771084337,-1.3672007023043111,0.25903614457831325,-1.3507876726629808,101.60941628633196,1,0,0,1,4.6
CAR_9C48771E,Audi,R8,52 fsi quattro gt coupe 2d r tronic,2011,552.0,1525.0,5204.0,10.0,540.0,4 wheel drive,Naturally Aspirated,Petrol,Automatic,320.3,323.0,0.3619672131147541,-1.0162016427644167,0.3540983606557377,-1.038180549483192,106.07225211375865,1,0,0,0,3.5
CAR_58A32975,Audi,R8,52 fsi quattro gt spyder 2d r tronic,2012,552.0,1640.0,5204.0,10.0,540.0,4 wheel drive,Naturally Aspirated,Petrol,Automatic,317.0,332.0,0.33658536585365856,-1.0889034745411488,0.32926829268292684,-1.110882381259924,106.07225211375865,1,0,0,0,3.7
CAR_079A5E07,Audi,S6 E Tron,370kw s6 100kwh edition 1 5dr auto,2025,495.0,2335.0,1984.0,4.0,580.0,4 wheel drive,EV,Electric,Automatic,239.8,0.0,0.21199143468950749,-1.5512094075343075,0.24839400428265523,-1.3927390665625328,249.4959677419355,1,1,0,0,4.0
CAR_D6D1298C,Audi,S6 E Tron,370kw s6 100kwh edition 1 5dr auto,2025,495.0,2325.0,1984.0,4.0,580.0,4 wheel drive,EV,Electric,Automatic,239.8,0.0,0.2129032258064516,-1.5469175554527665,0.24946236559139784,-1.3884472144809916,249.4959677419355,1,1,0,0,4.0
CAR_A611CC2F,Audi,S8,s8 quattro black edition 4dr tiptronic,2021,563.0,2220.0,3996.0,8.0,800.0,4 wheel drive,Naturally Aspirated,Petrol,Automatic,249.4,260.0,0.2536036036036036,-1.3719828467266346,0.36036036036036034,-1.0206507471983979,140.8908908908909,1,0,0,0,3.7
CAR_BBB32357,Audi,Tt,18t fsi s line 2d,2014,177.0,1210.0,1798.0,4.0,250.0,Front wheel drive,Naturally Aspirated,Petrol,Manual,239.8,138.0,0.14628099173553719,-1.9222259060169578,0.2066115702479339,-1.5769147207285403,98.44271412680756,0,0,0,1,6.7
CAR_F3AED8BD,Audi,Tt,18t fsi s line 2d,2015,177.0,1300.0,1798.0,4.0,250.0,Front wheel drive,Naturally Aspirated,Petrol,Manual,236.6,142.0,0.13615384615384615,-1.993969810875799,0.19230769230769232,-1.6486586255873816,98.44271412680756,0,0,0,1,7.0
CAR_69BF71AE,Audi,Tt,18t fsi s line 2d,2006,157.0,1260.0,1798.0,4.0,250.0,Front wheel drive,Naturally Aspirated,Petrol,Manual,225.3,149.0,0.1246031746031746,-2.0826211945972157,0.1984126984126984,-1.6174060820832774,87.31924360400444,0,0,0,1,7.1
CAR_DB7CA4D7,Audi,Tt,18t fsi (2011) 2d,2007,157.0,1285.0,1798.0,4.0,250.0,Front wheel drive,Naturally Aspirated,Petrol,Manual,223.7,152.0,0.12217898832684825,-2.102268191981012,0.19455252918287938,-1.6370530794670737,87.31924360400444,0,0,0,1,7.2
CAR_ECB5FAFF,Audi,Tt,25t fsi tt rs plus quattro coupe 2d,2009,354.0,1450.0,2480.0,5.0,465.0,4 wheel drive,Turbocharged,Petrol,Manual,280.0,209.0,0.24413793103448275,-1.4100219222808457,0.32068965517241377,-1.1372814298272638,142.74193548387098,1,0,1,1,4.2
CAR_190110B4,Audi,Tt,18 s line (225ps) 2d,1999,225.0,1465.0,1781.0,4.0,280.0,4 wheel drive,Naturally Aspirated,Petrol,Manual,243.0,226.0,0.15358361774744028,-1.8735101192467476,0.19112627986348124,-1.654820918281918,126.33352049410445,1,0,0,1,6.4
CAR_30855D90,Audi,Tt,18 t (150ps) 2d,1999,147.0,1335.0,1781.0,4.0,210.0,Front wheel drive,Naturally Aspirated,Petrol,Manual,215.7,199.0,0.1101123595505618,-2.2062539840556137,0.15730337078651685,-1.8495790401168812,82.53790005614823,0,0,0,1,8.6
CAR_0BB6C8D8,Bmw,1 Series,116d m sport (plus pack and tech pack 1) 5d,2019,114.0,1375.0,1496.0,3.0,270.0,Front wheel drive,Diesel,Diesel,Manual,199.6,123.0,0.0829090909090909,-2.490010561706176,0.19636363636363635,-1.627787051102297,76.20320855614973,0,0,0,1,10.0
CAR_172FB2A3,Bmw,1 Series,128ti 5dr step auto,2020,261.0,1445.0,1998.0,4.0,400.0,Front wheel drive,Naturally Aspirated,Petrol,Automatic,249.4,157.0,0.1806228373702422,-1.7113441932238391,0.2768166089965398,-1.2844000534385505,130.63063063063063,0,0,0,0,5.9
CAR_55DCB3A3,Bmw,1 Series,m135i xdrive 5dr step auto [pro pack],2019,301.0,1525.0,1998.0,4.0,450.0,4 wheel drive,Naturally Aspirated,Petrol,Automatic,249.4,168.0,0.19737704918032786,-1.6226394242926363,0.29508196721311475,-1.2205021062771466,150.65065065065065,1,0,0,0,4.6
CAR_081A8623,Bmw,1 Series,120 m sport 5dr step auto,2024,153.0,1425.0,1499.0,3.0,280.0,Front wheel drive,Naturally Aspirated,Petrol,Automatic,225.3,121.0,0.10736842105263159,-2.2314891713103155,0.19649122807017544,-1.6271374895335013,102.0680453635757,0,0,0,0,7.6
CAR_ECA6C69C,Bmw,1 Series,m135 xdrive 5dr step auto,2024,295.0,1550.0,1998.0,4.0,400.0,4 wheel drive,Naturally Aspirated,Petrol,Automatic,249.4,173.0,0.19032258064516128,-1.6590348535734725,0.25806451612903225,-1.3545456628053103,147.64764764764766,1,0,0,0,4.7
CAR_8873A4D7,Bmw,1 Series,116d (dynamic) 3d,2004,114.0,1295.0,1995.0,4.0,260.0,Rear wheel drive,Diesel,Diesel,Manual,199.6,118.0,0.08803088803088803,-2.4300675257391426,0.20077220077220076,-1.6055843431181105,57.14285714285714,0,0,0,1,9.9
CAR_4BCA8034,Bmw,1 Series,118d es (dynamic) 2d,2007,140.0,1320.0,1995.0,4.0,300.0,Rear wheel drive,Diesel,Diesel,Manual,209.2,119.0,0.10606060606060606,-2.243744592971112,0.22727272727272727,-1.4816045409242156,70.17543859649122,0,0,0,1,8.7
CAR_5DA3E774,Bmw,1 Series,118d es (dynamic) 2d,2008,140.0,1475.0,1995.0,4.0,300.0,Rear wheel drive,Diesel,Diesel,Manual,207.6,129.0,0.09491525423728814,-2.354770846164616,0.2033898305084746,-1.5926307941177191,70.17543859649122,0,0,0,1,9.2
CAR_895C0916,Bmw,1 Series,m 2d,2011,335.0,1495.0,2979.0,6.0,450.0,Rear wheel drive,Naturally Aspirated,Petrol,Manual,249.4,224.0,0.22408026755852842,-1.4957509539997205,0.3010033444816054,-1.2006339030604214,112.45384357166834,0,0,0,1,4.7
CAR_735DCC25,Bmw,1 Series,114d es (business media) 3d,2011,93.0,1315.0,1598.0,4.0,235.0,Rear wheel drive,Diesel,Diesel,Manual,185.1,109.0,0.07072243346007605,-2.648992451458609,0.17870722433460076,-1.7220064304677059,58.19774718397997,0,0,0,1,11.8
CAR_355B31A9,Bmw,2 Series,218d (150bhp) luxury (nav) 2d,2014,147.0,1375.0,1995.0,4.0,320.0,Rear wheel drive,Diesel,Diesel,Manual,212.4,116.0,0.10690909090909091,-2.2357764233219353,0.23272727272727273,-1.4578880143068995,73.68421052631578,0,0,0,1,8.1
CAR_7021EFDA,Bmw,2 Series,216d luxury (042018 on) 5d,2014,114.0,1425.0,1496.0,3.0,270.0,Front wheel drive,Diesel,Diesel,Manual,194.7,123.0,0.08,-2.5257286443082556,0.18947368421052632,-1.663505133704376,76.20320855614973,0,0,0,1,10.7
CAR_5E655513,Bmw,2 Series,216d luxury (042018 on) 5d,2015,114.0,1530.0,1496.0,3.0,270.0,Front wheel drive,Diesel,Diesel,Manual,191.5,130.0,0.07450980392156863,-2.5968245659919855,0.17647058823529413,-1.7346010553881064,76.20320855614973,0,0,0,1,11.4
CAR_C8629E8B,Bmw,2 Series,218d (150bhp) luxury (nav) 2d,2015,147.0,1520.0,1995.0,4.0,320.0,Rear wheel drive,Diesel,Diesel,Manual,207.6,124.0,0.09671052631578947,-2.336033027061586,0.21052631578947367,-1.55814461804655,73.68421052631578,0,0,0,1,8.6
CAR_E62A610F,Bmw,2 Series,218d m sport 4dr 4d,2020,147.0,1425.0,1995.0,4.0,350.0,Front wheel drive,Diesel,Diesel,Manual,222.1,122.0,0.1031578947368421,-2.271494505924015,0.24561403508771928,-1.4039939382192916,73.68421052631578,0,0,0,1,8.3
CAR_7943353A,Bmw,2 Series,220d mht m sport 2dr step auto,2021,187.0,1580.0,1995.0,4.0,400.0,Rear wheel drive,Diesel,Diesel,Automatic,236.6,122.0,0.11835443037974684,-2.134071509166426,0.25316455696202533,-1.3737155789130304,93.734335839599,0,0,0,0,6.7
CAR_EEFC5855,Bmw,2 Series,218d luxury 5dr dct,2021,147.0,1545.0,1995.0,4.0,360.0,Front wheel drive,Diesel,Diesel,Automatic,220.5,126.0,0.09514563106796116,-2.3523466025531095,0.23300970873786409,-1.45667515788169,73.68421052631578,0,0,0,0,8.5
CAR_8D46CC2B,Bmw,2 Series,m2 2dr,2022,453.0,1700.0,2993.0,6.0,550.0,Rear wheel drive,Naturally Aspirated,Petrol,Manual,249.4,227.0,0.2664705882352941,-1.3224914045612735,0.3235294117647059,-1.128465251817791,151.3531573671901,0,0,0,1,4.2
CAR_D4ACBEEC,Bmw,2 Series,220 m sport 4dr step auto,2025,167.0,1450.0,1499.0,3.0,280.0,Front wheel drive,Naturally Aspirated,Petrol,Automatic,230.1,120.0,0.11517241379310345,-2.161325022997865,0.19310344827586207,-1.6445292322453704,111.40760507004669,0,0,0,0,7.6
CAR_A7AE5FA9,Bmw,2 Series,220i m sport pro 2dr step auto,2025,181.0,1490.0,1998.0,4.0,300.0,Rear wheel drive,Naturally Aspirated,Petrol,Automatic,236.6,146.0,0.12147651006711409,-2.108034367673679,0.20134228187919462,-1.6027489242833037,90.5905905905906,0,0,0,0,7.3
CAR_3EA78A62,Bmw,2 Series,m2 2d,2016,364.0,1495.0,2979.0,6.0,465.0,Rear wheel drive,Naturally Aspirated,Petrol,Manual,249.4,199.0,0.24347826086956523,-1.4127276181880462,0.3110367892976589,-1.1678440802374304,122.18865391070828,0,0,0,1,4.4
CAR_EB0010F2,Bmw,3 Series,318d (150bhp) luxury (business media) 5d,2013,147.0,1570.0,1995.0,4.0,320.0,Rear wheel drive,Diesel,Diesel,Manual,209.2,121.0,0.09363057324840764,-2.3683983115636176,0.20382165605095542,-1.5905099025485814,73.68421052631578,0,0,0,1,9.0
CAR_D14076C2,Bmw,3 Series,318d m sport (plus package and technology package) 4d,2019,147.0,1445.0,1995.0,4.0,320.0,Rear wheel drive,Diesel,Diesel,Manual,225.3,132.0,0.10173010380622838,-2.2854320137677964,0.22145328719723184,-1.5075436047527602,73.68421052631578,0,0,0,1,8.1
CAR_DF9E5A3C,Bmw,3 Series,318d m sport (plus package and technology package) auto 5d,2019,147.0,1585.0,1995.0,4.0,320.0,Rear wheel drive,Diesel,Diesel,Automatic,214.0,139.0,0.09274447949526814,-2.377907099532645,0.20189274447949526,-1.6000186905176088,73.68421052631578,0,0,0,0,8.5
CAR_944C994F,Bmw,3 Series,m3 cs 4dr step auto,2020,543.0,1765.0,2993.0,6.0,650.0,4 wheel drive,Naturally Aspirated,Petrol,Automatic,302.6,230.0,0.3076487252124646,-1.1787966494334616,0.36827195467422097,-0.9989336064777143,181.4233210825259,1,0,0,0,3.3
CAR_9C79E4FA,Bmw,3 Series,m3 cs xdrive 550 5dr step auto,2022,543.0,1850.0,2993.0,6.0,650.0,4 wheel drive,Naturally Aspirated,Petrol,Automatic,299.3,238.0,0.2935135135135135,-1.2258315981384351,0.35135135135135137,-1.0459685551826876,181.4233210825259,1,0,0,0,3.4
CAR_C2540201,Bmw,3 Series,316d es 4d,2005,114.0,1400.0,1995.0,4.0,260.0,Rear wheel drive,Diesel,Diesel,Manual,197.9,118.0,0.08142857142857143,-2.5080290672088545,0.18571428571428572,-1.6835458845878222,57.14285714285714,0,0,0,1,10.6
CAR_306549F1,Bmw,3 Series,320d m sport (2010) 2d,2007,181.0,1655.0,1995.0,4.0,380.0,Rear wheel drive,Diesel,Diesel,Manual,228.5,135.0,0.10936555891238671,-2.2130592565453373,0.229607250755287,-1.4713850350907318,90.72681704260651,0,0,0,1,8.0
CAR_B7C06300,Bmw,3 Series,318d (143bhp) es 5d,2005,140.0,1505.0,1995.0,4.0,300.0,Rear wheel drive,Diesel,Diesel,Manual,209.2,125.0,0.09302325581395349,-2.374905754573672,0.19933554817275748,-1.612765702526775,70.17543859649122,0,0,0,1,9.3
CAR_94E51797,Bmw,3 Series,318i m sport 2d,2006,140.0,1360.0,1995.0,4.0,190.0,Rear wheel drive,Naturally Aspirated,Petrol,Manual,209.2,146.0,0.10294117647058823,-2.2735975561207935,0.13970588235294118,-1.9682159065696114,70.17543859649122,0,0,0,1,8.8
CAR_8B79BA90,Bmw,3 Series,m3 convertible (2010) 2d,2007,414.0,1810.0,3999.0,8.0,400.0,Rear wheel drive,Naturally Aspirated,Petrol,Manual,249.4,297.0,0.2287292817679558,-1.4752161504345571,0.22099447513812154,-1.5096175771518894,103.5258814703676,0,0,0,1,5.1
CAR_2E6E2698,Bmw,3 Series,316d es (business media) 4d,2012,114.0,1420.0,1995.0,4.0,270.0,Rear wheel drive,Diesel,Diesel,Manual,204.4,109.0,0.08028169014084507,-2.522213702200811,0.19014084507042253,-1.6599901915969317,57.14285714285714,0,0,0,1,10.4
CAR_402BC97D,Bmw,3 Series,316d es (business media) 5d,2012,114.0,1495.0,1995.0,4.0,270.0,Rear wheel drive,Diesel,Diesel,Manual,199.6,116.0,0.07625418060200669,-2.5736830374302913,0.1806020066889632,-1.7114595268264121,57.14285714285714,0,0,0,1,10.8
CAR_E44F0783,Bmw,3 Series,m3 (0715 ) 4d,2014,424.0,1560.0,2979.0,6.0,550.0,Rear wheel drive,Naturally Aspirated,Petrol,Manual,249.4,209.0,0.2717948717948718,-1.302707645011625,0.3525641025641026,-1.0425228220170661,142.3296408190668,0,0,0,1,4.2
CAR_3302056E,Bmw,3 Series,316i 3d,1994,102.0,1250.0,1596.0,4.0,150.0,Rear wheel drive,Naturally Aspirated,Petrol,Manual,188.3,182.0,0.0816,-2.505926017012076,0.12,-2.120263536200091,63.909774436090224,0,0,0,1,11.9
CAR_627AE402,Bmw,3 Series,318i 2d,1993,115.0,1445.0,1796.0,4.0,168.0,Rear wheel drive,Naturally Aspirated,Petrol,Manual,194.7,202.0,0.07958477508650519,-2.5309324721832827,0.11626297577854672,-2.1519006211432736,64.03118040089086,0,0,0,1,12.1
CAR_88F3206F,Bmw,3 Series,2d,1994,286.0,1615.0,2990.0,6.0,320.0,Rear wheel drive,Naturally Aspirated,Petrol,Manual,249.4,175.0,0.17708978328173375,-1.7310984248369043,0.19814241486068113,-1.6187692398629847,95.65217391304347,0,0,0,1,6.0
CAR_A54FB112,Bmw,3 Series,316i 16v 4d,1998,114.0,1385.0,1796.0,4.0,175.0,Rear wheel drive,Naturally Aspirated,Petrol,Manual,206.0,172.0,0.08231046931407943,-2.4972569702269434,0.1263537906137184,-2.068669444697925,63.47438752783964,0,0,0,1,10.6
CAR_D1EA0482,Bmw,3 Series,316ti 3d (01),2001,115.0,1375.0,1796.0,4.0,175.0,Rear wheel drive,Naturally Aspirated,Petrol,Manual,201.2,167.0,0.08363636363636363,-2.4812768817374216,0.12727272727272726,-2.0614230361771577,64.03118040089086,0,0,0,1,10.6
CAR_E2989628,Bmw,3 Series,316i se 16v 5d,1999,115.0,1465.0,1796.0,4.0,175.0,Rear wheel drive,Naturally Aspirated,Petrol,Manual,199.6,177.0,0.07849829351535836,-2.5446783930879175,0.11945392491467577,-2.1248245475276537,64.03118040089086,0,0,0,1,10.8
CAR_78D0E871,Bmw,3 Series,318 ci 16v 2d,1999,143.0,1360.0,1995.0,4.0,200.0,Rear wheel drive,Naturally Aspirated,Petrol,Manual,217.3,175.0,0.10514705882352941,-2.2523953484701904,0.14705882352941177,-1.916922612182061,71.67919799498746,0,0,0,1,9.0
CAR_6E510F12,Bmw,3 Series,318 ci 2d (01),2000,143.0,1540.0,1995.0,4.0,200.0,Rear wheel drive,Naturally Aspirated,Petrol,Manual,206.0,187.0,0.09285714285714286,-2.3766930651477676,0.12987012987012986,-2.0412203288596382,71.67919799498746,0,0,0,1,9.9
CAR_8B46A6C9,Bmw,3 Series,2d,2001,338.0,1495.0,3246.0,6.0,365.0,Rear wheel drive,Naturally Aspirated,Petrol,Manual,249.4,323.0,0.22608695652173913,-1.486835590341768,0.24414715719063546,-1.4099841322422952,104.12815773259396,0,0,0,1,5.0
CAR_967D45A9,Bmw,3 Series,2d,2001,338.0,1655.0,3246.0,6.0,365.0,Rear wheel drive,Naturally Aspirated,Petrol,Manual,249.4,328.0,0.20422960725075529,-1.5885103923281445,0.22054380664652568,-1.5116589342286717,104.12815773259396,0,0,0,1,5.3
CAR_AB5AA8EC,Bmw,3 Series,316i 5d,1995,102.0,1355.0,1596.0,4.0,150.0,Rear wheel drive,Naturally Aspirated,Petrol,Manual,191.5,191.0,0.07527675276752767,-2.5865839200295304,0.11070110701107011,-2.2009214392175456,63.909774436090224,0,0,0,1,12.8
CAR_66B15BF5,Bmw,3 Series,4d,1995,286.0,1930.0,2990.0,6.0,320.0,Rear wheel drive,Naturally Aspirated,Petrol,Manual,249.4,175.0,0.14818652849740932,-1.9092834710790787,0.16580310880829016,-1.796954286105159,95.65217391304347,0,0,0,1,5.8
CAR_44AAE7A4,Bmw,3 Series,2d,1993,286.0,1930.0,2990.0,6.0,320.0,Rear wheel drive,Naturally Aspirated,Petrol,Manual,249.4,175.0,0.14818652849740932,-1.9092834710790787,0.16580310880829016,-1.796954286105159,95.65217391304347,0,0,0,1,5.8
CAR_4205F5BB,Bmw,330E,330e 223 kwh m sport 4dr step auto,2019,287.0,1835.0,1998.0,4.0,420.0,Rear wheel drive,Hybrid,Petrol Parallel PHEV,Automatic,230.1,19.0,0.1564032697547684,-1.8553175447290495,0.22888283378746593,-1.4745450492112566,143.64364364364366,0,0,0,0,5.7
CAR_647F9B14,Bmw,4 Series,418d luxury (professional media) 2d,2013,147.0,1460.0,1995.0,4.0,320.0,Rear wheel drive,Diesel,Diesel,Manual,215.7,118.0,0.10068493150684932,-2.295759127923646,0.2191780821917808,-1.51787071890861,73.68421052631578,0,0,0,1,8.3
CAR_9E35F092,Bmw,4 Series,418d (150bhp) luxury (professional media) 5d,2014,147.0,1510.0,1995.0,4.0,320.0,Rear wheel drive,Diesel,Diesel,Manual,212.4,118.0,0.09735099337748344,-2.3294323430302337,0.2119205298013245,-1.5515439340151977,73.68421052631578,0,0,0,1,8.7
CAR_3A136766,Bmw,4 Series,420d (190bhp) luxury (professional media) 2d,2014,187.0,1700.0,1995.0,4.0,400.0,Rear wheel drive,Diesel,Diesel,Manual,235.0,134.0,0.11,-2.2072749131897207,0.23529411764705882,-1.4469189829363254,93.734335839599,0,0,0,1,7.8
CAR_70B66139,Bmw,4 Series,420d mht m sport 2dr step auto 2d,2020,187.0,1605.0,1995.0,4.0,400.0,Rear wheel drive,Diesel,Diesel,Automatic,239.8,122.0,0.11651090342679128,-2.1497704187095295,0.24922118380062305,-1.3894144884561344,93.734335839599,0,0,0,0,6.9
CAR_8950F050,Bmw,4 Series,420d mht m sport 2dr step auto,2021,187.0,1775.0,1995.0,4.0,400.0,Rear wheel drive,Diesel,Diesel,Automatic,236.6,129.0,0.10535211267605633,-2.2504470850549296,0.22535211267605634,-1.490091154801534,93.734335839599,0,0,0,0,7.4
CAR_2BD65B95,Bmw,4 Series,m4 cs xdrive 550 2dr step auto,2020,543.0,1760.0,2993.0,6.0,650.0,4 wheel drive,Naturally Aspirated,Petrol,Automatic,302.6,232.0,0.3085227272727273,-1.175959768098262,0.3693181818181818,-0.9960967251425147,181.4233210825259,1,0,0,0,3.3
CAR_9E69456A,Bmw,4 Series,420d mht m sport 5dr step auto,2021,187.0,1705.0,1995.0,4.0,400.0,Rear wheel drive,Diesel,Diesel,Automatic,235.0,130.0,0.10967741935483871,-2.2102117728630306,0.23460410557184752,-1.449855842609635,93.734335839599,0,0,0,0,7.1
CAR_8A0A2BCB,Bmw,4 Series,m4 convertible 2d,2014,424.0,1790.0,2979.0,6.0,550.0,Rear wheel drive,Naturally Aspirated,Petrol,Manual,251.1,232.0,0.23687150837988827,-1.440237443602843,0.30726256983240224,-1.180052620608284,142.3296408190668,0,0,0,1,4.5
CAR_A8BC72F2,Bmw,5 Series,518d m sport auto 4d,2017,147.0,1580.0,1995.0,4.0,350.0,Rear wheel drive,Diesel,Diesel,Automatic,220.5,119.0,0.0930379746835443,-2.3747475392422763,0.22151898734177214,-1.5072469715375532,73.68421052631578,0,0,0,0,8.5
CAR_C1D30A6B,Bmw,5 Series,520d m sport (plus package and technology package) auto (1119 on) 5d,2017,187.0,1740.0,1995.0,4.0,400.0,Rear wheel drive,Diesel,Diesel,Automatic,225.3,139.0,0.1074712643678161,-2.230531775353988,0.22988505747126436,-1.4701758451005928,93.734335839599,0,0,0,0,7.3
CAR_3E6366E5,Bmw,5 Series,520i m sport 4dr auto,2024,205.0,1725.0,1998.0,4.0,330.0,Rear wheel drive,Naturally Aspirated,Petrol,Automatic,230.1,131.0,0.11884057971014493,-2.129972350327052,0.19130434782608696,-1.6538896750049341,102.6026026026026,0,0,0,0,7.3
CAR_7CCF9EF4,Bmw,5 Series,520i m sport 5dr auto,2024,205.0,1775.0,1998.0,4.0,330.0,Rear wheel drive,Naturally Aspirated,Petrol,Automatic,222.1,139.0,0.11549295774647887,-2.158545722771108,0.18591549295774648,-1.6824630474489903,102.6026026026026,0,0,0,0,7.6
CAR_B5424B86,Bmw,5 Series,m5 4dr dct,2024,716.0,2440.0,4395.0,8.0,1000.0,4 wheel drive,Hybrid,Petrol Parallel PHEV,Automatic,249.4,103.0,0.2934426229508197,-1.2260731513266019,0.4098360655737705,-0.8919980393051105,162.9124004550626,1,0,0,0,3.4
CAR_CFB18A0B,Bmw,5 Series,520d (177bhp) m sport 4d,2003,174.0,1510.0,1995.0,4.0,350.0,Rear wheel drive,Diesel,Diesel,Manual,231.7,136.0,0.1152317880794702,-2.160809630594441,0.23178807947019867,-1.4619317753255108,87.21804511278195,0,0,0,1,8.0
CAR_39E53F93,Bmw,5 Series,520d (177bhp) m sport 5d,2003,174.0,1600.0,1995.0,4.0,350.0,Rear wheel drive,Diesel,Diesel,Manual,223.7,140.0,0.10875,-2.2187036090133434,0.21875,-1.5198257537444133,87.21804511278195,0,0,0,1,8.2
CAR_E4CA1542,Bmw,5 Series,50 v10 saloon 4d smg,2005,499.0,1830.0,4999.0,10.0,520.0,Rear wheel drive,Naturally Aspirated,Petrol,Automatic,249.4,357.0,0.2726775956284153,-1.2994651500839478,0.28415300546448086,-1.2582424342599936,99.81996399279856,0,0,0,0,4.5
CAR_C5F2402E,Bmw,5 Series,520d luxury (euro 5) gt hatch 5d step auto,2009,181.0,1880.0,1995.0,4.0,380.0,Rear wheel drive,Diesel,Diesel,Automatic,214.0,139.0,0.09627659574468085,-2.340530024558169,0.20212765957446807,-1.5988558031035636,90.72681704260651,0,0,0,0,8.6
CAR_FFAF999B,Bmw,5 Series,30 activehybrid 5 4d step auto,2010,335.0,1850.0,2979.0,6.0,400.0,Rear wheel drive,EV,Petrol/Electric Hybrid,Automatic,249.4,149.0,0.1810810810810811,-1.708810386247304,0.21621621621621623,-1.5314763709643884,112.45384357166834,0,1,0,0,5.7
CAR_F4A17D4B,Bmw,5 Series,518d (150bhp) luxury 5d,2010,147.0,1720.0,1995.0,4.0,360.0,Rear wheel drive,Diesel,Diesel,Manual,209.2,127.0,0.08546511627906976,-2.4596469830287626,0.20930232558139536,-1.563975538357343,73.68421052631578,0,0,0,1,9.6
CAR_C9C37A58,Bmw,5 Series,m5 (0713 ) 4d dct,2011,552.0,1870.0,4395.0,8.0,680.0,Rear wheel drive,Naturally Aspirated,Petrol,Automatic,249.4,231.0,0.29518716577540105,-1.220145663571537,0.36363636363636365,-1.0116009116784799,125.59726962457339,0,0,0,0,4.2
CAR_5115A45A,Bmw,5 Series,520i 4d (00),1996,170.0,1570.0,2171.0,6.0,210.0,Rear wheel drive,Naturally Aspirated,Petrol,Manual,225.3,213.0,0.10828025477707007,-2.223032461292092,0.1337579617834395,-2.011723367624885,78.3049286043298,0,0,0,1,8.8
CAR_C89C7860,Bmw,5 Series,520i 5d (00),1997,170.0,1670.0,2171.0,6.0,210.0,Rear wheel drive,Naturally Aspirated,Petrol,Manual,223.7,228.0,0.10179640718562874,-2.284780468360539,0.12574850299401197,-2.073471374693332,78.3049286043298,0,0,0,1,9.2
CAR_10879923,Bmw,5 Series,518i 5d,1992,115.0,1520.0,1796.0,4.0,168.0,Rear wheel drive,Naturally Aspirated,Petrol,Manual,191.5,175.0,0.0756578947368421,-2.581533485477072,0.11052631578947368,-2.202501634437063,64.03118040089086,0,0,0,1,12.8
CAR_E18D7916,Bmw,6 Series,620d m sport auto 5d,2017,187.0,1765.0,1995.0,4.0,400.0,Rear wheel drive,Diesel,Diesel,Automatic,220.5,167.0,0.10594900849858357,-2.2447973525128107,0.22662889518413598,-1.484441422259415,93.734335839599,0,0,0,0,7.6
CAR_BAF9EA03,Bmw,6 Series,630i (272bhp) 2d,2004,268.0,1530.0,2996.0,6.0,320.0,Rear wheel drive,Naturally Aspirated,Petrol,Manual,249.4,188.0,0.17516339869281045,-1.7420360338756244,0.20915032679738563,-1.564702018592709,89.45260347129506,0,0,0,1,6.0
CAR_ABD0CFF6,Bmw,6 Series,630i (272bhp) 2d,2004,268.0,1740.0,2996.0,6.0,320.0,Rear wheel drive,Naturally Aspirated,Petrol,Manual,249.4,198.0,0.15402298850574714,-1.870653411697718,0.1839080459770115,-1.6933193964148026,89.45260347129506,0,0,0,1,6.5
CAR_68818115,Bmw,6 Series,m6 (2010) 2d smg,2005,499.0,1710.0,4999.0,10.0,520.0,Rear wheel drive,Naturally Aspirated,Petrol,Automatic,249.4,342.0,0.291812865497076,-1.231642553745187,0.30409356725146197,-1.1904198379212325,99.81996399279856,0,0,0,0,4.5
CAR_287C6E2B,Bmw,6 Series,640d m sport 2d auto,2011,308.0,1860.0,2993.0,6.0,630.0,Rear wheel drive,Diesel,Diesel,Automatic,249.4,153.0,0.16559139784946236,-1.7982319837336724,0.3387096774193548,-1.0826119473216687,102.90678249248246,0,0,0,0,5.3
CAR_3F823BB7,Bmw,6 Series,640d m sport 2d auto,2011,308.0,1740.0,2993.0,6.0,630.0,Rear wheel drive,Diesel,Diesel,Automatic,249.4,147.0,0.17701149425287357,-1.731540609235,0.3620689655172414,-1.0159205728229963,102.90678249248246,0,0,0,0,5.1
CAR_E4FD19C1,Bmw,6 Series,640d m sport 4d auto,2012,308.0,1810.0,2993.0,6.0,630.0,Rear wheel drive,Diesel,Diesel,Automatic,249.4,152.0,0.17016574585635358,-1.770982341286297,0.34806629834254144,-1.055362304874293,102.90678249248246,0,0,0,0,5.2
CAR_88F4AA45,Bmw,6 Series,m6 coupe 2d dct,2012,552.0,1850.0,4395.0,8.0,680.0,Rear wheel drive,Naturally Aspirated,Petrol,Automatic,249.4,231.0,0.2983783783783784,-1.209392871795275,0.3675675675675676,-1.0008481199022181,125.59726962457339,0,0,0,0,4.1
CAR_DD1294B7,Bmw,6 Series,m6 convertible 2d dct,2012,552.0,1980.0,4395.0,8.0,680.0,Rear wheel drive,Naturally Aspirated,Petrol,Automatic,249.4,239.0,0.2787878787878788,-1.2773040774114854,0.3434343434343434,-1.0687593255184287,125.59726962457339,0,0,0,0,4.2
CAR_464F16ED,Bmw,6 Series,m6 gran coupe 4d dct,2013,552.0,1910.0,4395.0,8.0,680.0,Rear wheel drive,Naturally Aspirated,Petrol,Automatic,249.4,231.0,0.28900523560209423,-1.2413104747635804,0.35602094240837695,-1.0327657228705232,125.59726962457339,0,0,0,0,4.1
CAR_40CF1149,Bmw,7 Series,725ld exclusive auto 4d,2015,227.0,1770.0,1995.0,4.0,500.0,Rear wheel drive,Diesel,Diesel,Automatic,244.6,133.0,0.12824858757062146,-2.0537848080864722,0.2824858757062147,-1.264126727145683,113.7844611528822,0,0,0,0,6.8
CAR_F35B78C6,Bmw,7 Series,750e xdrive excellence 4dr auto,2022,482.0,2380.0,2998.0,6.0,700.0,4 wheel drive,Hybrid,Petrol Parallel PHEV,Automatic,249.4,23.0,0.20252100840336135,-1.59691165261492,0.29411764705882354,-1.2237754316221157,160.77384923282187,1,0,0,0,4.6
CAR_8D8F9516,Bmw,7 Series,730ld blueperformance m sport 4d auto,2008,254.0,1875.0,2993.0,6.0,560.0,Rear wheel drive,Diesel,Diesel,Automatic,249.4,148.0,0.13546666666666668,-1.9990296713859745,0.2986666666666667,-1.2084271546753163,84.86468426328099,0,0,0,0,6.0
CAR_100F747C,Bmw,7 Series,728i 4d auto,1994,193.0,1785.0,2793.0,6.0,280.0,Rear wheel drive,Naturally Aspirated,Petrol,Automatic,225.3,272.0,0.10812324929971989,-2.2244835053088536,0.1568627450980392,-1.8523840910444898,69.10132474042248,0,0,0,0,9.3
CAR_567EF511,Bmw,7 Series,730ld 4d auto,2002,227.0,1940.0,2993.0,6.0,520.0,Rear wheel drive,Diesel,Diesel,Automatic,238.2,216.0,0.11701030927835052,-2.145493234575971,0.26804123711340205,-1.316614440481901,75.84363514868026,0,0,0,0,7.6
CAR_2673C599,Bmw,8 Series,840d mht xdrive m sport 2dr auto,2019,335.0,1915.0,2993.0,6.0,700.0,4 wheel drive,Diesel,Diesel,Automatic,249.4,168.0,0.17493472584856398,-1.74334236978968,0.36553524804177545,-1.0063925665713418,111.92783160708319,1,0,0,0,4.6
CAR_A6EF0EA2,Bmw,8 Series,840d mht xdrive m sport 2dr auto,2019,335.0,2030.0,2993.0,6.0,700.0,4 wheel drive,Diesel,Diesel,Automatic,249.4,172.0,0.16502463054187191,-1.8016605402107666,0.3448275862068966,-1.0647107369924282,111.92783160708319,1,0,0,0,4.9
CAR_3F86459D,Bmw,8 Series,840d mht xdrive m sport 4dr auto,2019,335.0,1995.0,2993.0,6.0,700.0,4 wheel drive,Diesel,Diesel,Automatic,249.4,172.0,0.16791979949874686,-1.7842687974988976,0.3508771929824561,-1.0473189942805592,111.92783160708319,1,0,0,0,4.8
CAR_3CED9363,Bmw,8 Series,840 ci 2d,1990,286.0,1895.0,3982.0,8.0,420.0,Rear wheel drive,Naturally Aspirated,Petrol,Manual,249.4,175.0,0.15092348284960422,-1.8909823066966742,0.22163588390501318,-1.5067194062391127,71.82320441988949,0,0,0,1,6.7
CAR_3BFC9585,Bmw,Alpina,b3 33 2d switch tronic,2000,295.0,1480.0,3346.0,6.0,362.0,Rear wheel drive,Naturally Aspirated,Petrol,Automatic,265.5,278.0,0.19932432432432431,-1.612822010418341,0.2445945945945946,-1.4081531549323898,88.16497310221159,0,0,0,0,6.2
CAR_719E01FD,Bmw,Alpina,b3 33 2d switch tronic,2000,276.0,1645.0,3300.0,6.0,335.0,Rear wheel drive,Naturally Aspirated,Petrol,Automatic,254.3,282.0,0.16778115501519758,-1.7850947974823221,0.20364741641337386,-1.591365131374406,83.63636363636364,0,0,0,0,4.2
CAR_FB57937D,Bmw,Alpina,b3 30 bi turbo 4d switch tronic,2008,354.0,1570.0,2979.0,6.0,500.0,Rear wheel drive,Turbocharged,Petrol,Automatic,284.9,224.0,0.22547770700636943,-1.4895339852085792,0.3184713375796178,-1.144222799920162,118.8318227593152,0,0,1,0,4.6
CAR_BE13F396,Bmw,Alpina,b3 30 bi turbo 2d switch tronic,2009,354.0,1560.0,2979.0,6.0,500.0,Rear wheel drive,Turbocharged,Petrol,Automatic,284.9,224.0,0.22692307692307692,-1.4831441871098083,0.32051282051282054,-1.137833001821391,118.8318227593152,0,0,1,0,4.6
CAR_3D80DC70,Bmw,Alpina,b3 30 bi turbo 5d switch tronic,2008,354.0,1650.0,2979.0,6.0,500.0,Rear wheel drive,Turbocharged,Petrol,Automatic,281.6,225.0,0.21454545454545454,-1.539233653760852,0.30303030303030304,-1.1939224684724346,118.8318227593152,0,0,1,0,4.7
CAR_DE526989,Bmw,Alpina,b3 30 bi turbo 2d switch tronic,2008,354.0,1770.0,2979.0,6.0,500.0,Rear wheel drive,Turbocharged,Petrol,Automatic,280.0,225.0,0.2,-1.6094379124341003,0.2824858757062147,-1.264126727145683,118.8318227593152,0,0,1,0,4.8
CAR_BB698954,Bmw,Alpina,b10 33 4d,2000,276.0,1540.0,3300.0,6.0,335.0,Rear wheel drive,Naturally Aspirated,Petrol,Manual,262.3,242.0,0.17922077922077922,-1.7191368296905247,0.21753246753246752,-1.5254071635826085,83.63636363636364,0,0,0,1,3.8
CAR_1CAA4159,Bmw,Alpina,b10 33 5d,2000,280.0,1640.0,3300.0,6.0,335.0,Rear wheel drive,Naturally Aspirated,Petrol,Manual,255.9,244.0,0.17073170731707318,-1.7676619176489945,0.20426829268292682,-1.5883209889931778,84.84848484848486,0,0,0,1,4.0
CAR_24C1277D,Bmw,I3,120ah atelier interior world auto 5d,2013,167.0,1270.0,1984.0,4.0,250.0,Rear wheel drive,EV,Electric,Automatic,149.7,0.0,0.131496062992126,-2.0287783670358817,0.1968503937007874,-1.6253112615903904,84.17338709677419,0,1,0,0,7.1
CAR_AA9CEBE0,Bmw,I4,210kw edrive35 m sport 70kwh 5dr auto,2021,281.0,1995.0,1984.0,4.0,400.0,Rear wheel drive,EV,Electric,Automatic,189.9,0.0,0.14085213032581453,-1.9600446599902182,0.20050125313283207,-1.6069347822159818,141.63306451612902,0,1,0,0,5.8
CAR_19580BCD,Bmw,I5,250kw edr40 m sport 84kwh 4dr auto techcmf22kw,2023,335.0,2120.0,1984.0,4.0,400.0,Rear wheel drive,EV,Electric,Automatic,193.1,0.0,0.1580188679245283,-1.8450408358409918,0.18867924528301888,-1.667706820558076,168.8508064516129,0,1,0,0,5.8
CAR_BD93F4ED,Bmw,I5,250kw edr40 m sport 84kwh 4dr auto techcmf22kw,2024,335.0,2180.0,1984.0,4.0,400.0,Rear wheel drive,EV,Electric,Automatic,193.1,0.0,0.1536697247706422,-1.8729496239580683,0.1834862385321101,-1.6956156086751526,168.8508064516129,0,1,0,0,5.9
CAR_BFDA19AB,Bmw,I7,400kw xdrive60 excellence 1057kwh 4dr auto,2022,536.0,2640.0,1984.0,4.0,745.0,4 wheel drive,EV,Electric,Automatic,239.8,0.0,0.20303030303030303,-1.5944000350695597,0.2821969696969697,-1.2651499777608022,270.16129032258067,1,1,0,0,4.5
CAR_A84B201E,Bmw,I8,coupe 2d auto,2014,356.0,1485.0,1499.0,3.0,570.0,4 wheel drive,Hybrid,Petrol Parallel PHEV,Automatic,249.4,49.0,0.23973063973063974,-1.4282393203847694,0.3838383838383838,-0.9575336904082042,237.49166110740492,1,0,0,0,4.3
CAR_9D9FB48E,Bmw,I8,auto 2d,2018,368.0,1595.0,1499.0,3.0,570.0,4 wheel drive,Hybrid,Petrol Parallel PHEV,Automatic,249.4,50.0,0.23072100313479624,-1.466546077050014,0.3573667711598746,-1.0289926543903491,245.49699799866576,1,0,0,0,4.5
CAR_CA48C4AD,Bmw,Ix,240kw xdr40 msport 766kwh 5dr auto techsky22kw,2021,321.0,2365.0,1984.0,4.0,630.0,4 wheel drive,EV,Electric,Automatic,199.6,0.0,0.1357293868921776,-1.9970921777960176,0.266384778012685,-1.3228134815404549,161.79435483870967,1,1,0,0,5.9
CAR_CBF1AB30,Bmw,Ix1,150kw edrive20 m sport 65kwh 5dr auto,2022,201.0,1865.0,1984.0,4.0,250.0,Front wheel drive,EV,Electric,Automatic,170.6,0.0,0.10777479892761394,-2.2277114240188403,0.13404825737265416,-2.0095554142156695,101.31048387096774,0,1,0,0,8.3
CAR_96E49185,Bmw,Ix2,150kw edrive20 m sport 65kwh 5dr auto,2023,201.0,1885.0,1984.0,4.0,250.0,Front wheel drive,EV,Electric,Automatic,170.6,0.0,0.10663129973474801,-2.238378191823035,0.13262599469496023,-2.0202221820198645,101.31048387096774,0,1,0,0,8.3
CAR_0A472E4B,Bmw,Ix3,210kw m sport 80kwh 5dr auto,2021,281.0,2180.0,1984.0,4.0,400.0,Rear wheel drive,EV,Electric,Automatic,180.2,0.0,0.12889908256880733,-2.048725486449389,0.1834862385321101,-1.6956156086751526,141.63306451612902,0,1,0,0,6.6
CAR_AA653464,Bmw,Ix3,345kw xdr50 m sport pro 113kwh 5dr auto tech22kw,2025,462.0,2285.0,1984.0,4.0,645.0,4 wheel drive,EV,Electric,Automatic,209.2,0.0,0.20218818380743983,-1.5985564122465663,0.28227571115973743,-1.2648709865325325,232.86290322580646,1,1,0,0,4.7
CAR_EEAC8298,Bmw,X1,sdrive 18d m sport (plus pack and tech pack ii) 5d,2015,147.0,1510.0,1995.0,4.0,350.0,Front wheel drive,Diesel,Diesel,Manual,204.4,134.0,0.09735099337748344,-2.3294323430302337,0.23178807947019867,-1.4619317753255108,73.68421052631578,0,0,0,1,9.0
CAR_459206D9,Bmw,X1,m35i xdrive 5dr step auto,2022,295.0,1665.0,1998.0,4.0,400.0,4 wheel drive,Naturally Aspirated,Petrol,Automatic,249.4,175.0,0.17717717717717718,-1.7306050460747244,0.24024024024024024,-1.4261158553065623,147.64764764764766,1,0,0,0,5.2
CAR_7B4CFBA2,Bmw,X1,sdrive 16d se 5d,2009,114.0,1480.0,1995.0,4.0,260.0,Rear wheel drive,Diesel,Diesel,Manual,189.9,128.0,0.07702702702702703,-2.5635989183636654,0.17567567567567569,-1.739115735742633,57.14285714285714,0,0,0,1,11.1
CAR_183C67EA,Bmw,X2,m35i sport automatic 5d,2018,301.0,1615.0,1998.0,4.0,450.0,4 wheel drive,Naturally Aspirated,Petrol,Automatic,249.4,177.0,0.18637770897832817,-1.679979970907881,0.2786377708978328,-1.2778426528923914,150.65065065065065,1,0,0,0,4.7
CAR_4FC0AAA0,Bmw,X2,m35i xdrive 5dr step auto,2023,295.0,1695.0,1998.0,4.0,400.0,4 wheel drive,Naturally Aspirated,Petrol,Automatic,249.4,174.0,0.17404129793510326,-1.7484626634747307,0.2359882005899705,-1.4439734727065687,147.64764764764766,1,0,0,0,5.2
CAR_C5AD5E3B,Bmw,X3,m40d sport automatic 5d,2017,321.0,1895.0,2993.0,6.0,680.0,4 wheel drive,Diesel,Diesel,Automatic,249.4,187.0,0.16939313984168866,-1.7755329943865108,0.35883905013192613,-1.0248813193463744,107.25025058469764,1,0,0,0,4.7
CAR_F7E8E32C,Bmw,X3,m competition (ultimate package) m steptronic auto 5d,2019,502.0,1995.0,2993.0,6.0,600.0,4 wheel drive,Naturally Aspirated,Petrol,Automatic,249.4,261.0,0.25162907268170426,-1.3797992096322347,0.3007518796992481,-1.2014696741078175,167.7246909455396,1,0,0,0,4.0
CAR_6553F6B5,Bmw,X3,xdrive 30e m sport 5dr auto,2024,294.0,2065.0,1998.0,4.0,450.0,4 wheel drive,Hybrid,Petrol Parallel PHEV,Automatic,215.7,64.0,0.1423728813559322,-1.9493057380564516,0.2179176755447942,-1.5236379226307677,147.14714714714714,1,0,0,0,6.0
CAR_8BBAA95B,Bmw,X3,20d xdrive20d se (dynamic) 5d,2004,174.0,1740.0,1995.0,4.0,350.0,4 wheel drive,Diesel,Diesel,Manual,206.0,172.0,0.1,-2.3025850929940455,0.20114942528735633,-1.6037072377251154,87.21804511278195,1,0,0,1,8.6
CAR_D13FD8E8,Bmw,X3,sdrive18d m sport (business media) 5d,2011,140.0,1660.0,1995.0,4.0,360.0,Rear wheel drive,Diesel,Diesel,Manual,194.7,135.0,0.08433734939759036,-2.472930458741285,0.21686746987951808,-1.5284688499004333,70.17543859649122,0,0,0,1,9.6
CAR_D14A37EA,Bmw,X4,m competition (ultimate package) m steptronic auto 5d,2018,502.0,1995.0,2993.0,6.0,600.0,4 wheel drive,Naturally Aspirated,Petrol,Automatic,249.4,258.0,0.25162907268170426,-1.3797992096322347,0.3007518796992481,-1.2014696741078175,167.7246909455396,1,0,0,0,4.0
CAR_4E2831CE,Bmw,X4,xdrive20d m sport 5d,2014,187.0,1730.0,1995.0,4.0,400.0,4 wheel drive,Diesel,Diesel,Manual,212.4,143.0,0.10809248554913295,-2.224768070637238,0.23121387283236994,-1.4644121403838426,93.734335839599,1,0,0,1,7.7
CAR_7FCF80A5,Bmw,X5,m50d sport automatic (third row seating) 5d,2018,394.0,2350.0,2993.0,6.0,760.0,4 wheel drive,Diesel,Diesel,Automatic,249.4,217.0,0.1676595744680851,-1.785819697840271,0.32340425531914896,-1.1288521738578279,131.64049448713666,1,0,0,0,5.1
CAR_1D2DBCA5,Bmw,X5,xdrive x5 m competition 5dr step auto,2019,616.0,2400.0,4395.0,8.0,750.0,4 wheel drive,Naturally Aspirated,Petrol,Automatic,249.4,289.0,0.25666666666666665,-1.3599770528025172,0.3125,-1.1631508098056809,140.15927189988625,1,0,0,0,3.8
CAR_B54BDF1A,Bmw,X5,30 xdrive30i se(dynamic) 5d auto,2007,268.0,2000.0,2996.0,6.0,315.0,4 wheel drive,Naturally Aspirated,Petrol,Automatic,209.2,244.0,0.134,-2.0099154790312257,0.1575,-1.8483298207164494,89.45260347129506,1,0,0,0,7.8
CAR_E56FDEE4,Bmw,X5,sdrive25d (231bhp) m sport (7 seat) 5d auto,2013,227.0,2030.0,1995.0,4.0,500.0,Rear wheel drive,Diesel,Diesel,Automatic,218.9,141.0,0.11182266009852217,-2.1908410545544306,0.24630541871921183,-1.4011829736136412,113.7844611528822,0,0,0,0,7.5
CAR_6E30D239,Bmw,X5,30d 5d (01),2000,184.0,2095.0,2926.0,6.0,410.0,4 wheel drive,Diesel,Diesel,Manual,199.6,233.0,0.08782816229116945,-2.4323730747472525,0.1957040572792363,-1.6311516726578845,62.88448393711551,1,0,0,1,9.8
CAR_76D284D2,Bmw,X6,m50d sport automatic 5d,2019,394.0,2260.0,2993.0,6.0,760.0,4 wheel drive,Diesel,Diesel,Automatic,249.4,216.0,0.1743362831858407,-1.7467691829683978,0.336283185840708,-1.0898016589859547,131.64049448713666,1,0,0,0,5.0
CAR_F495917B,Bmw,X6,30d xdrive (dynamic) 5d step auto,2008,231.0,2075.0,2993.0,6.0,520.0,4 wheel drive,Diesel,Diesel,Automatic,220.5,217.0,0.11132530120481927,-2.195298722143005,0.25060240963855424,-1.3838876210893256,77.18008686936184,1,0,0,0,7.7
CAR_7E5D4395,Bmw,X6,xdrive m50d 5d auto,2014,375.0,2185.0,2993.0,6.0,740.0,4 wheel drive,Diesel,Diesel,Automatic,249.4,205.0,0.17162471395881007,-1.7624450815592796,0.33867276887871856,-1.082720921331475,125.2923488138991,1,0,0,0,5.0
CAR_003D4E55,Bmw,X7,m50d (ultimate package) sport automatic (six seater) 5d,2019,394.0,1895.0,2993.0,6.0,760.0,4 wheel drive,Diesel,Diesel,Automatic,249.4,235.0,0.2079155672823219,-1.570623208218593,0.40105540897097625,-0.91365568423615,131.64049448713666,1,0,0,0,5.2
CAR_0AAF51C1,Bmw,Xm,50e 5dr auto,2022,469.0,2620.0,2998.0,6.0,700.0,4 wheel drive,Hybrid,Petrol Parallel PHEV,Automatic,249.4,100.0,0.17900763358778626,-1.720326828308863,0.26717557251908397,-1.3198492617117379,156.43762508338892,1,0,0,0,4.9
CAR_C9B5FCAB,Bmw,Z3,18 2d,1996,118.0,1295.0,1895.0,4.0,180.0,Rear wheel drive,Naturally Aspirated,Petrol,Manual,196.3,189.0,0.09111969111969112,-2.395581349667973,0.138996138996139,-1.9733091232434277,62.26912928759894,0,0,0,1,10.1
CAR_1B1A5AC7,Bmw,Z3,32 2d (01),1998,325.0,1450.0,3246.0,6.0,350.0,Rear wheel drive,Naturally Aspirated,Petrol,Manual,249.4,268.0,0.22413793103448276,-1.4954936530848826,0.2413793103448276,-1.4213856809311607,100.12322858903265,0,0,0,1,5.1
CAR_EC552F89,Bmw,Z4,m40i (shadowline plus package and technology package) sport automatic 2d,2019,335.0,1565.0,2998.0,6.0,500.0,Rear wheel drive,Naturally Aspirated,Petrol,Automatic,249.4,180.0,0.21405750798722045,-1.5415105711491872,0.3194888178913738,-1.1410330045520618,111.74116077384923,0,0,0,0,4.4
CAR_78038C89,Bmw,Z4,18i sdrive (nav) 2d,2009,153.0,1395.0,1997.0,4.0,240.0,Rear wheel drive,Naturally Aspirated,Petrol,Manual,220.5,159.0,0.10967741935483871,-2.2102117728630306,0.17204301075268819,-1.7600107709134747,76.61492238357536,0,0,0,1,7.6
CAR_6222E044,Bmw,Z4,20i 2d (05),2003,150.0,1220.0,1995.0,4.0,200.0,Rear wheel drive,Naturally Aspirated,Petrol,Manual,220.5,181.0,0.12295081967213115,-2.0959708436310467,0.16393442622950818,-1.8082887711792657,75.18796992481202,0,0,0,1,7.9
CAR_CE0669A4,Bmw,Z4,30si se 2d,2006,261.0,1320.0,2996.0,6.0,315.0,Rear wheel drive,Naturally Aspirated,Petrol,Manual,249.4,207.0,0.19772727272727272,-1.6208666082577232,0.23863636363636365,-1.4328143767547834,87.11615487316422,0,0,0,1,5.5
CAR_A31F17DF,Bmw,Z4,32 coupe 2d,2006,338.0,1420.0,3246.0,6.0,365.0,Rear wheel drive,Naturally Aspirated,Petrol,Manual,249.4,292.0,0.2380281690140845,-1.4353662551122877,0.25704225352112675,-1.3585147970128149,104.12815773259396,0,0,0,1,4.8
CAR_B3571601,Bmw,Z8,50 v8 2d (lhd),2000,400.0,1690.0,4941.0,8.0,500.0,Rear wheel drive,Naturally Aspirated,Petrol,Manual,249.4,358.0,0.23668639053254437,-1.4410192608091372,0.2958579881656805,-1.2178757094949273,80.95527221210281,0,0,0,1,4.5
CAR_AE24B5DA,Chevrolet,Aveo,12 ls 3d,2008,83.0,1030.0,1206.0,4.0,114.0,Front wheel drive,Naturally Aspirated,Petrol,Manual,170.6,132.0,0.08058252427184466,-2.5184734734270835,0.11067961165048544,-2.201115632829186,68.82255389718077,0,0,0,1,12.4
CAR_3A1CF862,Chevrolet,Aveo,12 ls (start stop) 5d,2011,84.0,1064.0,1229.0,4.0,115.0,Front wheel drive,Naturally Aspirated,Petrol,Manual,172.2,111.0,0.07894736842105263,-2.538973871058276,0.1080827067669173,-2.2248585415383397,68.34825061025224,0,0,0,1,13.2
CAR_58B25847,Chevrolet,Blazer,43 v6 4wd 5d,1998,193.0,1895.0,4300.0,4.0,200.0,4 wheel drive,Naturally Aspirated,Petrol,Manual,159.3,334.0,0.10184696569920844,-2.284283928611641,0.10554089709762533,-2.24865675096849,44.88372093023256,1,0,0,1,9.8
CAR_67A8D7C7,Chevrolet,Camaro,62 v8 45th anniversary edition coupe 2d,2012,425.0,1769.0,6162.0,8.0,569.0,Rear wheel drive,Naturally Aspirated,Petrol,Manual,249.4,329.0,0.24024872809496892,-1.4260805252353683,0.32165065008479365,-1.1342892600334544,68.97111327491075,0,0,0,1,5.0
CAR_8FA64B18,Chevrolet,Camaro,62 v8 45th anniversary edition convertible 2d,2012,425.0,1890.0,6162.0,8.0,569.0,Rear wheel drive,Naturally Aspirated,Petrol,Manual,249.4,329.0,0.22486772486772486,-1.4922429391292713,0.3010582010582011,-1.200451673927357,68.97111327491075,0,0,0,1,5.2
CAR_3605DCA0,Chevrolet,Captiva,20 cdti lt 5d,2007,148.0,1820.0,1991.0,4.0,320.0,4 wheel drive,Diesel,Diesel,Manual,178.6,197.0,0.08131868131868132,-2.509379506306726,0.17582417582417584,-1.7382707842770688,74.33450527373179,1,0,0,1,11.1
CAR_CD9ABE0E,Chevrolet,Corvette,62 v8 2lt 2dr auto,2021,475.0,1730.0,6162.0,8.0,613.0,Rear wheel drive,Turbocharged,Petrol,Automatic,296.1,293.0,0.2745664739884393,-1.2925618834571835,0.35433526011560695,-1.0375117515556131,77.08536189548848,0,0,1,0,3.4
CAR_0D7ED264,Chevrolet,Corvette,62 v8 2lt 2dr auto,2021,475.0,1767.0,6162.0,8.0,613.0,Rear wheel drive,Turbocharged,Petrol,Automatic,296.1,293.0,0.26881720430107525,-1.3137236682850553,0.3469156762874929,-1.058673536383485,77.08536189548848,0,0,1,0,3.4
CAR_3CAD5DDD,Chevrolet,Corvette,55 v8 3lz 2dr auto,2025,636.0,1789.0,5460.0,8.0,595.0,Rear wheel drive,Naturally Aspirated,Petrol,Automatic,199.6,377.0,0.3555058692006708,-1.034213520168597,0.3325880380100615,-1.1008506779630893,116.48351648351648,0,0,0,0,3.0
CAR_CA42CEFB,Chevrolet,Corvette,55 v8 3lz 2dr auto,2025,636.0,1833.0,5460.0,8.0,595.0,Rear wheel drive,Naturally Aspirated,Petrol,Automatic,199.6,377.0,0.3469721767594108,-1.0585106844995829,0.32460447354064376,-1.1251478422940753,116.48351648351648,0,0,0,0,3.0
CAR_915BC480,Chevrolet,Corvette,62 v8 hev 3lz 2dr auto eawd,2025,634.0,1907.0,6162.0,8.0,613.0,4 wheel drive,EV,Petrol/Electric Hybrid,Automatic,296.1,289.0,0.33245936025170425,-1.1012376511631932,0.3214472994231778,-1.1349216696642075,102.88867250892568,1,1,0,0,2.8
CAR_2A778B65,Chevrolet,Corvette,62 v8 hev 3lz 2dr auto eawd,2025,634.0,1944.0,6162.0,8.0,613.0,4 wheel drive,EV,Petrol/Electric Hybrid,Automatic,296.1,289.0,0.32613168724279834,-1.1204540305831585,0.3153292181069959,-1.154138049084173,102.88867250892568,1,1,0,0,2.8
CAR_3248F7FB,Chevrolet,Corvette,57 v8 2d,1998,344.0,1538.0,5666.0,8.0,200.0,Rear wheel drive,Naturally Aspirated,Petrol,Manual,273.6,314.0,0.22366710013003901,-1.497596492692191,0.13003901170351106,-2.0399207835175526,60.71302506177197,0,0,0,1,4.5
CAR_567CC465,Chevrolet,Corvette,57 v8 2d,1998,344.0,1538.0,5666.0,8.0,200.0,Rear wheel drive,Naturally Aspirated,Petrol,Manual,273.6,314.0,0.22366710013003901,-1.497596492692191,0.13003901170351106,-2.0399207835175526,60.71302506177197,0,0,0,1,4.5
CAR_897AAC9A,Chevrolet,Cruze,16 (124bhp) ls 4d,2009,122.0,1285.0,1598.0,4.0,154.0,Front wheel drive,Naturally Aspirated,Petrol,Manual,189.9,153.0,0.09494163424124513,-2.354492952596064,0.1198443579766537,-2.121561394915691,76.34543178973716,0,0,0,1,10.6
CAR_A1C312EE,Chevrolet,Cruze,14 ls 5d,2011,98.0,1305.0,1398.0,4.0,130.0,Front wheel drive,Naturally Aspirated,Petrol,Manual,175.4,125.0,0.07509578544061303,-2.588990841086222,0.09961685823754789,-2.3064238693012116,70.10014306151646,0,0,0,1,13.6
CAR_21ADC13D,Chevrolet,Cruze,14 ls 5d,2012,98.0,1340.0,1398.0,4.0,130.0,Front wheel drive,Naturally Aspirated,Petrol,Manual,178.6,134.0,0.07313432835820896,-2.615457414274385,0.09701492537313433,-2.332890442489375,70.10014306151646,0,0,0,1,14.1
CAR_E296847F,Chevrolet,Epica,20 ls 4d,2008,140.0,1460.0,1993.0,6.0,195.0,Front wheel drive,Naturally Aspirated,Petrol,Manual,207.6,199.0,0.0958904109589041,-2.344549292093078,0.13356164383561644,-2.0131921561386354,70.24586051179126,0,0,0,1,9.6
CAR_7B07B6F8,Chevrolet,Kalos,12 s 3d,2005,70.0,990.0,1150.0,4.0,104.0,Front wheel drive,Naturally Aspirated,Petrol,Manual,157.7,153.0,0.0707070707070707,-2.649209701079277,0.10505050505050505,-2.2533140439872628,60.86956521739131,0,0,0,1,13.3
CAR_18119D8A,Chevrolet,Lacetti,14 se 5d,2005,94.0,1170.0,1399.0,4.0,131.0,Front wheel drive,Naturally Aspirated,Petrol,Manual,175.4,165.0,0.08034188034188035,-2.521464245521798,0.11196581196581197,-2.18956170459065,67.19085060757683,0,0,0,1,11.2
CAR_C227C4C9,Chevrolet,Lacetti,16 sx 5d,2005,108.0,1250.0,1598.0,4.0,150.0,Front wheel drive,Naturally Aspirated,Petrol,Manual,186.7,181.0,0.0864,-2.448767603172127,0.12,-2.120263536200091,67.58448060075094,0,0,0,1,11.0
CAR_A06D04BB,Chevrolet,Lacetti,16 sx 4d,2005,108.0,1180.0,1598.0,4.0,150.0,Front wheel drive,Naturally Aspirated,Petrol,Manual,186.7,178.0,0.09152542372881356,-2.3911384903354906,0.1271186440677966,-2.0626344233634546,67.58448060075094,0,0,0,1,10.4
CAR_DDA2ABC7,Chevrolet,Matiz,10 le 5d,2005,62.0,796.0,995.0,4.0,87.0,Front wheel drive,Naturally Aspirated,Petrol,Manual,151.3,158.0,0.07788944723618091,-2.5524648007992914,0.1092964824120603,-2.2136910671897994,62.311557788944725,0,0,0,1,12.5
CAR_02C7FFB9,Chevrolet,Matiz,10 se 5d,2005,62.0,796.0,995.0,4.0,87.0,Front wheel drive,Naturally Aspirated,Petrol,Manual,151.3,158.0,0.07788944723618091,-2.5524648007992914,0.1092964824120603,-2.2136910671897994,62.311557788944725,0,0,0,1,12.5
CAR_1E1D577E,Chevrolet,Orlando,14t ls (start stop) 5d,2011,138.0,1539.0,1362.0,4.0,200.0,Front wheel drive,Naturally Aspirated,Petrol,Manual,199.6,149.0,0.08966861598440545,-2.4116344486816748,0.1299545159194282,-2.0405707672908426,101.32158590308369,0,0,0,1,10.6
CAR_BB44A19C,Chevrolet,Spark,10i (non ac) 5d,2010,67.0,864.0,995.0,4.0,93.0,Front wheel drive,Naturally Aspirated,Petrol,Manual,154.5,119.0,0.0775462962962963,-2.5568801494130895,0.1076388888888889,-2.2289732756508,67.33668341708542,0,0,0,1,15.0
CAR_57EAE308,Chevrolet,Tacuma,16 sx 5d,2005,105.0,1272.0,1598.0,4.0,145.0,Front wheel drive,Naturally Aspirated,Petrol,Manual,167.4,191.0,0.08254716981132075,-2.494385393742544,0.1139937106918239,-2.171612001479493,65.70713391739675,0,0,0,1,11.8
CAR_01E171F8,Chevrolet,Trax,14t lt 5d,2013,138.0,1319.0,1364.0,4.0,200.0,Front wheel drive,Naturally Aspirated,Petrol,Manual,196.3,139.0,0.10462471569370735,-2.25737546756011,0.1516300227445034,-1.886311786169278,101.17302052785924,0,0,0,1,9.2
CAR_9F9DE15D,Chevrolet,Volt,volt (sat nav) 5d auto,2012,148.0,1732.0,1984.0,4.0,370.0,Front wheel drive,EV,Electric,Automatic,159.3,0.0,0.08545034642032333,-2.4598198153582653,0.21362586605080833,-1.5435290834841102,74.59677419354838,0,1,0,0,8.7
CAR_B5CD404F,Citroen,Ax,10 cascade 3d,1987,50.0,1326.5,954.0,4.0,200.0,Front wheel drive,Naturally Aspirated,Petrol,Manual,149.7,175.0,0.03769317753486619,-3.2782761681496484,0.15077271013946475,-1.8919818070297578,52.41090146750524,0,0,0,1,13.5
CAR_6E9DB032,Citroen,Berlingo,12 110 plus m 5dr,2018,109.0,1401.0,1199.0,3.0,205.0,Front wheel drive,Naturally Aspirated,Petrol,Manual,178.6,143.0,0.07780157030692363,-2.553593664107863,0.14632405424696646,-1.9219315671985988,90.9090909090909,0,0,0,1,11.2
CAR_4C4B2418,Citroen,Berlingo,14i 3d,1998,75.0,1125.0,1360.0,4.0,200.0,Front wheel drive,Naturally Aspirated,Petrol,Manual,149.7,178.0,0.06666666666666667,-2.70805020110221,0.17777777777777778,-1.7272209480904839,55.147058823529406,0,0,0,1,14.1
CAR_FA1FF13E,Citroen,Berlingo Multispace,12 puretech feel 5d,2008,108.0,1490.0,1199.0,3.0,205.0,Front wheel drive,Naturally Aspirated,Petrol,Manual,180.2,119.0,0.07248322147651007,-2.624400171815285,0.13758389261744966,-1.9835214198010966,90.07506255212677,0,0,0,1,11.8
CAR_F08F54B5,Citroen,C Crosser,22 hdi code 5d,2007,156.0,1750.0,2179.0,4.0,380.0,4 wheel drive,Diesel,Diesel,Manual,199.6,191.0,0.08914285714285715,-2.417515059668023,0.21714285714285714,-1.5271998141971284,71.59247361174852,1,0,0,1,9.6
CAR_70138831,Citroen,C Zero,electric 5d auto,2011,66.0,1120.0,1984.0,4.0,180.0,Rear wheel drive,EV,Electric,Automatic,130.4,0.0,0.05892857142857143,-2.831429222262715,0.16071428571428573,-1.8281271133989299,33.266129032258064,0,1,0,0,15.4
CAR_1CC685EF,Citroen,C1,10 vti 72 jcc 5d,2014,70.0,840.0,998.0,3.0,93.0,Front wheel drive,Naturally Aspirated,Petrol,Manual,159.3,110.0,0.08333333333333333,-2.4849066497880004,0.11071428571428571,-2.2008023986841034,70.14028056112224,0,0,0,1,13.6
CAR_EF1360F1,Citroen,C1,10i airplay 3d,2005,68.0,790.0,998.0,3.0,94.0,Front wheel drive,Naturally Aspirated,Petrol,Manual,157.7,109.0,0.08607594936708861,-2.4525252402849604,0.1189873417721519,-2.128738163191063,68.13627254509018,0,0,0,1,13.3
CAR_CD600C84,Citroen,C2,11i airplay 3d,2003,61.0,932.0,1124.0,4.0,94.0,Front wheel drive,Naturally Aspirated,Petrol,Manual,157.7,138.0,0.06545064377682404,-2.72645895051228,0.10085836909871244,-2.294038032415587,54.27046263345195,0,0,0,1,13.9
CAR_488FE131,Citroen,C2,16i 16v 3d,2003,110.0,1055.0,1587.0,4.0,146.0,Front wheel drive,Naturally Aspirated,Petrol,Manual,194.7,158.0,0.10426540284360189,-2.2608156801177506,0.13838862559241707,-1.9776894242018304,69.31316950220543,0,0,0,1,9.2
CAR_9BABAEFA,Citroen,C2,14 hdi vts 3d,2004,70.0,991.0,1398.0,4.0,160.0,Front wheel drive,Diesel,Diesel,Manual,165.8,113.0,0.07063572149344097,-2.650219292280629,0.16145307769929365,-1.823540719096161,50.07153075822604,0,0,0,1,13.1
CAR_AE379D80,Citroen,C3,12 puretech 110 c series edition 5dr eat6,2017,108.0,1090.0,1199.0,3.0,205.0,Front wheel drive,Naturally Aspirated,Petrol,Automatic,193.1,134.0,0.09908256880733946,-2.3118017480989694,0.18807339449541285,-1.6709229960847811,90.07506255212677,0,0,0,0,9.8
CAR_CA54511A,Citroen,C3,12 hybrid [110] collection 5dr e dcs6,2024,107.0,1252.0,1199.0,3.0,205.0,Front wheel drive,Hybrid,Petrol,Automatic,159.3,108.0,0.08546325878594249,-2.4596687171981375,0.16373801916932906,-1.8094875725216357,89.24103419516263,0,0,0,0,9.5
CAR_754EFFE9,Citroen,C3,10i vtr 3d,2002,68.0,800.0,998.0,3.0,94.0,Front wheel drive,Naturally Aspirated,Petrol,Manual,157.7,106.0,0.085,-2.4651040224918206,0.1175,-2.1413169453979233,68.13627254509018,0,0,0,1,13.3
CAR_9823A333,Citroen,C3,10 puretech edition 5d,2010,68.0,973.0,999.0,3.0,95.0,Front wheel drive,Naturally Aspirated,Petrol,Manual,162.5,104.0,0.0698869475847893,-2.6608763770098984,0.09763617677286741,-2.326507190585464,68.06806806806807,0,0,0,1,13.7
CAR_7F53EEB4,Citroen,C3 Aircross,12 puretech 110 c series 5dr,2017,108.0,1179.0,1199.0,3.0,205.0,Front wheel drive,Naturally Aspirated,Petrol,Manual,183.5,134.0,0.0916030534351145,-2.3902906734131513,0.17387616624257846,-1.7494119213989627,90.07506255212677,0,0,0,1,9.8
CAR_125EC07A,Citroen,C3 Aircross,12 hybrid [136] max 5dr e dcs6,2025,134.0,1348.0,1199.0,3.0,230.0,Front wheel drive,Hybrid,Petrol,Automatic,201.2,121.0,0.09940652818991098,-2.308537491521341,0.17062314540059348,-1.768297982549057,111.75979983319432,0,0,0,0,8.8
CAR_9D632EC1,Citroen,C3 Picasso,12 puretech edition 5d,2009,110.0,1380.0,1199.0,3.0,205.0,Front wheel drive,Naturally Aspirated,Petrol,Manual,186.7,115.0,0.07971014492753623,-2.5293584123588344,0.14855072463768115,-1.9068287990128423,91.74311926605505,0,0,0,1,11.4
CAR_180ADA7B,Citroen,C3 Pluriel,14hdi 3d,2003,70.0,1186.0,1398.0,4.0,149.0,Front wheel drive,Diesel,Diesel,Manual,157.7,125.0,0.05902192242833052,-2.829846337508312,0.12563237774030353,-2.0743952736122115,50.07153075822604,0,0,0,1,15.6
CAR_BA15BAD2,Citroen,C3 Xtr,14 hdi 16v xtr 5d,2004,92.0,1072.0,1398.0,4.0,199.0,Front wheel drive,Diesel,Diesel,Manual,177.0,112.0,0.08582089552238806,-2.455492764581707,0.18563432835820895,-1.6839765169062548,65.80829756795423,0,0,0,1,11.3
CAR_C37EAAA3,Citroen,C4,14i 16v cool 5d,2004,90.0,1182.0,1360.0,4.0,133.0,Front wheel drive,Naturally Aspirated,Petrol,Manual,181.9,153.0,0.07614213197969544,-2.5751535276357784,0.11252115059221658,-2.1846140697442897,66.17647058823529,0,0,0,1,12.4
CAR_D1A159A1,Citroen,C4,14i 16v vt 3d,2004,90.0,1181.0,1360.0,4.0,133.0,Front wheel drive,Naturally Aspirated,Petrol,Manual,181.9,153.0,0.07620660457239628,-2.574307145867097,0.1126164267569856,-2.1837676879756085,66.17647058823529,0,0,0,1,12.4
CAR_95B064FE,Citroen,C4,12 puretech (130bhp) flair (plus pack) 5d,2011,128.0,1205.0,1199.0,3.0,230.0,Front wheel drive,Naturally Aspirated,Petrol,Manual,199.6,114.0,0.10622406639004149,-2.2422045820051384,0.1908713692946058,-1.6561555370015602,106.7556296914095,0,0,0,1,10.5
CAR_C1528E10,Citroen,C4 Cactus,feel bluehdi 100 ss (062018 on) 5d,2018,100.0,1085.0,1499.0,4.0,250.0,Front wheel drive,Diesel,Diesel,Manual,189.9,98.0,0.09216589861751152,-2.3841650799864684,0.2304147465437788,-1.4678743481123135,66.71114076050699,0,0,0,1,9.7
CAR_204C5973,Citroen,C4 Cactus,12 puretech (110bhp) feel 5d,2014,108.0,1020.0,1199.0,3.0,205.0,Front wheel drive,Naturally Aspirated,Petrol,Manual,188.3,100.0,0.10588235294117647,-2.245426679154097,0.20098039215686275,-1.6045479271399086,90.07506255212677,0,0,0,1,9.0
CAR_D4CE4D15,Citroen,C4 Picasso,16 16v vti lx (5 seat) 5d,2007,120.0,1458.0,1598.0,4.0,160.0,Front wheel drive,Naturally Aspirated,Petrol,Manual,186.7,174.0,0.0823045267489712,-2.4973291697865574,0.10973936899862825,-2.2096470973347766,75.09386733416771,0,0,0,1,11.7
CAR_1AA44894,Citroen,C4 Spacetourer,feel bluehdi 120 ss 5d,2018,118.0,1320.0,1560.0,4.0,300.0,Front wheel drive,Diesel,Diesel,Manual,188.3,100.0,0.0893939393939394,-2.414702391114752,0.22727272727272727,-1.4816045409242156,75.64102564102564,0,0,0,1,10.9
CAR_A20D909E,Citroen,C4X,12 hybrid [136] max 5dr e dcs6,2022,134.0,1336.0,1199.0,3.0,230.0,Front wheel drive,Hybrid,Petrol,Automatic,206.0,106.0,0.10029940119760479,-2.2995955541456796,0.1721556886227545,-1.7593560451733956,111.75979983319432,0,0,0,0,7.8
CAR_B3DF4964,Citroen,C5,12 hybrid 145 max 5dr auto,2025,142.0,1554.0,1199.0,3.0,230.0,Front wheel drive,Hybrid,Petrol,Automatic,201.2,122.0,0.09137709137709138,-2.392760473326332,0.148005148005148,-1.9105082220043974,118.43202668890741,0,0,0,0,10.8
CAR_AADCB4F1,Citroen,C5,16 hdi 16v vtr (115bhp) (techno pack) 4d,2008,115.0,1506.0,1560.0,4.0,240.0,Front wheel drive,Diesel,Diesel,Manual,189.9,120.0,0.07636122177954847,-2.5722802799965887,0.1593625498007968,-1.8365734850178477,73.71794871794872,0,0,0,1,11.2
CAR_B58CD19B,Citroen,C5,16 hdi 16v vtr (115bhp) (techno pack) 5d,2008,115.0,1538.0,1560.0,4.0,240.0,Front wheel drive,Diesel,Diesel,Manual,186.7,120.0,0.07477243172951886,-2.593306021702339,0.15604681404421328,-1.857599226723598,73.71794871794872,0,0,0,1,11.5
CAR_EBC2EEC8,Citroen,C5,18i 16v lx 5d,2001,117.0,1290.0,1749.0,4.0,160.0,Front wheel drive,Naturally Aspirated,Petrol,Manual,196.3,182.0,0.09069767441860466,-2.4002235625579615,0.12403100775193798,-2.087223682121891,66.89536878216123,0,0,0,1,10.7
CAR_E4EF987A,Citroen,C5,18i 16v lx 5d,2001,117.0,1371.0,1749.0,4.0,160.0,Front wheel drive,Naturally Aspirated,Petrol,Manual,193.1,187.0,0.08533916849015317,-2.4611217447645584,0.11670313639679067,-2.1481218643284876,66.89536878216123,0,0,0,1,11.1
CAR_62BDCA86,Citroen,C5,16 hdi 16v design 5d,2004,110.0,1424.0,1560.0,4.0,240.0,Front wheel drive,Diesel,Diesel,Manual,189.9,139.0,0.07724719101123595,-2.560744726179505,0.16853932584269662,-1.7805861686299298,70.51282051282051,0,0,0,1,10.9
CAR_E54A7D9F,Citroen,C5,16 hdi 16v design 5d,2004,110.0,1442.0,1560.0,4.0,240.0,Front wheel drive,Diesel,Diesel,Manual,186.7,145.0,0.07628294036061026,-2.573305952052478,0.1664355062413315,-1.793147394502903,70.51282051282051,0,0,0,1,11.1
CAR_8A2D2820,Citroen,C5 X,12 hybrid 136 max 5dr e dcs6,2022,134.0,1516.0,1199.0,3.0,230.0,Front wheel drive,Hybrid,Petrol,Automatic,210.8,116.0,0.08839050131926121,-2.4259907662514055,0.1517150395778364,-1.8857512572791215,111.75979983319432,0,0,0,0,9.4
CAR_042DC2E5,Citroen,C6,22 hdi 16v 4d,2006,173.0,1820.0,2179.0,4.0,370.0,Front wheel drive,Diesel,Diesel,Manual,217.3,175.0,0.09505494505494505,-2.353300185573062,0.2032967032967033,-1.593088774432571,79.39421753097751,0,0,0,1,9.2
CAR_B7928F47,Citroen,C8,20 hdi 16v excl 5d auto,2003,110.0,1710.0,1997.0,4.0,270.0,Front wheel drive,Diesel,Diesel,Automatic,167.4,210.0,0.06432748538011696,-2.743768283704289,0.15789473684210525,-1.845826690498331,55.082623935903854,0,0,0,0,16.1
CAR_1FF7E670,Citroen,Dispatch Combi,16 hdi (95bhp) l2 6dr (6 seat) 6d,2007,93.0,1923.0,1997.0,4.0,260.0,Front wheel drive,Diesel,Diesel,Manual,154.5,169.0,0.0483619344773791,-3.0290422524355236,0.13520540821632865,-2.000960114573252,46.56985478217326,0,0,0,1,15.8
CAR_586EFFB9,Citroen,Dispatch Combi,15 bluehdi 100 xs 6dr 6d,2016,100.0,1646.0,1499.0,4.0,270.0,Front wheel drive,Diesel,Diesel,Manual,144.8,137.0,0.060753341433778855,-2.800933195248924,0.16403402187120292,-1.8076814222386404,66.71114076050699,0,0,0,1,13.1
CAR_4AA4AC24,Citroen,Ds3,12 pure tech dstyle 3d,2010,110.0,1070.0,1199.0,3.0,205.0,Front wheel drive,Naturally Aspirated,Petrol,Manual,189.9,107.0,0.102803738317757,-2.2749335616635356,0.19158878504672897,-1.6524039483175437,91.74311926605505,0,0,0,1,9.3
CAR_6A3F64D2,Citroen,Ds3,16 thp 16v racing black 3d,2011,207.0,1326.5,1598.0,4.0,275.0,Front wheel drive,Naturally Aspirated,Petrol,Manual,235.0,149.0,0.15604975499434603,-1.8575803803124251,0.20731247644176404,-1.5735280759112231,129.5369211514393,0,0,0,1,6.3
CAR_346F7049,Citroen,Ds3,12 puretech (110bhp) dstyle 2d,2013,110.0,1220.0,1199.0,3.0,205.0,Front wheel drive,Naturally Aspirated,Petrol,Manual,189.9,107.0,0.09016393442622951,-2.406125771934886,0.1680327868852459,-1.7835961585888942,91.74311926605505,0,0,0,1,9.5
CAR_BAE78249,Citroen,Ds4,12 puretech dstyle nav 5d,2011,128.0,1326.5,1199.0,4.0,200.0,Front wheel drive,Naturally Aspirated,Petrol,Manual,199.6,120.0,0.09649453448925745,-2.338268909658177,0.15077271013946475,-1.8919818070297578,106.7556296914095,0,0,0,1,9.7
CAR_8948D2C8,Citroen,Ds5,16 hdi dsign 5d egs,2012,108.0,1326.5,1560.0,4.0,270.0,Front wheel drive,Diesel,Diesel,Automatic,191.5,114.0,0.08141726347531097,-2.5081679464535744,0.2035431586882774,-1.5918772145794196,69.23076923076923,0,0,0,0,11.6
CAR_A55FBA95,Citroen,E Berlingo,100kw feel m 50kwh 5dr auto,2021,134.0,1664.0,1984.0,4.0,260.0,Front wheel drive,EV,Electric,Automatic,135.2,0.0,0.08052884615384616,-2.5191398214302425,0.15625,-1.8562979903656263,67.54032258064517,0,1,0,0,11.1
CAR_F01CD971,Citroen,E C3,83kw collection 44kwh 5dr auto,2024,111.0,1416.0,1984.0,4.0,125.0,Front wheel drive,EV,Electric,Automatic,132.0,0.0,0.07838983050847458,-2.546061072941331,0.0882768361581921,-2.427277536951364,55.94758064516129,0,1,0,0,10.1
CAR_ABF7C265,Citroen,E C3,83kw extended range collection 54kwh 5dr auto,2025,111.0,1533.0,1984.0,4.0,125.0,Front wheel drive,EV,Electric,Automatic,143.2,0.0,0.07240704500978473,-2.62545167755948,0.08153946510110893,-2.506668141569513,55.94758064516129,0,1,0,0,12.6
CAR_DB51715B,Citroen,E C4,100kw c series edition 50kwh 5dr auto,2021,134.0,1561.0,1984.0,4.0,260.0,Front wheel drive,EV,Electric,Automatic,149.7,0.0,0.08584240871236387,-2.4552421205645207,0.16655989750160155,-1.7924002894999043,67.54032258064517,0,1,0,0,9.7
CAR_A25942C8,Citroen,E C4 X,100kw e series 50kwh 5dr auto,2022,134.0,1584.0,1984.0,4.0,260.0,Front wheel drive,EV,Electric,Automatic,149.7,0.0,0.0845959595959596,-2.46986877242346,0.16414141414141414,-1.8070269413588433,67.54032258064517,0,1,0,0,9.7
CAR_676ED602,Citroen,E C5 Aircross,157kw max 73kwh 5dr auto,2025,210.0,2109.0,1984.0,4.0,343.0,Front wheel drive,EV,Electric,Automatic,170.6,0.0,0.09957325746799431,-2.306861649761306,0.16263632053105737,-1.8162387333128347,105.84677419354838,0,1,0,0,8.6
CAR_CDA5FE9A,Citroen,E Spacetourer,100kw bus lounge m 50kwh 5dr auto [11kwch],2020,134.0,1894.0,1984.0,4.0,260.0,Front wheel drive,EV,Electric,Automatic,130.4,0.0,0.07074973600844774,-2.648606473795112,0.13727560718057022,-1.9857646427304958,67.54032258064517,0,1,0,0,12.7
CAR_891F740A,Citroen,Grand C4 Picasso,16 16v vti lx 5d,2007,120.0,1486.0,1598.0,4.0,163.0,Front wheel drive,Naturally Aspirated,Petrol,Manual,186.7,174.0,0.08075370121130551,-2.5163514824956588,0.10969044414535666,-2.2100930244709422,75.09386733416771,0,0,0,1,12.0
CAR_28C94801,Citroen,Grand C4 Spacetourer,12 puretech 130 live 5dr,2018,129.0,1320.0,1199.0,3.0,230.0,Front wheel drive,Naturally Aspirated,Petrol,Manual,199.6,139.0,0.09772727272727273,-2.3255746112187445,0.17424242424242425,-1.7473077066572211,107.58965804837364,0,0,0,1,9.5
CAR_3BAABC14,Citroen,Holidays,20 bluehdi max m 5dr eat8,2024,174.0,2365.0,1997.0,4.0,400.0,Front wheel drive,Diesel,Diesel,Automatic,170.6,208.0,0.07357293868921776,-2.6094780017115045,0.16913319238900634,-1.7770687538180514,87.1306960440661,0,0,0,0,10.3
CAR_B95E9741,Citroen,Nemo Multispace,13 hdi (non startstop) 5d,2009,73.0,1326.5,1248.0,4.0,190.0,Front wheel drive,Diesel,Diesel,Manual,154.5,119.0,0.05503203920090464,-2.899839732429403,0.14323407463249152,-1.9432751014173082,58.493589743589745,0,0,0,1,16.1
CAR_61D0E0D7,Citroen,Saxo,10i east coast 3d,1996,60.0,805.0,954.0,4.0,240.0,Front wheel drive,Turbocharged,Petrol,Manual,162.5,159.0,0.07453416149068323,-2.5964977151964628,0.2981366459627329,-1.210203354076572,62.89308176100629,0,0,1,1,12.4
CAR_EEF770CA,Citroen,Spacetourer,20 bluehdi 180 business lounge m [8 st] 5dr eat8,2023,174.0,1764.0,1997.0,4.0,400.0,Front wheel drive,Diesel,Diesel,Automatic,185.1,180.0,0.09863945578231292,-2.3162839373522077,0.22675736961451248,-1.4838746894587547,87.1306960440661,0,0,0,0,10.3
CAR_BD177E6C,Citroen,Synergie,19 td desire 5d (7 seat),1995,90.0,1565.0,1905.0,4.0,350.0,Front wheel drive,Diesel,Diesel,Manual,159.3,215.0,0.05750798722044728,-2.8558314326439884,0.22364217252396165,-1.4977079484907942,47.24409448818898,0,0,0,1,13.5
CAR_B11C47F0,Citroen,Xantia,16i 5d,1993,90.0,1170.0,1580.0,4.0,200.0,Front wheel drive,Naturally Aspirated,Petrol,Manual,175.4,175.0,0.07692307692307693,-2.5649493574615367,0.17094017094017094,-1.766441661243765,56.962025316455694,0,0,0,1,12.4
CAR_A89EB35E,Citroen,Xantia,18i 16v forte 5d,1995,112.0,1312.0,1761.0,4.0,200.0,Front wheel drive,Naturally Aspirated,Petrol,Manual,188.3,198.0,0.08536585365853659,-2.46080909820894,0.1524390243902439,-1.8809906029559977,63.60022714366838,0,0,0,1,10.7
CAR_EA4BA317,Citroen,Xsara,14i forte 5d,1997,75.0,1030.0,1360.0,4.0,200.0,Front wheel drive,Naturally Aspirated,Petrol,Manual,175.4,170.0,0.07281553398058252,-2.619825967687371,0.1941747572815534,-1.6389967146756448,55.147058823529406,0,0,0,1,11.6
CAR_DAB4151E,Citroen,Xsara,14i lx 5d,1998,75.0,1080.0,1360.0,4.0,200.0,Front wheel drive,Naturally Aspirated,Petrol,Manual,175.4,170.0,0.06944444444444445,-2.667228206581955,0.18518518518518517,-1.6863989535702288,55.147058823529406,0,0,0,1,12.1
CAR_9FA87001,Citroen,Xsara,14i west coast 3d,1998,75.0,1030.0,1360.0,4.0,240.0,Front wheel drive,Turbocharged,Petrol,Manual,175.4,170.0,0.07281553398058252,-2.619825967687371,0.23300970873786409,-1.45667515788169,55.147058823529406,0,0,1,1,11.6
CAR_A1EF176D,Citroen,Xsara,14 hdi desire 5d,2000,70.0,1202.0,1398.0,4.0,160.0,Front wheel drive,Diesel,Diesel,Manual,164.2,120.0,0.05823627287853577,-2.843246873045794,0.13311148086522462,-2.016568299861326,50.07153075822604,0,0,0,1,13.8
CAR_6C524195,Citroen,Xsara,14i l 5d,2000,75.0,1162.0,1360.0,4.0,200.0,Front wheel drive,Naturally Aspirated,Petrol,Manual,175.4,159.0,0.06454388984509467,-2.740409823875546,0.1721170395869191,-1.75958057086382,55.147058823529406,0,0,0,1,12.8
CAR_10DBCC5C,Citroen,Xsara,16i 16v vtr 3d,2000,110.0,1134.0,1587.0,4.0,149.0,Front wheel drive,Naturally Aspirated,Petrol,Manual,196.3,160.0,0.09700176366843033,-2.3330261184952814,0.13139329805996472,-2.0295601783422383,69.31316950220543,0,0,0,1,9.3
CAR_4394BF1E,Citroen,Xsara Picasso,16 hdi (92bhp) vtx 5d,2000,92.0,1300.0,1560.0,4.0,216.0,Front wheel drive,Diesel,Diesel,Manual,175.4,135.0,0.07076923076923076,-2.648330966400588,0.16615384615384615,-1.794841135765463,58.97435897435897,0,0,0,1,13.4
CAR_F99C5293,Citroen,Zx,14i aura 5d,1991,75.0,945.0,1360.0,4.0,200.0,Front wheel drive,Naturally Aspirated,Petrol,Manual,173.8,175.0,0.07936507936507936,-2.5336968139574325,0.21164021164021163,-1.552867560945706,55.147058823529406,0,0,0,1,10.7
CAR_B584F776,Citroen,Zx,14i avantage 5d,1994,75.0,1020.0,1360.0,4.0,200.0,Front wheel drive,Naturally Aspirated,Petrol,Manual,165.8,175.0,0.07352941176470588,-2.6100697927420065,0.19607843137254902,-1.62924053973028,55.147058823529406,0,0,0,1,12.6
CAR_04CA2219,Ford,B Max,10 ecoboost (120bhp) titanium 5d,2012,118.0,1279.0,998.0,4.0,240.0,Front wheel drive,Turbocharged,Petrol,Manual,188.3,114.0,0.09225957779515247,-2.383149177113178,0.18764659890539484,-1.6731948782368513,118.23647294589179,0,0,1,1,10.8
CAR_642AB5EF,Ford,C Max,10 ecoboost (125bhp) titanium (0515 ) 5d,2010,123.0,1316.0,999.0,3.0,200.0,Front wheel drive,Turbocharged,Petrol,Manual,186.7,131.0,0.09346504559270517,-2.370167756512845,0.1519756838905775,-1.884034745337226,123.12312312312312,0,0,1,1,10.6
CAR_71412C94,Ford,Capri,125kw premium 52kwh 5dr auto,2024,167.0,1914.0,1984.0,4.0,310.0,Rear wheel drive,EV,Electric,Automatic,159.3,0.0,0.08725182863113898,-2.4389567595961443,0.1619644723092999,-1.8203782745337076,84.17338709677419,0,1,0,0,8.4
CAR_D13408EA,Ford,Cougar,20 16v 3d,1998,128.0,1291.0,1989.0,4.0,178.0,Front wheel drive,Naturally Aspirated,Petrol,Manual,209.2,204.0,0.09914794732765299,-2.311142126927025,0.13787761425251743,-1.9813888405545572,64.35394670688788,0,0,0,1,9.6
CAR_490B1650,Ford,Ecosport,10 ecoboost (140bhp) titanium s 5d,2014,138.0,1137.0,999.0,3.0,180.0,Front wheel drive,Turbocharged,Petrol,Manual,185.1,125.0,0.12137203166226913,-2.1088948085933312,0.158311345646438,-1.8431916428603257,138.13813813813815,0,0,1,1,11.4
CAR_F0D0ED31,Ford,Edge,20 tdci (180bhp) sport (lux pack) 5d,2015,177.0,1895.0,1997.0,4.0,400.0,4 wheel drive,Diesel,Diesel,Manual,199.6,152.0,0.09340369393139841,-2.3708243849426975,0.21108179419525067,-1.5555095704085447,88.6329494241362,1,0,0,1,9.6
CAR_BDCF0B9E,Ford,Escort,13 encore 5d,1990,59.0,1045.0,1299.0,4.0,101.0,Front wheel drive,Naturally Aspirated,Petrol,Manual,154.5,169.0,0.05645933014354067,-2.874234720493192,0.09665071770334928,-2.3366516475576518,45.419553502694384,0,0,0,1,17.0
CAR_F5ED3430,Ford,Escort,14 cl 4d,1991,73.0,1064.0,1391.0,4.0,200.0,Front wheel drive,Naturally Aspirated,Petrol,Manual,169.0,192.0,0.06860902255639098,-2.6793312287531985,0.18796992481203006,-1.6714733033535532,52.480230050323506,0,0,0,1,14.0
CAR_A4476802,Ford,Explorer,125kw premium 52kwh 5dr auto,2024,167.0,1920.0,1984.0,4.0,310.0,Rear wheel drive,EV,Electric,Automatic,159.3,0.0,0.08697916666666666,-2.442086652605072,0.16145833333333334,-1.8235081675426352,84.17338709677419,0,1,0,0,8.4
CAR_871EC859,Ford,Explorer,40 5d auto,1997,203.0,2080.0,4012.0,6.0,340.0,4 wheel drive,Naturally Aspirated,Petrol,Automatic,170.6,350.0,0.09759615384615385,-2.326917193653576,0.16346153846153846,-1.8111775550851565,50.59820538384846,1,0,0,0,10.6
CAR_BAC5C064,Ford,Fiesta,10 ecoboost 100 st line edition 3dr,2017,98.0,1326.5,998.0,3.0,170.0,Front wheel drive,Turbocharged,Petrol,Manual,180.2,120.0,0.07387862796833773,-2.6053316949072225,0.12815680361854503,-2.0545007365275327,98.19639278557115,0,0,1,1,10.5
CAR_3138D4CA,Ford,Fiesta,1 (navigation) 10t ecoboost 100ps 5d,2018,98.0,1163.0,998.0,3.0,170.0,Front wheel drive,Turbocharged,Petrol,Manual,181.9,113.0,0.08426483233018056,-2.4737906738480926,0.1461736887360275,-1.9229597154684026,98.19639278557115,0,0,1,1,10.3
CAR_9B1521AD,Ford,Fiesta,15 ecoboost st 2 3dr,2018,197.0,1262.0,1499.0,4.0,320.0,Front wheel drive,Turbocharged,Petrol,Manual,230.1,145.0,0.1561014263074485,-1.8572493143631699,0.25356576862123614,-1.3721320473073861,131.4209472981988,0,0,1,1,6.3
CAR_39916282,Ford,Fiesta,10 ecoboost active x 5dr,2022,98.0,1151.0,999.0,4.0,170.0,Front wheel drive,Turbocharged,Petrol,Manual,180.2,125.0,0.08514335360556038,-2.4634189300513105,0.1476976542137272,-1.912587971671621,98.09809809809809,0,0,1,1,10.5
CAR_324342F1,Ford,Fiesta,10 ecoboost (125bhp) titanium 3d,2008,123.0,1016.0,998.0,3.0,200.0,Front wheel drive,Turbocharged,Petrol,Manual,196.3,99.0,0.12106299212598425,-2.11144427276601,0.1968503937007874,-1.6253112615903904,123.24649298597194,0,0,1,1,9.1
CAR_6319FBA0,Ford,Fiesta,16 ecoboost st 3d,2012,179.0,1088.0,1596.0,4.0,240.0,Front wheel drive,Turbocharged,Petrol,Manual,223.7,138.0,0.1645220588235294,-1.804710621575133,0.22058823529411764,-1.5114575040738967,112.15538847117794,0,0,1,1,6.7
CAR_BCA11207,Ford,Fiesta,125 black 3d,1999,73.0,922.0,1242.0,4.0,110.0,Front wheel drive,Naturally Aspirated,Petrol,Manual,167.4,161.0,0.07917570498915401,-2.5360857824082026,0.1193058568329718,-2.1260648577641774,58.77616747181965,0,0,0,1,12.7
CAR_563ADFE8,Ford,Fiesta,125 finesse 3d,2002,73.0,1045.0,1242.0,4.0,110.0,Front wheel drive,Naturally Aspirated,Petrol,Manual,162.5,148.0,0.06985645933014355,-2.66131272325052,0.10526315789473684,-2.2512917986064953,58.77616747181965,0,0,0,1,14.0
CAR_D6864351,Ford,Fiesta,20 st (1105 ) 3d,2005,147.0,1165.0,1999.0,4.0,190.0,Front wheel drive,Turbocharged,Petrol,Manual,207.6,177.0,0.12618025751072962,-2.0700437792210646,0.1630901287553648,-1.813452293839315,73.53676838419209,0,0,1,1,7.9
CAR_ED70B444,Ford,Fiesta,125 chicane 3d,1995,73.0,1326.5,1242.0,4.0,110.0,Front wheel drive,Naturally Aspirated,Petrol,Manual,170.6,161.0,0.05503203920090464,-2.899839732429403,0.08292499057670562,-2.4898188077853782,58.77616747181965,0,0,0,1,11.9
CAR_7FAA4E5A,Ford,Focus,10 ecoboost 125 st line edition 5dr,2018,123.0,1280.0,999.0,4.0,200.0,Front wheel drive,Turbocharged,Petrol,Manual,199.6,124.0,0.09609375,-2.3424310015412453,0.15625,-1.8562979903656263,123.12312312312312,0,0,1,1,9.7
CAR_6920D039,Ford,Focus,10 ecoboost 125 st line edition 5dr,2018,123.0,1383.0,999.0,4.0,200.0,Front wheel drive,Turbocharged,Petrol,Manual,197.9,124.0,0.08893709327548807,-2.4198259762923406,0.14461315979754158,-1.9336929651167216,123.12312312312312,0,0,1,1,10.0
CAR_0B59ECE7,Ford,Focus,10 ecoboost 125 active edition 5dr,2018,123.0,1280.0,999.0,4.0,200.0,Front wheel drive,Turbocharged,Petrol,Manual,199.6,124.0,0.09609375,-2.3424310015412453,0.15625,-1.8562979903656263,123.12312312312312,0,0,1,1,9.7
CAR_66986BE3,Ford,Focus,10 ecoboost 125 active edition 5dr,2018,123.0,1383.0,999.0,4.0,200.0,Front wheel drive,Turbocharged,Petrol,Manual,197.9,124.0,0.08893709327548807,-2.4198259762923406,0.14461315979754158,-1.9336929651167216,123.12312312312312,0,0,1,1,10.0
CAR_81F6D987,Ford,Focus,23 ecoboost st 5dr,2019,276.0,1623.0,2300.0,4.0,420.0,Front wheel drive,Turbocharged,Petrol,Manual,249.4,183.0,0.17005545286506468,-1.7716307017974413,0.2587800369685767,-1.3517768562371772,120.00000000000001,0,0,1,1,5.5
CAR_4356B3ED,Ford,Focus,14 lx 3d,2005,78.0,1326.5,1388.0,4.0,124.0,Front wheel drive,Naturally Aspirated,Petrol,Manual,164.2,157.0,0.05880135695439125,-2.8335903468882027,0.09347908028646815,-2.3700176079727573,56.19596541786744,0,0,0,1,13.6
CAR_5FD559A2,Ford,Focus,25 st 3d,2006,221.0,1317.0,2522.0,5.0,320.0,Front wheel drive,Turbocharged,Petrol,Manual,244.6,224.0,0.16780561883067577,-1.7849490002255284,0.24297646165527714,-1.4147907059495088,87.62886597938144,0,0,1,1,6.6
CAR_6068A508,Ford,Focus,25 rs 3d,2009,300.0,1467.0,2522.0,5.0,440.0,Front wheel drive,Turbocharged,Petrol,Manual,262.3,225.0,0.20449897750511248,-1.5871923034867805,0.299931833674165,-1.2042000512306748,118.9532117367169,0,0,1,1,5.7
CAR_2ADFA23A,Ford,Focus,16 cc 1 2d,2006,98.0,1472.0,1596.0,4.0,150.0,Front wheel drive,Naturally Aspirated,Petrol,Manual,181.9,169.0,0.06657608695652174,-2.7094098206182498,0.10190217391304347,-2.2837420051925656,61.40350877192982,0,0,0,1,13.2
CAR_5B03694C,Ford,Focus,16 ghia (115ps) 5d,2005,113.0,1326.5,1596.0,4.0,155.0,Front wheel drive,Naturally Aspirated,Petrol,Manual,189.9,157.0,0.08518658122879759,-2.4629113548654535,0.11684885035808519,-2.1468740566585476,70.80200501253132,0,0,0,1,10.6
CAR_7920B50B,Ford,Focus,10 (125bhp) ecoboost titanium 5d,2011,123.0,1279.0,998.0,3.0,200.0,Front wheel drive,Turbocharged,Petrol,Manual,193.1,114.0,0.09616888193901485,-2.3416494462064255,0.1563721657544957,-1.855516435030806,123.24649298597194,0,0,1,1,10.9
CAR_764CF9D8,Ford,Focus,10 (125bhp) ecoboost titanium 5d,2011,123.0,1276.0,998.0,3.0,200.0,Front wheel drive,Turbocharged,Petrol,Manual,185.1,117.0,0.09639498432601881,-2.3393011085323177,0.15673981191222572,-1.8531680973566984,123.24649298597194,0,0,1,1,11.1
CAR_DB180D7D,Ford,Focus,20 tdci (185bhp) st 1 estate 5d,2012,182.0,1488.0,1997.0,4.0,400.0,Front wheel drive,Diesel,Diesel,Manual,217.3,110.0,0.12231182795698925,-2.101181528316242,0.26881720430107525,-1.3137236682850553,91.13670505758637,0,0,0,1,8.0
CAR_B217839D,Ford,Focus,14 cl 3d (00),1998,73.0,1059.0,1388.0,4.0,123.0,Front wheel drive,Naturally Aspirated,Petrol,Manual,170.6,158.0,0.06893295561850803,-2.674620904453015,0.11614730878186968,-2.152895990228989,52.59365994236312,0,0,0,1,13.6
CAR_1388E1F2,Ford,Focus,20 rs 3d,2002,215.0,1326.5,1989.0,4.0,310.0,Front wheel drive,Turbocharged,Petrol,Manual,231.7,237.0,0.1620806633999246,-1.8196611454501317,0.23369770071617038,-1.4537268760986024,108.09451985922574,0,0,1,1,6.2
CAR_652E0A55,Ford,Focus,16 ghia 4d (01),1998,98.0,1206.0,1596.0,4.0,145.0,Front wheel drive,Naturally Aspirated,Petrol,Manual,185.1,165.0,0.0812603648424544,-2.510096898616559,0.12023217247097844,-2.1183306348665565,61.40350877192982,0,0,0,1,10.6
CAR_C5B05DE2,Ford,Focus,16 cl 5d (101),1998,98.0,1326.5,1596.0,4.0,145.0,Front wheel drive,Naturally Aspirated,Petrol,Manual,185.1,163.0,0.07387862796833773,-2.6053316949072225,0.10931021485111195,-2.21356543115722,61.40350877192982,0,0,0,1,10.4
CAR_DFD23F06,Ford,Focus,16 ghia (115ps) 4d,2005,113.0,1326.5,1596.0,4.0,200.0,Front wheel drive,Naturally Aspirated,Petrol,Manual,194.7,157.0,0.08518658122879759,-2.4629113548654535,0.15077271013946475,-1.8919818070297578,70.80200501253132,0,0,0,1,10.6
CAR_7EA8195F,Ford,Focus C Max,16 lx (115ps) 5d,2003,111.0,1335.0,1596.0,4.0,155.0,Front wheel drive,Naturally Aspirated,Petrol,Manual,175.4,160.0,0.08314606741573034,-2.487156369522016,0.11610486891385768,-2.1532614539151034,69.54887218045113,0,0,0,1,11.5
CAR_EF49D4FC,Ford,Fusion,14 5d (05),2002,78.0,1167.0,1388.0,4.0,124.0,Front wheel drive,Naturally Aspirated,Petrol,Manual,162.5,154.0,0.06683804627249357,-2.705482805596964,0.1062553556126821,-2.2419100666815193,56.19596541786744,0,0,0,1,13.6
CAR_66E31157,Ford,Galaxy,15 ecoboost titanium 5d,2015,157.0,1633.0,1498.0,4.0,240.0,Front wheel drive,Turbocharged,Petrol,Manual,199.6,149.0,0.09614206981016533,-2.341928287622157,0.14696876913655849,-1.9175351696284737,104.8064085447263,0,0,1,1,9.7
CAR_A920355E,Ford,Galaxy,16 ecoboost titanium (start stop) 5d,2006,157.0,1734.0,1596.0,4.0,240.0,Front wheel drive,Turbocharged,Petrol,Manual,201.2,167.0,0.09054209919261823,-2.401940351992179,0.1384083044982699,-1.9775472339984959,98.37092731829573,0,0,1,1,9.6
CAR_D1545F8D,Ford,Galaxy,19 td aspen 5d (5 seat),1995,88.0,1650.0,1896.0,4.0,202.0,Front wheel drive,Diesel,Diesel,Manual,159.3,148.5,0.05333333333333334,-2.9311937524164198,0.12242424242424242,-2.1002628694934216,46.413502109704645,0,0,0,1,15.4
CAR_C2149A06,Ford,Galaxy,19 td ghia (115ps) 5d,2000,113.0,1724.0,1896.0,4.0,310.0,Front wheel drive,Diesel,Diesel,Manual,181.9,178.0,0.06554524361948956,-2.725014632511298,0.17981438515081208,-1.7158301537444465,59.59915611814346,0,0,0,1,13.7
CAR_3E411CA3,Ford,Grand C Max,10 ecoboost (125bhp) titanium (0515 ) 5d,2010,123.0,1418.0,999.0,3.0,200.0,Front wheel drive,Turbocharged,Petrol,Manual,185.1,136.0,0.08674188998589563,-2.4448183517196553,0.14104372355430184,-1.958685340544036,123.12312312312312,0,0,1,1,11.2
CAR_0A73900B,Ford,Grand Tourneo Connect,15 ecoblue 120 active 5dr,2013,118.0,1725.0,1498.0,4.0,270.0,Front wheel drive,Diesel,Diesel,Manual,170.6,150.0,0.06840579710144927,-2.6822977049997956,0.1565217391304348,-1.8545603704670852,78.7716955941255,0,0,0,1,12.3
CAR_2FA480B3,Ford,Ka,12 digital (start stop) 3d,2009,68.0,907.0,1242.0,4.0,102.0,Front wheel drive,Naturally Aspirated,Petrol,Manual,159.3,115.0,0.07497243660418963,-2.59063474493903,0.11245865490628446,-2.1851696368308655,54.750402576489535,0,0,0,1,12.9
CAR_1F783233,Ford,Ka,black edition 12 ti vct 85ps 5d,2016,83.0,1013.0,1198.0,4.0,112.0,Front wheel drive,Naturally Aspirated,Petrol,Manual,169.0,114.0,0.08193484698914116,-2.5018308964520855,0.11056268509378085,-2.2021726329535887,69.28213689482472,0,0,0,1,12.9
CAR_02EF1DCD,Ford,Ka,12 ti vct 85ps 5d,2018,83.0,1326.5,1194.0,3.0,115.0,Front wheel drive,Naturally Aspirated,Petrol,Manual,169.0,129.0,0.06257067470787787,-2.7714585657811965,0.08669430833019223,-2.445367045214544,69.5142378559464,0,0,0,1,13.1
CAR_DBED8C97,Ford,Ka,13i (70ps) 3d,1996,69.0,871.0,1297.0,4.0,106.0,Front wheel drive,Naturally Aspirated,Petrol,Manual,167.4,147.0,0.07921928817451206,-2.5355354722552432,0.12169919632606199,-2.1062028827404355,53.19969159599075,0,0,0,1,14.1
CAR_DAD2537C,Ford,Kuga,15 ecoboost (120bhp) zetec (nav) 2wd 5d,2012,118.0,1504.0,1498.0,4.0,240.0,Front wheel drive,Turbocharged,Petrol,Manual,180.2,143.0,0.07845744680851063,-2.5451988800441203,0.1595744680851064,-1.8352445811677938,78.7716955941255,0,0,1,1,12.1
CAR_2ED3570F,Ford,Kuga,15 ecoblue st line edition 5d,2020,118.0,1326.5,1498.0,4.0,300.0,Front wheel drive,Diesel,Diesel,Manual,180.2,124.0,0.0889558989822842,-2.4196145491121297,0.22615906520919712,-1.4865166989215934,78.7716955941255,0,0,0,1,11.3
CAR_9D5EBE84,Ford,Maverick,20 xlt 5d,2001,122.0,1465.0,1988.0,4.0,175.0,4 wheel drive,Naturally Aspirated,Petrol,Manual,165.8,228.0,0.08327645051194539,-2.485589476717911,0.11945392491467577,-2.1248245475276537,61.3682092555332,1,0,0,1,11.6
CAR_0DA8D578,Ford,Maverick,24 gls 3d,1993,114.0,1630.0,2389.0,4.0,191.0,4 wheel drive,Naturally Aspirated,Petrol,Manual,159.3,294.0,0.06993865030674846,-2.6601368454063126,0.11717791411042945,-2.144061865754178,47.71871075763919,1,0,0,1,14.4
CAR_01016672,Ford,Mondeo,10 ecoboost zetec (nav) 5d,2014,123.0,1455.0,998.0,3.0,170.0,Front wheel drive,Turbocharged,Petrol,Manual,199.6,119.0,0.08453608247422681,-2.4705768242331754,0.11683848797250859,-2.1469627425553313,123.24649298597194,0,0,1,1,11.6
CAR_E75EBF62,Ford,Mondeo,20 ecoboost vignale 4d auto,2014,236.0,1564.0,1999.0,4.0,340.0,Front wheel drive,Turbocharged,Petrol,Automatic,239.8,171.0,0.15089514066496162,-1.8911701160796464,0.21739130434782608,-1.5260563034950494,118.05902951475737,0,0,1,0,7.6
CAR_8356D300,Ford,Mondeo,10 ecoboost zetec (nav) 5d,2014,123.0,1476.0,998.0,3.0,170.0,Front wheel drive,Turbocharged,Petrol,Manual,194.7,120.0,0.08333333333333333,-2.4849066497880004,0.11517615176151762,-2.1612925681101562,123.24649298597194,0,0,1,1,11.7
CAR_BB286D78,Ford,Mondeo,16 ecoboost edge (start stop) 5d,2007,157.0,1498.0,1596.0,4.0,270.0,Front wheel drive,Turbocharged,Petrol,Manual,215.7,149.0,0.1048064085447263,-2.255640358728857,0.1802403204272363,-1.71346420507879,98.37092731829573,0,0,1,1,9.0
CAR_787C5373,Ford,Mondeo,16 edge 4d,2007,123.0,1435.0,1596.0,4.0,160.0,Front wheel drive,Naturally Aspirated,Petrol,Manual,194.7,177.0,0.08571428571428572,-2.456735772821304,0.11149825783972125,-2.1937463129598944,77.06766917293233,0,0,0,1,11.9
CAR_C8DBB7C2,Ford,Mondeo,16 ecoboost edge (start stop) 5d,2007,157.0,1501.0,1596.0,4.0,270.0,Front wheel drive,Turbocharged,Petrol,Manual,209.2,149.0,0.10459693537641572,-2.257641026285154,0.1798800799467022,-1.7154648726350872,98.37092731829573,0,0,1,1,9.3
CAR_79A7255C,Ford,Mondeo,16 verona 5d,1993,93.0,1283.0,1598.0,4.0,142.0,Front wheel drive,Naturally Aspirated,Petrol,Manual,185.1,178.0,0.0724863600935308,-2.6243568714623806,0.11067809820732658,-2.2011293070143756,58.19774718397997,0,0,0,1,11.9
CAR_BE18D7AC,Ford,Mondeo,18 lx 4d (00),2000,123.0,1373.0,1798.0,4.0,170.0,Front wheel drive,Naturally Aspirated,Petrol,Manual,204.4,182.0,0.08958485069191552,-2.4125690503955535,0.12381646030589949,-2.0889549687177094,68.40934371523915,0,0,0,1,10.5
CAR_81C42463,Ford,Mustang,50 v8 dark horse 2dr,2024,446.0,1817.0,5038.0,8.0,540.0,Rear wheel drive,Naturally Aspirated,Petrol,Manual,262.3,241.0,0.24545954870665934,-1.4046231163761072,0.2971931755641167,-1.2133729288378512,88.52719333068677,0,0,0,1,5.0
CAR_82700B2D,Ford,Mustang,50 v8 gt 2dr,2024,439.0,1868.0,5038.0,8.0,540.0,Rear wheel drive,Naturally Aspirated,Petrol,Manual,249.4,235.0,0.23501070663811563,-1.4481242057136166,0.2890792291220557,-1.2410544792304679,87.1377530766177,0,0,0,1,5.2
CAR_B24DE97E,Ford,Mustang Mach E,190kw standard range 75kwh awd 5dr auto,2020,265.0,1895.0,1984.0,4.0,580.0,4 wheel drive,EV,Electric,Automatic,178.6,0.0,0.13984168865435356,-1.9672442915303046,0.30606860158311344,-1.1839460139760618,133.56854838709677,1,1,0,0,6.1
CAR_EBB4639F,Ford,Probe,20i 16v 3d,1994,113.0,1215.0,1991.0,4.0,170.0,Front wheel drive,Naturally Aspirated,Petrol,Manual,204.4,198.0,0.09300411522633745,-2.3751115370623084,0.13991769547325103,-1.9667009187243871,56.755399296835755,0,0,0,1,10.6
CAR_421C73EB,Ford,Puma,10 ecoboost hb mhev 155 bluecruise ed dct 5dr,2019,152.0,1326.5,999.0,3.0,240.0,Front wheel drive,Turbocharged,Petrol,Automatic,199.6,128.0,0.11458725970599322,-2.166418652731518,0.18092725216735772,-1.709660250235803,152.15215215215215,0,0,1,0,8.4
CAR_E37D4E71,Ford,Puma,10 ecoboost hybrid mhev st 5dr dct,2020,167.0,1283.0,999.0,3.0,248.0,Front wheel drive,Hybrid,Petrol,Automatic,209.2,144.0,0.13016367887763056,-2.0389625521988815,0.19329696024941542,-1.6435276184506542,167.16716716716718,0,0,0,0,7.2
CAR_B1FFEC2E,Ford,Puma,14i 16v 3d,1997,88.0,1035.0,1388.0,4.0,125.0,Front wheel drive,Naturally Aspirated,Petrol,Manual,180.2,171.0,0.08502415458937199,-2.464819891221263,0.12077294685990338,-2.1138429683971682,63.40057636887609,0,0,0,1,10.8
CAR_16467438,Ford,Puma Gen E,123kw sound edition 43kwh 5dr auto,2025,164.0,1326.5,1984.0,4.0,290.0,Front wheel drive,EV,Electric,Automatic,159.3,0.0,0.1236336223143611,-2.090432745753596,0.2186204297022239,-1.5204182505972745,82.66129032258064,0,1,0,0,7.7
CAR_F78CF5E6,Ford,S Max,15 ecoboost titanium (x pack) 5d,2015,157.0,1570.0,1498.0,4.0,240.0,Front wheel drive,Turbocharged,Petrol,Manual,199.6,149.0,0.1,-2.3025850929940455,0.15286624203821655,-1.8781919750003624,104.8064085447263,0,0,1,1,9.6
CAR_68E3106E,Ford,S Max,16 ecoboost titanium (start stop) 5d,2006,157.0,1602.0,1596.0,4.0,240.0,Front wheel drive,Turbocharged,Petrol,Manual,202.8,159.0,0.09800249687890138,-2.3227623222799965,0.149812734082397,-1.8983692042863132,98.37092731829573,0,0,1,1,9.6
CAR_47FCA956,Ford,Scorpio,20 16v executive 4d,1995,134.0,1471.0,1998.0,4.0,175.0,Rear wheel drive,Naturally Aspirated,Petrol,Manual,207.6,175.0,0.09109449354180829,-2.3958579206505264,0.11896668932698844,-2.1289117466779235,67.06706706706707,0,0,0,1,10.4
CAR_B6B35FA1,Ford,Scorpio,20 16v executive 5d,1995,134.0,1532.0,1998.0,4.0,175.0,Rear wheel drive,Naturally Aspirated,Petrol,Manual,199.6,175.0,0.08746736292428199,-2.4364895503496253,0.11422976501305483,-2.1695433763770224,67.06706706706707,0,0,0,1,10.7
CAR_3D4F3ECE,Ford,Streetka,16i 2d,2003,93.0,1136.0,1597.0,4.0,135.0,Front wheel drive,Naturally Aspirated,Petrol,Manual,172.2,189.0,0.0818661971830986,-2.5026691061278408,0.11883802816901408,-2.1299938208426674,58.23418910457107,0,0,0,1,11.7
CAR_FD4D8CD9,Ford,Tourneo Connect,10 ecoboost style 5d,2013,98.0,1429.0,998.0,4.0,170.0,Front wheel drive,Turbocharged,Petrol,Manual,165.8,129.0,0.06857942617214835,-2.6797626992592956,0.11896431070678797,-2.128931740879606,98.19639278557115,0,0,1,1,13.6
CAR_06EEBEAD,Ford,Tourneo Courier,10 ecoboost titanium 5d,2018,98.0,1326.5,998.0,4.0,170.0,Front wheel drive,Turbocharged,Petrol,Manual,278.4,131.0,0.07387862796833773,-2.6053316949072225,0.12815680361854503,-2.0545007365275327,98.19639278557115,0,0,1,1,13.6
CAR_1798DF8E,Ford,Tourneo Courier,10 ecoboost active 5dr,2023,123.0,1373.0,998.0,3.0,200.0,Front wheel drive,Turbocharged,Petrol,Manual,175.4,154.0,0.08958485069191552,-2.4125690503955535,0.14566642388929352,-1.9264360392199344,123.24649298597194,0,0,1,1,12.6
CAR_B4A2CF2A,Ford,Tourneo Courier,100kw active 43kwh 5dr auto,2024,134.0,1649.0,1984.0,4.0,290.0,Front wheel drive,EV,Electric,Automatic,144.8,0.0,0.08126137052759248,-2.5100845226086874,0.17586416009702852,-1.7380433995790792,67.54032258064517,0,1,0,0,10.1
CAR_1DCFC9D4,Honda,Accord,20 i vtec es 4d,2008,153.0,1501.0,1997.0,4.0,192.0,Front wheel drive,Naturally Aspirated,Petrol,Manual,215.7,159.0,0.10193204530313124,-2.2834489102410265,0.1279147235176549,-2.0563914596056803,76.61492238357536,0,0,0,1,9.1
CAR_0B86D11C,Honda,Accord,20 i vtec es 5d,2008,153.0,1565.0,1997.0,4.0,192.0,Front wheel drive,Naturally Aspirated,Petrol,Manual,212.4,163.0,0.09776357827476038,-2.325203181581818,0.12268370607028754,-2.098145730946472,76.61492238357536,0,0,0,1,9.4
CAR_D3BCE8BD,Honda,Accord,18i vtec s 5d (01),1999,134.0,1385.0,1850.0,4.0,175.0,Front wheel drive,Naturally Aspirated,Petrol,Manual,204.4,189.0,0.09675090252707581,-2.3356156186705275,0.1263537906137184,-2.068669444697925,72.43243243243244,0,0,0,1,10.6
CAR_9D3131F7,Honda,Accord,18i es 4d,1998,134.0,1406.0,1850.0,4.0,175.0,Front wheel drive,Naturally Aspirated,Petrol,Manual,204.4,200.0,0.0953058321479374,-2.350664272419699,0.12446657183499289,-2.083718098447096,72.43243243243244,0,0,0,1,10.1
CAR_56F9F8B3,Honda,Accord,20i es 2d,1998,144.0,1370.0,1997.0,4.0,184.0,Front wheel drive,Naturally Aspirated,Petrol,Manual,207.6,215.0,0.10510948905109489,-2.25275271924617,0.1343065693430657,-2.007630261213185,72.10816224336504,0,0,0,1,9.7
CAR_2BA3174F,Honda,Accord,20 i vtec ex 4d,2003,152.0,1365.0,1998.0,4.0,190.0,Front wheel drive,Naturally Aspirated,Petrol,Manual,217.3,189.0,0.11135531135531136,-2.195029186772784,0.1391941391941392,-1.9718856354585739,76.07607607607608,0,0,0,1,9.0
CAR_8023B78B,Honda,Accord,20 i vtec ex 5d,2003,152.0,1473.0,1998.0,4.0,190.0,Front wheel drive,Naturally Aspirated,Petrol,Manual,204.4,204.0,0.10319076714188731,-2.271175895616354,0.12898845892735913,-2.048032344302144,76.07607607607608,0,0,0,1,9.6
CAR_3CA726CB,Honda,Accord,18i 4d,1993,113.0,1278.0,1849.0,4.0,158.0,Front wheel drive,Naturally Aspirated,Petrol,Manual,194.7,175.0,0.08841940532081377,-2.4256638162251396,0.12363067292644757,-2.0904566019105135,61.11411573823688,0,0,0,1,10.6
CAR_B307F6C7,Honda,Civic,10 vtec turbo ex  sport line 5d,2017,124.0,1281.0,988.0,3.0,200.0,Front wheel drive,Turbocharged,Petrol,Manual,204.4,141.0,0.09679937548790007,-2.3351147362916973,0.156128024980484,-1.8570789353486976,125.50607287449392,0,0,1,1,10.8
CAR_B67449A3,Honda,Civic,ex 120ps 16i dtec 4d,2018,118.0,1314.0,1597.0,4.0,300.0,Front wheel drive,Diesel,Diesel,Manual,201.2,91.0,0.0898021308980213,-2.4101465745788913,0.228310502283105,-1.4770487243883548,73.88854101440201,0,0,0,1,9.8
CAR_DF50CA23,Honda,Civic,20 vtec turbo type r limited edition 5dr,2017,315.0,1358.0,1996.0,4.0,400.0,Front wheel drive,Turbocharged,Petrol,Manual,270.4,191.0,0.23195876288659795,-1.4611956692930084,0.29455081001472755,-1.2223037610106595,157.81563126252505,0,0,1,1,5.5
CAR_6B1E85EB,Honda,Civic,20 ehev advance 5dr cvt,2022,140.0,1500.0,1993.0,4.0,186.0,Front wheel drive,EV,Petrol/Electric Hybrid,Automatic,178.6,114.0,0.09333333333333334,-2.371577964480997,0.124,-2.0874737133771,70.24586051179126,0,1,0,0,7.8
CAR_31D3B274,Honda,Civic,20 vtec turbo type r 5dr,2023,324.0,1429.0,1996.0,4.0,420.0,Front wheel drive,Turbocharged,Petrol,Manual,275.2,189.0,0.22673198040587825,-1.483986662137538,0.2939118264520644,-1.2244754666524535,162.3246492985972,0,0,1,1,5.2
CAR_EF66A9F6,Honda,Civic,14 i dsi s 5d,2006,80.0,1180.0,1339.0,4.0,119.0,Front wheel drive,Naturally Aspirated,Petrol,Manual,170.6,139.0,0.06779661016949153,-2.691243082785829,0.10084745762711865,-2.294146224348181,59.746079163554896,0,0,0,1,14.1
CAR_C4B670B7,Honda,Civic,14 i dsi es ima 4d cvt auto,2006,113.0,1297.0,1339.0,4.0,225.0,Front wheel drive,EV,Petrol/Electric Hybrid,Automatic,185.1,109.0,0.08712413261372398,-2.440421365604103,0.17347725520431764,-1.7517087821120239,84.39133681852128,0,1,0,0,11.7
CAR_5A90EF8F,Honda,Civic,20 i vtec 3d,2007,198.0,1267.0,1998.0,4.0,193.0,Front wheel drive,Naturally Aspirated,Petrol,Manual,235.0,215.0,0.15627466456195738,-1.856140149626604,0.15232833464877663,-1.8817169914162535,99.09909909909909,0,0,0,1,6.4
CAR_D6EA6A39,Honda,Civic,14 i vtec s (0315 ) 5d,2012,98.0,1184.0,1339.0,4.0,127.0,Front wheel drive,Naturally Aspirated,Petrol,Manual,186.7,129.0,0.08277027027027027,-2.491686336773379,0.10726351351351351,-2.2324667289853597,73.18894697535474,0,0,0,1,13.0
CAR_56F5C952,Honda,Civic,16 i dtec black edition 5d,2014,118.0,1337.0,1597.0,4.0,300.0,Front wheel drive,Diesel,Diesel,Manual,194.7,99.0,0.08825729244577413,-2.4274989526362782,0.2243829468960359,-1.494401102445742,73.88854101440201,0,0,0,1,9.8
CAR_66D2F72B,Honda,Civic,20 i vtec type r 5d,2015,305.0,1382.0,1996.0,4.0,400.0,Front wheel drive,Turbocharged,Petrol,Manual,270.4,170.0,0.22069464544138928,-1.5109752277202035,0.2894356005788712,-1.2398224572196332,152.8056112224449,0,0,1,1,5.5
CAR_AF9C2ADF,Honda,Civic,14i (90bhp) 5d (97),1995,90.0,1090.0,1396.0,4.0,117.0,Front wheel drive,Naturally Aspirated,Petrol,Manual,175.4,178.0,0.08256880733944955,-2.4941233048929243,0.10733944954128441,-2.231759040425433,64.46991404011462,0,0,0,1,12.9
CAR_7B93B509,Honda,Civic,15i ls 5d,1998,112.0,1176.0,1493.0,4.0,135.0,Front wheel drive,Naturally Aspirated,Petrol,Manual,189.9,161.0,0.09523809523809523,-2.3513752571634776,0.11479591836734694,-2.1645993500201426,75.01674480910917,0,0,0,1,11.7
CAR_4CB43F7F,Honda,Civic,14i e 3d,2000,88.0,1126.0,1396.0,4.0,130.0,Front wheel drive,Naturally Aspirated,Petrol,Manual,177.0,150.0,0.07815275310834814,-2.549089994221429,0.11545293072824156,-2.1588923582440533,63.03724928366763,0,0,0,1,11.2
CAR_B73199ED,Honda,Civic,20i vtec 30th anniversary 3d,2001,197.0,1204.0,1998.0,4.0,196.0,Front wheel drive,Naturally Aspirated,Petrol,Manual,235.0,212.0,0.16362126245847175,-1.810200897130778,0.16279069767441862,-1.8152899666382492,98.5985985985986,0,0,0,1,6.6
CAR_5BE32EBD,Honda,Civic,13i vtec executive 4d,2003,88.0,1189.0,1339.0,4.0,159.0,Front wheel drive,EV,Petrol/Electric Hybrid,Manual,178.6,116.0,0.07401177460050462,-2.6035310822125752,0.13372582001682085,-2.0119636944705506,65.72068707991038,0,1,0,1,12.4
CAR_86FD817D,Honda,Civic,17 vtec 2d,2001,123.0,1162.0,1668.0,4.0,153.0,Front wheel drive,Naturally Aspirated,Petrol,Manual,202.8,159.0,0.10585197934595525,-2.245713582039439,0.1316695352839931,-2.027460016019421,73.7410071942446,0,0,0,1,9.3
CAR_6FF69B11,Honda,Civic,15i ls 4d,1996,112.0,1136.0,1493.0,4.0,134.0,Front wheel drive,Naturally Aspirated,Petrol,Manual,191.5,153.0,0.09859154929577464,-2.316769727986002,0.11795774647887323,-2.1374287993301855,75.01674480910917,0,0,0,1,10.1
CAR_B2D80F85,Honda,Cr V,20 i mmd hybrid sport line 2wd 5dr ecvt,2018,181.0,1614.0,1993.0,4.0,315.0,Front wheel drive,EV,Petrol/Electric Hybrid,Automatic,180.2,151.0,0.11214374225526642,-2.1879738175640684,0.19516728624535315,-1.6338982100042612,90.81786251881586,0,1,0,0,8.3
CAR_932CA621,Honda,Cr V,20 ehev advance 5dr ecvt,2023,181.0,1822.0,1993.0,4.0,335.0,4 wheel drive,EV,Petrol/Electric Hybrid,Automatic,185.1,151.0,0.09934138309549945,-2.309193046554078,0.18386388583973656,-1.6935595459948372,90.81786251881586,1,1,0,0,9.0
CAR_4CDD2472,Honda,Cr V,20 i vtec es (09) 5d,2007,147.0,1607.0,1997.0,4.0,192.0,4 wheel drive,Naturally Aspirated,Petrol,Manual,189.9,190.0,0.09147479775980087,-2.3916917789587764,0.119477286869944,-2.124628993709731,73.61041562343514,1,0,0,1,9.9
CAR_9732FCAA,Honda,Cr V,16 i dtec black edition 5d,2012,157.0,1630.0,1597.0,4.0,350.0,4 wheel drive,Diesel,Diesel,Manual,201.2,129.0,0.09631901840490797,-2.3400894884525,0.2147239263803681,-1.5384021393173486,98.30932999373826,1,0,0,1,9.3
CAR_B330645B,Honda,Cr V,20i es 5d (ac),1997,144.0,1895.0,1973.0,4.0,182.0,4 wheel drive,Naturally Aspirated,Petrol,Manual,177.0,229.0,0.07598944591029023,-2.577160817940526,0.09604221635883906,-2.342967430439731,72.98530157121135,1,0,0,1,10.2
CAR_4EF2C381,Honda,Cr V,20 i vtec executive 5d (03),2001,148.0,1493.0,1998.0,4.0,192.0,4 wheel drive,Naturally Aspirated,Petrol,Manual,177.0,216.0,0.09912926992632284,-2.311330523775075,0.12860013395847286,-2.051047425511409,74.07407407407408,1,0,0,1,9.8
CAR_4DFFB433,Honda,Cr Z,15 ima (137bhp) gt hybrid 3d,2010,135.0,1159.0,1497.0,4.0,190.0,Front wheel drive,EV,Petrol/Electric Hybrid,Manual,199.6,122.0,0.11647972389991372,-2.1500380649013224,0.16393442622950818,-1.8082887711792657,90.18036072144288,0,1,0,1,9.2
CAR_8A2B4621,Honda,Crx,16 esi 2d,1992,123.0,1050.0,1590.0,4.0,142.0,Front wheel drive,Naturally Aspirated,Petrol,Manual,189.9,175.0,0.11714285714285715,-2.1443610877791515,0.13523809523809524,-2.000718385550308,77.35849056603773,0,0,0,1,9.3
CAR_F1F6E869,Honda,Eny1,150kw advance 69kwh 5dr auto,2023,201.0,1756.0,1984.0,4.0,310.0,Front wheel drive,EV,Electric,Automatic,159.3,0.0,0.11446469248291571,-2.167488866135986,0.1765375854214123,-1.7342214767158701,101.31048387096774,0,1,0,0,7.4
CAR_1FB07F3B,Honda,Fr V,17 se 5d,2004,123.0,1397.0,1668.0,4.0,154.0,Front wheel drive,Naturally Aspirated,Petrol,Manual,180.2,179.0,0.08804581245526127,-2.4298980038845444,0.11023622047244094,-2.205129756843333,73.7410071942446,0,0,0,1,11.9
CAR_152A535C,Honda,Hr V,15 vtec turbo sport 5d,2015,179.0,1341.0,1498.0,4.0,240.0,Front wheel drive,Turbocharged,Petrol,Manual,215.7,151.0,0.13348247576435496,-2.0137850774409234,0.1789709172259508,-1.720531959939687,119.49265687583444,0,0,1,1,7.6
CAR_03FF8BB0,Honda,Hr V,15 ehev advance 5dr cvt,2021,129.0,1380.0,1498.0,4.0,253.0,Front wheel drive,EV,Petrol/Electric Hybrid,Automatic,170.6,122.0,0.09347826086956522,-2.370026373789578,0.18333333333333332,-1.6964492894237302,86.11481975967958,0,1,0,0,10.4
CAR_C926AD08,Honda,Insight,13 ima es hybrid 5d cvt,2009,96.0,1240.0,1339.0,4.0,167.0,Front wheel drive,EV,Petrol/Electric Hybrid,Automatic,181.9,105.0,0.07741935483870968,-2.5585184671312464,0.1346774193548387,-2.0048728461823275,71.69529499626587,0,1,0,0,12.1
CAR_444C63C3,Honda,Insight,10i hybrid electric 3d,2000,66.0,850.0,995.0,3.0,113.0,Front wheel drive,EV,Petrol/Electric Hybrid,Manual,180.2,80.0,0.07764705882352942,-2.5555816074579365,0.13294117647058823,-2.0178485307720218,66.33165829145729,0,1,0,1,12.1
CAR_52F6365A,Honda,Integra Type R,18 type r 2d,1997,187.0,1140.0,1797.0,4.0,178.0,Front wheel drive,Naturally Aspirated,Petrol,Manual,233.4,208.0,0.16403508771929826,-1.8076749245339545,0.156140350877193,-1.8569999910964559,104.06232609905398,0,0,0,1,6.5
CAR_E27211D5,Honda,Jazz,13 ex 5d,2015,100.0,1066.0,1318.0,4.0,123.0,Front wheel drive,Naturally Aspirated,Petrol,Manual,189.9,120.0,0.09380863039399624,-2.3664984187376987,0.11538461538461539,-2.159484249353372,75.87253414264036,0,0,0,1,11.1
CAR_9279E8B9,Honda,Jazz,15 i mmd hybrid advance 5dr ecvt,2020,120.0,1230.0,1498.0,4.0,253.0,Front wheel drive,EV,Petrol/Electric Hybrid,Automatic,175.4,104.0,0.0975609756097561,-2.327277705584417,0.2056910569105691,-1.581379959638943,80.10680907877169,0,1,0,0,9.3
CAR_3C61B0F4,Honda,Jazz,15 i mmd hybrid ex ecvt auto 5d,2020,107.0,1253.0,1498.0,4.0,253.0,Front wheel drive,EV,Petrol/Electric Hybrid,Automatic,173.8,109.0,0.0853950518754988,-2.460467120434162,0.20191540303272146,-1.599906466168548,71.42857142857143,0,1,0,0,9.6
CAR_1DFAB64B,Honda,Jazz,12 i vtec s (ac) 5d,2008,88.0,1047.0,1198.0,4.0,114.0,Front wheel drive,Naturally Aspirated,Petrol,Manual,177.0,123.0,0.08404966571155682,-2.4763473963923306,0.10888252148997135,-2.2174857624760413,73.45575959933223,0,0,0,1,12.1
CAR_9A4773D2,Honda,Jazz,12 i dsi s 5d,2002,75.0,1015.0,1246.0,4.0,110.0,Front wheel drive,Naturally Aspirated,Petrol,Manual,170.6,129.0,0.07389162561576355,-2.605155777939577,0.10837438423645321,-2.2221635256834715,60.192616372391655,0,0,0,1,13.3
CAR_E4F8F68A,Honda,Legend,35i vtec ex 4d auto,2006,290.0,1864.0,3471.0,6.0,351.0,4 wheel drive,Naturally Aspirated,Petrol,Automatic,249.4,282.0,0.1555793991416309,-1.8605990722650168,0.18830472103004292,-1.6696937717796707,83.54940939210601,1,0,0,0,7.1
CAR_9D135C22,Honda,Logo,13l 3d,2000,64.0,935.0,1343.0,4.0,200.0,Front wheel drive,Naturally Aspirated,Petrol,Manual,151.3,150.0,0.06844919786096257,-2.681663445929015,0.21390374331550802,-1.5422291627406504,47.65450483991065,0,0,0,1,14.0
CAR_4799BEEA,Honda,Nsx,30 v6 2d,1990,256.0,1430.0,2977.0,6.0,284.0,Rear wheel drive,Naturally Aspirated,Petrol,Manual,260.7,285.0,0.17902097902097902,-1.7202522787743906,0.1986013986013986,-1.6164554850927468,85.99261001007726,0,0,0,1,7.3
CAR_74438489,Honda,Nsx,30 v6 2d,1995,256.0,1430.0,2977.0,6.0,284.0,Rear wheel drive,Naturally Aspirated,Petrol,Manual,260.7,283.0,0.17902097902097902,-1.7202522787743906,0.1986013986013986,-1.6164554850927468,85.99261001007726,0,0,0,1,7.3
CAR_E1678656,Honda,Prelude,20 ehev advance 3dr cvt,2025,140.0,1474.0,1993.0,4.0,186.0,Front wheel drive,EV,Petrol/Electric Hybrid,Automatic,188.3,117.0,0.09497964721845319,-2.3540926501399775,0.12618724559023067,-2.0699883990360806,70.24586051179126,0,1,0,0,7.9
CAR_18118659,Honda,Prelude,20i 2000 sport 2d,1996,132.0,1240.0,1997.0,4.0,179.0,Front wheel drive,Naturally Aspirated,Petrol,Manual,201.2,220.0,0.1064516129032258,-2.240064736012712,0.1443548387096774,-1.9354808527583276,66.09914872308462,0,0,0,1,8.9
CAR_516A3042,Honda,S2000,20i 2d,1999,240.0,1260.0,1997.0,4.0,200.0,Rear wheel drive,Naturally Aspirated,Petrol,Manual,241.4,235.0,0.19047619047619047,-1.6582280766035324,0.15873015873015872,-1.8405496333974871,120.18027040560841,0,0,0,1,6.0
CAR_4B67AED9,Honda,Stream,17 vtec s 5d,2001,123.0,1373.0,1668.0,4.0,154.0,Front wheel drive,Naturally Aspirated,Petrol,Manual,189.9,183.0,0.08958485069191552,-2.4125690503955535,0.11216314639475601,-2.187800803354342,73.7410071942446,0,0,0,1,10.7
CAR_FD5BB7D1,Honda,Zr V,20 ehev advance 5dr cvt,2023,181.0,1639.0,1993.0,4.0,315.0,Front wheel drive,EV,Petrol/Electric Hybrid,Automatic,173.8,132.0,0.11043319097010372,-2.203344547478004,0.1921903599755949,-1.6492689399181966,90.81786251881586,0,1,0,0,7.7
CAR_E1F752A9,Mazda,121,125 16v zxi 3d,1996,75.0,1057.0,1242.0,4.0,113.0,Front wheel drive,Naturally Aspirated,Petrol,Manual,172.2,175.0,0.07095553453169347,-2.645701872333927,0.10690633869441817,-2.235802167157897,60.38647342995169,0,0,0,1,11.8
CAR_B33F42D6,Mazda,323,13 aegean 5d,1998,73.0,1072.0,1324.0,4.0,108.0,Front wheel drive,Naturally Aspirated,Petrol,Manual,167.4,185.0,0.06809701492537314,-2.686821900482356,0.10074626865671642,-2.2951501145065274,55.13595166163142,0,0,0,1,13.7
CAR_A13D5CA9,Mazda,323,13 lxi 3d,1994,75.0,1002.0,1324.0,4.0,110.0,Front wheel drive,Naturally Aspirated,Petrol,Manual,165.8,175.0,0.0748502994011976,-2.5922651681085,0.10978043912175649,-2.209272915852394,56.646525679758305,0,0,0,1,12.9
CAR_F6497248,Mazda,323,15 gxi 4d,1994,90.0,1108.0,1489.0,4.0,134.0,Front wheel drive,Naturally Aspirated,Petrol,Manual,177.0,176.0,0.0812274368231047,-2.510502196976964,0.12093862815884476,-2.1124720673563178,60.44325050369375,0,0,0,1,11.4
CAR_F1813C74,Mazda,626,18 5d,1997,90.0,1216.0,1840.0,4.0,145.0,Front wheel drive,Naturally Aspirated,Petrol,Manual,180.2,204.0,0.07401315789473684,-2.603512392195847,0.11924342105263158,-2.126588320105538,48.91304347826087,0,0,0,1,12.3
CAR_04BAEC3E,Mazda,626,20 gxi 4d,1997,115.0,1205.0,1991.0,4.0,170.0,Front wheel drive,Naturally Aspirated,Petrol,Manual,199.6,206.0,0.0954356846473029,-2.3493027175615055,0.14107883817427386,-1.9584364088744937,57.75991963837267,0,0,0,1,9.6
CAR_B8183DC6,Mazda,626,20 gsi 5d,1998,134.0,1336.0,1991.0,4.0,178.0,Front wheel drive,Naturally Aspirated,Petrol,Manual,201.2,222.0,0.10029940119760479,-2.2995955541456796,0.13323353293413173,-2.0156518038045057,67.30286288297337,0,0,0,1,10.2
CAR_F9690FBE,Mazda,626,18 atlantis 5d,1999,98.0,1241.0,1840.0,4.0,112.0,Front wheel drive,Naturally Aspirated,Petrol,Manual,181.9,184.0,0.0789685737308622,-2.5387053065340353,0.09024979854955681,-2.4051739139095125,53.26086956521739,0,0,0,1,11.4
CAR_C980D6A2,Mazda,626,20 gxi 4d,2000,113.0,1270.0,1991.0,4.0,170.0,Front wheel drive,Naturally Aspirated,Petrol,Manual,197.9,189.0,0.08897637795275591,-2.4193843607402963,0.13385826771653545,-2.010973742402375,56.755399296835755,0,0,0,1,9.6
CAR_F8898B34,Mazda,626,20 gxi 5d,2000,113.0,1316.0,1991.0,4.0,170.0,Front wheel drive,Naturally Aspirated,Petrol,Manual,191.5,189.0,0.0858662613981763,-2.454964293172922,0.12917933130699089,-2.0465536748350006,56.755399296835755,0,0,0,1,10.3
CAR_4AD5DB55,Mazda,6E,190kw takumi 78kwh 5dr auto,2025,254.0,2015.0,1984.0,4.0,290.0,Rear wheel drive,EV,Electric,Automatic,175.4,0.0,0.1260545905707196,-2.071040207362247,0.14392059553349876,-1.9384935514002637,128.0241935483871,0,1,0,0,7.6
CAR_F8F54B5C,Mazda,Cx 3,15d se 5d,2015,103.0,1125.0,1499.0,4.0,270.0,Front wheel drive,Diesel,Diesel,Manual,177.0,105.0,0.09155555555555556,-2.3908093264088848,0.24,-1.4271163556401458,68.71247498332221,0,0,0,1,9.8
CAR_E661C3F9,Mazda,Cx 30,20 skyactiv x mhev 100th anniversary edition 5d,2019,177.0,1392.0,1998.0,4.0,224.0,Front wheel drive,Naturally Aspirated,Petrol,Manual,204.4,133.0,0.1271551724137931,-2.062347108320536,0.16091954022988506,-1.826850789039325,88.58858858858859,0,0,0,1,8.2
CAR_C37C689C,Mazda,Cx 5,20 100th anniversary edition 5dr,2017,162.0,1573.0,1998.0,4.0,213.0,Front wheel drive,Naturally Aspirated,Petrol,Manual,201.2,153.0,0.10298792116973936,-2.2731435678258936,0.1354100445009536,-1.9994477373488526,81.08108108108108,0,0,0,1,10.0
CAR_0066B515,Mazda,Cx 5,25 e skyactiv g mhev centre line 5dr auto,2026,139.0,1629.0,2488.0,4.0,238.0,Front wheel drive,Naturally Aspirated,Petrol,Automatic,186.7,157.0,0.08532842234499693,-2.4612476754713533,0.14610190300798034,-1.9234509349305706,55.868167202572344,0,0,0,0,10.2
CAR_82219F21,Mazda,Cx 5,20 se l 5d,2012,162.0,1350.0,1998.0,4.0,210.0,Front wheel drive,Naturally Aspirated,Petrol,Manual,199.6,139.0,0.12,-2.120263536200091,0.15555555555555556,-1.8607523407150064,81.08108108108108,0,0,0,1,8.9
CAR_6C7FAED7,Mazda,Cx 60,25 phev exclusive line 5dr auto,2022,322.0,1995.0,2488.0,4.0,500.0,4 wheel drive,Hybrid,Petrol Parallel PHEV,Automatic,199.6,32.0,0.16140350877192983,-1.8238477837795555,0.2506265664160401,-1.3837912309017721,129.42122186495178,1,0,0,0,5.6
CAR_4CC884FE,Mazda,Cx 7,22d sport tech 5d,2007,170.0,1865.0,2184.0,4.0,400.0,4 wheel drive,Diesel,Diesel,Manual,199.6,199.0,0.09115281501340483,-2.395217895027654,0.21447721179624665,-1.5395517849699338,77.83882783882784,1,0,0,1,10.9
CAR_5616BF89,Mazda,Demio,13 5d,1998,70.0,950.0,1323.0,4.0,105.0,Front wheel drive,Naturally Aspirated,Petrol,Manual,157.7,187.0,0.07368421052631578,-2.6079667425452278,0.11052631578947368,-2.202501634437063,52.91005291005291,0,0,0,1,12.8
CAR_0323F655,Mazda,Mpv,20 5d (02),1999,134.0,1875.0,1998.0,4.0,310.0,Front wheel drive,Diesel,Diesel,Manual,177.0,188.0,0.07146666666666666,-2.6385241384536,0.16533333333333333,-1.7997916409253192,67.06706706706707,0,0,0,1,12.8
CAR_8ACEB9B8,Mazda,Mx 3,16i 3d,1991,109.0,1060.0,1598.0,4.0,137.0,Front wheel drive,Naturally Aspirated,Petrol,Manual,180.2,196.0,0.10283018867924529,-2.274676304876969,0.12924528301886792,-2.0460432612779877,68.21026282853566,0,0,0,1,10.2
CAR_3251FB07,Mazda,Mx 30,107kw 100th anniversary edition 355kwh 5dr auto,2020,142.0,1645.0,1984.0,4.0,271.0,Front wheel drive,EV,Electric,Automatic,140.0,0.0,0.08632218844984803,-2.4496686055982115,0.16474164133738603,-1.8033768423197714,71.5725806451613,0,1,0,0,9.4
CAR_5D7FB3CE,Mazda,Mx 30,125kw r ev edition r 5dr auto,2023,167.0,1778.0,1498.0,4.0,260.0,Front wheel drive,Hybrid,Petrol Series PHEV,Automatic,140.0,0.0,0.09392575928008999,-2.3652506036570946,0.14623172103487064,-1.9225627850583222,111.48197596795728,0,0,0,0,8.8
CAR_1E9B1271,Mazda,Mx 5,15 se 2d,2015,129.0,1015.0,1496.0,4.0,150.0,Rear wheel drive,Naturally Aspirated,Petrol,Manual,204.4,139.0,0.1270935960591133,-2.0628314871142157,0.1477832512315271,-1.912008597379632,86.22994652406418,0,0,0,1,8.0
CAR_7AAC88E1,Mazda,Mx 5,15 [132] exclusive line 2dr,2017,130.0,1039.0,1496.0,4.0,152.0,Rear wheel drive,Naturally Aspirated,Petrol,Manual,202.8,140.0,0.12512030798845045,-2.0784795406436447,0.14629451395572665,-1.9221334702529511,86.89839572192514,0,0,0,1,8.4
CAR_95F00ACC,Mazda,Mx 5,18i 20th anniversary 2d,2005,124.0,1080.0,1798.0,4.0,167.0,Rear wheel drive,Naturally Aspirated,Petrol,Manual,194.7,167.0,0.11481481481481481,-2.1644347545132283,0.15462962962962962,-1.8667225077015104,68.9655172413793,0,0,0,1,9.6
CAR_BF49F160,Mazda,Mx 5,16i 2d (01),1990,108.0,1035.0,1597.0,4.0,134.0,Rear wheel drive,Naturally Aspirated,Petrol,Manual,191.5,188.0,0.10434782608695652,-2.26002547857525,0.1294685990338164,-2.044316905748558,67.62680025046963,0,0,0,1,9.4
CAR_13D83223,Mazda,Mx 6,25 v6 gt 2d,1992,164.0,1245.0,2497.0,6.0,221.0,Front wheel drive,Naturally Aspirated,Petrol,Manual,222.1,175.0,0.13172690763052208,-2.0270243810746096,0.17751004016064256,-1.7287281073810552,65.678814577493,0,0,0,1,8.2
CAR_36ACDA04,Mazda,Premacy,18 atlantis 5d,1999,98.0,1318.0,1839.0,4.0,152.0,Front wheel drive,Naturally Aspirated,Petrol,Manual,175.4,198.0,0.07435508345978756,-2.5989032363918807,0.11532625189681335,-2.159990194216176,53.28983143012507,0,0,0,1,11.4
CAR_A0370A1F,Mazda,Rx 8,(192ps) 4d,2003,189.0,1390.0,1308.0,4.0,220.0,Rear wheel drive,Naturally Aspirated,Petrol,Manual,223.7,267.0,0.13597122302158274,-1.995312011065095,0.15827338129496402,-1.843431479772376,144.49541284403668,0,0,0,1,7.0
CAR_870D3163,Mazda,Tribute,20 gsi 4wd 5d,2001,122.0,1435.0,1989.0,4.0,175.0,4 wheel drive,Naturally Aspirated,Petrol,Manual,165.8,231.0,0.08501742160278745,-2.464899083460465,0.12195121951219512,-2.1041341542702074,61.33735545500251,1,0,0,1,13.3
CAR_C2518188,Mazda,Xedos 6,16i 4d,1992,107.0,1140.0,1598.0,4.0,140.0,Front wheel drive,Naturally Aspirated,Petrol,Manual,183.5,175.0,0.09385964912280702,-2.365954706926635,0.12280701754385964,-2.097141118779237,66.95869837296621,0,0,0,1,11.5
CAR_5C3A8C6B,Mazda,Xedos 9,23i miller 4d auto,1994,208.0,1546.0,2255.0,6.0,290.0,Front wheel drive,Naturally Aspirated,Petrol,Automatic,230.1,245.0,0.13454075032341525,-2.0058881494460494,0.18758085381630013,-1.6735453061668475,92.23946784922396,0,0,0,0,9.2
CAR_489F7EBC,Mercedes Amg,A 35,a 35 4matic 7g dct auto 5d,2019,301.0,1555.0,1991.0,4.0,400.0,4 wheel drive,Naturally Aspirated,Petrol,Automatic,249.4,167.0,0.19356913183279742,-1.6421205598644588,0.2572347266881029,-1.3577662775053525,151.18031140130586,1,0,0,0,4.5
CAR_D052484B,Mercedes Amg,A 35,a 35 4matic 7g dct auto 4d,2019,301.0,1570.0,1991.0,4.0,400.0,4 wheel drive,Naturally Aspirated,Petrol,Automatic,249.4,164.0,0.19171974522292995,-1.651720633593478,0.25477707006369427,-1.3673663512343717,151.18031140130586,1,0,0,0,4.6
CAR_FCF11249,Mercedes Amg,A 45,a 45 s 4matic 8g dct auto 5d,2019,415.0,1660.0,1991.0,4.0,500.0,4 wheel drive,Naturally Aspirated,Petrol,Automatic,270.4,203.0,0.25,-1.3862943611198906,0.30120481927710846,-1.199964782928397,208.43797086891007,1,0,0,0,3.8
CAR_BC8FE768,Mercedes Amg,C Class,c43 4matic premium 4dr 9g tronic,2022,402.0,1840.0,1991.0,4.0,500.0,4 wheel drive,Naturally Aspirated,Petrol,Automatic,249.4,202.0,0.2184782608695652,-1.5210687619840102,0.2717391304347826,-1.3029127521808397,201.90858864892013,1,0,0,0,4.5
CAR_A949DE81,Mercedes Amg,C Class,c43 4matic premium 5dr 9g tronic,2022,402.0,1885.0,1991.0,4.0,500.0,4 wheel drive,Naturally Aspirated,Petrol,Automatic,249.4,204.0,0.21326259946949602,-1.54523101126309,0.26525198938992045,-1.3270750014599193,201.90858864892013,1,0,0,0,4.5
CAR_3B21A368,Mercedes Amg,Cla,cla 35 4matic 7g dct auto 4d,2019,301.0,1615.0,1991.0,4.0,400.0,4 wheel drive,Naturally Aspirated,Petrol,Automatic,249.4,184.0,0.18637770897832817,-1.679979970907881,0.2476780185758514,-1.395625688548775,151.18031140130586,1,0,0,0,4.7
CAR_BE84B8AA,Mercedes Amg,Cla,cla 35 premium 4matic 5dr tip auto,2019,301.0,1705.0,1991.0,4.0,400.0,4 wheel drive,Naturally Aspirated,Petrol,Automatic,249.4,194.0,0.17653958944281525,-1.7342101249687414,0.23460410557184752,-1.449855842609635,151.18031140130586,1,0,0,0,4.7
CAR_B0395535,Mercedes Amg,Cle,cle 53 4matic amg limited edition 2dr 9g tronic,2024,442.0,2000.0,2999.0,6.0,560.0,4 wheel drive,Naturally Aspirated,Petrol,Automatic,249.4,215.0,0.221,-1.5095925774643841,0.28,-1.2729656758128873,147.38246082027342,1,0,0,0,4.1
CAR_CF873F4A,Mercedes Amg,Cle,cle 53 4matic amg limited edition 2dr 9g tronic,2024,442.0,2110.0,2999.0,6.0,560.0,4 wheel drive,Naturally Aspirated,Petrol,Automatic,249.4,218.0,0.209478672985782,-1.563133344392414,0.26540284360189575,-1.3265064427409172,147.38246082027342,1,0,0,0,4.3
CAR_59ED1B96,Mercedes Amg,E Class,e63 s 4matic final edition prem 4dr tct,2022,603.0,2010.0,3982.0,8.0,850.0,4 wheel drive,Naturally Aspirated,Petrol,Automatic,249.4,276.0,0.3,-1.2039728043259361,0.4228855721393035,-0.8606536515687593,151.4314414866901,1,0,0,0,3.3
CAR_99EA42EB,Mercedes Amg,E Class,e53 4matic edition 1 5dr tct,2022,576.0,2583.0,2999.0,6.0,750.0,4 wheel drive,Hybrid,Petrol Parallel PHEV,Automatic,249.4,23.0,0.2229965156794425,-1.5005991323999492,0.29036004645760743,-1.2366335865654843,192.0640213404468,1,0,0,0,3.8
CAR_8B3CF5C5,Mercedes Amg,E Class,e53 4matic edition 1 4dr tct,2024,576.0,2546.0,2999.0,6.0,750.0,4 wheel drive,Hybrid,Petrol Parallel PHEV,Automatic,249.4,22.0,0.22623723487824038,-1.4861711184214605,0.2945797329143755,-1.2222055725869956,192.0640213404468,1,0,0,0,3.7
CAR_3AF2FFE7,Mercedes Amg,Eqe,e53 4matic 460kw edition midnight 91kwh 4dr auto,2022,616.0,2540.0,1984.0,4.0,950.0,4 wheel drive,EV,Electric,Automatic,220.5,0.0,0.24251968503937008,-1.4166723964790624,0.37401574803149606,-0.9834573754179957,310.48387096774195,1,1,0,0,3.4
CAR_FD2EEAC1,Mercedes Amg,Eqe,e53 4matic 460kw night ed premium 91kwh 5dr auto,2023,616.0,2690.0,1984.0,4.0,950.0,4 wheel drive,EV,Electric,Automatic,220.5,0.0,0.22899628252788104,-1.474049509062365,0.35315985130111527,-1.0408344880012983,310.48387096774195,1,1,0,0,3.6
CAR_E490CF23,Mercedes Amg,Eqs,eqs 53 4m 484kw night ed perform 108kwh 4dr auto,2022,648.0,2715.0,1984.0,4.0,950.0,4 wheel drive,EV,Electric,Automatic,220.5,0.0,0.23867403314917127,-1.432656536015761,0.34990791896869244,-1.0500852477734492,326.61290322580646,1,1,0,0,3.7
CAR_6BE2E0FB,Mercedes Amg,G Class,g 63 amg speedshift plus 9g tronic auto 5d,2018,576.0,2595.0,3982.0,8.0,850.0,4 wheel drive,Naturally Aspirated,Petrol,Automatic,220.5,369.0,0.22196531791907514,-1.5052341349040979,0.32755298651252407,-1.116105446115627,144.65092918131592,1,0,0,0,4.4
CAR_6C9229FF,Mercedes Amg,Gla,gla 35 4matic auto 5d,2020,301.0,1680.0,1991.0,4.0,400.0,4 wheel drive,Naturally Aspirated,Petrol,Automatic,249.4,196.0,0.17916666666666667,-1.7194388076484288,0.23809523809523808,-1.4350845252893227,151.18031140130586,1,0,0,0,5.0
CAR_D055DA05,Mercedes Amg,Glb,glb 35 4matic premium 5dr 8g tronic,2019,301.0,1755.0,1991.0,4.0,400.0,4 wheel drive,Naturally Aspirated,Petrol,Automatic,249.4,188.0,0.17150997150997152,-1.7631138711510903,0.22792022792022792,-1.4787595887919842,151.18031140130586,1,0,0,0,5.0
CAR_CFCB383D,Mercedes Amg,Glc,glc 43 4matic edition midnight 5dr,2023,415.0,2110.0,1991.0,4.0,500.0,4 wheel drive,Naturally Aspirated,Petrol,Automatic,249.4,236.0,0.1966824644549763,-1.6261647062394138,0.23696682464454977,-1.4398351280479205,208.43797086891007,1,0,0,0,4.4
CAR_3223D7C8,Mercedes Amg,Glc,glc 43 4matic amg night edition premium 5dr mct,2023,415.0,2120.0,1991.0,4.0,500.0,4 wheel drive,Naturally Aspirated,Petrol,Automatic,249.4,232.0,0.1957547169811321,-1.6308928474353597,0.2358490566037736,-1.4445632692438664,208.43797086891007,1,0,0,0,4.4
CAR_8A4048E9,Mercedes Amg,Gle,gle 53 4matic 9g tronic [7 seats] 5d,2019,428.0,2305.0,2987.0,6.0,520.0,4 wheel drive,Naturally Aspirated,Petrol,Automatic,249.4,212.0,0.1856832971800434,-1.683712759848952,0.22559652928416485,-1.4890071438552759,143.28757951121526,1,0,0,0,5.1
CAR_249C42C8,Mercedes Amg,Gle,gle 53 4matic hybrid night ed premium 5dr tct,2023,536.0,2886.0,2999.0,6.0,560.0,4 wheel drive,Hybrid,Petrol Parallel PHEV,Automatic,249.4,88.0,0.18572418572418573,-1.6834925782630141,0.19404019404019404,-1.6396899556046212,178.72624208069357,1,0,0,0,4.5
CAR_354D89DB,Mercedes Amg,Gls,gls 63 4matic night edition amg speedshift tct auto 5d,2020,602.0,2630.0,3982.0,8.0,850.0,4 wheel drive,Naturally Aspirated,Petrol,Automatic,249.4,291.0,0.22889733840304183,-1.4744816798629892,0.3231939163498099,-1.129502775687448,151.18031140130586,1,0,0,0,4.1
CAR_7495B7C5,Mercedes Amg,Gt,gt 63 4matic amg speedshift mct auto 4d,2019,576.0,2100.0,3982.0,8.0,800.0,4 wheel drive,Naturally Aspirated,Petrol,Automatic,310.6,256.0,0.2742857142857143,-1.293584963015623,0.38095238095238093,-0.9650808960435872,144.65092918131592,1,0,0,0,3.3
CAR_0C499714,Mercedes Amg,Gt,gt 43 4matic premium 2dr auto,2024,415.0,1790.0,1991.0,4.0,500.0,Rear wheel drive,Naturally Aspirated,Petrol,Automatic,280.0,235.0,0.23184357541899442,-1.4616923786041023,0.27932960893854747,-1.275362800412609,208.43797086891007,0,0,0,0,4.5
CAR_E0352303,Mercedes Amg,Purespeed,purespeed 2dr 9g tronic,2025,568.0,1960.0,3982.0,8.0,800.0,4 wheel drive,Naturally Aspirated,Petrol,Automatic,315.4,312.0,0.2897959183673469,-1.2385783335034117,0.40816326530612246,-0.8960880245566356,142.64188849824208,1,0,0,0,3.5
CAR_C0305D33,Mercedes Amg,S Class,s63 4matic amg e performance night edition 4dr mct,2023,790.0,2595.0,3982.0,8.0,1430.0,4 wheel drive,Hybrid,Petrol Parallel PHEV,Automatic,249.4,179.0,0.3044315992292871,-1.189308850138922,0.5510597302504817,-0.595912072346036,198.39276745354093,1,0,0,0,3.2
CAR_B8662781,Mercedes Amg,Sl,maybach sl 680 monogram series 2dr auto,2022,576.0,2050.0,3982.0,8.0,800.0,4 wheel drive,Naturally Aspirated,Petrol,Automatic,260.7,309.0,0.2809756097560976,-1.2694874114365626,0.3902439024390244,-0.9409833444645266,144.65092918131592,1,0,0,0,4.0
CAR_FC5F3BA2,Mercedes Benz,A Class,a 180 amg line 5d,2018,134.0,1350.0,1332.0,4.0,200.0,Front wheel drive,Naturally Aspirated,Petrol,Manual,215.7,136.0,0.09925925925925926,-2.310020071481564,0.14814814814814814,-1.9095425048844386,100.6006006006006,0,0,0,1,8.9
CAR_1472C147,Mercedes Benz,A Class,a 180 amg line 4d,2019,134.0,1365.0,1332.0,4.0,200.0,Front wheel drive,Naturally Aspirated,Petrol,Manual,215.7,135.0,0.09816849816849817,-2.3210699076681487,0.14652014652014653,-1.9205923410710233,100.6006006006006,0,0,0,1,9.0
CAR_75D54FF8,Mercedes Benz,A Class,a150 avantgarde se 3d,2005,95.0,1195.0,1498.0,4.0,140.0,Front wheel drive,Naturally Aspirated,Petrol,Manual,175.4,148.0,0.0794979079497908,-2.5320245727650703,0.11715481171548117,-2.1442590417563068,63.41789052069426,0,0,0,1,12.2
CAR_70309B0A,Mercedes Benz,A Class,a 160 amg line 5d,2013,100.0,1370.0,1595.0,4.0,180.0,Front wheel drive,Naturally Aspirated,Petrol,Manual,189.9,126.0,0.072992700729927,-2.617395832834079,0.13138686131386862,-2.02960916793196,62.695924764890286,0,0,0,1,10.3
CAR_640F9DA4,Mercedes Benz,A Class,a45 (map pilot) 5d 4matic,2013,354.0,1555.0,1991.0,4.0,450.0,4 wheel drive,Naturally Aspirated,Petrol,Automatic,249.4,161.0,0.22765273311897105,-1.47993391147956,0.28938906752411575,-1.2399832418489691,177.80010045203414,1,0,0,0,4.5
CAR_9239538D,Mercedes Benz,A Class,a140 a 5d,1998,82.0,1105.0,1397.0,4.0,130.0,Front wheel drive,Naturally Aspirated,Petrol,Manual,170.6,170.0,0.07420814479638009,-2.6008813666876,0.11764705882352941,-2.1400661634962708,58.697208303507516,0,0,0,1,12.5
CAR_26B419D4,Mercedes Benz,Amg Gt,amg speedshift dct auto 2d,2015,469.0,1650.0,3982.0,8.0,630.0,Rear wheel drive,Naturally Aspirated,Petrol,Automatic,304.2,261.0,0.28424242424242424,-1.257927798448347,0.38181818181818183,-0.9628107475090478,117.78001004520341,0,0,0,0,3.9
CAR_7044629D,Mercedes Benz,Amg Gt,amg speedshift dct auto 2d,2017,469.0,1690.0,3982.0,8.0,630.0,Rear wheel drive,Naturally Aspirated,Petrol,Automatic,302.6,261.0,0.2775147928994083,-1.2818810394708398,0.3727810650887574,-0.9867639885315408,117.78001004520341,0,0,0,0,3.9
CAR_5063A638,Mercedes Benz,B Class,b 180 amg line 5d,2019,134.0,1385.0,1332.0,4.0,200.0,Front wheel drive,Naturally Aspirated,Petrol,Manual,212.4,127.0,0.09675090252707581,-2.3356156186705275,0.1444043321299639,-1.9351380520734023,100.6006006006006,0,0,0,1,9.1
CAR_DF02FB92,Mercedes Benz,B Class,b150 5d,2005,95.0,1326.5,1498.0,4.0,200.0,Front wheel drive,Naturally Aspirated,Petrol,Manual,173.8,158.0,0.07161703731624576,-2.6364222819772536,0.15077271013946475,-1.8919818070297578,63.41789052069426,0,0,0,1,12.8
CAR_9296D840,Mercedes Benz,B Class,b 180 exclusive edition 5d,2012,120.0,1395.0,1595.0,4.0,200.0,Front wheel drive,Naturally Aspirated,Petrol,Manual,199.6,153.0,0.08602150537634409,-2.45315795147342,0.14336917562724014,-1.9423323277074294,75.23510971786834,0,0,0,1,8.7
CAR_16AB21A1,Mercedes Benz,C Class,c 180 amg line (062018 on) 4d,2014,153.0,1365.0,1595.0,4.0,250.0,Rear wheel drive,Naturally Aspirated,Petrol,Manual,225.3,134.0,0.11208791208791209,-2.1884717862266245,0.18315018315018314,-1.6974487897568138,95.92476489028213,0,0,0,1,7.9
CAR_A2CB37E1,Mercedes Benz,C Class,c 180 amg line (062018 on) 5d,2014,153.0,1420.0,1595.0,4.0,250.0,Rear wheel drive,Naturally Aspirated,Petrol,Manual,223.7,136.0,0.10774647887323943,-2.227974229202871,0.176056338028169,-1.73695123273306,95.92476489028213,0,0,0,1,8.1
CAR_6CE25CB6,Mercedes Benz,C Class,c 180 amg line (092018 on) 2d,2015,153.0,1430.0,1595.0,4.0,250.0,Rear wheel drive,Naturally Aspirated,Petrol,Manual,225.3,134.0,0.106993006993007,-2.2349918018615176,0.17482517482517482,-1.7439688053917066,95.92476489028213,0,0,0,1,8.2
CAR_8B64F5D5,Mercedes Benz,C Class,c 180 amg line (092018 on) 2d,2016,153.0,1575.0,1595.0,4.0,250.0,Rear wheel drive,Naturally Aspirated,Petrol,Manual,222.1,149.0,0.09714285714285714,-2.331572629867298,0.15873015873015872,-1.8405496333974871,95.92476489028213,0,0,0,1,8.6
CAR_59B3897C,Mercedes Benz,C Class,c200 amg line 4dr 9g tronic,2021,201.0,1818.0,1496.0,4.0,300.0,Rear wheel drive,Naturally Aspirated,Petrol,Automatic,246.2,140.0,0.11056105610561057,-2.2021873666783485,0.16501650165016502,-1.801709800081223,134.35828877005346,0,0,0,0,7.1
CAR_212BAF3A,Mercedes Benz,C Class,c200 amg line 5dr 9g tronic,2021,201.0,1887.0,1496.0,4.0,300.0,Rear wheel drive,Naturally Aspirated,Petrol,Automatic,239.8,145.0,0.10651828298887123,-2.2394386373094743,0.1589825119236884,-1.8389610707123492,134.35828877005346,0,0,0,0,7.3
CAR_1C5C9900,Mercedes Benz,C Class,c180 amg sport (comand) 4d,2007,153.0,1470.0,1595.0,4.0,250.0,Rear wheel drive,Naturally Aspirated,Petrol,Manual,225.3,142.0,0.10408163265306122,-2.2625797583803466,0.17006802721088435,-1.7715567619105357,95.92476489028213,0,0,0,1,8.2
CAR_4EA1E37F,Mercedes Benz,C Class,c180 amg sport (comand) 5d,2008,153.0,1505.0,1595.0,4.0,250.0,Rear wheel drive,Naturally Aspirated,Petrol,Manual,217.3,144.0,0.10166112956810631,-2.2861102557905406,0.16611295681063123,-1.7950872593207297,95.92476489028213,0,0,0,1,8.4
CAR_7612E2C3,Mercedes Benz,C Class,c63 (performance pack plus) estate 5d auto,2008,480.0,1795.0,6208.0,8.0,600.0,Rear wheel drive,Naturally Aspirated,Petrol,Automatic,249.4,316.0,0.26740947075208915,-1.3189741970204425,0.3342618384401114,-1.0958306457062328,77.31958762886597,0,0,0,0,4.4
CAR_0285EF60,Mercedes Benz,C Class,c63 coupe (performance pack plus) 2d auto,2011,480.0,1730.0,6208.0,8.0,600.0,Rear wheel drive,Naturally Aspirated,Petrol,Automatic,249.4,280.0,0.2774566473988439,-1.2820905835898881,0.3468208092485549,-1.0589470322756782,77.31958762886597,0,0,0,0,4.3
CAR_D8A5F48E,Mercedes Benz,C Class,c180 (16) amg sport (comand) 2d,2011,153.0,1490.0,1595.0,4.0,250.0,Rear wheel drive,Naturally Aspirated,Petrol,Manual,225.3,149.0,0.10268456375838926,-2.2760934775470694,0.16778523489932887,-1.7850704810772584,95.92476489028213,0,0,0,1,8.2
CAR_0EAB3B76,Mercedes Benz,C Class,c63 coupe 2d auto,2015,469.0,1785.0,3982.0,8.0,650.0,Rear wheel drive,Naturally Aspirated,Petrol,Automatic,249.4,200.0,0.2627450980392157,-1.33657092576746,0.3641456582633053,-1.0102013313240568,117.78001004520341,0,0,0,0,3.9
CAR_69900D90,Mercedes Benz,C Class,c180 classic 4d,1993,122.0,1350.0,1799.0,4.0,170.0,Rear wheel drive,Naturally Aspirated,Petrol,Manual,193.1,218.0,0.09037037037037036,-2.403838826699219,0.1259259259259259,-2.0720614343822135,67.81545302946081,0,0,0,1,11.6
CAR_46555D54,Mercedes Benz,C Class,c180 classic 5d,1996,122.0,1350.0,1799.0,4.0,170.0,Rear wheel drive,Naturally Aspirated,Petrol,Manual,189.9,218.0,0.09037037037037036,-2.403838826699219,0.1259259259259259,-2.0720614343822135,67.81545302946081,0,0,0,1,11.6
CAR_E4126E54,Mercedes Benz,C Class,c180 avantgarde 4d,2000,129.0,1455.0,1998.0,4.0,190.0,Rear wheel drive,Naturally Aspirated,Petrol,Manual,210.8,225.0,0.088659793814433,-2.422948775243921,0.13058419243986255,-2.0357371074451067,64.56456456456456,0,0,0,1,10.6
CAR_9F44DF89,Mercedes Benz,C Class,c180 avantgarde 5d,2000,129.0,1505.0,1998.0,4.0,190.0,Rear wheel drive,Naturally Aspirated,Petrol,Manual,206.0,230.0,0.08571428571428572,-2.456735772821304,0.12624584717607973,-2.06952410502249,64.56456456456456,0,0,0,1,10.9
CAR_2487CAF9,Mercedes Benz,C Class,c160 3d,2001,120.0,1465.0,1796.0,4.0,190.0,Rear wheel drive,Naturally Aspirated,Petrol,Manual,206.0,183.0,0.08191126279863481,-2.502118778669122,0.1296928327645051,-2.0425864492906816,66.81514476614699,0,0,0,1,11.0
CAR_E2718A93,Mercedes Benz,Cl,cl 500 (amg sports pack) 2d auto,2007,382.0,1995.0,5461.0,8.0,530.0,Rear wheel drive,Naturally Aspirated,Petrol,Automatic,249.4,288.0,0.19147869674185464,-1.6529787207173887,0.2656641604010025,-1.3255223227777964,69.95055850576817,0,0,0,0,5.3
CAR_9B707349,Mercedes Benz,Cl,cl 63 2d auto,2007,517.0,2085.0,6208.0,8.0,630.0,Rear wheel drive,Naturally Aspirated,Petrol,Automatic,249.4,346.0,0.24796163069544364,-1.3944812597244727,0.302158273381295,-1.1968043148473235,83.27963917525773,0,0,0,0,4.5
CAR_4FF29A5A,Mercedes Benz,Cl,cl500 2d auto (00),2000,306.0,2080.0,4966.0,8.0,470.0,Rear wheel drive,Naturally Aspirated,Petrol,Automatic,249.4,320.0,0.14711538461538462,-1.9165380707429829,0.22596153846153846,-1.4873904779912595,61.61900926298832,0,0,0,0,7.1
CAR_5F0058F6,Mercedes Benz,Cla,cla 180 amg line executive 5dr tip auto,2019,134.0,1475.0,1332.0,4.0,200.0,Front wheel drive,Naturally Aspirated,Petrol,Automatic,215.7,140.0,0.09084745762711864,-2.3985734688230087,0.13559322033898305,-1.9980959022258835,100.6006006006006,0,0,0,0,8.9
CAR_9D721DC9,Mercedes Benz,Cla,cla 180 amg line 7g dct auto 4d,2019,134.0,1425.0,1332.0,4.0,200.0,Front wheel drive,Naturally Aspirated,Petrol,Automatic,215.7,138.0,0.09403508771929825,-2.3640872927518397,0.14035087719298245,-1.9636097261547143,100.6006006006006,0,0,0,0,8.7
CAR_9ECD82C3,Mercedes Benz,Cla,cla 180 amg line executive 4dr auto,2025,134.0,1695.0,1499.0,4.0,200.0,Front wheel drive,Naturally Aspirated,Petrol,Automatic,217.3,115.0,0.07905604719764012,-2.5375982198636393,0.11799410029498525,-2.137120653266514,89.39292861907938,0,0,0,0,8.5
CAR_FE075DAA,Mercedes Benz,Cla Electric,cla 250 200kw eq amg line prem ed 85kwh 4dr auto,2025,268.0,2055.0,1984.0,4.0,310.0,Rear wheel drive,EV,Electric,Automatic,209.2,0.0,0.13041362530413625,-2.037044146419478,0.15085158150851583,-1.891458829451143,135.08064516129033,0,1,0,0,6.5
CAR_4E57EC08,Mercedes Benz,Cla Electric,cla 200 165kw amg line executive 58kwh 5dr auto,2025,220.0,2065.0,1984.0,4.0,310.0,Rear wheel drive,EV,Electric,Automatic,209.2,0.0,0.10653753026634383,-2.2392579590427717,0.15012106537530268,-1.896313207915941,110.88709677419355,0,1,0,0,7.4
CAR_34A801CC,Mercedes Benz,Cla Class,cla (180bhp) amg sport (comand) 4d tip auto,2013,120.0,1430.0,1595.0,4.0,200.0,Front wheel drive,Naturally Aspirated,Petrol,Automatic,209.2,122.0,0.08391608391608392,-2.477937980471907,0.13986013986013987,-1.967112356705916,75.23510971786834,0,0,0,0,8.4
CAR_0D6434BE,Mercedes Benz,Cla Class,cla 45 (381bhp) 4matic (comand) 4d tip auto,2013,375.0,1585.0,1991.0,4.0,475.0,4 wheel drive,Naturally Aspirated,Petrol,Automatic,249.4,171.0,0.23659305993690852,-1.4414136603409702,0.2996845425867508,-1.2050248822767398,188.34756403817175,1,0,0,0,4.1
CAR_1BFE0CFB,Mercedes Benz,Cla Class,cla 180 amg line (comand) (0616 on) 5d,2015,120.0,1430.0,1595.0,4.0,200.0,Front wheel drive,Naturally Aspirated,Petrol,Manual,209.2,134.0,0.08391608391608392,-2.477937980471907,0.13986013986013987,-1.967112356705916,75.23510971786834,0,0,0,1,8.8
CAR_D99F8AFD,Mercedes Benz,Clc,160 blueefficiency se 3d,2008,127.0,1470.0,1597.0,4.0,220.0,Rear wheel drive,Naturally Aspirated,Petrol,Manual,209.2,156.0,0.08639455782312926,-2.4488305933141907,0.14965986394557823,-1.8993901334204204,79.52410770194115,0,0,0,1,10.8
CAR_9968645A,Mercedes Benz,Cle,cle 200 amg line 2dr 9g tronic,2023,201.0,1795.0,1999.0,4.0,320.0,Rear wheel drive,Naturally Aspirated,Petrol,Automatic,239.8,148.0,0.11197771587743732,-2.1894553928633034,0.17827298050139276,-1.724439305128607,100.55027513756878,0,0,0,0,7.2
CAR_6B33F7BB,Mercedes Benz,Cle,cle 200 amg line 2dr 9g tronic,2024,201.0,1930.0,1999.0,4.0,320.0,Rear wheel drive,Naturally Aspirated,Petrol,Automatic,236.6,154.0,0.10414507772020726,-2.2619703738398553,0.16580310880829016,-1.796954286105159,100.55027513756878,0,0,0,0,7.6
CAR_44F3A339,Mercedes Benz,Clk,200 avantgarde 2d,1997,136.0,1375.0,1998.0,4.0,190.0,Rear wheel drive,Naturally Aspirated,Petrol,Manual,207.6,222.0,0.0989090909090909,-2.31355412436462,0.13818181818181818,-1.9791849379401856,68.06806806806807,0,0,0,1,10.6
CAR_18591661,Mercedes Benz,Clk,200k avantgarde 2d,1998,163.0,1415.0,1998.0,4.0,230.0,Rear wheel drive,Naturally Aspirated,Petrol,Manual,218.9,233.0,0.11519434628975266,-2.1611346092705754,0.1625441696113074,-1.8168055011541426,81.58158158158159,0,0,0,1,9.6
CAR_29648516,Mercedes Benz,Clk,200k avantgarde (184bhp) 2d,2002,181.0,1625.0,1796.0,4.0,250.0,Rear wheel drive,Naturally Aspirated,Petrol,Manual,236.6,207.0,0.11138461538461539,-2.194766063498012,0.15384615384615385,-1.8718021769015913,100.77951002227171,0,0,0,1,8.5
CAR_E4955A3B,Mercedes Benz,Clk,200k avantgarde (184bhp) 2d,2003,181.0,1625.0,1796.0,4.0,250.0,Rear wheel drive,Naturally Aspirated,Petrol,Manual,231.7,212.0,0.11138461538461539,-2.194766063498012,0.15384615384615385,-1.8718021769015913,100.77951002227171,0,0,0,1,9.0
CAR_C11FFFE7,Mercedes Benz,Clk,clk55 cabriolet 2d tip auto (03),2002,367.0,1820.0,5439.0,8.0,510.0,Rear wheel drive,Naturally Aspirated,Petrol,Automatic,249.4,290.0,0.20164835164835165,-1.6012299320162708,0.2802197802197802,-1.2721810543524696,67.47563890421033,0,0,0,0,5.2
CAR_5592AF32,Mercedes Benz,Cls,cls 300d 4matic amg line 4dr 9g tronic 4d,2018,241.0,1825.0,1950.0,4.0,500.0,Rear wheel drive,Diesel,Diesel,Automatic,249.4,162.0,0.13205479452054794,-2.0245383325259367,0.273972602739726,-1.2947271675944,123.58974358974359,0,0,0,0,6.2
CAR_41CD9372,Mercedes Benz,Cls,cls 320 cdi (0408 0609) 4d tip auto,2005,220.0,1625.0,2987.0,6.0,540.0,Rear wheel drive,Diesel,Diesel,Automatic,246.2,200.0,0.13538461538461538,-1.9996355484114763,0.3323076923076923,-1.1016939552055178,73.65249414127888,0,0,0,0,6.8
CAR_6CB210F3,Mercedes Benz,Cls,cls 63 (comand) 4d tip auto,2005,506.0,1815.0,6208.0,8.0,630.0,Rear wheel drive,Naturally Aspirated,Petrol,Automatic,249.4,345.0,0.2787878787878788,-1.2773040774114854,0.34710743801652894,-1.0581209273133727,81.50773195876289,0,0,0,0,4.4
CAR_4F67022C,Mercedes Benz,Cls,cls 220 bluetec amg line 4d 7g tronic,2011,174.0,1790.0,2143.0,4.0,400.0,Rear wheel drive,Diesel,Diesel,Automatic,222.1,129.0,0.09720670391061452,-2.3309155996202717,0.22346368715083798,-1.4985063517268187,81.19458702753151,0,0,0,0,8.2
CAR_10EA882A,Mercedes Benz,Cls,cls 63 (557bhp) 4d tip auto,2011,549.0,1870.0,5461.0,8.0,720.0,Rear wheel drive,Naturally Aspirated,Petrol,Automatic,249.4,231.0,0.29358288770053476,-1.2255952683391016,0.3850267379679144,-0.9544424978385313,100.53103827137886,0,0,0,0,4.1
CAR_C5E55104,Mercedes Benz,Cls,cls 220 bluetec amg line 5d 7g tronic,2012,174.0,1845.0,2143.0,4.0,400.0,Rear wheel drive,Diesel,Diesel,Automatic,214.0,132.0,0.0943089430894309,-2.3611792572600985,0.21680216802168023,-1.5287700093666454,81.19458702753151,0,0,0,0,8.5
CAR_B13DC575,Mercedes Benz,E Class,e 200 amg line 9g tronic plus auto 4d,2016,181.0,1615.0,1991.0,4.0,300.0,Rear wheel drive,Naturally Aspirated,Petrol,Automatic,239.8,163.0,0.11207430340557276,-2.1885932043909313,0.18575851393188855,-1.6833077610005558,90.9090909090909,0,0,0,0,7.5
CAR_2A2E8672,Mercedes Benz,E Class,e 200 amg line 9g tronic plus auto 5d,2016,181.0,1725.0,1991.0,4.0,300.0,Rear wheel drive,Naturally Aspirated,Petrol,Automatic,231.7,172.0,0.10492753623188406,-2.2544852981996346,0.17391304347826086,-1.749199854809259,90.9090909090909,0,0,0,0,7.8
CAR_52DC74CF,Mercedes Benz,E Class,e 350 d 4matic all terrain edition 9g tronic plus auto 5d,2017,254.0,2010.0,2987.0,6.0,620.0,4 wheel drive,Diesel,Diesel,Automatic,249.4,179.0,0.1263681592039801,-2.068555734034585,0.30845771144278605,-1.1761705230139843,85.03515232674924,1,0,0,0,6.0
CAR_EC67E974,Mercedes Benz,E Class,e 220 d 4matic amg line 9g tronic plus auto 2d,2017,191.0,1900.0,1950.0,4.0,400.0,4 wheel drive,Diesel,Diesel,Automatic,233.4,142.0,0.10052631578947369,-2.2973357371079017,0.21052631578947367,-1.55814461804655,97.94871794871796,1,0,0,0,7.6
CAR_F249D96D,Mercedes Benz,E Class,e 220 d 4matic amg line 9g tronic plus auto 2d,2017,191.0,1805.0,1950.0,4.0,400.0,4 wheel drive,Diesel,Diesel,Automatic,239.8,141.0,0.10581717451523545,-2.2460424427203516,0.22160664819944598,-1.5068513236589993,97.94871794871796,1,0,0,0,7.4
CAR_22CF1E03,Mercedes Benz,E Class,e200 amg line 4dr 9g tronic,2023,201.0,1937.0,1999.0,4.0,320.0,Rear wheel drive,Naturally Aspirated,Petrol,Automatic,239.8,148.0,0.10376871450696953,-2.26559075534792,0.16520392359318534,-1.8005746676132237,100.55027513756878,0,0,0,0,7.3
CAR_FAD8B113,Mercedes Benz,E Class,e200 amg line 5dr 9g tronic,2023,201.0,2029.0,1999.0,4.0,320.0,Rear wheel drive,Naturally Aspirated,Petrol,Automatic,231.7,155.0,0.09906357811729916,-2.311993431766739,0.15771315919172005,-1.8469773440320425,100.55027513756878,0,0,0,0,7.6
CAR_92907D0A,Mercedes Benz,E Class,e200 amg line 4d tip auto,2009,181.0,1655.0,1991.0,4.0,300.0,Rear wheel drive,Naturally Aspirated,Petrol,Automatic,233.4,142.0,0.10936555891238671,-2.2130592565453373,0.18126888217522658,-1.7077738131549622,90.9090909090909,0,0,0,0,7.6
CAR_7D2978B3,Mercedes Benz,E Class,e200 amg line 2d 7g tronic,2009,181.0,1615.0,1991.0,4.0,300.0,Rear wheel drive,Naturally Aspirated,Petrol,Automatic,239.8,142.0,0.11207430340557276,-2.1885932043909313,0.18575851393188855,-1.6833077610005558,90.9090909090909,0,0,0,0,7.6
CAR_C2675FED,Mercedes Benz,E Class,e200 blueeff avantgarde (7speed) 5d tip auto,2010,181.0,1735.0,1796.0,4.0,270.0,Rear wheel drive,Naturally Aspirated,Petrol,Automatic,223.7,162.0,0.10432276657060519,-2.2602656611151337,0.15561959654178675,-1.8603407333825848,100.77951002227171,0,0,0,0,8.2
CAR_2DB33CEB,Mercedes Benz,E Class,e63 estate (0413 ) 5d auto,2009,549.0,1945.0,5461.0,8.0,720.0,Rear wheel drive,Naturally Aspirated,Petrol,Automatic,249.4,237.0,0.28226221079691516,-1.2649188145430161,0.37017994858611825,-0.9937660440424457,100.53103827137886,0,0,0,0,4.2
CAR_69BB401F,Mercedes Benz,E Class,e200 amg line 2d 7g tronic,2010,181.0,1735.0,1991.0,4.0,300.0,Rear wheel drive,Naturally Aspirated,Petrol,Automatic,235.0,150.0,0.10432276657060519,-2.2602656611151337,0.1729106628242075,-1.7549802177247584,90.9090909090909,0,0,0,0,7.9
CAR_CA51A809,Mercedes Benz,E Class,e200 avantgarde 4d,1995,136.0,1440.0,1998.0,4.0,190.0,Rear wheel drive,Naturally Aspirated,Petrol,Manual,199.6,215.0,0.09444444444444444,-2.3597435068339943,0.13194444444444445,-2.02537432040956,68.06806806806807,0,0,0,1,10.9
CAR_AD7F12CC,Mercedes Benz,E Class,e200 avantgarde 5d,1996,136.0,1560.0,1998.0,4.0,190.0,Rear wheel drive,Naturally Aspirated,Petrol,Manual,199.6,229.0,0.08717948717948718,-2.4397862145075306,0.12179487179487179,-2.1054170280830964,68.06806806806807,0,0,0,1,11.8
CAR_B0927248,Mercedes Benz,E Class,e200k avantgarde 4d,2002,160.0,1570.0,1796.0,4.0,240.0,Rear wheel drive,Naturally Aspirated,Petrol,Manual,230.1,206.0,0.10191082802547771,-2.2836570831085266,0.15286624203821655,-1.8781919750003624,89.08685968819599,0,0,0,1,9.3
CAR_4619BB96,Mercedes Benz,E Class,e200k avantgarde 5d,2003,160.0,1720.0,1796.0,4.0,240.0,Rear wheel drive,Naturally Aspirated,Petrol,Manual,220.5,212.0,0.09302325581395349,-2.374905754573672,0.13953488372093023,-1.9694406464655074,89.08685968819599,0,0,0,1,9.8
CAR_B4B9E08B,Mercedes Benz,E Class,e55k 4d tip auto saloon,2002,469.0,1835.0,5439.0,8.0,700.0,Rear wheel drive,Naturally Aspirated,Petrol,Automatic,249.4,310.0,0.2555858310626703,-1.3641969920423913,0.3814713896457766,-0.9637194254452659,86.22908622908623,0,0,0,0,4.5
CAR_590E3F41,Mercedes Benz,Eqa,eqa 250 140kw amg line 665kwh 5dr auto,2021,187.0,2040.0,1984.0,4.0,370.0,Front wheel drive,EV,Electric,Automatic,159.3,0.0,0.09166666666666666,-2.3895964699836756,0.18137254901960784,-1.707202081199992,94.25403225806451,0,1,0,0,8.6
CAR_842A3ACE,Mercedes Benz,Eqb,eqb 250 140kw amg line executive 705kwh 5dr auto,2022,187.0,2105.0,1984.0,4.0,385.0,Front wheel drive,EV,Electric,Automatic,159.3,0.0,0.08883610451306413,-2.4209621292618952,0.1828978622327791,-1.6988274118286977,94.25403225806451,0,1,0,0,8.6
CAR_2B5ED5AA,Mercedes Benz,Eqc,eqc 400 300kw amg line edition 80kwh 5dr auto,2019,402.0,2495.0,1984.0,4.0,760.0,4 wheel drive,EV,Electric,Automatic,180.2,0.0,0.16112224448897797,-1.825591919566598,0.3046092184368738,-1.188725574905242,202.6209677419355,1,1,0,0,4.9
CAR_D0C18329,Mercedes Benz,Eqe,eqe 300 180kw amg line 89kwh 4dr auto,2022,241.0,2405.0,1984.0,4.0,550.0,Rear wheel drive,EV,Electric,Automatic,209.2,0.0,0.10020790020790021,-2.3005082490492064,0.2286902286902287,-1.475386904313345,121.47177419354838,0,1,0,0,7.1
CAR_67FB1260,Mercedes Benz,Eqe,350 4m 215kw amg line night ed prem 91kwh 5dr auto,2023,287.0,2560.0,1984.0,4.0,765.0,4 wheel drive,EV,Electric,Automatic,209.2,0.0,0.112109375,-2.1882803217139872,0.298828125,-1.2078867036470724,144.65725806451613,1,1,0,0,6.4
CAR_44FCDECD,Mercedes Benz,Eqs,eqs 350 215kw amg line premium 96kwh 4dr auto,2021,287.0,2612.0,1984.0,4.0,565.0,Rear wheel drive,EV,Electric,Automatic,209.2,0.0,0.10987748851454823,-2.2083892746367004,0.2163093415007657,-1.5310457592498807,144.65725806451613,0,1,0,0,6.5
CAR_4823B61A,Mercedes Benz,Eqs,eqs 450 4m 265kw amg line premium 108kwh 5dr auto,2022,354.0,2805.0,1984.0,4.0,800.0,4 wheel drive,EV,Electric,Automatic,209.2,0.0,0.12620320855614972,-2.0698619048230222,0.28520499108734404,-1.2545470902888693,178.42741935483872,1,1,0,0,5.8
CAR_FA03F169,Mercedes Benz,Eqv,eqv 300 150 kw executive extra long 90 kwh 5dr at,2020,201.0,2635.0,1984.0,4.0,366.0,Front wheel drive,EV,Electric,Automatic,157.7,0.0,0.076280834914611,-2.5733335529163868,0.13889943074003794,-1.9740051275740966,101.31048387096774,0,1,0,0,11.7
CAR_62D02CBB,Mercedes Benz,G Class,g 350 d amg line 9g tronic auto 5d,2018,281.0,2453.0,2925.0,6.0,600.0,4 wheel drive,Diesel,Diesel,Automatic,199.6,288.0,0.11455360782715043,-2.1667123749247437,0.24459845087647777,-1.408137389042343,96.06837606837607,1,0,0,0,7.2
CAR_1574D45D,Mercedes Benz,G Class,g350 cdi 5d tip auto,1997,207.0,2445.0,2987.0,6.0,540.0,4 wheel drive,Diesel,Diesel,Automatic,173.8,295.0,0.08466257668711656,-2.469081608643603,0.22085889570552147,-1.5102312623506524,69.30030130565785,1,0,0,0,8.8
CAR_C558588C,Mercedes Benz,G Class,g55 5d tip auto,2005,499.0,2550.0,5439.0,8.0,700.0,4 wheel drive,Naturally Aspirated,Petrol,Automatic,209.2,372.0,0.19568627450980391,-1.6312425424009531,0.27450980392156865,-1.292768303109067,91.74480603052031,1,0,0,0,5.3
CAR_427288D7,Mercedes Benz,G Class,g 350 d night edition 7g tronic plus auto 5d,2012,241.0,2612.0,2987.0,6.0,600.0,4 wheel drive,Diesel,Diesel,Automatic,191.5,261.0,0.09226646248085758,-2.3830745569056666,0.22970903522205208,-1.4709418351801753,80.68295949112822,1,0,0,0,8.5
CAR_3821ED5F,Mercedes Benz,G Class,g63 (571bhp) 5d tip auto,2012,563.0,2555.0,5461.0,8.0,760.0,4 wheel drive,Naturally Aspirated,Petrol,Automatic,209.2,322.0,0.2203522504892368,-1.5125278744981143,0.2974559686888454,-1.2124890693574282,103.09467130562167,1,0,0,0,5.2
CAR_7D92F75E,Mercedes Benz,G580 Eq,g 580 432kw eq tech amg line prem 116kwh 5dr auto,2024,578.0,3085.0,1984.0,4.0,1164.0,4 wheel drive,EV,Electric,Automatic,180.2,0.0,0.1873581847649919,-1.6747330676671108,0.3773095623987034,-0.974689308048105,291.3306451612903,1,1,0,0,4.5
CAR_52EA6D2B,Mercedes Benz,Gl Class,gl320 cdi 5d tip auto,2006,220.0,1895.0,2987.0,6.0,510.0,4 wheel drive,Diesel,Diesel,Automatic,209.2,257.0,0.11609498680738786,-2.1533465711641653,0.2691292875989446,-1.3125633917981552,73.65249414127888,1,0,0,0,9.2
CAR_A18C3C9C,Mercedes Benz,Gl Class,gl350 bluetec amg sport 5d tip auto,2013,254.0,2455.0,2987.0,6.0,620.0,4 wheel drive,Diesel,Diesel,Automatic,220.5,205.0,0.1034623217922607,-2.2685477732100843,0.2525458248472505,-1.3761625621894837,85.03515232674924,1,0,0,0,7.6
CAR_E5419215,Mercedes Benz,Gl Class,gl63 amg 5d tip auto,2013,549.0,2580.0,5461.0,8.0,760.0,4 wheel drive,Naturally Aspirated,Petrol,Automatic,249.4,288.0,0.2127906976744186,-1.5474462364061325,0.29457364341085274,-1.2222262446352863,100.53103827137886,1,0,0,0,4.7
CAR_A99E8254,Mercedes Benz,Gla Class,gla 180 amg line edition 5d,2014,120.0,1405.0,1595.0,4.0,200.0,Front wheel drive,Naturally Aspirated,Petrol,Manual,199.6,159.0,0.08540925266903915,-2.4603008389858,0.1423487544483986,-1.9494752152198094,75.23510971786834,0,0,0,1,8.7
CAR_94146703,Mercedes Benz,Gla Class,gla 180 amg line auto 5d,2020,134.0,1480.0,1332.0,4.0,200.0,Front wheel drive,Naturally Aspirated,Petrol,Automatic,199.6,153.0,0.09054054054054055,-2.4019575668072495,0.13513513513513514,-2.001480000210124,100.6006006006006,0,0,0,0,9.3
CAR_E8CCAFCE,Mercedes Benz,Gla Class,gla 45 (381bhp) 4matic (premium) 5d auto,2014,375.0,1585.0,1991.0,4.0,475.0,4 wheel drive,Naturally Aspirated,Petrol,Automatic,249.4,172.0,0.23659305993690852,-1.4414136603409702,0.2996845425867508,-1.2050248822767398,188.34756403817175,1,0,0,0,4.3
CAR_57D8B61C,Mercedes Benz,Glb,glb 200 amg line (7 seats) 7g tronic auto 5d,2019,160.0,1555.0,1332.0,4.0,250.0,Front wheel drive,Naturally Aspirated,Petrol,Automatic,207.6,162.0,0.10289389067524116,-2.2740570093795074,0.1607717041800643,-1.827769906751088,120.12012012012012,0,0,0,0,8.8
CAR_24F875FB,Mercedes Benz,Glb,glb 180 amg line executive 5dr 8g tronic,2026,134.0,1840.0,1499.0,4.0,200.0,Front wheel drive,Naturally Aspirated,Petrol,Automatic,193.1,137.0,0.07282608695652174,-2.61968105065212,0.10869565217391304,-2.2192034840549946,89.39292861907938,0,0,0,0,9.4
CAR_A0BED03E,Mercedes Benz,Glb Electric,glb 250 200kw amg line exec 85kwh 5dr auto,2026,268.0,2195.0,1984.0,4.0,335.0,Rear wheel drive,EV,Electric,Automatic,209.2,0.0,0.12209567198177676,-2.102950344998415,0.15261958997722094,-1.8798067936842053,135.08064516129033,0,1,0,0,7.2
CAR_3A155D50,Mercedes Benz,Glc,glc 220d 4matic amg line 5dr 9g tronic,2022,194.0,2040.0,1993.0,4.0,440.0,4 wheel drive,Diesel,Diesel,Automatic,218.9,140.0,0.09509803921568627,-2.352846927774934,0.21568627450980393,-1.5339303599259553,97.34069242348218,1,0,0,0,7.7
CAR_CDFA2CE1,Mercedes Benz,Glc,glc 220d 4matic amg line 5dr 9g tronic,2023,194.0,2057.0,1993.0,4.0,440.0,4 wheel drive,Diesel,Diesel,Automatic,225.3,138.0,0.09431210500729217,-2.361145730589629,0.21390374331550802,-1.5422291627406504,97.34069242348218,1,0,0,0,7.8
CAR_A51A280C,Mercedes Benz,Glc Electric,glc 400 4m 360kw amg line premium 94kwh 5dr auto,2025,482.0,2673.0,1984.0,4.0,800.0,4 wheel drive,EV,Electric,Automatic,209.2,0.0,0.18032173587729144,-1.7130126020883187,0.2992891881780771,-1.2063449884709916,242.94354838709677,1,1,0,0,4.2
CAR_AD727688,Mercedes Benz,Glc Class,glc 220 d 4matic amg line 9g tronic plus auto 5d,2015,191.0,1760.0,1950.0,4.0,400.0,4 wheel drive,Diesel,Diesel,Automatic,215.7,166.0,0.10852272727272727,-2.220795659985568,0.22727272727272727,-1.4816045409242156,97.94871794871796,1,0,0,0,7.5
CAR_80D6BF94,Mercedes Benz,Glc Class,glc 220 d 4matic amg line 9g tronic plus auto (0916 ) 5d,2016,167.0,1865.0,2143.0,4.0,400.0,4 wheel drive,Diesel,Diesel,Automatic,209.2,163.0,0.08954423592493298,-2.413022519661161,0.21447721179624665,-1.5395517849699338,77.92813812412507,1,0,0,0,8.0
CAR_29B840CB,Mercedes Benz,Gle,gle 300 d 4matic amg line 5 seats 9g tronic auto 5d,2019,241.0,2165.0,1950.0,4.0,500.0,4 wheel drive,Diesel,Diesel,Automatic,225.3,199.0,0.11131639722863741,-2.1953787069459354,0.23094688221709006,-1.4655675420143985,123.58974358974359,1,0,0,0,7.0
CAR_BB2C708F,Mercedes Benz,Gle,gle 350de 4matic amg line premium 5dr 9g tronic,2020,315.0,2690.0,1950.0,4.0,700.0,4 wheel drive,Hybrid,Diesel Parallel PHEV,Automatic,209.2,21.0,0.1171003717472119,-2.144723833770252,0.26022304832713755,-1.3462161375524802,161.53846153846155,1,0,0,0,6.7
CAR_A4B2BF33,Mercedes Benz,Gle Class,gle 350 d 4matic amg line 5d 9g tronic,2015,254.0,2275.0,2987.0,6.0,620.0,4 wheel drive,Diesel,Diesel,Automatic,225.3,187.0,0.11164835164835164,-2.192401064366514,0.2725274725274725,-1.3000158533459136,85.03515232674924,1,0,0,0,6.8
CAR_0CD4259F,Mercedes Benz,Gle Class,gle 250 d 4matic amg line 5d 9g tronic,2015,201.0,2165.0,2143.0,4.0,500.0,4 wheel drive,Diesel,Diesel,Automatic,209.2,156.0,0.0928406466512702,-2.3768707323775145,0.23094688221709006,-1.4655675420143985,93.79374708352778,1,0,0,0,8.3
CAR_725C8F08,Mercedes Benz,Gle Class,gle 63 s 4matic 4x4 estate 5d 7g tronic,2015,576.0,2345.0,5461.0,8.0,760.0,4 wheel drive,Naturally Aspirated,Petrol,Automatic,249.4,276.0,0.24562899786780384,-1.4039330201844884,0.32409381663113007,-1.126722247600003,105.47518769456143,1,0,0,0,4.1
CAR_4F2D064E,Mercedes Benz,Gls,gls 400 d 4matic amg line premium 9g tronic auto 5d,2019,325.0,2505.0,2925.0,6.0,700.0,4 wheel drive,Diesel,Diesel,Automatic,238.2,231.0,0.12974051896207583,-2.0422188311892278,0.27944111776447106,-1.2749636784755605,111.11111111111111,1,0,0,0,6.1
CAR_B35FBC27,Mercedes Benz,Gls Class,gls 350 d 4matic grand edition 9g tronic auto 5d,2016,254.0,2455.0,2987.0,6.0,620.0,4 wheel drive,Diesel,Diesel,Automatic,222.1,210.0,0.1034623217922607,-2.2685477732100843,0.2525458248472505,-1.3761625621894837,85.03515232674924,1,0,0,0,7.6
CAR_0AE032D4,Mercedes Benz,Gls Class,gls 63 4matic 5d 7g tronic,2016,576.0,2580.0,5461.0,8.0,760.0,4 wheel drive,Naturally Aspirated,Petrol,Automatic,249.4,320.0,0.22325581395348837,-1.499437017219772,0.29457364341085274,-1.2222262446352863,105.47518769456143,1,0,0,0,4.5
CAR_A89CF2BD,Mercedes Benz,M Class,ml280 cdi 5d tip auto,2005,187.0,2185.0,2987.0,6.0,440.0,4 wheel drive,Diesel,Diesel,Automatic,204.4,254.0,0.08558352402745996,-2.458262490675104,0.20137299771167047,-1.6025963806173837,62.60462002008704,1,0,0,0,9.5
CAR_B3310373,Mercedes Benz,M Class,ml63 5d tip auto,2006,502.0,2310.0,6208.0,8.0,630.0,4 wheel drive,Naturally Aspirated,Petrol,Automatic,249.4,392.0,0.21731601731601732,-1.52640268382411,0.2727272727272727,-1.2992829841302609,80.86340206185567,1,0,0,0,4.8
CAR_BE8D1EF6,Mercedes Benz,M Class,ml250 22 cdi bluetec sport (comand) 5d auto,2012,201.0,2150.0,2143.0,4.0,500.0,4 wheel drive,Diesel,Diesel,Automatic,209.2,165.0,0.09348837209302326,-2.3699182130626326,0.23255813953488372,-1.4586150226995167,93.79374708352778,1,0,0,0,8.7
CAR_748389D3,Mercedes Benz,M Class,ml63 amg (premium) 5d auto,2012,517.0,2345.0,5461.0,8.0,700.0,4 wheel drive,Naturally Aspirated,Petrol,Automatic,249.4,276.0,0.2204690831556503,-1.5119978063719506,0.29850746268656714,-1.208960345836975,94.671305621681,1,0,0,0,4.6
CAR_D0F52114,Mercedes Benz,M Class,ml270 cdi 5d (04),1998,163.0,2175.0,2685.0,5.0,370.0,4 wheel drive,Diesel,Diesel,Manual,185.1,248.0,0.07494252873563219,-2.591033742716022,0.17011494252873563,-1.7712809378845145,60.707635009310984,1,0,0,1,11.8
CAR_A6A71343,Mercedes Benz,R Class,r280 cdi 5d auto,2006,187.0,2220.0,2987.0,6.0,440.0,4 wheel drive,Diesel,Diesel,Automatic,209.2,246.0,0.08423423423423423,-2.4741538580117384,0.1981981981981982,-1.6184877479540183,62.60462002008704,1,0,0,0,9.6
CAR_53E7F185,Mercedes Benz,S Class,s 300 h amg line l executive premium 7g tronic plus auto 4d,2013,227.0,2035.0,2143.0,4.0,500.0,Rear wheel drive,EV,Diesel/Electric Hybrid,Automatic,239.8,120.0,0.11154791154791155,-2.1933010803952926,0.2457002457002457,-1.4036429994545037,105.92627158189455,0,1,0,0,7.4
CAR_9B905381,Mercedes Benz,S Class,s 500 night edition 9g tronic auto 2d,2014,448.0,2030.0,4663.0,8.0,700.0,Rear wheel drive,Naturally Aspirated,Petrol,Automatic,249.4,204.0,0.2206896551724138,-1.5109978396208479,0.3448275862068966,-1.0647107369924282,96.0754878833369,0,0,0,0,4.5
CAR_5661E1C2,Mercedes Benz,S Class,s 500 amg line 9g tronic plus auto 2d auto,2016,448.0,2115.0,4663.0,8.0,700.0,Rear wheel drive,Naturally Aspirated,Petrol,Automatic,249.4,204.0,0.21182033096926714,-1.552016859065393,0.3309692671394799,-1.1057297564369737,96.0754878833369,0,0,0,0,4.5
CAR_BA305210,Mercedes Benz,S Class,maybach 1st class night series s580 4matic 4dr 9g,2020,495.0,2310.0,3982.0,8.0,700.0,4 wheel drive,Turbocharged,Petrol,Automatic,249.4,242.0,0.21428571428571427,-1.540445040947149,0.30303030303030304,-1.1939224684724346,124.30939226519337,1,0,1,0,4.6
CAR_8196E883,Mercedes Benz,S Class,s280 4d auto,2006,227.0,1880.0,2996.0,6.0,300.0,Rear wheel drive,Naturally Aspirated,Petrol,Automatic,246.2,237.0,0.12074468085106382,-2.114077038342592,0.1595744680851064,-1.8352445811677938,75.76769025367156,0,0,0,0,7.1
CAR_E25452DC,Mercedes Benz,S Class,s63 4d auto,2007,517.0,2070.0,6208.0,8.0,630.0,Rear wheel drive,Naturally Aspirated,Petrol,Automatic,249.4,355.0,0.2497584541062802,-1.3872610117509856,0.30434782608695654,-1.1895840668738362,83.27963917525773,0,0,0,0,4.5
CAR_98129D57,Mercedes Benz,S Class,s63 coupe 2d auto,2013,576.0,2070.0,5461.0,8.0,900.0,Rear wheel drive,Naturally Aspirated,Petrol,Automatic,249.4,237.0,0.2782608695652174,-1.2791962255635234,0.43478260869565216,-0.832909122935104,105.47518769456143,0,0,0,0,4.1
CAR_54DA7139,Mercedes Benz,S Class,s280 4d auto (02),1999,197.0,1790.0,2799.0,6.0,270.0,Rear wheel drive,Naturally Aspirated,Petrol,Automatic,231.7,266.0,0.1100558659217877,-2.2067671700968123,0.15083798882681565,-1.8915489398364258,70.38227938549483,0,0,0,0,9.4
CAR_669569F4,Mercedes Benz,Sl Class,sl 350 (amg sport pack) 2d auto,2012,301.0,1685.0,3498.0,6.0,370.0,Rear wheel drive,Naturally Aspirated,Petrol,Automatic,249.4,169.0,0.17863501483679525,-1.7224105780375865,0.2195845697329377,-1.516017837148192,86.04917095483133,0,0,0,0,5.7
CAR_8567818F,Mercedes Benz,Sl Class,sl 300 2d tip auto,2002,227.0,1815.0,2996.0,6.0,300.0,Rear wheel drive,Naturally Aspirated,Petrol,Automatic,249.4,217.0,0.12506887052341598,-2.0788907292175485,0.1652892561983471,-1.80005827204275,75.76769025367156,0,0,0,0,7.6
CAR_08D434FF,Mercedes Benz,Sl Class,sl 55 amg (517bhp) 2d tip auto,2002,509.0,1960.0,5439.0,8.0,720.0,Rear wheel drive,Naturally Aspirated,Petrol,Automatic,249.4,324.0,0.2596938775510204,-1.3482517356740402,0.3673469387755102,-1.001448540214462,93.583379297665,0,0,0,0,4.4
CAR_2DB44009,Mercedes Benz,Slc Class,slc 180 amg line 2d,2016,153.0,1435.0,1595.0,4.0,250.0,Rear wheel drive,Naturally Aspirated,Petrol,Manual,225.3,147.0,0.10662020905923345,-2.238482206801286,0.17421602787456447,-1.747459210331475,95.92476489028213,0,0,0,1,7.6
CAR_93AC87A3,Mercedes Benz,Slc Class,slc 43 9g tronic plus auto 2d,2016,361.0,1595.0,2996.0,6.0,520.0,Rear wheel drive,Naturally Aspirated,Petrol,Automatic,249.4,178.0,0.2263322884012539,-1.4857510568860641,0.32601880877742945,-1.1208002036434719,120.4939919893191,0,0,0,0,4.5
CAR_929B71D9,Mercedes Benz,Slk,200k (2008) 2d,2004,181.0,1390.0,1796.0,4.0,250.0,Rear wheel drive,Naturally Aspirated,Petrol,Manual,236.6,184.0,0.1302158273381295,-2.0385619948589118,0.17985611510791366,-1.7155981082624912,100.77951002227171,0,0,0,1,7.4
CAR_C08AF0CD,Mercedes Benz,Slk,55 2d tip auto,2004,354.0,1540.0,5439.0,8.0,510.0,Rear wheel drive,Naturally Aspirated,Petrol,Automatic,249.4,288.0,0.22987012987012986,-1.4702407822739003,0.33116883116883117,-1.1051269696893034,65.08549365692222,0,0,0,0,4.7
CAR_025EF61D,Mercedes Benz,Slk,200 2d,2011,181.0,1435.0,1796.0,4.0,250.0,Rear wheel drive,Naturally Aspirated,Petrol,Manual,239.8,158.0,0.12613240418118468,-2.070423096927896,0.17421602787456447,-1.747459210331475,100.77951002227171,0,0,0,1,7.1
CAR_C0619B2F,Mercedes Benz,Slk,slk 55 2d tip auto,2012,415.0,1610.0,5461.0,8.0,540.0,Rear wheel drive,Naturally Aspirated,Petrol,Automatic,249.4,195.0,0.2577639751552795,-1.3557109377478105,0.33540372670807456,-1.0924203184201886,75.99340780076909,0,0,0,0,4.5
CAR_5B58CFB8,Mercedes Benz,Slk,200k 2d (00),1996,163.0,1365.0,1998.0,4.0,230.0,Rear wheel drive,Naturally Aspirated,Petrol,Manual,222.1,237.0,0.11941391941391942,-2.125159506812298,0.1684981684981685,-1.7808303986958647,81.58158158158159,0,0,0,1,7.9
CAR_23C7E8BB,Mercedes Benz,Sls Class,sls 63 (2011) 2d auto,2010,563.0,1735.0,6208.0,8.0,650.0,Rear wheel drive,Naturally Aspirated,Petrol,Automatic,317.0,308.0,0.32449567723342937,-1.1254830642412692,0.3746397694524496,-0.9817903294912768,90.68943298969072,0,0,0,0,3.7
CAR_A3886A85,Mercedes Benz,V Class,v 220 d amg line 7g tronic plus auto 5d,2014,160.0,2100.0,2143.0,4.0,380.0,Rear wheel drive,Diesel,Diesel,Automatic,194.7,177.0,0.0761904761904762,-2.5745188084776873,0.18095238095238095,-1.709521370991083,74.66168922071863,0,0,0,0,11.4
CAR_AA585311,Mercedes Benz,V Class,v 220 d marco polo amg line long 7g tronic plus 4d,2017,160.0,2435.0,2143.0,4.0,380.0,Rear wheel drive,Diesel,Diesel,Automatic,193.1,182.0,0.06570841889117043,-2.722528220282863,0.15605749486652978,-1.8575307827962586,74.66168922071863,0,0,0,0,11.9
CAR_93370997,Mercedes Benz,V Class,v220 cdi ambiente 5d,1996,122.0,2011.0,2151.0,4.0,300.0,Front wheel drive,Diesel,Diesel,Manual,165.8,199.0,0.06066633515663849,-2.8023663450393954,0.14917951268025859,-1.902604915116451,56.717805671780575,0,0,0,1,16.9
CAR_BE63AE14,Mercedes Benz,Vaneo,16 ambiente (102bhp) 5d,2002,102.0,1365.0,1598.0,4.0,150.0,Front wheel drive,Naturally Aspirated,Petrol,Manual,167.4,192.0,0.07472527472527472,-2.593936894334789,0.10989010989010989,-2.2082744135228043,63.82978723404255,0,0,0,1,13.1
CAR_BC48B036,Mercedes Benz,Viano,20 cdi (116bhp) trend 5d,2004,114.0,2040.0,2148.0,4.0,290.0,Rear wheel drive,Diesel,Diesel,Manual,159.3,215.0,0.05588235294117647,-2.8845066384437668,0.14215686274509803,-1.9508241638577424,53.07262569832402,0,0,0,1,17.0
CAR_BECF5181,Mitsubishi,3000 Gt,2d,1992,282.0,1730.0,2972.0,6.0,407.0,4 wheel drive,Naturally Aspirated,Petrol,Manual,249.4,289.0,0.1630057803468208,-1.8139696165537111,0.2352601156069364,-1.4470635020492297,94.88559892328398,1,0,0,1,5.5
CAR_96AF6A2C,Mitsubishi,Asx,16 2 cleartec (1012 ) 5d,2010,115.0,1260.0,1590.0,4.0,154.0,Front wheel drive,Naturally Aspirated,Petrol,Manual,181.9,137.0,0.09126984126984126,-2.3939348715822737,0.12222222222222222,-2.1019143975318944,72.32704402515724,0,0,0,1,11.0
CAR_371904C2,Mitsubishi,Carisma,16 classic 5d (03),1999,102.0,1200.0,1597.0,4.0,141.0,Front wheel drive,Naturally Aspirated,Petrol,Manual,185.1,174.0,0.085,-2.4651040224918206,0.1175,-2.1413169453979233,63.869755792110205,0,0,0,1,12.0
CAR_5D056499,Mitsubishi,Carisma,16 classic 4d,1999,100.0,1175.0,1597.0,4.0,137.0,Front wheel drive,Naturally Aspirated,Petrol,Manual,185.1,170.0,0.0851063829787234,-2.463853240590168,0.11659574468085106,-2.1490425007501344,62.61740763932373,0,0,0,1,11.7
CAR_403F463E,Mitsubishi,Carisma,16 gl 5d,1996,100.0,1105.0,1597.0,4.0,137.0,Front wheel drive,Naturally Aspirated,Petrol,Manual,185.1,170.0,0.09049773755656108,-2.402430427963762,0.12398190045248869,-2.0876196881237283,62.61740763932373,0,0,0,1,11.1
CAR_BCD8D440,Mitsubishi,Carisma,16 gl 4d,1996,100.0,1085.0,1597.0,4.0,137.0,Front wheel drive,Naturally Aspirated,Petrol,Manual,185.1,170.0,0.09216589861751152,-2.3841650799864684,0.12626728110599078,-2.069354340146435,62.61740763932373,0,0,0,1,11.1
CAR_506CA4EC,Mitsubishi,Colt,11 attivo 3d,2004,74.0,930.0,1124.0,3.0,100.0,Front wheel drive,Naturally Aspirated,Petrol,Manual,165.8,130.0,0.07956989247311828,-2.531119492943132,0.10752688172043011,-2.2300144001592104,65.83629893238434,0,0,0,1,12.5
CAR_8FD582CC,Mitsubishi,Colt,15 t ralliart 3d,2008,147.0,1060.0,1468.0,4.0,210.0,Front wheel drive,Naturally Aspirated,Petrol,Manual,210.8,153.0,0.13867924528301886,-1.9755916003273766,0.19811320754716982,-1.6189166563886441,100.13623978201635,0,0,0,1,7.2
CAR_AB14A18D,Mitsubishi,Colt,13 attivo 3d,1996,80.0,950.0,1298.0,4.0,120.0,Front wheel drive,Naturally Aspirated,Petrol,Manual,170.6,156.0,0.08421052631578947,-2.474435349920705,0.12631578947368421,-2.0689702418125404,61.633281972265024,0,0,0,1,12.1
CAR_701DA4A9,Mitsubishi,Colt,15 turbo 3d,2005,147.0,1070.0,1468.0,4.0,210.0,Front wheel drive,Turbocharged,Petrol,Manual,210.8,161.0,0.13738317757009347,-1.9849813406772154,0.19626168224299065,-1.6283063967384832,100.13623978201635,0,0,1,1,7.7
CAR_4EC4ED53,Mitsubishi,Colt,15 2d,2006,107.0,1110.0,1499.0,4.0,145.0,Front wheel drive,Naturally Aspirated,Petrol,Manual,183.5,157.0,0.0963963963963964,-2.3392864598444736,0.13063063063063063,-2.0353815518858056,71.38092061374249,0,0,0,1,10.2
CAR_E32CBF34,Mitsubishi,Eclipse Cross,2 15 2wd 5d,2017,160.0,1425.0,1499.0,4.0,250.0,Front wheel drive,Naturally Aspirated,Petrol,Manual,204.4,154.0,0.11228070175438597,-2.186753277468924,0.17543859649122806,-1.7404661748405046,106.7378252168112,0,0,0,1,9.4
CAR_E66A59C5,Mitsubishi,Fto,fto 20 v6 gpx (197bhp) 2d,2000,197.0,1326.5,1998.0,6.0,200.0,Front wheel drive,Naturally Aspirated,Petrol,Manual,193.1,175.0,0.14851111948737278,-1.9070954448398059,0.15077271013946475,-1.8919818070297578,98.5985985985986,0,0,0,1,7.1
CAR_A2995043,Mitsubishi,Galant,20 classic 4d,1997,131.0,1295.0,1997.0,4.0,175.0,Front wheel drive,Naturally Aspirated,Petrol,Manual,207.6,203.0,0.10115830115830116,-2.2910686509324867,0.13513513513513514,-2.001480000210124,65.59839759639459,0,0,0,1,9.4
CAR_2C51A14B,Mitsubishi,Galant,20 classic 5d,1997,131.0,1295.0,1997.0,4.0,175.0,Front wheel drive,Naturally Aspirated,Petrol,Manual,207.6,203.0,0.10115830115830116,-2.2910686509324867,0.13513513513513514,-2.001480000210124,65.59839759639459,0,0,0,1,9.4
CAR_2E2F615E,Mitsubishi,Galant,type s 5d auto,2000,280.0,1570.0,2498.0,6.0,200.0,4 wheel drive,Naturally Aspirated,Petrol,Automatic,241.4,175.0,0.17834394904458598,-1.7240412951731041,0.12738853503184713,-2.0605135317943173,112.0896717373899,1,0,0,0,5.9
CAR_A06CEA52,Mitsubishi,Grandis,20 d id classic 5d,2004,134.0,1690.0,1968.0,4.0,310.0,Front wheel drive,Diesel,Diesel,Manual,194.7,176.0,0.07928994082840236,-2.534644007966208,0.1834319526627219,-1.6959115104379272,68.08943089430895,0,0,0,1,10.5
CAR_BA82A161,Mitsubishi,Lancer,15 se 4d,2008,107.0,1250.0,1499.0,4.0,143.0,Front wheel drive,Naturally Aspirated,Petrol,Manual,191.5,153.0,0.0856,-2.4580699958344407,0.1144,-2.1680542000364396,71.38092061374249,0,0,0,1,11.2
CAR_9C7ACFCB,Mitsubishi,Lancer,15 gs2 5d,2008,107.0,1290.0,1499.0,4.0,143.0,Front wheel drive,Naturally Aspirated,Petrol,Manual,181.9,156.0,0.08294573643410853,-2.4895686628938116,0.11085271317829458,-2.1995528670958104,71.38092061374249,0,0,0,1,11.4
CAR_8F20FAFF,Mitsubishi,Lancer,20 gs ralliart sst 5d,2009,237.0,1595.0,1998.0,4.0,343.0,Front wheel drive,Turbocharged,Petrol,Automatic,218.9,243.0,0.14858934169278998,-1.9065688740838136,0.21504702194357367,-1.536898568053005,118.61861861861861,0,0,1,0,6.9
CAR_916634AD,Mitsubishi,Lancer,16 glx 5d,1999,111.0,1040.0,1597.0,4.0,137.0,Front wheel drive,Naturally Aspirated,Petrol,Manual,185.1,188.0,0.10673076923076923,-2.237445790823084,0.13173076923076923,-2.0269950663072933,69.50532247964934,0,0,0,1,9.9
CAR_42E90E56,Mitsubishi,Lancer,16 elegance 4d,2005,96.0,1205.0,1584.0,4.0,150.0,Front wheel drive,Naturally Aspirated,Petrol,Manual,183.5,163.0,0.07966804979253111,-2.529886654456919,0.12448132780082988,-2.0835995518284998,60.6060606060606,0,0,0,1,11.4
CAR_032D3BE4,Mitsubishi,Lancer,16 elegance 5d,2005,96.0,1270.0,1584.0,4.0,150.0,Front wheel drive,Naturally Aspirated,Petrol,Manual,181.9,166.0,0.07559055118110236,-2.5824239879848006,0.11811023622047244,-2.136136885356381,60.6060606060606,0,0,0,1,12.2
CAR_2063F1D4,Mitsubishi,Lancer Evo,20 gs fq 300 4d,2008,290.0,1560.0,1998.0,4.0,407.0,4 wheel drive,Naturally Aspirated,Petrol,Manual,199.6,246.0,0.1858974358974359,-1.682560177263063,0.2608974358974359,-1.3436279148009878,145.14514514514514,1,0,0,1,4.5
CAR_BA027792,Mitsubishi,Lancer Evo,gsr 4d,2000,276.0,1360.0,1997.0,4.0,373.0,4 wheel drive,Naturally Aspirated,Petrol,Manual,241.4,175.0,0.20294117647058824,-1.5948391130129478,0.27426470588235297,-1.293661559086282,138.20731096644965,1,0,0,1,4.4
CAR_DE2A47DC,Mitsubishi,Lancer Evo,rs ii 4d,2002,276.0,1380.0,1997.0,4.0,383.0,4 wheel drive,Turbocharged,Petrol,Manual,252.7,258.0,0.2,-1.6094379124341003,0.27753623188405796,-1.2818037889706044,138.20731096644965,1,0,1,1,5.1
CAR_3DB4D1B4,Mitsubishi,Lancer Evo,20 4d,2003,261.0,1470.0,1997.0,4.0,355.0,4 wheel drive,Naturally Aspirated,Petrol,Manual,244.6,285.0,0.17755102040816326,-1.7284972724500887,0.24149659863945577,-1.4208998902973662,130.69604406609915,1,0,0,1,5.9
CAR_FC808530,Mitsubishi,Lancer Evo,20 fq 300 4d,2005,305.0,1400.0,1997.0,4.0,403.0,4 wheel drive,Naturally Aspirated,Petrol,Manual,252.7,334.0,0.21785714285714286,-1.5239157389959384,0.28785714285714287,-1.245290953656667,152.7290936404607,1,0,0,1,4.5
CAR_B0E5DD84,Mitsubishi,Mirage,10 5d,2013,69.0,845.0,999.0,3.0,88.0,Front wheel drive,Naturally Aspirated,Petrol,Manual,172.2,96.0,0.08165680473372781,-2.5052301227599143,0.10414201183431952,-2.2619998128789676,69.06906906906907,0,0,0,1,13.2
CAR_A0B6417F,Mitsubishi,Outlander,20 phev gx3h (0915 ) 5d auto,2012,200.0,1845.0,1998.0,4.0,385.0,4 wheel drive,Hybrid,Petrol Parallel PHEV,Automatic,170.6,42.0,0.10840108401084012,-2.221917189926591,0.2086720867208672,-1.5669912221868434,100.10010010010011,1,0,0,0,10.6
CAR_C6C6FB62,Mitsubishi,Outlander,24 phev diamond 5dr auto,2026,294.0,2154.0,2360.0,4.0,195.0,4 wheel drive,Hybrid,Petrol Parallel PHEV,Automatic,170.6,20.0,0.13649025069637882,-1.9915020903776524,0.0905292479108635,-2.402082299152587,124.57627118644068,1,0,0,0,7.6
CAR_DA7DF78C,Mitsubishi,Outlander,20 di d equippe dpf 5d,2007,138.0,1655.0,1968.0,4.0,310.0,4 wheel drive,Diesel,Diesel,Manual,186.7,177.0,0.08338368580060423,-2.4843026026539583,0.18731117824773413,-1.6749839903319714,70.1219512195122,1,0,0,1,10.5
CAR_24C21DCF,Mitsubishi,Outlander,24 mivec equippe 5d auto,2004,158.0,1565.0,2378.0,4.0,216.0,4 wheel drive,Naturally Aspirated,Petrol,Automatic,191.5,240.0,0.10095846645367412,-2.293046069947287,0.1380191693290735,-1.9803626952900886,66.44238856181666,1,0,0,0,10.8
CAR_178115BA,Mitsubishi,Shogun,32 di dc (187bhp) barbarian 3d auto,2007,187.0,2185.0,3200.0,4.0,441.0,4 wheel drive,Diesel,Diesel,Automatic,180.2,238.0,0.08558352402745996,-2.458262490675104,0.20183066361556065,-1.6003262320828444,58.4375,1,0,0,0,10.1
CAR_2A5D38BD,Mitsubishi,Shogun,32 di d classic 3d,2000,158.0,1980.0,3200.0,4.0,373.0,4 wheel drive,Diesel,Diesel,Manual,170.6,251.0,0.0797979797979798,-2.528257090661614,0.18838383838383838,-1.6692737040447654,49.375,1,0,0,1,11.1
CAR_379CE135,Mitsubishi,Shogun Pinin,18 gdi 3d,2000,118.0,1285.0,1834.0,4.0,174.0,4 wheel drive,Naturally Aspirated,Petrol,Manual,167.4,217.0,0.09182879377431907,-2.3878293728636555,0.13540856031128404,-1.9994586981147913,64.34023991275899,1,0,0,1,9.9
CAR_11E297BC,Mitsubishi,Shogun Sport,3 diesel 4wd auto 5d,2018,178.0,2100.0,2442.0,4.0,430.0,4 wheel drive,Diesel,Diesel,Automatic,180.2,148.5,0.08476190476190476,-2.4679090734194293,0.20476190476190476,-1.5859074150239063,72.89107289107288,1,0,0,0,10.6
CAR_5702596E,Mitsubishi,Shogun Sport,25 td animal 5d,1998,114.0,1840.0,2477.0,4.0,240.0,4 wheel drive,Diesel,Diesel,Manual,149.7,275.0,0.06195652173913044,-2.7813224022085357,0.13043478260869565,-2.03688192726104,46.02341542188131,1,0,0,1,16.3
CAR_F1B9CBD7,Mitsubishi,Space Star,13 classic 5d,1999,81.0,1160.0,1299.0,4.0,120.0,Front wheel drive,Naturally Aspirated,Petrol,Manual,170.6,162.0,0.06982758620689655,-2.6617261294279717,0.10344827586206896,-2.268683541318364,62.35565819861432,0,0,0,1,13.7
CAR_B0781A1E,Mitsubishi,Space Wagon,20 classic 5d,1998,131.0,1470.0,1997.0,4.0,175.0,Front wheel drive,Naturally Aspirated,Petrol,Manual,180.2,225.0,0.0891156462585034,-2.4178203565716303,0.11904761904761904,-2.128231705849268,65.59839759639459,0,0,0,1,11.6
CAR_29F90FC6,Nissan,100 Nx,16 3d,1991,102.0,1326.5,1597.0,4.0,200.0,Front wheel drive,Naturally Aspirated,Petrol,Manual,194.7,175.0,0.07689408217112703,-2.5653263602935232,0.15077271013946475,-1.8919818070297578,63.869755792110205,0,0,0,1,10.8
CAR_B0B62AB9,Nissan,200 Sx,20 standard 2d,1994,197.0,1265.0,1998.0,4.0,265.0,Rear wheel drive,Naturally Aspirated,Petrol,Manual,235.0,233.0,0.15573122529644268,-1.8596236724236321,0.20948616600790515,-1.5630975751753984,98.5985985985986,0,0,0,1,7.3
CAR_08FA05FC,Nissan,350Z,35 v6 300 3d,2003,295.0,1534.0,3498.0,6.0,353.0,Rear wheel drive,Naturally Aspirated,Petrol,Manual,249.4,280.0,0.19230769230769232,-1.6486586255873816,0.2301173402868318,-1.4691659249939046,84.33390508862206,0,0,0,1,5.6
CAR_F4B2A73B,Nissan,350Z,35 v6 2d,2005,276.0,1635.0,3498.0,6.0,363.0,Rear wheel drive,Naturally Aspirated,Petrol,Manual,249.4,280.0,0.1688073394495413,-1.7789972176142037,0.22201834862385322,-1.5049952490665028,78.90222984562607,0,0,0,1,6.0
CAR_8AD54167,Nissan,370Z,37 v6 (328bhp) 3d,2009,323.0,1496.0,3696.0,6.0,363.0,Rear wheel drive,Naturally Aspirated,Petrol,Manual,249.4,274.0,0.2159090909090909,-1.532897835311766,0.2426470588235294,-1.4161473242695717,87.39177489177489,0,0,0,1,5.1
CAR_545B17C1,Nissan,370Z,37 v6 (344bhp) nismo coupe 2d,2013,339.0,1535.0,3696.0,6.0,371.0,Rear wheel drive,Naturally Aspirated,Petrol,Manual,249.4,276.0,0.22084690553745928,-1.5102855526408472,0.24169381107491858,-1.4200835974138624,91.72077922077922,0,0,0,1,5.0
CAR_23F583FE,Nissan,370Z,37 v6 2d,2010,323.0,1524.0,3696.0,6.0,363.0,Rear wheel drive,Naturally Aspirated,Petrol,Manual,249.4,262.0,0.21194225721784776,-1.5514414130239351,0.23818897637795275,-1.4346909019817409,87.39177489177489,0,0,0,1,5.4
CAR_56367E2B,Nissan,Almera,14 action 3d,1995,85.0,1035.0,1392.0,4.0,116.0,Front wheel drive,Naturally Aspirated,Petrol,Manual,172.2,176.0,0.0821256038647343,-2.499505449209153,0.11207729468599034,-2.188566514593105,61.0632183908046,0,0,0,1,12.2
CAR_2C3730E2,Nissan,Almera,14 gx 4d,1996,85.0,1035.0,1392.0,4.0,116.0,Front wheel drive,Naturally Aspirated,Petrol,Manual,172.2,176.0,0.0821256038647343,-2.499505449209153,0.11207729468599034,-2.188566514593105,61.0632183908046,0,0,0,1,12.2
CAR_3CA1DD44,Nissan,Almera,15 16v flare 3d,2000,96.0,1170.0,1497.0,4.0,136.0,Front wheel drive,Naturally Aspirated,Petrol,Manual,177.0,160.0,0.08205128205128205,-2.5004108363239657,0.11623931623931624,-2.15210414205575,64.12825651302605,0,0,0,1,12.7
CAR_4181A739,Nissan,Almera,15 s 4d (01),2001,88.0,1165.0,1498.0,4.0,128.0,Front wheel drive,Naturally Aspirated,Petrol,Manual,172.2,160.0,0.07553648068669527,-2.5831395515215947,0.10987124463519313,-2.2084461020801838,58.74499332443258,0,0,0,1,13.4
CAR_DA2D1F80,Nissan,Almera Tino,18 flare 5d,2000,113.0,1305.0,1769.0,4.0,163.0,Front wheel drive,Naturally Aspirated,Petrol,Manual,172.2,183.0,0.08659003831417625,-2.4465705010444534,0.12490421455938697,-2.0802081189500314,63.877897117015266,0,0,0,1,11.2
CAR_E39C7C54,Nissan,Ariya,160kw advance 63kwh 22kwch 5dr auto,2021,213.0,1917.0,1984.0,4.0,300.0,Front wheel drive,EV,Electric,Automatic,160.9,0.0,0.1111111111111111,-2.1972245773362196,0.1564945226917058,-1.8547342683894434,107.35887096774194,0,1,0,0,7.3
CAR_AF312F6B,Nissan,Ariya,320kw nismo 87kwh 22kwch 5dr e 4orce auto,2025,428.0,1895.0,1984.0,4.0,600.0,4 wheel drive,EV,Electric,Automatic,199.6,0.0,0.22585751978891822,-1.4878509219347298,0.316622691292876,-1.1500444623003803,215.7258064516129,1,1,0,0,4.9
CAR_8A761D66,Nissan,Cube,16 5d,2010,108.0,1190.0,1598.0,4.0,153.0,Front wheel drive,Naturally Aspirated,Petrol,Manual,175.4,151.0,0.0907563025210084,-2.3995773589813556,0.12857142857142856,-2.05127066471314,67.58448060075094,0,0,0,1,11.5
CAR_61EFB1B9,Nissan,Gt R,38 (530bhp) 2d auto,2009,522.0,1740.0,3799.0,6.0,613.0,4 wheel drive,Naturally Aspirated,Petrol,Automatic,315.4,279.0,0.3,-1.2039728043259361,0.35229885057471266,-1.0432754562723632,137.40458015267177,1,0,0,0,2.9
CAR_77BF02F5,Nissan,Juke,10 dig t 114 acenta 5dr,2019,112.0,1198.0,999.0,3.0,200.0,Front wheel drive,Naturally Aspirated,Petrol,Manual,180.2,133.0,0.09348914858096828,-2.3699099073803,0.1669449081803005,-1.790091412127358,112.11211211211211,0,0,0,1,10.4
CAR_B7AA8DFF,Nissan,Juke,12 dig t acenta (comfort pack) 5d,2010,113.0,1236.0,1197.0,4.0,190.0,Front wheel drive,Naturally Aspirated,Petrol,Manual,178.6,128.0,0.09142394822006472,-2.3922478193052954,0.15372168284789645,-1.8726115658571498,94.40267335004177,0,0,0,1,10.5
CAR_29C4E966,Nissan,Juke,16 dig t nismo 4wd 5d cvt auto,2013,197.0,1430.0,1618.0,4.0,250.0,4 wheel drive,Naturally Aspirated,Petrol,Automatic,199.6,169.0,0.13776223776223775,-1.9822259945159646,0.17482517482517482,-1.7439688053917066,121.75525339925834,1,0,0,0,7.9
CAR_89D5907E,Nissan,Leaf,110kw 10 40kwh 5dr auto,2018,147.0,1580.0,1984.0,4.0,320.0,Front wheel drive,EV,Electric,Automatic,144.8,0.0,0.0930379746835443,-2.3747475392422763,0.20253164556962025,-1.5968591302272404,74.09274193548387,0,1,0,0,7.6
CAR_2F5F3B2A,Nissan,Leaf,160kw advance 75kwh 5dr auto,2025,214.0,1921.0,1984.0,4.0,355.0,Front wheel drive,EV,Electric,Automatic,159.3,0.0,0.11140031233732431,-2.1946251477467054,0.18479958355023426,-1.6884833732931408,107.86290322580645,0,1,0,0,7.4
CAR_55B4D4AD,Nissan,Leaf,30kwh black edition auto 5d,2011,107.0,1516.0,1984.0,4.0,254.0,Front wheel drive,EV,Electric,Automatic,143.2,0.0,0.07058047493403694,-2.651001731740411,0.16754617414248021,-1.7864962991837803,53.931451612903224,0,1,0,0,11.1
CAR_37E7324D,Nissan,Maxima Qx,20 v6 se 4d,2000,140.0,1415.0,1995.0,6.0,179.0,Front wheel drive,Naturally Aspirated,Petrol,Manual,202.8,220.0,0.0989399293286219,-2.313242387468034,0.1265017667844523,-2.067499004236583,70.17543859649122,0,0,0,1,10.9
CAR_501FC390,Nissan,Micra,10 e 3d,2003,64.0,940.0,998.0,4.0,90.0,Front wheel drive,Naturally Aspirated,Petrol,Manual,154.5,141.0,0.06808510638297872,-2.686996791904378,0.09574468085106383,-2.3460702049337847,64.12825651302605,0,0,0,1,15.2
CAR_2B585357,Nissan,Micra,12 30 5d,2010,78.0,910.0,1198.0,3.0,110.0,Front wheel drive,Naturally Aspirated,Petrol,Manual,170.6,115.0,0.08571428571428572,-2.456735772821304,0.12087912087912088,-2.1129642337184795,65.1085141903172,0,0,0,1,13.3
CAR_88ACD5AC,Nissan,Micra,10 activ 3d,1993,59.0,835.0,998.0,4.0,80.0,Front wheel drive,Naturally Aspirated,Petrol,Manual,149.7,149.0,0.07065868263473053,-2.6498942809451362,0.09580838323353294,-2.345405090176974,59.118236472945895,0,0,0,1,15.0
CAR_DB505FD4,Nissan,Micra,14 active luxury 2d,2005,86.0,1135.0,1386.0,4.0,128.0,Front wheel drive,Naturally Aspirated,Petrol,Manual,173.8,158.0,0.07577092511013216,-2.580040633661995,0.11277533039647578,-2.1823576659958857,62.04906204906205,0,0,0,1,12.4
CAR_155361FF,Nissan,Micra Electric,110kw advance 52kwh 5dr auto,2025,147.0,1326.5,1984.0,4.0,245.0,Front wheel drive,EV,Electric,Automatic,149.7,0.0,0.11081794195250659,-2.199866586799058,0.18469656992084432,-1.6890409630330674,74.09274193548387,0,1,0,0,9.0
CAR_3DE41D00,Nissan,Murano,25 dci 5d auto,2008,187.0,1895.0,2488.0,4.0,450.0,4 wheel drive,Diesel,Diesel,Automatic,196.3,210.0,0.09868073878627968,-2.31586550066194,0.23746701846965698,-1.4377265347521613,75.16077170418006,1,0,0,0,10.2
CAR_B6F1980E,Nissan,Murano,35 v6 5d cvt,2005,230.0,1865.0,3498.0,6.0,318.0,4 wheel drive,Naturally Aspirated,Petrol,Automatic,199.6,295.0,0.12332439678284182,-2.0929370231547204,0.17050938337801608,-1.768964949297739,65.75185820468839,1,0,0,0,8.8
CAR_EB50B602,Nissan,Note,14 acenta (2009) 5d,2006,86.0,1092.0,1386.0,4.0,128.0,Front wheel drive,Naturally Aspirated,Petrol,Manual,162.5,139.0,0.07875457875457875,-2.5414188600513428,0.11721611721611722,-2.143735892385233,62.04906204906205,0,0,0,1,13.0
CAR_6B1274B3,Nissan,Note,12 acenta (style pack) 5d,2013,78.0,1040.0,1198.0,3.0,110.0,Front wheel drive,Naturally Aspirated,Petrol,Manual,170.6,109.0,0.075,-2.5902671654458267,0.10576923076923077,-2.2464956263430023,65.1085141903172,0,0,0,1,13.3
CAR_34E92463,Nissan,Pathfinder,25 dci (171ps) acenta 5d,2005,168.0,2177.0,2488.0,4.0,403.0,4 wheel drive,Diesel,Diesel,Manual,180.2,249.0,0.07717041800643087,-2.5617390818312886,0.18511713367018834,-1.6867664992878644,67.52411575562701,1,0,0,1,11.5
CAR_3F623CA2,Nissan,Patrol,28td 3d,1998,128.0,2070.0,2825.0,6.0,252.0,4 wheel drive,Diesel,Diesel,Manual,154.5,310.0,0.06183574879227053,-2.783273622339798,0.12173913043478261,-2.1058747987479913,45.309734513274336,1,0,0,1,16.9
CAR_28FA8FF9,Nissan,Patrol,42d slx 3d,1993,167.0,2230.0,4169.0,6.0,320.0,4 wheel drive,Diesel,Diesel,Manual,140.0,148.5,0.07488789237668161,-2.5917630520374093,0.14349775784753363,-1.9414358686603923,40.05756776205325,1,0,0,1,9.9
CAR_4FDE64A1,Nissan,Pixo,10 acenta 5d,2009,67.0,850.0,996.0,3.0,90.0,Front wheel drive,Naturally Aspirated,Petrol,Manual,154.5,103.0,0.07882352941176471,-2.540543730093396,0.10588235294117647,-2.245426679154097,67.26907630522088,0,0,0,1,13.6
CAR_FDF74249,Nissan,Primera,16 16v e 5d,1999,88.0,1320.0,1597.0,4.0,177.0,Front wheel drive,Naturally Aspirated,Petrol,Manual,175.4,177.0,0.06666666666666667,-2.70805020110221,0.1340909090909091,-2.009237283006587,55.10331872260488,0,0,0,1,13.6
CAR_A93E53D1,Nissan,Primera,16 16v s 4d,1999,98.0,1235.0,1597.0,4.0,136.0,Front wheel drive,Naturally Aspirated,Petrol,Manual,181.9,177.0,0.07935222672064778,-2.5338587703915056,0.11012145748987855,-2.2061713633260256,61.365059486537255,0,0,0,1,11.6
CAR_19C197AF,Nissan,Primera,16 16v e 5d,1999,88.0,1320.0,1597.0,4.0,177.0,Front wheel drive,Naturally Aspirated,Petrol,Manual,175.4,179.0,0.06666666666666667,-2.70805020110221,0.1340909090909091,-2.009237283006587,55.10331872260488,0,0,0,1,13.6
CAR_552EC807,Nissan,Primera,18i flare 5d,2002,114.0,1306.0,1769.0,4.0,163.0,Front wheel drive,Naturally Aspirated,Petrol,Manual,188.3,177.0,0.08728943338437979,-2.4385258614418808,0.12480857580398162,-2.080974109029614,64.44318824194461,0,0,0,1,11.7
CAR_622BD84D,Nissan,Primera,18i s 4d,2002,114.0,1369.0,1769.0,4.0,163.0,Front wheel drive,Naturally Aspirated,Petrol,Manual,188.3,177.0,0.08327246165084003,-2.4856373768939535,0.11906501095690285,-2.1280856244816864,64.44318824194461,0,0,0,1,11.5
CAR_DEBFB076,Nissan,Primera,18i s 5d,2002,114.0,1417.0,1769.0,4.0,163.0,Front wheel drive,Naturally Aspirated,Petrol,Manual,188.3,177.0,0.08045165843330981,-2.520098791296185,0.1150317572335921,-2.162547038883918,64.44318824194461,0,0,0,1,11.5
CAR_57F22C8D,Nissan,Primera,16 action 5d,1990,98.0,1190.0,1597.0,4.0,136.0,Front wheel drive,Naturally Aspirated,Petrol,Manual,180.2,175.0,0.08235294117647059,-2.496741107435003,0.11428571428571428,-2.169053700369523,61.365059486537255,0,0,0,1,11.6
CAR_2F041E2B,Nissan,Primera,16 ls 5d,1990,98.0,1190.0,1597.0,4.0,136.0,Front wheel drive,Naturally Aspirated,Petrol,Manual,180.2,175.0,0.08235294117647059,-2.496741107435003,0.11428571428571428,-2.169053700369523,61.365059486537255,0,0,0,1,11.6
CAR_DD04644F,Nissan,Primera,16 16v equation 5d,1996,98.0,1225.0,1597.0,4.0,136.0,Front wheel drive,Naturally Aspirated,Petrol,Manual,180.2,186.0,0.08,-2.5257286443082556,0.1110204081632653,-2.1980412372427756,61.365059486537255,0,0,0,1,11.6
CAR_7D62B2B5,Nissan,Primera,16 16v gx 4d (ac),1996,98.0,1205.0,1597.0,4.0,136.0,Front wheel drive,Naturally Aspirated,Petrol,Manual,180.2,186.0,0.08132780082987552,-2.5092673672541834,0.11286307053941909,-2.1815799601887034,61.365059486537255,0,0,0,1,11.6
CAR_9813C5B6,Nissan,Primera,16 16v gx 5d,1998,98.0,1270.0,1597.0,4.0,136.0,Front wheel drive,Naturally Aspirated,Petrol,Manual,175.4,194.0,0.07716535433070866,-2.5618047007820652,0.10708661417322834,-2.234117293716585,61.365059486537255,0,0,0,1,12.4
CAR_5A9FCC64,Nissan,Pulsar,12 dig t acenta (tech pack) 5d,2014,113.0,1245.0,1197.0,4.0,190.0,Front wheel drive,Naturally Aspirated,Petrol,Manual,189.9,117.0,0.09076305220883533,-2.3995029901864675,0.15261044176706828,-1.8798667367383217,94.40267335004177,0,0,0,1,10.5
CAR_640EBEAB,Nissan,Qashqai,12 dig t acenta (comforttech) 5d xtronic,2014,113.0,1332.0,1197.0,4.0,165.0,Front wheel drive,Naturally Aspirated,Petrol,Automatic,172.2,129.0,0.08483483483483484,-2.467049032387994,0.12387387387387387,-2.088491377199754,94.40267335004177,0,0,0,0,12.5
CAR_6B195BDE,Nissan,Qashqai,13 dig t mh 158 acenta premium 5dr,2021,155.0,1348.0,1332.0,4.0,260.0,Front wheel drive,Naturally Aspirated,Petrol,Manual,206.0,142.0,0.11498516320474778,-2.1629521745530056,0.19287833827893175,-1.6456956604567246,116.36636636636636,0,0,0,1,9.2
CAR_C01417C6,Nissan,Qashqai,15 dci (110bhp) 360 5d,2007,108.0,1418.0,1461.0,4.0,240.0,Front wheel drive,Diesel,Diesel,Manual,177.0,129.0,0.076163610719323,-2.574871479967853,0.1692524682651622,-1.7763637837500816,73.92197125256673,0,0,0,1,12.0
CAR_CA453754,Nissan,Qashqai2,15 dci (110bhp) 360 5d,2008,108.0,1511.0,1461.0,4.0,240.0,Front wheel drive,Diesel,Diesel,Manual,173.8,132.0,0.071475843812045,-2.63839573514852,0.15883520847121113,-1.8398880389307481,73.92197125256673,0,0,0,1,12.8
CAR_1AFA899F,Nissan,Qx,20 v6 s 4d,1995,138.0,1365.0,1995.0,6.0,177.0,Front wheel drive,Naturally Aspirated,Petrol,Manual,201.2,235.0,0.1010989010989011,-2.291656022461855,0.12967032967032968,-2.042759975045231,69.17293233082707,0,0,0,1,10.9
CAR_109E80FF,Nissan,Serena,16 gx 5d,1993,95.0,1405.0,1597.0,4.0,131.0,Rear wheel drive,Naturally Aspirated,Petrol,Manual,149.7,227.0,0.06761565836298933,-2.693915690167305,0.09323843416370106,-2.3725952585666947,59.48653725735755,0,0,0,1,16.7
CAR_661D5C63,Nissan,Skyline R33,26 twin turbo 2d,1998,276.0,1601.0,2568.0,4.0,240.0,4 wheel drive,Turbocharged,Petrol,Manual,249.4,175.0,0.17239225484072454,-1.7579828472795647,0.14990630855715179,-1.8977447896547233,107.4766355140187,1,0,1,1,5.4
CAR_54CB85BD,Nissan,Skyline R34,26 twin turbo 2d,1999,276.0,1666.0,2568.0,6.0,240.0,4 wheel drive,Turbocharged,Petrol,Manual,249.4,175.0,0.16566626650660263,-1.797779957009638,0.14405762304921968,-1.9375418993847968,107.4766355140187,1,0,1,1,5.0
CAR_2E5BF0E2,Nissan,Terrano,24 outlander 5d,1993,116.0,1895.0,2389.0,4.0,191.0,4 wheel drive,Naturally Aspirated,Petrol,Manual,159.3,175.0,0.06121372031662269,-2.793383926410162,0.10079155672823219,-2.294700689469897,48.55588112180829,1,0,0,1,13.3
CAR_A10B3B9E,Nissan,X Trail,13 dig t 158 n connecta 5dr dct,2014,155.0,1500.0,1332.0,4.0,270.0,Front wheel drive,Naturally Aspirated,Petrol,Automatic,194.7,164.0,0.10333333333333333,-2.2697952701710546,0.18,-1.7147984280919266,116.36636636636636,0,0,0,0,11.1
CAR_FC165DBE,Nissan,X Trail,15 e power 204 acenta premium 5dr xtronic,2022,201.0,1729.0,1497.0,3.0,330.0,Front wheel drive,EV,Petrol/Electric Hybrid,Automatic,169.0,129.0,0.11625216888374783,-2.1519935776242147,0.19086176980913824,-1.6562058312227645,134.2685370741483,0,1,0,0,7.7
CAR_ED61A845,Nissan,X Trail,20 dci (173bhp) acenta 5d,2007,170.0,1615.0,1995.0,4.0,360.0,4 wheel drive,Diesel,Diesel,Manual,199.6,168.0,0.10526315789473684,-2.2512917986064953,0.22291021671826625,-1.5009862042066013,85.21303258145363,1,0,0,1,9.7
CAR_D4C6ECB8,Nissan,X Trail,20 16v se 5d,2001,140.0,1430.0,1998.0,4.0,192.0,4 wheel drive,Naturally Aspirated,Petrol,Manual,177.0,222.0,0.0979020979020979,-2.3237873006446486,0.13426573426573427,-2.0079343512261714,70.07007007007007,1,0,0,1,10.9
CAR_975F15D2,Peugeot,1007,14 16v sport 3d,2005,90.0,1238.0,1360.0,4.0,133.0,Front wheel drive,Naturally Aspirated,Petrol,Manual,172.2,153.0,0.07269789983844911,-2.621442782914276,0.1074313408723748,-2.2309033250227874,66.17647058823529,0,0,0,1,13.2
CAR_0D7C4155,Peugeot,107,10 access 3d,2005,67.0,820.0,998.0,3.0,93.0,Front wheel drive,Naturally Aspirated,Petrol,Manual,157.7,99.0,0.08170731707317073,-2.5046117208673326,0.11341463414634147,-2.176704847105043,67.13426853707415,0,0,0,1,11.9
CAR_7CEB5AC6,Peugeot,108,10 access 3d,2014,67.0,840.0,998.0,3.0,95.0,Front wheel drive,Naturally Aspirated,Petrol,Manual,159.3,95.0,0.07976190476190476,-2.528709272446393,0.1130952380952381,-2.1795250002368185,67.13426853707415,0,0,0,1,12.6
CAR_3ECD9511,Peugeot,2008,12 allure 5dr,2008,99.0,1188.0,1199.0,3.0,205.0,Front wheel drive,Naturally Aspirated,Petrol,Manual,183.5,129.0,0.08333333333333333,-2.4849066497880004,0.17255892255892255,-1.7570165207841821,82.56880733944953,0,0,0,1,10.5
CAR_A46735D4,Peugeot,2008,12 puretech (110bhp) allure 5d,2008,108.0,1090.0,1199.0,3.0,205.0,Front wheel drive,Naturally Aspirated,Petrol,Manual,191.5,103.0,0.09908256880733946,-2.3118017480989694,0.18807339449541285,-1.6709229960847811,90.07506255212677,0,0,0,1,9.6
CAR_E4CA6FF4,Peugeot,206,11 entice 3d,1998,60.0,910.0,1124.0,4.0,94.0,Front wheel drive,Naturally Aspirated,Petrol,Manual,157.7,148.0,0.06593406593406594,-2.7191000372887952,0.10329670329670329,-2.270149817240892,53.380782918149464,0,0,0,1,14.6
CAR_9D84018F,Peugeot,206,16 hdi gti 3d,1999,110.0,1130.0,1560.0,4.0,240.0,Front wheel drive,Turbocharged,Diesel,Manual,189.9,126.0,0.09734513274336283,-2.32949254591397,0.21238938053097345,-1.549333988364395,70.51282051282051,0,0,1,1,9.5
CAR_3F7CE647,Peugeot,206,11 s 5d,2002,60.0,1065.0,1124.0,4.0,94.0,Front wheel drive,Naturally Aspirated,Petrol,Manual,160.9,156.0,0.056338028169014086,-2.8763855159214247,0.08826291079812207,-2.4274352958735217,53.380782918149464,0,0,0,1,15.3
CAR_06CE927B,Peugeot,206,16 allure 2d (ac),2001,110.0,1215.0,1587.0,4.0,147.0,Front wheel drive,Naturally Aspirated,Petrol,Manual,193.1,166.0,0.09053497942386832,-2.4020189899822326,0.12098765432098765,-2.1120667689959127,69.31316950220543,0,0,0,1,10.9
CAR_2C2D7F3A,Peugeot,207,14 16v s 3d,2006,90.0,1139.0,1360.0,4.0,133.0,Front wheel drive,Naturally Aspirated,Petrol,Manual,180.2,152.0,0.07901668129938542,-2.538096293116917,0.11676909569798069,-2.147556835225428,66.17647058823529,0,0,0,1,13.7
CAR_082C1ED1,Peugeot,207,16 16v 2d,2007,120.0,1352.0,1598.0,4.0,160.0,Front wheel drive,Naturally Aspirated,Petrol,Manual,202.8,155.0,0.08875739644970414,-2.4218485138208634,0.11834319526627218,-2.1341664413690826,75.09386733416771,0,0,0,1,10.4
CAR_3978515D,Peugeot,207,14 8v access 5d,2007,73.0,1282.0,1360.0,4.0,118.0,Front wheel drive,Naturally Aspirated,Petrol,Manual,167.4,149.0,0.05694227769110764,-2.8657171963322243,0.09204368174726989,-2.3854920130149506,53.67647058823529,0,0,0,1,16.0
CAR_8AC2251F,Peugeot,207,16 16v gti thp (175bhp) 3d,2007,172.0,1325.0,1598.0,4.0,260.0,Front wheel drive,Turbocharged,Petrol,Manual,220.5,171.0,0.129811320754717,-2.0416732616068693,0.19622641509433963,-1.6284861074047947,107.63454317897371,0,0,1,1,6.9
CAR_3787B971,Peugeot,208,12 100 allure 5dr,2019,101.0,1121.0,1199.0,3.0,205.0,Front wheel drive,Naturally Aspirated,Petrol,Manual,194.7,113.0,0.09009812667261374,-2.4068559062309003,0.18287243532560213,-1.6989664439337517,84.23686405337781,0,0,0,1,9.8
CAR_CC6D057A,Peugeot,208,10 puretech access ac 3d,2012,67.0,960.0,999.0,4.0,95.0,Front wheel drive,Naturally Aspirated,Petrol,Manual,165.8,102.0,0.06979166666666667,-2.662240665070916,0.09895833333333333,-2.3130563928613412,67.06706706706707,0,0,0,1,13.6
CAR_E6D7C594,Peugeot,208,16 thp gti (0515 ) 3d,2012,205.0,1160.0,1598.0,4.0,300.0,Front wheel drive,Turbocharged,Petrol,Manual,230.1,125.0,0.17672413793103448,-1.7331653049620022,0.25862068965517243,-1.3523928094442093,128.28535669586984,0,0,1,1,6.3
CAR_E2C3F161,Peugeot,3008,12 hybrid 136 active 5dr e dsc6,2016,134.0,1478.0,1199.0,3.0,230.0,Front wheel drive,Hybrid,Petrol,Automatic,199.6,120.0,0.09066305818673884,-2.4006053015572357,0.15561569688768606,-1.8603657925849517,111.75979983319432,0,0,0,0,9.7
CAR_02A7852B,Peugeot,3008,12 hybrid 136 allure 5dr e dsc6,2024,134.0,1573.0,1199.0,4.0,230.0,Front wheel drive,Hybrid,Petrol,Automatic,201.2,122.0,0.08518753973299428,-2.4629001031073665,0.14621741894469167,-1.9226605941350825,111.75979983319432,0,0,0,0,9.9
CAR_4DF7F9EF,Peugeot,3008,12 puretech access 5d,2009,128.0,1400.0,1199.0,3.0,230.0,Front wheel drive,Naturally Aspirated,Petrol,Manual,194.7,123.0,0.09142857142857143,-2.392197251683733,0.16428571428571428,-1.8061482066801546,106.7556296914095,0,0,0,1,10.5
CAR_281C2A4F,Peugeot,306,14 l 5d,1997,75.0,1065.0,1360.0,4.0,120.0,Front wheel drive,Naturally Aspirated,Petrol,Manual,170.6,156.0,0.07042253521126761,-2.653241964607215,0.11267605633802817,-2.1832383353614793,55.147058823529406,0,0,0,1,15.3
CAR_C35F8118,Peugeot,306,16 2d auto,1994,100.0,1250.0,1587.0,4.0,138.0,Front wheel drive,Naturally Aspirated,Petrol,Automatic,178.6,189.0,0.08,-2.5257286443082556,0.1104,-2.2036451451391423,63.0119722747322,0,0,0,0,13.8
CAR_0D99E9C9,Peugeot,306,14 4d,1994,75.0,1040.0,1360.0,4.0,200.0,Front wheel drive,Naturally Aspirated,Petrol,Manual,164.2,175.0,0.07211538461538461,-2.629487878599108,0.19230769230769232,-1.6486586255873816,55.147058823529406,0,0,0,1,14.4
CAR_18B8C53E,Peugeot,307,14 16v envy 3d,2001,128.0,1153.0,1360.0,4.0,200.0,Front wheel drive,Naturally Aspirated,Petrol,Manual,172.2,155.0,0.11101474414570685,-2.198092256349442,0.17346053772766695,-1.7518051537210224,94.11764705882352,0,0,0,1,12.4
CAR_09078462,Peugeot,307,14 16v style 5d,2002,90.0,1227.0,1360.0,4.0,133.0,Front wheel drive,Naturally Aspirated,Petrol,Manual,170.6,159.0,0.07334963325183375,-2.6125177743806463,0.10839445802770986,-2.2219783164891576,66.17647058823529,0,0,0,1,13.1
CAR_E4162137,Peugeot,307,16 16v envy 5d,2002,110.0,1324.0,1587.0,4.0,147.0,Front wheel drive,Naturally Aspirated,Petrol,Manual,181.9,178.0,0.08308157099697885,-2.487932370704537,0.11102719033232629,-2.197980149718217,69.31316950220543,0,0,0,1,11.5
CAR_FA658D0A,Peugeot,307,16 2d,2003,110.0,1513.0,1587.0,4.0,147.0,Front wheel drive,Naturally Aspirated,Petrol,Manual,191.5,178.0,0.07270323859881031,-2.6213693479959397,0.09715796430931924,-2.33141712700962,69.31316950220543,0,0,0,1,13.1
CAR_3E483E81,Peugeot,308,12 puretech 110 active premium 5d,2014,108.0,1203.0,1199.0,3.0,205.0,Front wheel drive,Naturally Aspirated,Petrol,Manual,186.7,116.0,0.08977556109725686,-2.410442488850459,0.17040731504571904,-1.7695637368362707,90.07506255212677,0,0,0,1,9.7
CAR_14C6F7E2,Peugeot,308,12 puretech 110 active premium 5d,2014,108.0,1205.0,1199.0,3.0,205.0,Front wheel drive,Naturally Aspirated,Petrol,Manual,186.7,116.0,0.08962655601659751,-2.412103618800536,0.17012448132780084,-1.771224866786347,90.07506255212677,0,0,0,1,10.1
CAR_7CBBA48B,Peugeot,308,12 hybrid 136 active 5dr e dsc6,2021,134.0,1375.0,1199.0,3.0,230.0,Front wheel drive,Hybrid,Petrol,Automatic,209.2,102.0,0.09745454545454546,-2.32836921014976,0.16727272727272727,-1.7881297011774764,111.75979983319432,0,0,0,0,9.0
CAR_4A6E9853,Peugeot,308,12 hybrid 136 active 5dr e dsc6,2021,134.0,1435.0,1199.0,3.0,230.0,Front wheel drive,Hybrid,Petrol,Automatic,209.2,102.0,0.09337979094076655,-2.37108032824281,0.1602787456445993,-1.830840819270526,111.75979983319432,0,0,0,0,9.0
CAR_D05BB8CF,Peugeot,308,14 vti (98bhp) access 5d,2007,98.0,1371.0,1397.0,4.0,136.0,Front wheel drive,Naturally Aspirated,Petrol,Manual,181.9,139.0,0.07148067104303428,-2.6383282008917424,0.09919766593727207,-2.3106407938262623,70.15032211882605,0,0,0,1,12.3
CAR_688CEA59,Peugeot,308,14 vti access 5d,2008,98.0,1429.0,1397.0,4.0,136.0,Front wheel drive,Naturally Aspirated,Petrol,Manual,178.6,144.0,0.06857942617214835,-2.6797626992592956,0.09517144856543037,-2.3520752921938155,70.15032211882605,0,0,0,1,13.0
CAR_84CD7669,Peugeot,308,16 hdi (112bhp) se 2d,2009,112.0,1590.0,1560.0,4.0,350.0,Front wheel drive,Diesel,Diesel,Manual,188.3,138.0,0.07044025157232704,-2.652990423919183,0.22012578616352202,-1.5135561407308178,71.7948717948718,0,0,0,1,12.7
CAR_1AA07D87,Peugeot,308,16 thp (250bhp) gti by peugeot sport 5d,2015,246.0,1205.0,1598.0,4.0,330.0,Front wheel drive,Turbocharged,Petrol,Manual,249.4,139.0,0.204149377593361,-1.5889033099923926,0.27385892116182575,-1.2951421914642294,153.9424280350438,0,0,1,1,6.0
CAR_E87C35B2,Peugeot,308,16 e thp (205bhp) gt 5d,2015,202.0,1200.0,1598.0,4.0,285.0,Front wheel drive,Naturally Aspirated,Petrol,Manual,235.0,130.0,0.16833333333333333,-1.7818091383748869,0.2375,-1.4375876555074412,126.40801001251563,0,0,0,1,7.3
CAR_8F0B5911,Peugeot,4007,22 hdi gt 5d,2007,153.0,1825.0,2179.0,4.0,380.0,4 wheel drive,Diesel,Diesel,Manual,199.6,185.0,0.08383561643835616,-2.4788973446241567,0.20821917808219179,-1.5691640132961604,70.21569527306104,1,0,0,1,10.6
CAR_2C6E1C28,Peugeot,406,18 glx 4d (ac) (96),1996,112.0,1275.0,1761.0,4.0,200.0,Front wheel drive,Naturally Aspirated,Petrol,Manual,191.5,202.0,0.08784313725490196,-2.432202586297432,0.1568627450980392,-1.8523840910444898,63.60022714366838,0,0,0,1,10.8
CAR_EF2A0A78,Peugeot,406,18 glx 5d (ac),1996,116.0,1310.0,1749.0,4.0,160.0,Front wheel drive,Naturally Aspirated,Petrol,Manual,193.1,187.0,0.08854961832061069,-2.4241922250888326,0.12213740458015267,-2.1026086009613705,66.32361349342482,0,0,0,1,12.0
CAR_9924DAF8,Peugeot,406,20 2d (ac),1997,137.0,1340.0,1997.0,4.0,189.0,Front wheel drive,Naturally Aspirated,Petrol,Manual,207.6,197.0,0.10223880597014925,-2.280443967116832,0.141044776119403,-1.9586778778853147,68.6029043565348,0,0,0,1,10.1
CAR_848152EA,Peugeot,407,16 hdi (110bhp) sport 4d,2004,110.0,1505.0,1560.0,4.0,240.0,Front wheel drive,Diesel,Diesel,Manual,191.5,129.0,0.07308970099667775,-2.6160678113905598,0.15946843853820597,-1.835909253840985,70.51282051282051,0,0,0,1,11.3
CAR_C8BF3BC3,Peugeot,407,16 hdi (110bhp) sport 5d,2004,110.0,1567.0,1560.0,4.0,240.0,Front wheel drive,Diesel,Diesel,Manual,188.3,129.0,0.07019783024888322,-2.6564378765636043,0.15315890236119975,-1.8762793190140294,70.51282051282051,0,0,0,1,11.7
CAR_A2B644E2,Peugeot,407,20 hdi (163bhp) sport 2d,2006,160.0,1607.0,1997.0,4.0,340.0,Front wheel drive,Diesel,Diesel,Manual,220.5,140.0,0.09956440572495333,-2.306950550503686,0.21157436216552583,-1.5531787481273054,80.1201802704056,0,0,0,1,9.2
CAR_70B9CDB7,Peugeot,408,12 hybrid 136 allure 5dr e dsc6,2023,134.0,1469.0,1199.0,3.0,230.0,Front wheel drive,Hybrid,Petrol,Automatic,210.8,108.0,0.09121851599727705,-2.394497376222966,0.15656909462219196,-1.854257867250682,111.75979983319432,0,0,0,0,9.9
CAR_2C954B3D,Peugeot,5008,12 hybrid 136 active 5dr e dsc6,2017,134.0,1552.0,1199.0,3.0,230.0,Front wheel drive,Hybrid,Petrol,Automatic,199.6,120.0,0.08634020618556701,-2.449459900792253,0.1481958762886598,-1.9092203918199686,111.75979983319432,0,0,0,0,10.1
CAR_D0255AC9,Peugeot,5008,12 hybrid 136 allure 5dr e dsc6,2024,134.0,1705.0,1199.0,3.0,230.0,Front wheel drive,Hybrid,Petrol,Automatic,197.9,122.0,0.07859237536656892,-2.543480589766706,0.1348973607038123,-2.003241080794422,111.75979983319432,0,0,0,0,10.9
CAR_FBB8389A,Peugeot,5008,12 puretech access 5d,2010,128.0,1420.0,1199.0,3.0,230.0,Front wheel drive,Naturally Aspirated,Petrol,Manual,197.9,122.0,0.09014084507042254,-2.406381886675689,0.1619718309859155,-1.820332841672111,106.7556296914095,0,0,0,1,11.9
CAR_D984E7FC,Peugeot,508,12 puretech active premium 5dr eat8,2018,129.0,1400.0,1199.0,3.0,230.0,Front wheel drive,Naturally Aspirated,Petrol,Automatic,204.4,131.0,0.09214285714285714,-2.384415111241678,0.16428571428571428,-1.8061482066801546,107.58965804837364,0,0,0,0,9.7
CAR_63D28D1E,Peugeot,508,12 puretech active premium 5dr eat8,2019,129.0,1420.0,1199.0,3.0,230.0,Front wheel drive,Naturally Aspirated,Petrol,Automatic,204.4,134.0,0.09084507042253522,-2.3985997462336344,0.1619718309859155,-1.820332841672111,107.58965804837364,0,0,0,0,9.7
CAR_1ECC51DA,Peugeot,508,16 hybrid4 pse 5dr e eat8,2021,350.0,1866.0,1598.0,4.0,520.0,4 wheel drive,Hybrid,Petrol Parallel PHEV,Automatic,249.4,45.0,0.18756698821007503,-1.6736192269238297,0.27867095391211144,-1.2777235698318161,219.0237797246558,1,0,0,0,5.0
CAR_E45D1FC4,Peugeot,508,16 bluehdi (120bhp) active 4d,2011,120.0,1410.0,1560.0,4.0,300.0,Front wheel drive,Diesel,Diesel,Manual,202.8,99.0,0.0851063829787234,-2.463853240590168,0.2127659574468085,-1.547562508716013,76.92307692307692,0,0,0,1,10.6
CAR_FF66B350,Peugeot,508,16 bluehdi (120bhp) active 5d,2011,120.0,1430.0,1560.0,4.0,300.0,Front wheel drive,Diesel,Diesel,Manual,199.6,100.0,0.08391608391608392,-2.477937980471907,0.2097902097902098,-1.561647248597752,76.92307692307692,0,0,0,1,10.9
CAR_EA134C4F,Peugeot,508,20 bluehdi 5d auto,2012,181.0,1650.0,1997.0,4.0,400.0,Front wheel drive,Diesel,Diesel,Automatic,220.5,119.0,0.1096969696969697,-2.2100335356288006,0.24242424242424243,-1.4170660197866443,90.63595393089633,0,0,0,0,8.6
CAR_13FABD8F,Peugeot,605,20 sli 4d,1990,135.0,1400.0,1998.0,4.0,200.0,Front wheel drive,Naturally Aspirated,Petrol,Manual,204.4,175.0,0.09642857142857143,-2.3389527371649206,0.14285714285714285,-1.9459101490553135,67.56756756756756,0,0,0,1,10.6
CAR_0D3530CA,Peugeot,607,20 4d,2000,136.0,1438.0,1997.0,4.0,190.0,Front wheel drive,Naturally Aspirated,Petrol,Manual,209.2,205.0,0.09457579972183588,-2.35835365254494,0.13212795549374132,-2.0239844661205058,68.10215322984476,0,0,0,1,10.8
CAR_6315FE10,Peugeot,806,19 glxdt 5d (5 seat),1995,90.0,1565.0,1905.0,4.0,198.0,Front wheel drive,Diesel,Diesel,Manual,159.3,220.0,0.05750798722044728,-2.8558314326439884,0.12651757188498403,-2.0673740722797183,47.24409448818898,0,0,0,1,15.0
CAR_FD9436B8,Peugeot,807,20 (143bhp) st (7 seat) 5d,2002,140.0,1738.0,1997.0,4.0,200.0,Front wheel drive,Turbocharged,Petrol,Manual,186.7,213.0,0.0805523590333717,-2.518847883216033,0.11507479861910241,-2.162172939277301,70.10515773660491,0,0,1,1,11.2
CAR_CBB29961,Peugeot,Bipper Tepee,13 hdi (75bhp) outdoor (non startstop) 5d,2009,75.0,1330.0,1248.0,4.0,190.0,Front wheel drive,Diesel,Diesel,Manual,154.5,119.0,0.05639097744360902,-2.875446107679489,0.14285714285714285,-1.9459101490553135,60.09615384615385,0,0,0,1,16.3
CAR_8962CAE7,Peugeot,E 2008,100kw active 50kwh 5dr auto,2008,134.0,1548.0,1984.0,4.0,260.0,Front wheel drive,EV,Electric,Automatic,149.7,0.0,0.08656330749354005,-2.446879254198761,0.16795865633074936,-1.7840374231341447,67.54032258064517,0,1,0,0,8.8
CAR_71366334,Peugeot,E 208,100kw active 50kwh 5dr auto,2019,136.0,1455.0,1984.0,4.0,260.0,Front wheel drive,EV,Electric,Automatic,149.7,0.0,0.09347079037800687,-2.370106293869541,0.17869415807560138,-1.722079548590065,68.54838709677419,0,1,0,0,7.8
CAR_1E0EB98D,Peugeot,E 3008,157kw allure 73kwh 5dr auto,2023,210.0,2108.0,1984.0,4.0,343.0,Front wheel drive,EV,Electric,Automatic,170.6,0.0,0.09962049335863378,-2.3063873789437843,0.1627134724857685,-1.815764462495313,105.84677419354838,0,1,0,0,8.5
CAR_C3874AB1,Peugeot,E 308,115kw allure 54kwh 5dr auto,2023,153.0,1684.0,1984.0,4.0,270.0,Front wheel drive,EV,Electric,Automatic,170.6,0.0,0.09085510688836104,-2.3984892734098366,0.16033254156769597,-1.8305052358038973,77.11693548387098,0,1,0,0,9.5
CAR_2A6836A8,Peugeot,E 308,115kw allure 54kwh 5dr auto,2023,153.0,1716.0,1984.0,4.0,270.0,Front wheel drive,EV,Electric,Automatic,170.6,0.0,0.08916083916083917,-2.417313358655472,0.15734265734265734,-1.8493293210495327,77.11693548387098,0,1,0,0,9.6
CAR_ECC4E0F7,Peugeot,E 5008,157kw allure 73kwh 5dr auto,2024,210.0,2185.0,1984.0,4.0,343.0,Front wheel drive,EV,Electric,Automatic,169.0,0.0,0.09610983981693363,-2.342263576812222,0.15697940503432495,-1.8516406603637505,105.84677419354838,0,1,0,0,9.4
CAR_68EDEA40,Peugeot,E Rifter,100kw allure 50kwh 5dr auto,2021,134.0,1690.0,1984.0,4.0,260.0,Front wheel drive,EV,Electric,Automatic,135.2,0.0,0.07928994082840236,-2.534644007966208,0.15384615384615385,-1.8718021769015913,67.54032258064517,0,1,0,0,10.8
CAR_E3292756,Peugeot,E Traveller,100kw active long [8 seat] 50kwh 5dr auto [11kwch],2020,134.0,1914.0,1984.0,4.0,300.0,Front wheel drive,EV,Electric,Automatic,130.4,0.0,0.07001044932079414,-2.659110772061988,0.15673981191222572,-1.8531680973566984,67.54032258064517,0,1,0,0,10.5
CAR_FBAD2A2D,Peugeot,Expert Combi,15 bluehdi 100 compact 6dr 6d,2016,100.0,1660.0,1499.0,4.0,270.0,Front wheel drive,Diesel,Diesel,Manual,144.8,166.0,0.060240963855421686,-2.8094026953624978,0.16265060240963855,-1.816150922352214,66.71114076050699,0,0,0,1,13.1
CAR_808012ED,Peugeot,Expert Tepee,16 hdi l1 comfort 5d (6 seats),2007,90.0,1745.0,1560.0,4.0,180.0,Front wheel drive,Diesel,Diesel,Manual,144.8,194.0,0.05157593123209169,-2.9647001643062625,0.10315186246418338,-2.271552983746317,57.69230769230769,0,0,0,1,17.9
CAR_8E6803D9,Peugeot,Ion,5d auto,2011,64.0,1120.0,1984.0,4.0,180.0,Rear wheel drive,EV,Electric,Automatic,130.4,0.0,0.05714285714285714,-2.8622008809294686,0.16071428571428573,-1.8281271133989299,32.25806451612903,0,1,0,0,15.4
CAR_0B76BB91,Peugeot,Partner Combi,14 5d (01),2001,75.0,1125.0,1360.0,4.0,111.0,Front wheel drive,Naturally Aspirated,Petrol,Manual,149.7,168.0,0.06666666666666667,-2.70805020110221,0.09866666666666667,-2.3160081133261863,55.147058823529406,0,0,0,1,16.9
CAR_517539C9,Peugeot,Partner Tepee,16 (120bhp) s 5d,2008,120.0,1581.0,1598.0,4.0,160.0,Front wheel drive,Naturally Aspirated,Petrol,Manual,177.0,164.0,0.07590132827324478,-2.578321094427426,0.10120177103099304,-2.290639021975645,75.09386733416771,0,0,0,1,13.0
CAR_CAE1522E,Peugeot,Rcz,16 thp (200bhp) gt line 2d,2010,197.0,1421.0,1598.0,4.0,275.0,Front wheel drive,Naturally Aspirated,Petrol,Manual,235.0,155.0,0.1386347642505278,-1.9759123993591121,0.19352568613652357,-1.6423450304305294,123.27909887359198,0,0,0,1,7.4
CAR_6068B80C,Renault,19,18 16v 2d,1992,137.0,1115.0,1764.0,4.0,158.0,Front wheel drive,Naturally Aspirated,Petrol,Manual,214.0,175.0,0.12286995515695068,-2.0966287580660943,0.14170403587443947,-1.9540146508672522,77.66439909297053,0,0,0,1,8.2
CAR_8E5CB4C3,Renault,4 E Tech,110kw evolution 52kwh comfort range 5dr auto,2025,147.0,1462.0,1984.0,4.0,245.0,Front wheel drive,EV,Electric,Automatic,149.7,0.0,0.10054719562243503,-2.2971280535309875,0.16757865937072502,-1.786302429764997,74.09274193548387,0,1,0,0,7.9
CAR_B0A60EE4,Renault,5 E Tech,110kw iconic five comfort range 52kwh 5dr auto,2025,147.0,1461.0,1984.0,4.0,245.0,Front wheel drive,EV,Electric,Automatic,149.7,0.0,0.10061601642710473,-2.296443824971963,0.1676933607118412,-1.7856182012059725,74.09274193548387,0,1,0,0,7.6
CAR_DAB142B9,Renault,Arkana,13 tce mild hybrid 140 iconic 5dr edc,2021,136.0,1336.0,1333.0,4.0,260.0,Front wheel drive,Hybrid,Petrol,Automatic,204.4,130.0,0.10179640718562874,-2.284780468360539,0.19461077844311378,-1.6367537230810634,102.02550637659415,0,0,0,0,9.5
CAR_EC2747EB,Renault,Austral,12 e tech fhev iconic esprit alpine 5dr auto 4c,2023,197.0,1696.0,1199.0,3.0,205.0,Front wheel drive,EV,Petrol/Electric Hybrid,Automatic,173.8,105.0,0.11615566037735849,-2.15282408761386,0.12087264150943396,-2.11301783721344,164.30358632193494,0,1,0,0,8.1
CAR_0DEF867E,Renault,Avantime,20 16v turbo dynamique 3d,2002,165.0,1641.0,1998.0,4.0,250.0,Front wheel drive,Turbocharged,Petrol,Manual,202.8,218.0,0.10054844606946983,-2.2971156171895104,0.15234613040828762,-1.8816001732278445,82.58258258258259,0,0,1,1,9.6
CAR_50164696,Renault,Captur,10 tce 90 evolution 5dr,2020,89.0,1316.0,999.0,3.0,160.0,Front wheel drive,Naturally Aspirated,Petrol,Manual,167.4,131.0,0.067629179331307,-2.6937157421531226,0.12158054711246201,-2.1071782966514356,89.08908908908909,0,0,0,1,13.6
CAR_27BB8882,Renault,Captur,09 tce (90bhp) dynamique medianav 5d,2013,88.0,1089.0,898.0,3.0,135.0,Front wheel drive,Naturally Aspirated,Petrol,Manual,170.6,115.0,0.08080808080808081,-2.515678308454754,0.12396694214876033,-2.087740344494531,97.99554565701558,0,0,0,1,12.6
CAR_08E65136,Renault,Clio,10 sce 65 iconic 5d,2019,64.0,1140.0,999.0,3.0,95.0,Front wheel drive,Naturally Aspirated,Petrol,Manual,159.3,119.0,0.056140350877192984,-2.879900458028869,0.08333333333333333,-2.4849066497880004,64.06406406406407,0,0,0,1,16.6
CAR_1020ECC2,Renault,Clio,12 16v authentique 5d,2005,73.0,1090.0,1149.0,4.0,105.0,Front wheel drive,Naturally Aspirated,Petrol,Manual,167.4,139.0,0.06697247706422019,-2.7034735340747984,0.0963302752293578,-2.339972625065666,63.53350739773716,0,0,0,1,13.0
CAR_E0427140,Renault,Clio,12 16v bizu 5d,2008,73.0,1110.0,1149.0,4.0,107.0,Front wheel drive,Naturally Aspirated,Petrol,Manual,167.4,135.0,0.06576576576576576,-2.721655853157989,0.0963963963963964,-2.3392864598444736,63.53350739773716,0,0,0,1,13.2
CAR_55EC8B65,Renault,Clio,20 16v (197bhp) 3d,2006,194.0,1240.0,1998.0,4.0,215.0,Front wheel drive,Naturally Aspirated,Petrol,Manual,215.7,199.0,0.15645161290322582,-1.8550084995357543,0.17338709677419356,-1.7522286304714196,97.09709709709709,0,0,0,1,6.7
CAR_32DB9832,Renault,Clio,09 tce (90bhp) dynamique medianav 5d,2012,88.0,1009.0,898.0,3.0,135.0,Front wheel drive,Naturally Aspirated,Petrol,Manual,181.9,104.0,0.08721506442021804,-2.4393782058754025,0.1337958374628345,-2.0114402419151793,97.99554565701558,0,0,0,1,11.8
CAR_3793FA14,Renault,Clio,16t 16v renaultsport trophy nav (220bhp) 5d auto,2013,216.0,1204.0,1618.0,4.0,260.0,Front wheel drive,Naturally Aspirated,Petrol,Automatic,235.0,135.0,0.17940199335548174,-1.7181262181846013,0.2159468438538206,-1.5327229948532386,133.49814585908527,0,0,0,0,6.4
CAR_47302EFE,Renault,Clio,12 16v sport 3d,1998,75.0,930.0,1149.0,4.0,105.0,Front wheel drive,Naturally Aspirated,Petrol,Manual,170.6,146.0,0.08064516129032258,-2.517696472610991,0.11290322580645161,-2.181224235989778,65.27415143603133,0,0,0,1,11.7
CAR_E222D708,Renault,Clio,12 16v campus sport 2007 3d,2001,75.0,945.0,1149.0,4.0,105.0,Front wheel drive,Naturally Aspirated,Petrol,Manual,170.6,142.0,0.07936507936507936,-2.5336968139574325,0.1111111111111111,-2.1972245773362196,65.27415143603133,0,0,0,1,12.6
CAR_C249F502,Renault,Clio,20 16v (172bhp) 3d,2001,172.0,1035.0,1998.0,4.0,200.0,Front wheel drive,Naturally Aspirated,Petrol,Manual,222.1,194.0,0.16618357487922705,-1.7946622288860163,0.1932367149758454,-1.6438393391514328,86.08608608608608,0,0,0,1,7.0
CAR_F73348D4,Renault,Clio,30 24v (230bhp) 3d,2001,230.0,1335.0,2946.0,6.0,300.0,Front wheel drive,Naturally Aspirated,Petrol,Manual,235.0,267.0,0.17228464419475656,-1.7586072619111546,0.2247191011235955,-1.4929040961781488,78.07196198234894,0,0,0,1,6.2
CAR_87F08F66,Renault,Espace,19 dci authentique 5d,2003,118.0,1755.0,1870.0,4.0,270.0,Front wheel drive,Diesel,Diesel,Manual,180.2,183.0,0.06723646723646724,-2.6995395114343013,0.15384615384615385,-1.8718021769015913,63.10160427807486,0,0,0,1,12.8
CAR_726C8524,Renault,Espace,20 16v alize 5d,1997,140.0,1490.0,1998.0,4.0,188.0,Front wheel drive,Naturally Aspirated,Petrol,Manual,185.1,211.0,0.09395973154362416,-2.3648889763302003,0.1261744966442953,-2.0700894361095554,70.07007007007007,0,0,0,1,11.2
CAR_384B0BD6,Renault,Fluence,70kw dynamique 4d auto,2012,93.0,1605.0,1984.0,4.0,226.0,Front wheel drive,EV,Electric,Automatic,217.3,0.0,0.05794392523364486,-2.8482795424108605,0.14080996884735203,-1.9603440362918303,46.875,0,1,0,0,13.3
CAR_EB38EF56,Renault,Grand Espace,20 dci (150bhp) dynamique (nav) 5d,2003,147.0,1807.0,1995.0,4.0,340.0,Front wheel drive,Diesel,Diesel,Manual,194.7,196.0,0.0813503043718871,-2.508990703813492,0.18815716657443277,-1.6704776729820214,73.68421052631578,0,0,0,1,10.3
CAR_1DABB29E,Renault,Grand Espace,20 16v expression 5d,1998,140.0,1530.0,1998.0,4.0,188.0,Front wheel drive,Naturally Aspirated,Petrol,Manual,186.7,211.0,0.0915032679738562,-2.391380591777177,0.12287581699346405,-2.096581051556532,70.07007007007007,0,0,0,1,11.2
CAR_5E84FBE2,Renault,Grand Modus,12 expression 5d,2008,73.0,1150.0,1149.0,4.0,105.0,Front wheel drive,Naturally Aspirated,Petrol,Manual,162.5,138.0,0.06347826086956522,-2.7570577802089047,0.09130434782608696,-2.3935568711997726,63.53350739773716,0,0,0,1,13.3
CAR_EA020F3E,Renault,Grand Scenic,15 dci 120 iconic auto 5d,2016,118.0,1783.0,1749.0,4.0,300.0,Front wheel drive,Diesel,Diesel,Automatic,185.1,158.0,0.06618059450364554,-2.715367993397476,0.16825574873808188,-1.7822701432069394,67.46712407089765,0,0,0,0,12.6
CAR_A5FEBEDF,Renault,Grand Scenic,12 tce (130bhp) dynamique nav (bose pack) 5d,2009,128.0,1491.0,1198.0,4.0,205.0,Front wheel drive,Naturally Aspirated,Petrol,Manual,189.9,145.0,0.08584842387659289,-2.455172050845121,0.1374916163648558,-1.9841923356263302,106.84474123539232,0,0,0,1,11.9
CAR_7D7FFA00,Renault,Grand Scenic,15 dci (106bhp) dynamique s 5d,2004,104.0,1490.0,1461.0,4.0,240.0,Front wheel drive,Diesel,Diesel,Manual,178.6,144.0,0.0697986577181208,-2.662140499798132,0.1610738255033557,-1.8258924755975137,71.18412046543463,0,0,0,1,12.5
CAR_6E0E9CBD,Renault,Kadjar,12 tce dynamique nav 5d,2015,128.0,1306.0,1197.0,4.0,205.0,Front wheel drive,Naturally Aspirated,Petrol,Manual,191.5,126.0,0.09800918836140889,-2.322694045916759,0.15696784073506892,-1.8517143306979682,106.93400167084377,0,0,0,1,9.8
CAR_CD92B82D,Renault,Kangoo,15 dci (106bhp) dynamique tomtom 5d,2009,104.0,1430.0,1461.0,4.0,240.0,Front wheel drive,Diesel,Diesel,Manual,170.6,146.0,0.07272727272727272,-2.6210388241125804,0.16783216783216784,-1.7847907999119617,71.18412046543463,0,0,0,1,12.6
CAR_5A5DAAC9,Renault,Kangoo,12 authentique 5d (02),1999,75.0,1035.0,1149.0,4.0,105.0,Front wheel drive,Naturally Aspirated,Petrol,Manual,154.5,165.0,0.07246376811594203,-2.624668592163159,0.10144927536231885,-2.2881963555419462,65.27415143603133,0,0,0,1,13.7
CAR_B1F668E9,Renault,Koleos,dynamique s nav dci 130 5d,2017,128.0,1540.0,1598.0,4.0,320.0,Front wheel drive,Diesel,Diesel,Manual,185.1,128.0,0.08311688311688312,-2.4875074314880576,0.2077922077922078,-1.5712166996139025,80.10012515644556,0,0,0,1,11.0
CAR_8E12AD6A,Renault,Koleos,20 dci dynamique 2wd 5d,2008,147.0,1649.0,1995.0,4.0,320.0,Front wheel drive,Diesel,Diesel,Manual,180.2,179.0,0.08914493632504548,-2.4174917357808625,0.19405700424499697,-1.6396033267658265,73.68421052631578,0,0,0,1,9.7
CAR_32B7A85A,Renault,Laguna,15 dci dynamique 5d,2007,108.0,1504.0,1461.0,4.0,240.0,Front wheel drive,Diesel,Diesel,Manual,191.5,130.0,0.07180851063829788,-2.6337522773855655,0.1595744680851064,-1.8352445811677938,73.92197125256673,0,0,0,1,11.7
CAR_DB4E0D5F,Renault,Laguna,15 dci dynamique 5d,2008,108.0,1326.5,1461.0,4.0,240.0,Front wheel drive,Diesel,Diesel,Manual,186.7,133.0,0.08141726347531097,-2.5081679464535744,0.18092725216735772,-1.709660250235803,73.92197125256673,0,0,0,1,11.9
CAR_36A20F87,Renault,Laguna,20 dci (150bhp) 3d,2008,147.0,1486.0,1995.0,4.0,340.0,Front wheel drive,Diesel,Diesel,Manual,209.2,157.0,0.09892328398384927,-2.313410638498968,0.2288021534320323,-1.4748976076674973,73.68421052631578,0,0,0,1,9.2
CAR_BF9B327D,Renault,Laguna,16 16v alize 5d,1994,110.0,1230.0,1598.0,4.0,148.0,Front wheel drive,Naturally Aspirated,Petrol,Manual,186.7,177.0,0.08943089430894309,-2.414289082574047,0.12032520325203253,-2.1175571746023483,68.8360450563204,0,0,0,1,11.5
CAR_F3390AC0,Renault,Laguna,16 16v rn 5d,1995,110.0,1285.0,1598.0,4.0,148.0,Front wheel drive,Naturally Aspirated,Petrol,Manual,186.7,182.0,0.08560311284046693,-2.458033631536904,0.11517509727626458,-2.161301723565205,68.8360450563204,0,0,0,1,11.5
CAR_FF7ED807,Renault,Laguna,16 16v authentique 5d,2001,110.0,1270.0,1598.0,4.0,148.0,Front wheel drive,Naturally Aspirated,Petrol,Manual,196.3,173.0,0.08661417322834646,-2.4462918136602205,0.11653543307086614,-2.149559905688522,68.8360450563204,0,0,0,1,11.1
CAR_5F0F38FD,Renault,Laguna,18 16v dynamique 5d,2001,122.0,1315.0,1783.0,4.0,168.0,Front wheel drive,Naturally Aspirated,Petrol,Manual,201.2,184.0,0.09277566539923954,-2.3775708998786085,0.12775665399239544,-2.057627965208606,68.42400448681997,0,0,0,1,10.6
CAR_71F1EB88,Renault,Megane,12 tce gt line 5d,2016,128.0,1352.0,1198.0,4.0,205.0,Front wheel drive,Naturally Aspirated,Petrol,Manual,196.3,124.0,0.09467455621301775,-2.3573099926832923,0.15162721893491124,-1.8863302774645012,106.84474123539232,0,0,0,1,10.3
CAR_D33CC5BB,Renault,Megane,12 tce gt line 5d,2016,128.0,1422.0,1198.0,4.0,205.0,Front wheel drive,Naturally Aspirated,Petrol,Manual,196.3,124.0,0.090014064697609,-2.407789346443569,0.1441631504922644,-1.936809631224778,106.84474123539232,0,0,0,1,10.6
CAR_D98F4197,Renault,Megane,12 16v tce dynamique tomtom 5d,2008,113.0,1205.0,1198.0,4.0,190.0,Front wheel drive,Naturally Aspirated,Petrol,Manual,189.9,119.0,0.0937759336099585,-2.366847027212415,0.15767634854771784,-1.8472107737642693,94.32387312186978,0,0,0,1,10.6
CAR_335EB328,Renault,Megane,12 16v tce gt line tomtom (start stop) 3d,2009,128.0,1263.0,1198.0,4.0,205.0,Front wheel drive,Naturally Aspirated,Petrol,Manual,199.6,124.0,0.10134600158353127,-2.289214858430874,0.1623119556611243,-1.818235143212083,106.84474123539232,0,0,0,1,9.5
CAR_8443EB15,Renault,Megane,12 16v tce dynamique nav 2d,2010,128.0,1547.0,1198.0,4.0,205.0,Front wheel drive,Naturally Aspirated,Petrol,Manual,199.6,145.0,0.08274078862314156,-2.492042586653449,0.13251454427925016,-2.021062871434658,106.84474123539232,0,0,0,1,10.6
CAR_AA6446D3,Renault,Megane,12 tce dynamique nav 5d,2009,113.0,1284.0,1198.0,4.0,190.0,Front wheel drive,Naturally Aspirated,Petrol,Manual,189.9,119.0,0.08800623052959501,-2.4303476655375658,0.14797507788161993,-1.9107114120894204,94.32387312186978,0,0,0,1,10.6
CAR_26A270AE,Renault,Megane,20 t 16v renaultsport (250bhp) (cupchass recaro) 3d,2010,246.0,1387.0,1998.0,4.0,340.0,Front wheel drive,Naturally Aspirated,Petrol,Manual,251.1,190.0,0.1773612112472963,-1.7295668843824687,0.24513338139870222,-1.4059528027046246,123.12312312312312,0,0,0,1,5.9
CAR_B18D26D8,Renault,Megane,14 16v alize 5d,1996,95.0,1090.0,1390.0,4.0,127.0,Front wheel drive,Naturally Aspirated,Petrol,Manual,183.5,156.0,0.0871559633027523,-2.4400560836226486,0.11651376146788991,-2.149745888764598,68.34532374100719,0,0,0,1,11.4
CAR_B23B86C9,Renault,Megane,14 16v 4d,1996,95.0,1090.0,1390.0,4.0,127.0,Front wheel drive,Naturally Aspirated,Petrol,Manual,188.3,156.0,0.0871559633027523,-2.4400560836226486,0.11651376146788991,-2.149745888764598,68.34532374100719,0,0,0,1,11.5
CAR_A51BD760,Renault,Megane,14 16v 2d,1996,95.0,1045.0,1390.0,4.0,127.0,Front wheel drive,Naturally Aspirated,Petrol,Manual,186.7,153.0,0.09090909090909091,-2.3978952727983707,0.1215311004784689,-2.1075850779403202,68.34532374100719,0,0,0,1,11.0
CAR_DBBED917,Renault,Megane,16 16v 2d,1997,110.0,1125.0,1598.0,4.0,148.0,Front wheel drive,Naturally Aspirated,Petrol,Manual,199.6,165.0,0.09777777777777778,-2.325057948846104,0.13155555555555556,-2.0283260408744055,68.8360450563204,0,0,0,1,9.8
CAR_789B4B7A,Renault,Megane,14 authentique 5d,2002,98.0,1165.0,1390.0,4.0,127.0,Front wheel drive,Naturally Aspirated,Petrol,Manual,183.5,164.0,0.08412017167381974,-2.475508887329229,0.10901287553648069,-2.2162892795412095,70.50359712230217,0,0,0,1,12.1
CAR_32A7B59E,Renault,Megane,14 dynamique 4d,2003,96.0,1190.0,1390.0,4.0,127.0,Front wheel drive,Naturally Aspirated,Petrol,Manual,185.1,164.0,0.08067226890756303,-2.517360394637739,0.10672268907563025,-2.237521499646984,69.06474820143886,0,0,0,1,12.3
CAR_021ABE63,Renault,Megane,14 dynamique 5d,2003,98.0,1210.0,1390.0,4.0,127.0,Front wheel drive,Naturally Aspirated,Petrol,Manual,180.2,165.0,0.08099173553719008,-2.513408159920215,0.10495867768595041,-2.2541885521321956,70.50359712230217,0,0,0,1,12.7
CAR_20316D94,Renault,Megane,16 vvt dynamique 2d,2003,115.0,1320.0,1598.0,4.0,152.0,Front wheel drive,Naturally Aspirated,Petrol,Manual,194.7,164.0,0.08712121212121213,-2.4404548872171663,0.11515151515151516,-2.16150649473414,71.96495619524406,0,0,0,1,11.4
CAR_2ED5A1CA,Renault,Megane,14 authentique 5d,2006,98.0,1165.0,1390.0,4.0,127.0,Front wheel drive,Naturally Aspirated,Petrol,Manual,183.5,165.0,0.08412017167381974,-2.475508887329229,0.10901287553648069,-2.2162892795412095,70.50359712230217,0,0,0,1,12.1
CAR_B386B3DD,Renault,Megane,14 dynamique 4d,2006,98.0,1190.0,1390.0,4.0,127.0,Front wheel drive,Naturally Aspirated,Petrol,Manual,185.1,164.0,0.08235294117647059,-2.496741107435003,0.10672268907563025,-2.237521499646984,70.50359712230217,0,0,0,1,12.3
CAR_4B5DCCA3,Renault,Megane,14 dynamique 5d,2006,98.0,1210.0,1390.0,4.0,127.0,Front wheel drive,Naturally Aspirated,Petrol,Manual,180.2,166.0,0.08099173553719008,-2.513408159920215,0.10495867768595041,-2.2541885521321956,70.50359712230217,0,0,0,1,12.7
CAR_905073D2,Renault,Megane,15 dci dynamique 2d,2006,104.0,1395.0,1461.0,4.0,240.0,Front wheel drive,Diesel,Diesel,Manual,189.9,133.0,0.07455197132616488,-2.5962587951140934,0.17204301075268819,-1.7600107709134747,71.18412046543463,0,0,0,1,11.8
CAR_5FE75BB0,Renault,Megane,20 t 16v renaultsport (225bhp) 3d,2006,221.0,1345.0,1998.0,4.0,300.0,Front wheel drive,Naturally Aspirated,Petrol,Manual,236.6,200.0,0.16431226765799256,-1.8059865905181867,0.22304832713754646,-1.5003668173797384,110.6106106106106,0,0,0,1,6.3
CAR_D2DA8ACA,Renault,Megane E Tech,ev60 160kw equilibre 60kwh optimum charge 5dr auto,2022,213.0,1708.0,1984.0,4.0,300.0,Front wheel drive,EV,Electric,Automatic,159.3,0.0,0.12470725995316159,-2.08178620863909,0.1756440281030445,-1.739295899692314,107.35887096774194,0,1,0,0,7.3
CAR_D9FD1802,Renault,Megane Scenic,16e rn 5d,1997,90.0,1220.0,1598.0,4.0,137.0,Front wheel drive,Naturally Aspirated,Petrol,Manual,170.6,193.0,0.07377049180327869,-2.606796467397037,0.11229508196721312,-2.186625211899177,56.32040050062578,0,0,0,1,13.3
CAR_673C4486,Renault,Modus,12 authentique 5d,2004,75.0,1120.0,1149.0,4.0,105.0,Front wheel drive,Naturally Aspirated,Petrol,Manual,162.5,145.0,0.06696428571428571,-2.70359585075283,0.09375,-2.367123614131617,65.27415143603133,0,0,0,1,13.1
CAR_986838A8,Renault,Rafale,e tech fhev iconic esprit alpine 5dr auto,2024,197.0,1666.0,1199.0,3.0,205.0,Front wheel drive,EV,Petrol/Electric Hybrid,Automatic,178.6,109.0,0.11824729891956783,-2.1349770939887995,0.12304921968787515,-2.09517084358838,164.30358632193494,0,1,0,0,8.6
CAR_99053C08,Renault,Safrane,20 16v 5d,1993,138.0,1450.0,1948.0,4.0,182.0,Front wheel drive,Naturally Aspirated,Petrol,Manual,207.6,214.0,0.09517241379310344,-2.3520651502574155,0.12551724137931033,-2.075312148337825,70.84188911704312,0,0,0,1,10.2
CAR_04ED1BAD,Renault,Scenic,12 tce (130bhp) dynamique nav 5d,2009,128.0,1410.0,1198.0,4.0,205.0,Front wheel drive,Naturally Aspirated,Petrol,Manual,189.9,140.0,0.09078014184397164,-2.3993147194525966,0.1453900709219858,-1.9283350042338059,106.84474123539232,0,0,0,1,11.0
CAR_D71ADE3E,Renault,Scenic,12 tce (130bhp) dynamique nav (bose pack) 5d,2013,128.0,1424.0,1198.0,4.0,205.0,Front wheel drive,Naturally Aspirated,Petrol,Manual,189.9,140.0,0.0898876404494382,-2.409194828052304,0.14396067415730338,-1.9382151128335128,106.84474123539232,0,0,0,1,11.0
CAR_F7F096D2,Renault,Scenic,14 16v 5d,1999,95.0,1235.0,1390.0,4.0,127.0,Front wheel drive,Naturally Aspirated,Petrol,Manual,172.2,168.0,0.07692307692307693,-2.5649493574615367,0.10283400809716599,-2.2746391626034863,68.34532374100719,0,0,0,1,12.5
CAR_95218631,Renault,Scenic,14 authentique (1006 1207) 5d (ac),2003,98.0,1320.0,1390.0,4.0,127.0,Front wheel drive,Naturally Aspirated,Petrol,Manual,173.8,176.0,0.07424242424242425,-2.6004195369098446,0.09621212121212121,-2.3411999291218253,70.50359712230217,0,0,0,1,13.8
CAR_58DC796E,Renault,Scenic E Tech,125kw techno 60kwh comfort range 5dr auto,2024,167.0,1817.0,1984.0,4.0,280.0,Front wheel drive,EV,Electric,Automatic,149.7,0.0,0.09190974133186572,-2.386948255979416,0.15410016510731975,-1.8701524652269217,84.17338709677419,0,1,0,0,8.3
CAR_8F5CBBDD,Renault,Sport Spider,sport spider 2d (2 seat),1996,150.0,1625.0,1998.0,4.0,200.0,Rear wheel drive,Naturally Aspirated,Petrol,Manual,215.7,268.0,0.09230769230769231,-2.382627800667582,0.12307692307692308,-2.094945728215801,75.07507507507508,0,0,0,1,6.7
CAR_082FEDCD,Renault,Symbioz,13 tce 140 techno 5dr,2024,138.0,1284.0,1333.0,4.0,310.0,Front wheel drive,EV,Petrol/Electric Hybrid,Manual,180.2,134.0,0.10747663551401869,-2.230481799092702,0.24143302180685358,-1.4211631867707146,103.5258814703676,0,1,0,1,10.8
CAR_4BF9EEA2,Renault,Twingo,12 16v bizu 3d,2007,73.0,950.0,1149.0,4.0,107.0,Front wheel drive,Naturally Aspirated,Petrol,Manual,169.0,119.0,0.07684210526315789,-2.5660025434461953,0.11263157894736842,-2.1836331501326804,63.53350739773716,0,0,0,1,11.6
CAR_27968D5A,Renault,Twingo,16 vvt gordini (133bhp) 3d,2008,131.0,1049.0,1598.0,4.0,160.0,Front wheel drive,Naturally Aspirated,Petrol,Manual,201.2,155.0,0.12488083889418494,-2.0803952851951455,0.15252621544327932,-1.8804187931624703,81.97747183979975,0,0,0,1,8.4
CAR_1C88239C,Renault,Twingo,09 tce dynamique (start stop) 5d,2014,88.0,943.0,898.0,3.0,135.0,Rear wheel drive,Naturally Aspirated,Petrol,Manual,165.8,99.0,0.09331919406150584,-2.3717294681552508,0.14316012725344646,-1.943791504195028,97.99554565701558,0,0,0,1,10.5
CAR_B1BC661B,Renault,Vel Satis,20 t 16v expression 5d,2002,165.0,1640.0,1998.0,4.0,250.0,Front wheel drive,Naturally Aspirated,Petrol,Manual,210.8,225.0,0.10060975609756098,-2.2965060469176635,0.1524390243902439,-1.8809906029559977,82.58258258258259,0,0,0,1,9.6
CAR_CE45CD98,Renault,Wind,12 tce collection 2d,2010,98.0,1131.0,1149.0,4.0,152.0,Front wheel drive,Naturally Aspirated,Petrol,Manual,189.9,145.0,0.08664898320070734,-2.4458899974455486,0.134394341290893,-2.006976955269844,85.29155787641427,0,0,0,1,10.2
CAR_C79D351C,Renault,Zoe,100kw gt edition r135 50kwh rapid charge 5dr auto,2012,134.0,1502.0,1984.0,4.0,245.0,Front wheel drive,EV,Electric,Automatic,140.0,0.0,0.08921438082556592,-2.4167130323731687,0.16311584553928096,-1.813294621779353,67.54032258064517,0,1,0,0,9.2
CAR_0675C857,Seat,Alhambra,14 tsi s 5d,2010,147.0,1755.0,1395.0,4.0,250.0,Front wheel drive,Turbocharged,Petrol,Manual,199.6,150.0,0.08376068376068375,-2.47979154912123,0.14245014245014245,-1.9487632180377197,105.3763440860215,0,0,1,1,9.6
CAR_EF8CB46E,Seat,Alhambra,18 t 20v s 5d (7 seat),2000,147.0,1749.0,1781.0,4.0,210.0,Front wheel drive,Naturally Aspirated,Petrol,Manual,199.6,228.0,0.08404802744425385,-2.4763668882398657,0.12006861063464837,-2.1196919443011333,82.53790005614823,0,0,0,1,10.6
CAR_4092A6E1,Seat,Alhambra,18 20vt gran via 5d (6 seat),1996,150.0,1754.0,1781.0,4.0,210.0,Front wheel drive,Naturally Aspirated,Petrol,Manual,193.1,242.0,0.08551881413911061,-2.4590188788358724,0.11972633979475485,-2.1225466422146595,84.22234699606963,0,0,0,1,11.5
CAR_2248F9C3,Seat,Altea,12 tsi ecomotive tech s 5d,2004,103.0,1360.0,1197.0,4.0,175.0,Front wheel drive,Turbocharged,Petrol,Manual,183.5,132.0,0.07573529411764705,-2.580510990500462,0.12867647058823528,-2.050454004806584,86.04845446950709,0,0,1,1,10.9
CAR_7AFBCAC2,Seat,Altea,12 tsi ecomotive tech s 5d,2007,103.0,1395.0,1197.0,4.0,175.0,Front wheel drive,Turbocharged,Petrol,Manual,183.5,132.0,0.07383512544802867,-2.6059207060258305,0.12544802867383512,-2.075863720331952,86.04845446950709,0,0,1,1,11.2
CAR_C140F912,Seat,Altea,20 tdi 5d,2007,167.0,1568.0,1968.0,4.0,350.0,4 wheel drive,Diesel,Diesel,Manual,204.4,179.0,0.10650510204081633,-2.239562388493598,0.22321428571428573,-1.4996230464268938,84.85772357723577,1,0,0,1,8.4
CAR_34479AE5,Seat,Arona,10 tsi 110 fr 5dr,2018,108.0,1140.0,999.0,3.0,200.0,Front wheel drive,Turbocharged,Petrol,Manual,189.9,121.0,0.09473684210526316,-2.356652314264321,0.17543859649122806,-1.7404661748405046,108.10810810810811,0,0,1,1,10.3
CAR_DCBC3170,Seat,Arosa,10 3d,1997,49.0,880.0,999.0,4.0,86.0,Front wheel drive,Naturally Aspirated,Petrol,Manual,151.3,139.0,0.05568181818181818,-2.8881016093616254,0.09772727272727273,-2.3255746112187445,49.049049049049046,0,0,0,1,17.1
CAR_4D58CB79,Seat,Ateca,10 tsi 115 ecomotive se 5d,2016,113.0,1270.0,999.0,3.0,200.0,Front wheel drive,Turbocharged,Petrol,Manual,183.5,147.0,0.08897637795275591,-2.4193843607402963,0.15748031496062992,-1.8484548129046003,113.11311311311312,0,0,1,1,10.4
CAR_BB8965C0,Seat,Cordoba,14 16v cools 4d,1999,75.0,1038.0,1390.0,4.0,126.0,Front wheel drive,Naturally Aspirated,Petrol,Manual,170.6,163.0,0.07225433526011561,-2.6275629501895232,0.12138728323699421,-2.108769156774356,53.9568345323741,0,0,0,1,12.5
CAR_6A9F6FA1,Seat,Cordoba,14 16v cools 5d,1999,75.0,1056.0,1390.0,4.0,126.0,Front wheel drive,Naturally Aspirated,Petrol,Manual,167.4,166.0,0.07102272727272728,-2.644755350729896,0.11931818181818182,-2.125961557314729,53.9568345323741,0,0,0,1,12.8
CAR_6BA20698,Seat,Cordoba,14 reference 4d,2003,73.0,1136.0,1390.0,4.0,126.0,Front wheel drive,Naturally Aspirated,Petrol,Manual,172.2,158.0,0.06426056338028169,-2.7448091581327057,0.11091549295774648,-2.1989866923296186,52.517985611510795,0,0,0,1,13.2
CAR_A30DE6AE,Seat,Cordoba,14 cls 4d,1994,60.0,1020.0,1391.0,4.0,116.0,Front wheel drive,Naturally Aspirated,Petrol,Manual,157.7,175.0,0.058823529411764705,-2.833213344056216,0.11372549019607843,-2.173967715171952,43.13443565780015,0,0,0,1,15.1
CAR_A19684B3,Seat,Cordoba,16 se 5d,1998,75.0,1045.0,1598.0,4.0,135.0,Front wheel drive,Naturally Aspirated,Petrol,Manual,165.8,175.0,0.07177033492822966,-2.634284050862601,0.1291866028708134,-2.046497385960482,46.933667083854814,0,0,0,1,12.9
CAR_DB41A240,Seat,Cordoba,16 sx 2d,1996,100.0,1050.0,1595.0,4.0,140.0,Front wheel drive,Naturally Aspirated,Petrol,Manual,186.7,165.0,0.09523809523809523,-2.3513752571634776,0.13333333333333333,-2.0149030205422647,62.695924764890286,0,0,0,1,10.5
CAR_0BA10BC3,Seat,Exeo,20 cr s (143bhp) 4d,2009,140.0,1430.0,1968.0,4.0,320.0,Front wheel drive,Diesel,Diesel,Manual,215.7,129.0,0.0979020979020979,-2.3237873006446486,0.22377622377622378,-1.4971087274601806,71.13821138211382,0,0,0,1,8.9
CAR_1E91B8C2,Seat,Exeo,20 cr s (143bhp) 5d,2009,140.0,1490.0,1968.0,4.0,320.0,Front wheel drive,Diesel,Diesel,Manual,209.2,132.0,0.09395973154362416,-2.3648889763302003,0.21476510067114093,-1.5382104031457327,71.13821138211382,0,0,0,1,9.3
CAR_CF7FFAC7,Seat,Ibiza,10 mpi fr 5dr,2017,78.0,1036.0,999.0,3.0,93.0,Front wheel drive,Naturally Aspirated,Petrol,Manual,172.2,125.0,0.07528957528957529,-2.5864135961298365,0.08976833976833977,-2.4105229296661723,78.07807807807808,0,0,0,1,14.8
CAR_3A227111,Seat,Ibiza,10 ecotsi (110bhp) fr technology 5d dsg,2008,108.0,1140.0,999.0,3.0,200.0,Front wheel drive,Turbocharged,Petrol,Automatic,196.3,102.0,0.09473684210526316,-2.356652314264321,0.17543859649122806,-1.7404661748405046,108.10810810810811,0,0,1,0,9.0
CAR_3B8C8763,Seat,Ibiza,10 e 3d,2008,73.0,1043.0,999.0,3.0,95.0,Front wheel drive,Naturally Aspirated,Petrol,Manual,172.2,118.0,0.06999041227229147,-2.6593970138523813,0.09108341323106424,-2.3959795634002314,73.07307307307308,0,0,0,1,13.8
CAR_07E69D8E,Seat,Ibiza,10 ecotsi (110bhp) fr hatchback 5d dsg,2009,108.0,1140.0,999.0,3.0,200.0,Front wheel drive,Turbocharged,Petrol,Automatic,196.3,102.0,0.09473684210526316,-2.356652314264321,0.17543859649122806,-1.7404661748405046,108.10810810810811,0,0,1,0,9.0
CAR_B7883409,Seat,Ibiza,14 tsi cupra sport coupe 3d dsg,2009,177.0,1259.0,1390.0,4.0,250.0,Front wheel drive,Turbocharged,Petrol,Automatic,228.5,139.0,0.14058776806989676,-1.961923301470518,0.19857029388403494,-1.6166121161821008,127.33812949640289,0,0,1,0,6.7
CAR_C2557803,Seat,Ibiza,10 ecotsi se 5d,2010,93.0,1145.0,999.0,3.0,160.0,Front wheel drive,Turbocharged,Petrol,Manual,191.5,98.0,0.08122270742358079,-2.510560422835084,0.13973799126637554,-1.9679861007545132,93.09309309309309,0,0,1,1,10.5
CAR_046297FF,Seat,Ibiza,14 cool 3d (00),1999,60.0,955.0,1391.0,4.0,116.0,Front wheel drive,Naturally Aspirated,Petrol,Manual,157.7,161.0,0.06282722513089005,-2.7673667782586295,0.12146596858638743,-2.1081211493743655,43.13443565780015,0,0,0,1,14.6
CAR_782483B3,Seat,Ibiza,12 3d,2002,63.0,1043.0,1198.0,3.0,112.0,Front wheel drive,Naturally Aspirated,Petrol,Manual,165.8,144.0,0.06040268456375839,-2.8067217286092396,0.10738255033557047,-2.231357583705678,52.58764607679466,0,0,0,1,14.4
CAR_E962B082,Seat,Ibiza,10 mpi e 3d,1993,50.0,910.0,998.0,4.0,86.0,Front wheel drive,Naturally Aspirated,Petrol,Manual,144.8,175.0,0.054945054945054944,-2.9014215940827497,0.0945054945054945,-2.359097303257388,50.100200400801604,0,0,0,1,18.8
CAR_689517B9,Seat,Leon,12 tsi (110bhp) s 5d,2013,108.0,1213.0,1197.0,4.0,175.0,Front wheel drive,Turbocharged,Petrol,Manual,194.7,114.0,0.08903544929925804,-2.4187206818198304,0.1442704039571311,-1.936065935020536,90.22556390977444,0,0,1,1,9.6
CAR_F9E1D525,Seat,Leon,12 tsi (110bhp) s 5d,2014,108.0,1247.0,1197.0,4.0,175.0,Front wheel drive,Turbocharged,Petrol,Manual,194.7,114.0,0.08660785886126704,-2.4463647185558166,0.14033680834001605,-1.9637099717565223,90.22556390977444,0,0,1,1,9.8
CAR_73ED33AE,Seat,Leon,10 etsi fr dsg 5d,2020,108.0,1260.0,999.0,3.0,200.0,Front wheel drive,Turbocharged,Petrol,Automatic,191.5,128.0,0.08571428571428572,-2.456735772821304,0.15873015873015872,-1.8405496333974871,108.10810810810811,0,0,1,0,10.3
CAR_7C645DBB,Seat,Leon,10 tsi evo fr 5dr,2020,108.0,1247.0,999.0,3.0,200.0,Front wheel drive,Turbocharged,Petrol,Manual,199.6,128.0,0.08660785886126704,-2.4463647185558166,0.16038492381716118,-1.8301785791319998,108.10810810810811,0,0,1,1,10.9
CAR_B365AB1E,Seat,Leon,12 tsi s (6 speed) 5d,2005,103.0,1280.0,1197.0,4.0,175.0,Front wheel drive,Turbocharged,Petrol,Manual,185.1,124.0,0.08046875,-2.519886368684027,0.13671875,-1.9898293829901488,86.04845446950709,0,0,1,1,10.6
CAR_AAF0793D,Seat,Leon,20 16v t fsi cupra 5d,2007,236.0,1375.0,1984.0,4.0,300.0,Front wheel drive,Naturally Aspirated,Petrol,Manual,246.2,199.0,0.17163636363636364,-1.7623772050750615,0.21818181818181817,-1.5224265354444706,118.95161290322581,0,0,0,1,6.2
CAR_C381861A,Seat,Leon,20 tsi cupra r (265bhp) 5d,2010,261.0,1450.0,1984.0,4.0,350.0,Front wheel drive,Turbocharged,Petrol,Manual,249.4,190.0,0.18,-1.7147984280919266,0.2413793103448276,-1.4213856809311607,131.55241935483872,0,0,1,1,6.0
CAR_5DE3C1E2,Seat,Leon,14 tsi fr 5d,2006,123.0,1324.0,1390.0,4.0,200.0,Front wheel drive,Turbocharged,Petrol,Manual,196.3,145.0,0.09290030211480363,-2.376228381124536,0.1510574018126888,-1.890095369948917,88.48920863309353,0,0,1,1,9.5
CAR_B02A3622,Seat,Leon,20 tsi cupra (290bhp) (sub8 pack) hatchback 5d,2014,285.0,1395.0,1984.0,4.0,350.0,Front wheel drive,Turbocharged,Petrol,Manual,249.4,156.0,0.20430107526881722,-1.5881605139868153,0.25089605734767023,-1.3827165397720067,143.6491935483871,0,0,1,1,5.6
CAR_F8FF7E0D,Seat,Leon,12 tsi (110bhp) s 3d,2013,108.0,1193.0,1197.0,4.0,175.0,Front wheel drive,Turbocharged,Petrol,Manual,194.7,114.0,0.09052808046940486,-2.4020951949736964,0.14668901927912825,-1.919440448174402,90.22556390977444,0,0,1,1,9.4
CAR_599ACB8E,Seat,Leon,20 tdi (184bhp) se technology (lux pack) 5d dsg,2014,181.0,1529.0,1968.0,4.0,380.0,4 wheel drive,Diesel,Diesel,Automatic,223.7,139.0,0.118378024852845,-2.1338721746632365,0.2485284499672989,-1.3921979532086308,91.97154471544715,1,0,0,0,6.9
CAR_4EE760D2,Seat,Leon,14 16v s 5d,2000,73.0,1190.0,1390.0,4.0,126.0,Front wheel drive,Naturally Aspirated,Petrol,Manual,169.0,163.0,0.06134453781512605,-2.791249144957184,0.10588235294117647,-2.245426679154097,52.517985611510795,0,0,0,1,14.1
CAR_2AB9DD27,Seat,Leon,18 20v (225ps) 5d,2002,221.0,1376.0,1781.0,4.0,280.0,Front wheel drive,Naturally Aspirated,Petrol,Manual,241.4,211.0,0.16061046511627908,-1.828773316975536,0.20348837209302326,-1.5921464153240394,124.08759124087592,0,0,0,1,6.7
CAR_A81F3A41,Seat,Mii,10 (75bhp) fr line 3d,2012,73.0,929.0,999.0,3.0,95.0,Front wheel drive,Naturally Aspirated,Petrol,Manual,170.6,102.0,0.07857911733046287,-2.5436492976654472,0.10226049515608181,-2.280231847213298,73.07307307307308,0,0,0,1,12.8
CAR_74AE427B,Seat,Mii Electric,83ps auto 5d,2019,81.0,1160.0,1984.0,4.0,212.0,Front wheel drive,EV,Electric,Automatic,130.4,0.0,0.06982758620689655,-2.6617261294279717,0.18275862068965518,-1.6995890094283979,40.82661290322581,0,1,0,0,11.9
CAR_BE89431E,Seat,Tarraco,14 ehybrid fr 5dr dsg,2018,241.0,1791.0,1395.0,4.0,250.0,Front wheel drive,Hybrid,Petrol Parallel PHEV,Automatic,204.4,42.0,0.13456169737576773,-2.0057324685700566,0.13958682300390843,-1.9690684841984654,172.75985663082437,0,0,0,0,7.3
CAR_93C64FE0,Seat,Toledo,12 e 5d,2013,73.0,1135.0,1198.0,3.0,112.0,Front wheel drive,Naturally Aspirated,Petrol,Manual,175.4,137.0,0.06431718061674009,-2.743928488767112,0.0986784140969163,-2.3158890586204084,60.934891485809686,0,0,0,1,13.5
CAR_B709E569,Seat,Toledo,16 4d,1999,100.0,1154.0,1595.0,4.0,145.0,Front wheel drive,Naturally Aspirated,Petrol,Manual,186.7,185.0,0.08665511265164645,-2.4458192610799534,0.12564991334488734,-2.0742557046474706,62.695924764890286,0,0,0,1,11.1
CAR_5E2EF4EB,Seat,Toledo,16 8v reference 5d,2005,100.0,1422.0,1595.0,4.0,148.0,Front wheel drive,Naturally Aspirated,Petrol,Manual,180.2,185.0,0.07032348804500703,-2.6546494243750947,0.10407876230661041,-2.2626073365990713,62.695924764890286,0,0,0,1,12.5
CAR_FEEFA1CD,Skoda,Citigo,10 mpi (75bhp) elegance 3d asg,2012,73.0,932.0,999.0,3.0,95.0,Front wheel drive,Naturally Aspirated,Petrol,Automatic,170.6,105.0,0.07832618025751073,-2.5468733735372,0.10193133047210301,-2.28345592308505,73.07307307307308,0,0,0,0,13.5
CAR_D368C53A,Skoda,Citigo E,61kw se 37kwh auto [40kw charger] 5d,2019,81.0,1160.0,1984.0,4.0,212.0,Front wheel drive,EV,Electric,Automatic,130.4,0.0,0.06982758620689655,-2.6617261294279717,0.18275862068965518,-1.6995890094283979,40.82661290322581,0,1,0,0,11.9
CAR_DBEA8325,Skoda,Elroq,125kw 50 se 55kwh 5dr auto,2024,167.0,1874.0,1984.0,4.0,310.0,Rear wheel drive,EV,Electric,Automatic,159.3,0.0,0.08911419423692636,-2.4178366503816124,0.16542155816435433,-1.7992581653191755,84.17338709677419,0,1,0,0,8.7
CAR_465A1AF4,Skoda,Elroq,250kw vrs 84kwh 4x4 5dr auto,2025,335.0,2151.0,1984.0,4.0,545.0,4 wheel drive,EV,Electric,Automatic,178.6,0.0,0.15574151557415156,-1.8595575974426637,0.2533705253370525,-1.372902334604486,168.8508064516129,1,1,0,0,5.2
CAR_6BB452F0,Skoda,Enyaq,125kw 50 55kwh 5dr auto,2021,167.0,1901.0,1984.0,4.0,310.0,Rear wheel drive,EV,Electric,Automatic,159.3,0.0,0.08784850078905838,-2.432141530071674,0.16307206733298263,-1.8135630450092373,84.17338709677419,0,1,0,0,8.8
CAR_74A3B36B,Skoda,Enyaq,150kw 80 loft 82kwh 5dr auto,2022,201.0,2044.0,1984.0,4.0,310.0,Rear wheel drive,EV,Electric,Automatic,159.3,0.0,0.09833659491193737,-2.3193590432645195,0.15166340508806261,-1.8860916538444032,101.31048387096774,0,1,0,0,8.2
CAR_452EEA90,Skoda,Fabia,10 mpi (60bhp) s 5d,2015,59.0,1005.0,999.0,3.0,95.0,Front wheel drive,Naturally Aspirated,Petrol,Manual,159.3,110.0,0.05870646766169154,-2.8352053765874565,0.0945273631840796,-2.3588659288926355,59.05905905905906,0,0,0,1,15.2
CAR_025A1643,Skoda,Fabia,10 mpi monte carlo 5d,2015,73.0,1004.0,999.0,3.0,95.0,Front wheel drive,Naturally Aspirated,Petrol,Manual,175.4,109.0,0.07270916334661355,-2.6212878591032833,0.0946215139442231,-2.3578704086511335,73.07307307307308,0,0,0,1,14.4
CAR_B1DDA3AE,Skoda,Fabia,10 mpi 80 colour edition 5dr,2021,78.0,1053.0,999.0,3.0,93.0,Front wheel drive,Naturally Aspirated,Petrol,Manual,173.8,118.0,0.07407407407407407,-2.6026896854443837,0.08831908831908832,-2.4267990189807196,78.07807807807808,0,0,0,1,15.2
CAR_629B476E,Skoda,Fabia,15 tsi 177 130 5dr dsg,2026,174.0,1195.0,1498.0,4.0,250.0,Front wheel drive,Turbocharged,Petrol,Automatic,226.9,124.0,0.14560669456066946,-1.926846165151082,0.20920502092050208,-1.5644405465033646,116.15487316421896,0,0,1,0,7.2
CAR_EB84CC62,Skoda,Fabia,12 1 5d,2007,60.0,1015.0,1198.0,3.0,108.0,Front wheel drive,Naturally Aspirated,Petrol,Manual,154.5,140.0,0.059113300492610835,-2.8282993292537872,0.10640394088669951,-2.240512664351668,50.08347245409015,0,0,0,1,16.0
CAR_6BE5B6DF,Skoda,Fabia,12 12v 1 5d,2008,70.0,1070.0,1198.0,3.0,112.0,Front wheel drive,Naturally Aspirated,Petrol,Manual,162.5,140.0,0.06542056074766354,-2.7269186854065928,0.10467289719626169,-2.256915056160857,58.43071786310518,0,0,0,1,14.6
CAR_423F90EE,Skoda,Fabia,14 tsi vrs estate 5d dsg,2010,177.0,1313.0,1390.0,4.0,250.0,Front wheel drive,Turbocharged,Petrol,Automatic,225.3,148.0,0.13480578827113482,-2.003920141728967,0.19040365575019041,-1.6586089564405497,127.33812949640289,0,0,1,0,7.1
CAR_C6B4171B,Skoda,Fabia,12 12v ambiente (64bhp) 5d,2000,64.0,1150.0,1198.0,3.0,112.0,Front wheel drive,Naturally Aspirated,Petrol,Manual,159.3,140.0,0.05565217391304348,-2.8886341379976237,0.09739130434782609,-2.329018350062201,53.42237061769616,0,0,0,1,15.4
CAR_180CDA1B,Skoda,Fabia,19 tdi pd (130bhp) 5d,2003,130.0,1315.0,1896.0,4.0,310.0,Front wheel drive,Diesel,Diesel,Manual,206.0,140.0,0.09885931558935361,-2.3140574941562826,0.23574144486692014,-1.445019647132673,68.56540084388186,0,0,0,1,9.2
CAR_949718F7,Skoda,Fabia,14 16v (75bhp) 4d auto,2001,75.0,1215.0,1390.0,4.0,126.0,Front wheel drive,Naturally Aspirated,Petrol,Automatic,165.8,182.0,0.06172839506172839,-2.7850112422383386,0.1037037037037037,-2.2662174488231708,53.9568345323741,0,0,0,0,16.7
CAR_033B3BD8,Skoda,Fabia,12 12v ambiente (64bhp) 5d,2001,64.0,1185.0,1198.0,3.0,112.0,Front wheel drive,Naturally Aspirated,Petrol,Manual,162.5,144.0,0.0540084388185654,-2.9186149702095596,0.09451476793248945,-2.358999182274137,53.42237061769616,0,0,0,1,15.8
CAR_781CA650,Skoda,Felicia,13 bohemia 5d,1994,68.0,985.0,1289.0,4.0,106.0,Front wheel drive,Naturally Aspirated,Petrol,Manual,162.5,160.0,0.06903553299492386,-2.673133935995982,0.10761421319796954,-2.2292025470600216,52.75407292474787,0,0,0,1,13.1
CAR_D193656C,Skoda,Felicia,13 bohemia 5d,1995,68.0,975.0,1289.0,4.0,106.0,Front wheel drive,Naturally Aspirated,Petrol,Manual,162.5,175.0,0.06974358974358974,-2.6629297658217403,0.10871794871794872,-2.21899837688578,52.75407292474787,0,0,0,1,13.6
CAR_0ACB7416,Skoda,Kamiq,10 tsi 110 monte carlo 5dr,2019,108.0,1168.0,999.0,3.0,200.0,Front wheel drive,Turbocharged,Petrol,Manual,197.9,129.0,0.09246575342465753,-2.3809169362639526,0.17123287671232876,-1.7647307968401358,108.10810810810811,0,0,1,1,10.0
CAR_77821EF2,Skoda,Karoq,10 tsi 110 se 5dr,2017,108.0,1284.0,999.0,3.0,200.0,Front wheel drive,Turbocharged,Petrol,Manual,188.3,133.0,0.08411214953271028,-2.4756042571256867,0.1557632398753894,-1.8594181177018698,108.10810810810811,0,0,1,1,10.7
CAR_0B61D624,Skoda,Kodiaq,15 tsi se 5dr,2017,147.0,1515.0,1498.0,4.0,250.0,Front wheel drive,Turbocharged,Petrol,Manual,206.0,150.0,0.09702970297029703,-2.3327381311647333,0.16501650165016502,-1.801709800081223,98.13084112149532,0,0,1,1,9.5
CAR_5BDF06FD,Skoda,Kodiaq,15 tsi e tec edition x 5dr dsg [7 seat],2024,147.0,1636.0,1498.0,4.0,250.0,Front wheel drive,Turbocharged,Petrol,Automatic,204.4,142.0,0.08985330073349633,-2.409576930383956,0.1528117359413203,-1.8785485993004458,98.13084112149532,0,0,1,0,9.6
CAR_AEE114ED,Skoda,Octavia,12 tsi (110bhp) s 5d,2013,108.0,1155.0,1197.0,4.0,175.0,Front wheel drive,Turbocharged,Petrol,Manual,199.6,114.0,0.09350649350649351,-2.3697243958316743,0.15151515151515152,-1.8870696490323797,90.22556390977444,0,0,1,1,9.9
CAR_B4624EE5,Skoda,Octavia,12 tsi (110bhp) s 5d,2013,108.0,1177.0,1197.0,4.0,175.0,Front wheel drive,Turbocharged,Petrol,Manual,196.3,114.0,0.09175870858113849,-2.388592880136057,0.14868309260832624,-1.9059381333367627,90.22556390977444,0,0,1,1,9.9
CAR_E9203C25,Skoda,Octavia,20 tdi 150ps 4x4 (0317 on) 5d,2014,147.0,1451.0,1968.0,4.0,340.0,4 wheel drive,Diesel,Diesel,Manual,207.6,130.0,0.10130944176430048,-2.2895756661054514,0.2343211578221916,-1.4510626352739808,74.69512195121952,1,0,0,1,8.8
CAR_0D4CAD81,Skoda,Octavia,10 tsi se 5dr,2020,108.0,1234.0,999.0,3.0,200.0,Front wheel drive,Turbocharged,Petrol,Manual,201.2,118.0,0.08752025931928688,-2.4358849773411135,0.1620745542949757,-1.8196988379172965,108.10810810810811,0,0,1,1,10.5
CAR_042676BA,Skoda,Octavia,10 tsi se 5dr,2020,108.0,1253.0,999.0,3.0,200.0,Front wheel drive,Turbocharged,Petrol,Manual,201.2,119.0,0.08619313647246608,-2.4511647277718485,0.1596169193934557,-1.8349785883480316,108.10810810810811,0,0,1,1,10.6
CAR_185C9EC5,Skoda,Octavia,14 tsi iv vrs 5dr dsg,2020,241.0,1619.0,1395.0,4.0,400.0,Front wheel drive,Turbocharged,Petrol Parallel PHEV,Automatic,223.7,27.0,0.14885731933292157,-1.90476702018698,0.24706609017912293,-1.398099406569653,172.75985663082437,0,0,1,0,6.8
CAR_4837E347,Skoda,Octavia,12 tsi s 5d,2004,103.0,1190.0,1197.0,4.0,175.0,Front wheel drive,Turbocharged,Petrol,Manual,191.5,134.0,0.0865546218487395,-2.446979597875939,0.14705882352941177,-1.916922612182061,86.04845446950709,0,0,1,1,10.5
CAR_819D4D56,Skoda,Octavia,12 tsi s 5d,2005,103.0,1205.0,1197.0,4.0,175.0,Front wheel drive,Turbocharged,Petrol,Manual,191.5,134.0,0.08547717842323652,-2.4595058576951194,0.14522821576763487,-1.9294488720012413,86.04845446950709,0,0,1,1,10.6
CAR_D6E6EBFD,Skoda,Octavia,18 tsi scout 4x4 (09) 5d,2007,157.0,1455.0,1798.0,4.0,250.0,4 wheel drive,Turbocharged,Petrol,Manual,210.8,182.0,0.10790378006872853,-2.2265153742572847,0.1718213058419244,-1.7613002617433464,87.31924360400444,1,0,1,1,8.1
CAR_B907FD21,Skoda,Octavia,20 tdi cr (170bhp) vrs estate 5d,2005,170.0,1445.0,1968.0,4.0,350.0,Front wheel drive,Diesel,Diesel,Manual,223.7,155.0,0.11764705882352941,-2.1400661634962708,0.2422145328719723,-1.4179314460630732,86.38211382113822,0,0,0,1,8.2
CAR_F40FB7D2,Skoda,Octavia,20 tdi cr vrs 4x4 estate 5d dsg,2013,181.0,1497.0,1968.0,4.0,380.0,4 wheel drive,Diesel,Diesel,Automatic,223.7,131.0,0.12090848363393454,-2.1127213531538027,0.25384101536406145,-1.371047131699197,91.97154471544715,1,0,0,0,7.5
CAR_6C906B24,Skoda,Octavia,14 classic 5d,1998,75.0,1305.0,1397.0,4.0,126.0,Front wheel drive,Naturally Aspirated,Petrol,Manual,170.6,163.0,0.05747126436781609,-2.856470206220483,0.09655172413793103,-2.337676412805316,53.686471009305656,0,0,0,1,14.8
CAR_923FF114,Skoda,Octavia,16 ambiente 5d,1998,102.0,1365.0,1595.0,4.0,148.0,Front wheel drive,Naturally Aspirated,Petrol,Manual,189.9,173.0,0.07472527472527472,-2.593936894334789,0.10842490842490843,-2.221697433854945,63.94984326018809,0,0,0,1,11.5
CAR_E3B8DFB3,Skoda,Octavia,18t vrs estate 5d,2001,180.0,1390.0,1781.0,4.0,235.0,Front wheel drive,Turbocharged,Petrol,Manual,230.1,192.0,0.12949640287769784,-2.044102175234527,0.16906474820143885,-1.7774735119805785,101.06681639528355,0,0,1,1,7.7
CAR_3A07AC82,Skoda,Rapid,12 tsi (105bhp) black edition 5d,2013,103.0,1095.0,1197.0,4.0,175.0,Front wheel drive,Turbocharged,Petrol,Manual,193.1,125.0,0.09406392694063927,-2.3637806540209656,0.1598173515981735,-1.8337236683270872,86.04845446950709,0,0,1,1,9.9
CAR_F60EE1C0,Skoda,Rapid,12 mpi s 5d,2012,73.0,1065.0,1198.0,3.0,112.0,Front wheel drive,Naturally Aspirated,Petrol,Manual,175.4,137.0,0.06854460093896714,-2.680270636995134,0.10516431924882629,-2.252231206848431,60.934891485809686,0,0,0,1,13.5
CAR_611FB907,Skoda,Roomster,12 12v 1 5d,2006,70.0,1150.0,1198.0,3.0,112.0,Front wheel drive,Naturally Aspirated,Petrol,Manual,157.7,159.0,0.06086956521739131,-2.7990219793079367,0.09739130434782609,-2.329018350062201,58.43071786310518,0,0,0,1,15.4
CAR_205C6FCD,Skoda,Scala,10 tsi 110 monte carlo 5dr,2019,108.0,1153.0,999.0,3.0,200.0,Front wheel drive,Turbocharged,Petrol,Manual,202.8,124.0,0.09366869037294015,-2.3679912931448395,0.17346053772766695,-1.7518051537210224,108.10810810810811,0,0,1,1,9.8
CAR_8ED2E9D0,Skoda,Superb,14 tsi (150bhp) se 5d,2015,147.0,1360.0,1395.0,4.0,250.0,Front wheel drive,Turbocharged,Petrol,Manual,220.5,119.0,0.10808823529411765,-2.2248073919513613,0.18382352941176472,-1.6937790608678511,105.3763440860215,0,0,1,1,8.3
CAR_8C2D6861,Skoda,Superb,14 tsi (150bhp) se 5d,2015,147.0,1385.0,1395.0,4.0,250.0,Front wheel drive,Turbocharged,Petrol,Manual,217.3,121.0,0.10613718411552346,-2.2430228318427026,0.18050541516245489,-1.7119945007591924,105.3763440860215,0,0,1,1,8.4
CAR_F7597529,Skoda,Superb,15 tsi e tec se l 5dr dsg,2024,147.0,1501.0,1498.0,4.0,250.0,Front wheel drive,Turbocharged,Petrol,Automatic,220.5,122.0,0.09793471019320453,-2.3234542448547257,0.1665556295802798,-1.7924259137712155,98.13084112149532,0,0,1,0,9.0
CAR_624FA402,Skoda,Superb,15 tsi e tec se l 5dr dsg,2024,147.0,1490.0,1498.0,4.0,250.0,Front wheel drive,Turbocharged,Petrol,Automatic,223.7,120.0,0.09865771812080537,-2.3160988121607686,0.16778523489932887,-1.7850704810772584,98.13084112149532,0,0,1,0,8.9
CAR_AF7181C8,Skoda,Superb,15 tsi iv laurin klement dsg 5dr,2024,201.0,1778.0,1498.0,4.0,250.0,Front wheel drive,Hybrid,Petrol Parallel PHEV,Automatic,218.9,31.0,0.11304836895388076,-2.1799395080147743,0.140607424071991,-1.9617834982116034,134.1789052069426,0,0,0,0,7.8
CAR_7ADE3016,Skoda,Superb,14 tsi s (0713 ) 5d,2010,123.0,1414.0,1390.0,4.0,200.0,Front wheel drive,Turbocharged,Petrol,Manual,202.8,142.0,0.086987270155587,-2.4419934910841006,0.14144271570014144,-1.9558604799084813,88.48920863309353,0,0,1,1,10.3
CAR_03459E71,Skoda,Superb,14 tsi s (0713 ) 5d,2008,123.0,1392.0,1390.0,4.0,200.0,Front wheel drive,Turbocharged,Petrol,Manual,204.4,138.0,0.08836206896551724,-2.4263124855219473,0.14367816091954022,-1.9401794743463283,88.48920863309353,0,0,1,1,10.2
CAR_9771D786,Skoda,Superb,18t classic 4d,2002,150.0,1540.0,1781.0,4.0,210.0,Front wheel drive,Naturally Aspirated,Petrol,Manual,215.7,199.0,0.09740259740259741,-2.328902401311419,0.13636363636363635,-1.9924301646902063,84.22234699606963,0,0,0,1,9.2
CAR_0E6F7AD3,Skoda,Yeti,12 tsi (110bhp) monte carlo 5d,2009,108.0,1265.0,1197.0,4.0,175.0,Front wheel drive,Turbocharged,Petrol,Manual,178.6,128.0,0.08537549407114625,-2.460696174037401,0.1383399209486166,-1.9780414272381066,90.22556390977444,0,0,1,1,10.6
CAR_C3C421AA,Subaru,B9 Tribeca,30 s5 5d auto,2006,241.0,1895.0,3000.0,6.0,297.0,4 wheel drive,Naturally Aspirated,Petrol,Automatic,194.7,291.0,0.12717678100263852,-2.0621771840258716,0.15672823218997362,-1.853241978713827,80.33333333333333,1,0,0,0,9.4
CAR_BA6EF9E3,Subaru,Brz,20i se (nav) 2d,2012,197.0,1231.0,1998.0,4.0,205.0,Rear wheel drive,Naturally Aspirated,Petrol,Manual,225.3,181.0,0.16003249390739235,-1.8323783974464651,0.16653127538586515,-1.7925721470460454,98.5985985985986,0,0,0,1,7.4
CAR_1F3FC5B0,Subaru,Forester,20i e boxer sport 5dr lineartronic,2020,147.0,1677.0,1995.0,4.0,194.0,4 wheel drive,EV,Petrol/Electric Hybrid,Automatic,188.3,185.0,0.08765652951699464,-2.4343291750444727,0.11568276684555755,-2.1569036027598805,73.68421052631578,1,1,0,0,11.4
CAR_875FACD3,Subaru,Forester,20i e boxer field 5dr lineartronic,2025,134.0,1707.0,1995.0,4.0,182.0,4 wheel drive,EV,Petrol/Electric Hybrid,Automatic,186.7,183.0,0.07850029291154072,-2.5446529228435293,0.10661980082015231,-2.2384860357176453,67.16791979949875,1,1,0,0,11.8
CAR_C77387B6,Subaru,Forester,20 x 5d,2008,147.0,1465.0,1995.0,4.0,198.0,4 wheel drive,Naturally Aspirated,Petrol,Manual,185.1,173.0,0.10034129692832765,-2.2991779346724313,0.13515358361774743,-2.0013434907566325,73.68421052631578,1,0,0,1,10.6
CAR_783AD572,Subaru,Forester,20 xe 5d,2013,147.0,1488.0,1995.0,4.0,198.0,4 wheel drive,Naturally Aspirated,Petrol,Manual,189.9,160.0,0.09879032258064516,-2.314755628614301,0.13306451612903225,-2.016921184698502,73.68421052631578,1,0,0,1,10.3
CAR_59D826CF,Subaru,Forester,20 awd 5d,1997,123.0,1360.0,1994.0,4.0,184.0,4 wheel drive,Naturally Aspirated,Petrol,Manual,178.6,214.0,0.09044117647058823,-2.4030556233576803,0.13529411764705881,-2.000304221121112,61.68505516549649,1,0,0,1,10.3
CAR_BADE77F4,Subaru,Forester,20 awd s turbo 5d,2002,174.0,1420.0,1994.0,4.0,245.0,4 wheel drive,Turbocharged,Petrol,Manual,197.9,251.0,0.12253521126760564,-2.099356851380777,0.17253521126760563,-1.7571539400505796,87.2617853560682,1,0,1,1,7.7
CAR_7AB1D6FE,Subaru,Impreza,16i se lineartronic auto 5d,2017,112.0,1376.0,1600.0,4.0,150.0,4 wheel drive,Naturally Aspirated,Petrol,Automatic,180.2,177.0,0.08139534883720931,-2.5084371471981943,0.10901162790697674,-2.2163007243970334,70.0,1,0,0,0,12.0
CAR_FD00C810,Subaru,Impreza,15 r (c pack) 5d,2007,105.0,1310.0,1498.0,4.0,142.0,4 wheel drive,Naturally Aspirated,Petrol,Manual,175.4,176.0,0.08015267175572519,-2.523822066037674,0.1083969465648855,-2.2219553585939367,70.09345794392523,1,0,0,1,13.6
CAR_B293D070,Subaru,Impreza,16i rc 5d,2014,112.0,1320.0,1600.0,4.0,150.0,4 wheel drive,Naturally Aspirated,Petrol,Manual,185.1,147.0,0.08484848484848485,-2.466888144285322,0.11363636363636363,-2.174751721484161,70.0,1,0,0,1,11.9
CAR_FA2B62AD,Subaru,Impreza,20 gx 4wd 4d,2000,124.0,1300.0,1998.0,4.0,184.0,4 wheel drive,Naturally Aspirated,Petrol,Manual,185.1,227.0,0.09538461538461539,-2.349837977844591,0.14153846153846153,-1.9551837858406425,62.06206206206206,1,0,0,1,9.5
CAR_B9E58E28,Subaru,Impreza,16 ts 4wd 5d,2000,94.0,1285.0,1597.0,4.0,143.0,4 wheel drive,Naturally Aspirated,Petrol,Manual,169.0,210.0,0.07315175097276265,-2.6152192150593163,0.111284046692607,-2.1956693670694127,58.860363180964306,1,0,0,1,12.5
CAR_D2DF39B6,Subaru,Impreza,20 r sport 4d,2005,157.0,1315.0,1994.0,4.0,186.0,4 wheel drive,Naturally Aspirated,Petrol,Manual,209.2,214.0,0.11939163498098859,-2.125346139263557,0.1414448669201521,-1.9558452708986636,78.73620862587764,1,0,0,1,8.5
CAR_249AF706,Subaru,Impreza,15 r 5d,2005,103.0,1310.0,1498.0,4.0,142.0,4 wheel drive,Naturally Aspirated,Petrol,Manual,175.4,184.0,0.07862595419847328,-2.5430534279655617,0.1083969465648855,-2.2219553585939367,68.75834445927904,1,0,0,1,13.3
CAR_60F1B535,Subaru,Impreza,25 wrx sti 330s 5d,2008,325.0,1505.0,2457.0,4.0,470.0,4 wheel drive,Turbocharged,Petrol,Manual,249.4,281.0,0.2159468438538206,-1.5327229948532386,0.3122923588039867,-1.1638154824788718,132.27513227513228,1,0,1,1,4.6
CAR_8850F11F,Subaru,Justy,13 gx 4wd 3d,1996,67.0,895.0,1298.0,4.0,100.0,4 wheel drive,Naturally Aspirated,Petrol,Manual,154.5,165.0,0.07486033519553073,-2.5921310988838893,0.11173184357541899,-2.191653532286764,51.61787365177196,1,0,0,1,13.6
CAR_65064257,Subaru,Justy,10 r 5d,2007,68.0,890.0,998.0,3.0,94.0,Front wheel drive,Naturally Aspirated,Petrol,Manual,159.3,118.0,0.07640449438202247,-2.571713757550079,0.10561797752808989,-2.2479266804561817,68.13627254509018,0,0,0,1,13.5
CAR_2442F74F,Subaru,Legacy,20 r (150bhp) 4d,2003,147.0,1375.0,1994.0,4.0,196.0,4 wheel drive,Naturally Aspirated,Petrol,Manual,209.2,202.0,0.10690909090909091,-2.2357764233219353,0.14254545454545456,-1.9480943508701543,73.72116349047141,1,0,0,1,9.7
CAR_DA4830BE,Subaru,Legacy,20d s 5d,2009,147.0,1558.0,1998.0,4.0,350.0,4 wheel drive,Diesel,Diesel,Manual,202.8,149.0,0.09435173299101413,-2.360725639651957,0.2246469833119384,-1.4932250719472342,73.57357357357357,1,0,0,1,9.3
CAR_0F169321,Subaru,Legacy,20 gl 4d,1999,123.0,1390.0,1994.0,4.0,184.0,4 wheel drive,Naturally Aspirated,Petrol,Manual,193.1,209.0,0.08848920863309352,-2.42487467075232,0.13237410071942446,-2.022123268515752,61.68505516549649,1,0,0,1,10.4
CAR_13FE9A1C,Subaru,Legacy,20 gl 5d,1998,123.0,1435.0,1994.0,4.0,184.0,4 wheel drive,Naturally Aspirated,Petrol,Manual,188.3,217.0,0.08571428571428572,-2.456735772821304,0.12822299651567945,-2.0539843705847356,61.68505516549649,1,0,0,1,10.7
CAR_CECF8C1C,Subaru,Legacy,20 r (150) 5d auto,2003,147.0,1420.0,1994.0,4.0,196.0,4 wheel drive,Naturally Aspirated,Petrol,Automatic,191.5,200.0,0.10352112676056338,-2.2679795638165703,0.13802816901408452,-1.980297491364789,73.72116349047141,1,0,0,0,11.2
CAR_5CEE1404,Subaru,Levorg,16 gt 5d lineartronic,2015,167.0,1568.0,1600.0,4.0,250.0,4 wheel drive,Naturally Aspirated,Petrol,Automatic,209.2,164.0,0.10650510204081633,-2.239562388493598,0.15943877551020408,-1.8360952830481068,104.375,1,0,0,0,8.6
CAR_FD2ECE8C,Subaru,Outback,20d se 5d,2015,147.0,1622.0,1998.0,4.0,350.0,4 wheel drive,Diesel,Diesel,Manual,191.5,145.0,0.0906288532675709,-2.400982647896622,0.2157829839704069,-1.533482080191899,73.57357357357357,1,0,0,1,9.4
CAR_4E5FAD8F,Subaru,Outback,25i field 5dr lineartronic,2021,166.0,1646.0,2498.0,4.0,252.0,4 wheel drive,Naturally Aspirated,Petrol,Automatic,193.1,193.0,0.10085054678007291,-2.294115592880472,0.15309842041312272,-1.8766742937255918,66.45316253002402,1,0,0,0,9.9
CAR_14370238,Subaru,Outback,20d s outback 5d,2009,147.0,1573.0,1998.0,4.0,350.0,4 wheel drive,Diesel,Diesel,Manual,194.7,155.0,0.09345200254291164,-2.3703073162795416,0.22250476795931343,-1.5028067485748184,73.57357357357357,1,0,0,1,9.4
CAR_B043150F,Subaru,Outback,20d r outback 5d,2003,147.0,1505.0,1998.0,4.0,350.0,4 wheel drive,Diesel,Diesel,Manual,199.6,153.0,0.09767441860465116,-2.32611559040424,0.23255813953488372,-1.4586150226995167,73.57357357357357,1,0,0,1,8.9
CAR_272CB502,Subaru,Solterra,150kw limited 714kwh 5dr auto awd,2022,214.0,2015.0,1984.0,4.0,336.0,4 wheel drive,EV,Electric,Automatic,160.9,0.0,0.10620347394540942,-2.242398459358932,0.16674937965260547,-1.7912633144175791,107.86290322580645,1,1,0,0,6.9
CAR_02BD68C1,Subaru,Wrx,25 wrx sti type uk  hatchback 5d,2010,295.0,1505.0,2457.0,4.0,407.0,4 wheel drive,Turbocharged,Petrol,Manual,249.4,243.0,0.19601328903654486,-1.6295728208431561,0.27043189368770765,-1.307734991740381,120.06512006512007,1,0,1,1,5.0
CAR_A72772C7,Subaru,Wrx,25 wrx sti type uk 4d,2014,295.0,1516.0,2457.0,4.0,407.0,4 wheel drive,Turbocharged,Petrol,Manual,255.9,242.0,0.1945910290237467,-1.636855209862497,0.2684696569920844,-1.315017380759722,120.06512006512007,1,0,1,1,5.0
CAR_9DADEEAE,Subaru,Xv,16i se lineartronic auto 5d,2017,112.0,1408.0,1600.0,4.0,150.0,4 wheel drive,Naturally Aspirated,Petrol,Automatic,175.4,180.0,0.07954545454545454,-2.531426665422893,0.10653409090909091,-2.239290242621732,70.0,1,0,0,0,13.5
CAR_D5C299C5,Subaru,Xv,16i s (nav) 5d,2012,112.0,1350.0,1600.0,4.0,150.0,4 wheel drive,Naturally Aspirated,Petrol,Manual,178.6,151.0,0.08296296296296296,-2.4893610001373805,0.1111111111111111,-2.1972245773362196,70.0,1,0,0,1,12.7
CAR_DAFBFCDA,Toyota,Auris,133 dual vvti colour collection (nav) 5d,2007,99.0,1250.0,1329.0,4.0,132.0,Front wheel drive,Naturally Aspirated,Petrol,Manual,175.4,136.0,0.0792,-2.5357789801617567,0.1056,-2.248096907709976,74.4920993227991,0,0,0,1,12.7
CAR_F308C753,Toyota,Auris,12t business edition 5d,2012,114.0,1350.0,1197.0,4.0,185.0,Front wheel drive,Naturally Aspirated,Petrol,Manual,199.6,112.0,0.08444444444444445,-2.4716614230379794,0.13703703703703704,-1.9875040463541502,95.23809523809523,0,0,0,1,9.8
CAR_87AC684B,Toyota,Auris,12t business edition 5d,2013,114.0,1400.0,1197.0,4.0,185.0,Front wheel drive,Naturally Aspirated,Petrol,Manual,199.6,112.0,0.08142857142857143,-2.5080290672088545,0.13214285714285715,-2.0238716905250254,95.23809523809523,0,0,0,1,10.1
CAR_6B3B333C,Toyota,Avensis,16 v matic t2 4d,2009,130.0,1365.0,1598.0,4.0,160.0,Front wheel drive,Naturally Aspirated,Petrol,Manual,199.6,152.0,0.09523809523809523,-2.3513752571634776,0.11721611721611722,-2.143735892385233,81.35168961201501,0,0,0,1,10.1
CAR_166B4C60,Toyota,Avensis,16 v matic t2 5d,2009,130.0,1400.0,1598.0,4.0,160.0,Front wheel drive,Naturally Aspirated,Petrol,Manual,194.7,153.0,0.09285714285714286,-2.3766930651477676,0.11428571428571428,-2.169053700369523,81.35168961201501,0,0,0,1,10.3
CAR_9BAED6C0,Toyota,Avensis,16d active 5d,2015,110.0,1460.0,1598.0,4.0,270.0,Front wheel drive,Diesel,Diesel,Manual,185.1,109.0,0.07534246575342465,-2.585711348909966,0.18493150684931506,-1.6877697557040074,68.8360450563204,0,0,0,1,11.3
CAR_F04A9E81,Toyota,Avensis,16 gs 5d,1997,99.0,1305.0,1587.0,4.0,136.0,Front wheel drive,Naturally Aspirated,Petrol,Manual,181.9,174.0,0.07586206896551724,-2.578838469622204,0.10421455938697317,-2.261303434020742,62.38185255198488,0,0,0,1,12.5
CAR_82087073,Toyota,Avensis,16 le 4d,1997,99.0,1195.0,1587.0,4.0,136.0,Front wheel drive,Naturally Aspirated,Petrol,Manual,181.9,169.0,0.08284518828451883,-2.4907816142310213,0.11380753138075314,-2.173246578629559,62.38185255198488,0,0,0,1,12.5
CAR_FE0E66B7,Toyota,Avensis,18 gs 5d,1997,108.0,1325.0,1762.0,4.0,155.0,Front wheel drive,Naturally Aspirated,Petrol,Manual,185.1,185.0,0.08150943396226415,-2.507036511296103,0.1169811320754717,-2.1457426215010758,61.29398410896708,0,0,0,1,11.0
CAR_04A42EBD,Toyota,Avensis,18 vvt i colour collection 5d,2003,127.0,1245.0,1794.0,4.0,170.0,Front wheel drive,Naturally Aspirated,Petrol,Manual,199.6,171.0,0.10200803212851406,-2.2827037224402167,0.13654618473895583,-1.9910923718485463,70.79152731326644,0,0,0,1,9.7
CAR_9CDBD77C,Toyota,Avensis,18 vvt i colour collection 4d,2003,127.0,1245.0,1794.0,4.0,170.0,Front wheel drive,Naturally Aspirated,Petrol,Manual,199.6,171.0,0.10200803212851406,-2.2827037224402167,0.13654618473895583,-1.9910923718485463,70.79152731326644,0,0,0,1,9.7
CAR_FB5ED282,Toyota,Avensis,18 vvt i t3 s 5d,2003,127.0,1295.0,1794.0,4.0,170.0,Front wheel drive,Naturally Aspirated,Petrol,Manual,194.7,172.0,0.09806949806949807,-2.322078887675047,0.13127413127413126,-2.0304675370833762,70.79152731326644,0,0,0,1,11.0
CAR_00CA0696,Toyota,Avensis Verso,20 d 4d gls 5d,2001,113.0,1645.0,1995.0,4.0,350.0,Front wheel drive,Diesel,Diesel,Manual,180.2,173.0,0.06869300911854104,-2.6781078444871316,0.2127659574468085,-1.547562508716013,56.64160401002506,0,0,0,1,12.1
CAR_68C13D09,Toyota,Aygo,10 vvt i jbl edition 5d,2014,70.0,840.0,998.0,3.0,93.0,Front wheel drive,Naturally Aspirated,Petrol,Manual,159.3,114.0,0.08333333333333333,-2.4849066497880004,0.11071428571428571,-2.2008023986841034,70.14028056112224,0,0,0,1,13.4
CAR_F5EF68F7,Toyota,Aygo,10 vvt i air edition 5dr,2021,70.0,950.0,998.0,3.0,93.0,Front wheel drive,Naturally Aspirated,Petrol,Manual,157.7,110.0,0.07368421052631578,-2.6079667425452278,0.09789473684210526,-2.323862491441331,70.14028056112224,0,0,0,1,14.4
CAR_7E2681BE,Toyota,Aygo,15 hybrid design 5dr cvt,2026,114.0,1095.0,1490.0,3.0,120.0,Front wheel drive,EV,Petrol/Electric Hybrid,Automatic,172.2,84.0,0.10410958904109589,-2.262311193856106,0.1095890410958904,-2.211017899468555,76.51006711409396,0,1,0,0,8.9
CAR_A597C9DA,Toyota,Aygo,10 vvt i (0312 ) 3d,2005,68.0,800.0,998.0,3.0,93.0,Front wheel drive,Naturally Aspirated,Petrol,Manual,157.7,99.0,0.085,-2.4651040224918206,0.11625,-2.1520122345146713,68.13627254509018,0,0,0,1,13.7
CAR_73B17352,Toyota,Bz4X,123kw icon 58kwh 5dr auto,2021,164.0,1850.0,1984.0,4.0,269.0,Front wheel drive,EV,Electric,Automatic,140.0,0.0,0.08864864864864865,-2.423074490248172,0.14540540540540542,-1.9282295384705312,82.66129032258064,0,1,0,0,8.3
CAR_77EA7B82,Toyota,C Hr,18 hybrid dynamic limited edition cvt 5d,2017,120.0,1420.0,1798.0,4.0,142.0,Front wheel drive,EV,Petrol/Electric Hybrid,Automatic,169.0,87.0,0.08450704225352113,-2.4709204078132605,0.1,-2.3025850929940455,66.74082313681869,0,1,0,0,10.6
CAR_A8DFF3B6,Toyota,C Hr,18 hybrid design 5dr cvt,2024,138.0,1435.0,1798.0,4.0,185.0,Front wheel drive,EV,Petrol/Electric Hybrid,Automatic,175.4,101.0,0.09616724738675958,-2.341666443036517,0.1289198606271777,-2.0485643031153966,76.7519466073415,0,1,0,0,9.3
CAR_F2AB9CE3,Toyota,C Hr Plus,123kw icon 58kwh 5dr auto,2026,164.0,1810.0,1984.0,4.0,269.0,Front wheel drive,EV,Electric,Automatic,138.4,0.0,0.09060773480662983,-2.4012156964356732,0.14861878453038674,-1.9063707446580322,82.66129032258064,0,1,0,0,8.1
CAR_66F73727,Toyota,Camry,25 vvt i hybrid design 4dr cvt,2019,218.0,1595.0,2487.0,4.0,221.0,Front wheel drive,EV,Petrol/Electric Hybrid,Automatic,178.6,120.0,0.13667711598746082,-1.9901339524298558,0.13855799373040753,-1.9764663137011922,87.65581021310815,0,1,0,0,8.0
CAR_2B336829,Toyota,Camry,22 16v sport 4d,1996,128.0,1385.0,2164.0,4.0,194.0,Front wheel drive,Naturally Aspirated,Petrol,Manual,196.3,214.0,0.09241877256317689,-2.3814251547018217,0.14007220216606497,-1.9655972595581108,59.14972273567467,0,0,0,1,10.1
CAR_54F6E776,Toyota,Camry,24 vvti cdx 4d,2001,150.0,1470.0,2362.0,4.0,218.0,Front wheel drive,Naturally Aspirated,Petrol,Manual,209.2,206.0,0.10204081632653061,-2.2823823856765264,0.14829931972789115,-1.908522616983693,63.505503810330225,0,0,0,1,9.1
CAR_BF924005,Toyota,Carina E,16 cd 5d,1992,98.0,1190.0,1587.0,4.0,200.0,Front wheel drive,Naturally Aspirated,Petrol,Manual,177.0,175.0,0.08235294117647059,-2.496741107435003,0.16806722689075632,-1.7833912195575383,61.751732829237554,0,0,0,1,12.9
CAR_13D62620,Toyota,Carina E,16 cd 4d,1992,106.0,1190.0,1587.0,4.0,200.0,Front wheel drive,Naturally Aspirated,Petrol,Manual,189.9,175.0,0.08907563025210084,-2.4182694919935077,0.16806722689075632,-1.7833912195575383,66.79269061121613,0,0,0,1,10.8
CAR_34E9E508,Toyota,Carina E,16 charisma plus 5d,1993,106.0,1190.0,1587.0,4.0,200.0,Front wheel drive,Naturally Aspirated,Petrol,Manual,189.9,175.0,0.08907563025210084,-2.4182694919935077,0.16806722689075632,-1.7833912195575383,66.79269061121613,0,0,0,1,10.8
CAR_D495BD17,Toyota,Celica,18 vvtli gt 3d,1999,189.0,1145.0,1796.0,4.0,180.0,Front wheel drive,Naturally Aspirated,Petrol,Manual,225.3,200.0,0.16506550218340613,-1.8014129009286977,0.1572052401746725,-1.8502030650981296,105.23385300668151,0,0,0,1,7.2
CAR_A1B02071,Toyota,Celica,25th anniversary 3d,1994,114.0,1170.0,1762.0,4.0,155.0,Front wheel drive,Naturally Aspirated,Petrol,Manual,199.6,186.0,0.09743589743589744,-2.3285605793973065,0.13247863247863248,-2.021333910872555,64.69920544835415,0,0,0,1,10.0
CAR_3CA6FE7C,Toyota,Celica,20 2d,1994,168.0,1295.0,1998.0,4.0,186.0,Front wheel drive,Naturally Aspirated,Petrol,Manual,215.7,223.0,0.12972972972972974,-2.042301994730379,0.14362934362934363,-1.9405193004204369,84.08408408408408,0,0,0,1,8.5
CAR_5BF03DE0,Toyota,Corolla,18 hybrid design 5dr cvt,2019,138.0,1345.0,1798.0,4.0,142.0,Front wheel drive,EV,Petrol/Electric Hybrid,Automatic,180.2,104.0,0.10260223048327137,-2.276895606878735,0.10557620817843866,-2.2483222344346787,76.7519466073415,0,1,0,0,8.8
CAR_6371DED2,Toyota,Corolla,18 hybrid design 5dr cvt,2019,138.0,1400.0,1798.0,4.0,142.0,Front wheel drive,EV,Petrol/Electric Hybrid,Automatic,180.2,106.0,0.09857142857142857,-2.316973830446145,0.10142857142857142,-2.2884004580020894,76.7519466073415,0,1,0,0,9.1
CAR_84D387E4,Toyota,Corolla,18 vvt i hybrid 122hp auto 5d,2019,120.0,1300.0,1798.0,4.0,142.0,Front wheel drive,EV,Petrol/Electric Hybrid,Automatic,180.2,113.0,0.09230769230769231,-2.382627800667582,0.10923076923076923,-2.2142924858483672,66.74082313681869,0,1,0,0,10.7
CAR_6BFEF162,Toyota,Corolla,design 18 vvt i hybrid auto 4d,2019,120.0,1310.0,1798.0,4.0,142.0,Front wheel drive,EV,Petrol/Electric Hybrid,Automatic,180.2,110.0,0.0916030534351145,-2.3902906734131513,0.1083969465648855,-2.2219553585939367,66.74082313681869,0,1,0,0,10.6
CAR_64800B1D,Toyota,Corolla,13 cd 3d auto,1997,85.0,1155.0,1332.0,4.0,120.0,Front wheel drive,Naturally Aspirated,Petrol,Automatic,164.2,190.0,0.0735930735930736,-2.6092043664655775,0.1038961038961039,-2.264363880173848,63.81381381381381,0,0,0,0,15.6
CAR_17977AC3,Toyota,Corolla,13 sportif 4d,1997,85.0,1025.0,1332.0,4.0,120.0,Front wheel drive,Naturally Aspirated,Petrol,Manual,169.0,168.0,0.08292682926829269,-2.489796635082192,0.11707317073170732,-2.1449561487904627,63.81381381381381,0,0,0,1,12.1
CAR_E3D3D806,Toyota,Corolla,13 sportif 5d,1997,85.0,1060.0,1332.0,4.0,120.0,Front wheel drive,Naturally Aspirated,Petrol,Manual,169.0,168.0,0.08018867924528301,-2.5233729306157966,0.11320754716981132,-2.178532444324067,63.81381381381381,0,0,0,1,12.1
CAR_84E7AC11,Toyota,Corolla,14 vvti calida liftback 5d,2000,94.0,1165.0,1398.0,4.0,130.0,Front wheel drive,Naturally Aspirated,Petrol,Manual,185.1,162.0,0.08068669527896996,-2.517181583729797,0.11158798283261803,-2.1929419155442185,67.23891273247497,0,0,0,1,11.4
CAR_9DFD32F2,Toyota,Corolla,14 vvti gs 5d,2000,94.0,1175.0,1398.0,4.0,130.0,Front wheel drive,Naturally Aspirated,Petrol,Manual,185.1,165.0,0.08,-2.5257286443082556,0.11063829787234042,-2.201488976122677,67.23891273247497,0,0,0,1,11.4
CAR_266D7284,Toyota,Corolla,14 d 4d colour collection 3d,2002,89.0,1190.0,1364.0,4.0,190.0,Front wheel drive,Diesel,Diesel,Manual,180.2,128.0,0.07478991596638655,-2.5930722163734354,0.15966386554621848,-1.834684513945089,65.24926686217009,0,0,0,1,12.9
CAR_0116E421,Toyota,Corolla,14 d 4d colour collection 4d,2002,89.0,1115.0,1364.0,4.0,190.0,Front wheel drive,Diesel,Diesel,Manual,180.2,127.0,0.07982062780269059,-2.5279733141620793,0.17040358744394618,-1.769585611733733,65.24926686217009,0,0,0,1,12.9
CAR_FFC493AA,Toyota,Corolla,16 vvt i colour collection 5d,2002,109.0,1170.0,1598.0,4.0,150.0,Front wheel drive,Naturally Aspirated,Petrol,Manual,189.9,172.0,0.09316239316239316,-2.373411145562658,0.1282051282051282,-2.0541237336955462,68.21026282853566,0,0,0,1,9.9
CAR_64E12DED,Toyota,Corolla,16 vvt i t2 5d,2002,110.0,1280.0,1598.0,4.0,150.0,Front wheel drive,Naturally Aspirated,Petrol,Manual,180.2,174.0,0.0859375,-2.4541349911212467,0.1171875,-2.1439800628174073,68.8360450563204,0,0,0,1,11.0
CAR_15263939,Toyota,Corolla,13 cd 3d auto,1992,85.0,1090.0,1332.0,4.0,120.0,Front wheel drive,Naturally Aspirated,Petrol,Automatic,169.0,175.0,0.0779816513761468,-2.5512817187328727,0.11009174311926606,-2.2064412324411435,63.81381381381381,0,0,0,0,12.1
CAR_DA35F497,Toyota,Gr Supra,20 fuji speedway edition 3dr auto,2019,254.0,1470.0,1998.0,4.0,400.0,Rear wheel drive,Naturally Aspirated,Petrol,Automatic,249.4,167.0,0.1727891156462585,-1.7556834127542453,0.272108843537415,-1.3015531326648,127.12712712712712,0,0,0,0,5.0
CAR_DDFA5ACF,Toyota,Gr86,24 d 4s 2dr,2022,231.0,1275.0,2387.0,4.0,250.0,Rear wheel drive,Naturally Aspirated,Petrol,Manual,225.3,200.0,0.1811764705882353,-1.708283747070733,0.19607843137254902,-1.62924053973028,96.7741935483871,0,0,0,1,6.1
CAR_980942AB,Toyota,Gt86,(toyota touch 2 with go) 20 boxer d 4s 2d,2012,197.0,1270.0,1998.0,4.0,205.0,Rear wheel drive,Naturally Aspirated,Petrol,Manual,225.3,191.0,0.15511811023622046,-1.8635684507146486,0.16141732283464566,-1.8237622003142289,98.5985985985986,0,0,0,1,7.4
CAR_B675918A,Toyota,Highlander,25 vvt i hybrid excel 5dr cvt,2021,244.0,2050.0,2487.0,4.0,239.0,4 wheel drive,EV,Petrol/Electric Hybrid,Automatic,180.2,160.0,0.11902439024390243,-2.128426846839252,0.11658536585365854,-2.1491315202009433,98.11017289907518,1,1,0,0,8.0
CAR_88A8530A,Toyota,Iq,10 vvt i 2 3d,2009,68.0,845.0,998.0,3.0,91.0,Front wheel drive,Naturally Aspirated,Petrol,Manual,149.7,99.0,0.08047337278106509,-2.519828922181067,0.1076923076923077,-2.228477120840324,68.13627254509018,0,0,0,1,13.6
CAR_00E4CB84,Toyota,Land Cruiser,28 d 4d 204 active auto 5 seats 3d,2009,201.0,2030.0,2755.0,4.0,500.0,4 wheel drive,Diesel,Diesel,Automatic,175.4,239.0,0.09901477832512315,-2.3124861639767573,0.24630541871921183,-1.4011829736136412,72.95825771324864,1,0,0,0,12.3
CAR_F1EC330E,Toyota,Land Cruiser,30 d 4d invincible (173ps) 5d,2003,170.0,1980.0,2982.0,4.0,410.0,4 wheel drive,Diesel,Diesel,Manual,175.4,243.0,0.08585858585858586,-2.455053686638319,0.20707070707070707,-1.5746949639902275,57.008718980549965,1,0,0,1,11.1
CAR_6B006241,Toyota,Land Cruiser,42 td vx 5d auto,1981,201.0,2560.0,4164.0,6.0,430.0,4 wheel drive,Diesel,Diesel,Automatic,175.4,340.0,0.078515625,-2.5444576294145325,0.16796875,-1.7839773287860001,48.27089337175793,1,0,0,0,12.7
CAR_EB7B0AB2,Toyota,Land Cruiser Amazon,42 td anniversary 5d auto,1998,201.0,2580.0,4164.0,6.0,430.0,4 wheel drive,Diesel,Diesel,Automatic,175.4,340.0,0.07790697674418605,-2.5522397698565875,0.16666666666666666,-1.791759469228055,48.27089337175793,1,0,0,0,12.7
CAR_8CEFFB51,Toyota,Land Cruiser Amazon,42 td 5d,2002,201.0,2495.0,4164.0,6.0,430.0,4 wheel drive,Diesel,Diesel,Manual,170.6,292.0,0.08056112224448898,-2.518739100126543,0.17234468937875752,-1.758258799498011,48.27089337175793,1,0,0,1,13.2
CAR_FB1A3028,Toyota,Land Cruiser Colorado,30 d4 d fx 5d auto,1996,161.0,2020.0,2982.0,4.0,343.0,4 wheel drive,Diesel,Diesel,Automatic,164.2,277.0,0.0797029702970297,-2.5294484254107874,0.16980198019801981,-1.7731223432293104,53.990610328638496,1,0,0,0,11.7
CAR_047BFE8C,Toyota,Land Cruiser V8,45 d 4d v8 5d auto,2008,281.0,2615.0,4461.0,8.0,650.0,4 wheel drive,Diesel,Diesel,Automatic,209.2,270.0,0.10745697896749522,-2.2306647071652774,0.248565965583174,-1.3920470136093404,62.99036090562654,1,0,0,0,7.9
CAR_50405F4F,Toyota,Mr2,gt sports 2d,1990,168.0,1285.0,1998.0,4.0,186.0,Rear wheel drive,Naturally Aspirated,Petrol,Manual,220.5,216.0,0.13073929961089495,-2.0345500179260614,0.14474708171206227,-1.932767323616119,84.08408408408408,0,0,0,1,7.7
CAR_34AF5359,Toyota,Mr2,18 vvti 2d,2000,138.0,1030.0,1794.0,4.0,170.0,Rear wheel drive,Naturally Aspirated,Petrol,Manual,210.8,178.0,0.13398058252427184,-2.0100603960664767,0.1650485436893204,-1.8015156441734197,76.92307692307692,0,0,0,1,7.7
CAR_E558FC6F,Toyota,Paseo,15 galliano 2d,1996,89.0,920.0,1497.0,4.0,130.0,Front wheel drive,Naturally Aspirated,Petrol,Manual,180.2,175.0,0.0967391304347826,-2.3357373003109463,0.14130434782608695,-1.9568392195875037,59.45223780895123,0,0,0,1,11.2
CAR_3DDF1DDD,Toyota,Picnic,20 gl 5d,1997,126.0,1370.0,1998.0,4.0,131.0,Front wheel drive,Naturally Aspirated,Petrol,Manual,175.4,215.0,0.09197080291970802,-2.3862841118706926,0.09562043795620438,-2.347368695621019,63.06306306306306,0,0,0,1,10.8
CAR_AEFE0F5A,Toyota,Previa,20 d 4d t spirit 5d (7 seat),2000,114.0,1580.0,1995.0,4.0,250.0,Front wheel drive,Diesel,Diesel,Manual,175.4,191.0,0.07215189873417721,-2.628981677626517,0.15822784810126583,-1.8437192081587659,57.14285714285714,0,0,0,1,13.4
CAR_8B282A99,Toyota,Prius,18 vvti excel (0115 ) 5d cvt auto,2012,134.0,1500.0,1798.0,4.0,142.0,Front wheel drive,EV,Petrol/Electric Hybrid,Automatic,165.8,101.0,0.08933333333333333,-2.41538058713939,0.09466666666666666,-2.3573933294890406,74.52725250278087,0,1,0,0,11.3
CAR_600BF7CE,Toyota,Prius,18 vvti active (nav) 5d cvt,2015,120.0,1375.0,1798.0,4.0,142.0,Front wheel drive,EV,Petrol/Electric Hybrid,Automatic,180.2,78.0,0.08727272727272728,-2.4387172673186255,0.10327272727272727,-2.270381952499411,66.74082313681869,0,1,0,0,10.3
CAR_B866F068,Toyota,Prius,business edition plus (solar roof) plug in 18 vvt i hybrid 5d,2017,120.0,1530.0,1798.0,4.0,142.0,Front wheel drive,Hybrid,Petrol Parallel PHEV,Automatic,162.5,28.0,0.0784313725490196,-2.5455312716044354,0.09281045751633987,-2.3771959567852203,66.74082313681869,0,0,0,0,10.7
CAR_158D2D86,Toyota,Prius,20 phev design 5dr cvt,2024,219.0,1545.0,1987.0,4.0,190.0,Front wheel drive,Hybrid,Petrol Parallel PHEV,Automatic,177.0,36.0,0.141747572815534,-1.953707459515345,0.12297734627831715,-2.0957551171713598,110.21640664318068,0,0,0,0,6.6
CAR_76DAC310,Toyota,Prius,15 vvti le 5d cvt auto,2009,74.0,1326.5,1497.0,4.0,115.0,Front wheel drive,EV,Petrol/Electric Hybrid,Automatic,178.6,104.0,0.05578590275160196,-2.8862340803736246,0.08669430833019223,-2.445367045214544,49.43219772879091,0,1,0,0,10.6
CAR_B9524143,Toyota,Prius,15 vvti hybrid 4d auto,2000,71.0,1250.0,1497.0,4.0,115.0,Front wheel drive,EV,Petrol/Electric Hybrid,Automatic,159.3,114.0,0.0568,-2.8682189532550315,0.092,-2.385966701933097,47.42818971275885,0,1,0,0,13.0
CAR_F670B38F,Toyota,Prius,15 vvti t spirit hybrid 5d cvt auto,2004,76.0,1300.0,1497.0,4.0,115.0,Front wheel drive,EV,Petrol/Electric Hybrid,Automatic,170.6,104.0,0.05846153846153846,-2.839386203163297,0.08846153846153847,-2.425187415086378,50.76820307281229,0,1,0,0,10.6
CAR_E871036F,Toyota,Proace Verso,15d shuttle medium [tss] 5dr,2016,118.0,1571.0,1499.0,4.0,300.0,Front wheel drive,Diesel,Diesel,Manual,159.3,169.0,0.07511139401654997,-2.5887830137899566,0.19096117122851686,-1.65568516359942,78.71914609739827,0,0,0,1,12.0
CAR_7A302818,Toyota,Rav4,25 phev design 5dr cvt,2019,301.0,1910.0,2487.0,4.0,227.0,4 wheel drive,Hybrid,Petrol Parallel PHEV,Automatic,180.2,22.0,0.15759162303664923,-1.8477482562917997,0.11884816753926701,-2.129908503559273,121.02935263369521,1,0,0,0,5.8
CAR_3A31D2A6,Toyota,Rav4,20 v matic xt r 2wd 5d,2006,155.0,1430.0,1987.0,4.0,198.0,Front wheel drive,Naturally Aspirated,Petrol,Manual,185.1,174.0,0.10839160839160839,-2.2220046063347065,0.13846153846153847,-1.9771626925594177,78.00704579768495,0,0,0,1,9.9
CAR_C6AAD5A1,Toyota,Rav4,20 d active 2wd (leather) 5d,2013,122.0,1535.0,1998.0,4.0,310.0,Front wheel drive,Diesel,Diesel,Manual,180.2,127.0,0.07947882736156352,-2.532264615288041,0.20195439739413681,-1.5997133625421056,61.06106106106106,0,0,0,1,9.6
CAR_946F15FE,Toyota,Rav4,20 16v reebok 3d,1994,126.0,1200.0,1998.0,4.0,178.0,4 wheel drive,Naturally Aspirated,Petrol,Manual,169.0,223.0,0.105,-2.2537949288246137,0.14833333333333334,-1.9082932854840065,63.06306306306306,1,0,0,1,11.6
CAR_9E931DD0,Toyota,Rav4,18 nv 3d,2000,123.0,1125.0,1794.0,4.0,161.0,Front wheel drive,Naturally Aspirated,Petrol,Manual,170.6,175.0,0.10933333333333334,-2.213353959266103,0.1431111111111111,-1.9441339496540575,68.56187290969899,0,0,0,1,12.3
CAR_BA875966,Toyota,Starlet,13 cd 3d,1996,74.0,845.0,1332.0,4.0,200.0,Front wheel drive,Naturally Aspirated,Petrol,Manual,165.8,163.0,0.08757396449704143,-2.4352715341530042,0.23668639053254437,-1.4410192608091372,55.55555555555555,0,0,0,1,11.5
CAR_65FB1257,Toyota,Supra,30 turbo 3d,1993,326.0,1620.0,2997.0,6.0,240.0,Rear wheel drive,Turbocharged,Petrol,Manual,249.4,175.0,0.20123456790123456,-1.603284046859722,0.14814814814814814,-1.9095425048844386,108.77544210877545,0,0,1,1,4.9
CAR_71B688EC,Toyota,Urban Cruiser,106kw icon 49kwh 5dr auto,2025,141.0,1700.0,1984.0,4.0,193.0,Front wheel drive,EV,Electric,Automatic,149.7,0.0,0.08294117647058824,-2.489623639666139,0.11352941176470588,-2.175693341139422,71.06854838709677,0,1,0,0,9.3
CAR_ECFF841D,Toyota,Urban Cruiser,13 dual vvt i 2wd 5d,2009,99.0,1140.0,1329.0,4.0,132.0,Front wheel drive,Naturally Aspirated,Petrol,Manual,175.4,129.0,0.0868421052631579,-2.4436636912539513,0.11578947368421053,-2.15598161880217,74.4920993227991,0,0,0,1,12.1
CAR_8FEECAC6,Toyota,Verso,16 d 4d active 5d,2009,108.0,1520.0,1598.0,4.0,270.0,Front wheel drive,Diesel,Diesel,Manual,185.1,119.0,0.07105263157894737,-2.6443343867161024,0.17763157894736842,-1.7280436548419473,67.58448060075094,0,0,0,1,12.3
CAR_87229CA4,Toyota,Verso,133 dual vvt i t spirit (leather) 5d,2011,96.0,1070.0,1329.0,4.0,125.0,Front wheel drive,Naturally Aspirated,Petrol,Manual,170.6,127.0,0.08971962616822429,-2.4110657359881156,0.11682242990654206,-2.1471001901536506,72.23476297968398,0,0,0,1,12.9
CAR_EAE40BB8,Toyota,Yaris,10 vvt i active (0714 ) 3d,2011,68.0,1040.0,998.0,3.0,95.0,Front wheel drive,Naturally Aspirated,Petrol,Manual,154.5,99.0,0.06538461538461539,-2.7274682869593114,0.09134615384615384,-2.3930991005348776,68.13627254509018,0,0,0,1,14.8
CAR_71632A93,Toyota,Yaris,15 hybrid 130 excel 5dr cvt,2020,128.0,1145.0,1490.0,3.0,120.0,Front wheel drive,EV,Petrol/Electric Hybrid,Automatic,175.4,95.0,0.11179039301310044,-2.1911296520687227,0.10480349344978165,-2.255668173206294,85.90604026845638,0,1,0,0,8.9
CAR_2A5A8F6E,Toyota,Yaris,16 3dr awd [convenience pack],2020,257.0,1280.0,1618.0,3.0,360.0,4 wheel drive,Naturally Aspirated,Petrol,Manual,199.6,186.0,0.20078125,-1.6055392720184432,0.28125,-1.2685113254635072,158.83807169344868,1,0,0,1,5.3
CAR_5EB27855,Toyota,Yaris,10 vvt i ion 3d,2006,68.0,980.0,996.0,3.0,95.0,Front wheel drive,Naturally Aspirated,Petrol,Manual,154.5,127.0,0.06938775510204082,-2.668044866488511,0.09693877551020408,-2.333675680064077,68.27309236947791,0,0,0,1,15.2
CAR_0C642805,Toyota,Yaris,10 16v vvt i cdx 5d,1999,67.0,905.0,998.0,4.0,90.0,Front wheel drive,Naturally Aspirated,Petrol,Manual,154.5,137.0,0.07403314917127071,-2.60324232430896,0.09944751381215469,-2.308125273369661,67.13426853707415,0,0,0,1,13.6
CAR_E8003412,Toyota,Yaris,15 vvt i 3d,2001,103.0,950.0,1497.0,4.0,143.0,Front wheel drive,Naturally Aspirated,Petrol,Manual,189.9,162.0,0.10842105263157895,-2.221732996364951,0.15052631578947367,-1.8936173543346793,68.80427521710087,0,0,0,1,8.7
CAR_5F4F65B5,Toyota,Yaris,13 16v vvt i 5d,2000,84.0,990.0,1299.0,4.0,124.0,Front wheel drive,Naturally Aspirated,Petrol,Manual,164.2,154.0,0.08484848484848485,-2.466888144285322,0.12525252525252525,-2.0774233775235986,64.66512702078522,0,0,0,1,12.1
CAR_9340AB19,Toyota,Yaris,13 vvt i sr 3d,2007,85.0,1326.5,1296.0,4.0,121.0,Front wheel drive,Naturally Aspirated,Petrol,Manual,170.6,141.0,0.06407840180927252,-2.747647917087478,0.09121748963437618,-2.3945086279810535,65.58641975308642,0,0,0,1,11.1
CAR_577E6E06,Toyota,Yaris Cross,15 hybrid 130 design 5dr cvt,2021,128.0,1235.0,1490.0,3.0,120.0,Front wheel drive,EV,Petrol/Electric Hybrid,Automatic,170.6,100.0,0.10364372469635627,-2.2667959851424606,0.09716599190283401,-2.3313345062800317,85.90604026845638,0,1,0,0,10.4
CAR_01540F56,Volkswagen,Arteon,14 tsi ehybrid elegance dsg 5d,2017,214.0,1725.0,1395.0,4.0,400.0,Front wheel drive,Hybrid,Petrol Parallel PHEV,Automatic,222.1,26.0,0.12405797101449276,-2.0870063144436086,0.2318840579710145,-1.461517782357478,153.40501792114696,0,0,0,0,7.6
CAR_FC794991,Volkswagen,Arteon,14 tsi ehybrid elegance dsg 5d,2020,214.0,1738.0,1395.0,4.0,400.0,Front wheel drive,Hybrid,Petrol Parallel PHEV,Automatic,222.1,26.0,0.12313003452243959,-2.094514290803486,0.23014959723820483,-1.4690257587173554,153.40501792114696,0,0,0,0,7.6
CAR_87DE0852,Volkswagen,Beetle,14 3d,1999,73.0,1259.0,1390.0,4.0,126.0,Front wheel drive,Naturally Aspirated,Petrol,Manual,160.9,170.0,0.05798252581413821,-2.847613592895956,0.10007942811755362,-2.3017911270928693,52.517985611510795,0,0,0,1,14.1
CAR_76FB977B,Volkswagen,Beetle,14 2d,2003,73.0,1345.0,1390.0,4.0,126.0,Front wheel drive,Naturally Aspirated,Petrol,Manual,160.9,173.0,0.05427509293680297,-2.913689850887548,0.09368029739776952,-2.3678673850844616,52.517985611510795,0,0,0,1,15.1
CAR_FB05F438,Volkswagen,Beetle,12 tsi (start stop) 3d,2012,103.0,1241.0,1197.0,4.0,175.0,Front wheel drive,Turbocharged,Petrol,Manual,180.2,128.0,0.08299758259468171,-2.4889437969749713,0.14101531023368252,-1.958886811281093,86.04845446950709,0,0,1,1,10.6
CAR_963E5B44,Volkswagen,Beetle,12 tsi (start stop) 2d,2013,103.0,1320.0,1197.0,4.0,175.0,Front wheel drive,Turbocharged,Petrol,Manual,178.6,129.0,0.07803030303030303,-2.5506580273507806,0.13257575757575757,-2.0206010416569025,86.04845446950709,0,0,1,1,11.3
CAR_E22D97FD,Volkswagen,Beetle Dune,12 tsi bmt 105ps 3d,2016,103.0,1366.0,1197.0,4.0,175.0,Front wheel drive,Turbocharged,Petrol,Manual,177.0,126.0,0.07540263543191801,-2.5849130519010997,0.1281112737920937,-2.0548560662072215,86.04845446950709,0,0,1,1,10.9
CAR_5AA56957,Volkswagen,Beetle Dune,12 tsi bmt 105ps 2d,2016,103.0,1460.0,1197.0,4.0,175.0,Front wheel drive,Turbocharged,Petrol,Manual,175.4,129.0,0.07054794520547945,-2.6514627264727464,0.11986301369863013,-2.1214057407788682,86.04845446950709,0,0,1,1,11.7
CAR_BEA63EAD,Volkswagen,Bora,16 16v s 4d,1999,103.0,1360.0,1598.0,4.0,148.0,Front wheel drive,Naturally Aspirated,Petrol,Manual,191.5,170.0,0.07573529411764705,-2.580510990500462,0.10882352941176471,-2.2180277049659827,64.45556946182728,0,0,0,1,10.9
CAR_1E298C2B,Volkswagen,Caddy,15 tsi 116 5dr,2021,114.0,1403.0,1498.0,4.0,220.0,Front wheel drive,Turbocharged,Petrol,Manual,180.2,149.0,0.08125445473984319,-2.5101696317079654,0.15680684248039914,-1.8527405337500995,76.10146862483312,0,0,1,1,11.5
CAR_601ECB32,Volkswagen,Caddy,15 tsi 116 5dr,2021,114.0,1588.0,1498.0,4.0,220.0,Front wheel drive,Turbocharged,Petrol,Manual,180.2,153.0,0.07178841309823678,-2.6340321934125854,0.1385390428211587,-1.9766030954547193,76.10146862483312,0,0,1,1,11.5
CAR_04964722,Volkswagen,Caddy Maxi,15 tsi 116 5dr,2021,114.0,1462.0,1498.0,4.0,220.0,Front wheel drive,Turbocharged,Petrol,Manual,180.2,153.0,0.07797537619699042,-2.5513621919152283,0.15047879616963064,-1.8939330939573622,76.10146862483312,0,0,1,1,12.0
CAR_E80CAF52,Volkswagen,Caddy Maxi,15 tsi 116 5dr,2022,114.0,1647.0,1498.0,4.0,220.0,Front wheel drive,Turbocharged,Petrol,Manual,180.2,155.0,0.0692167577413479,-2.670512281783145,0.13357619914996965,-2.0130831838252785,76.10146862483312,0,0,1,1,12.0
CAR_0B086C90,Volkswagen,Caddy Maxi Camper,16 tdi bluemotion tech 5d,2013,100.0,1762.0,1598.0,4.0,250.0,Front wheel drive,Diesel,Diesel,Manual,170.6,136.0,0.056753688989784334,-2.8690346205080335,0.14188422247446084,-1.9527438886338784,62.57822277847309,0,0,0,1,13.0
CAR_4462A91A,Volkswagen,Caddy Maxi Life,10 tsi maxi life c20 5d,2015,100.0,1570.0,999.0,4.0,175.0,Front wheel drive,Turbocharged,Petrol,Manual,172.2,164.0,0.06369426751592357,-2.7536607123542622,0.11146496815286625,-2.1940449244188396,100.10010010010011,0,0,1,1,12.1
CAR_7021F3BE,Volkswagen,Caddy Maxi Life,19 tdi pd 5d,2008,102.0,1715.0,1896.0,4.0,250.0,Front wheel drive,Diesel,Diesel,Manual,164.2,164.0,0.05947521865889213,-2.8221955463157693,0.1457725947521866,-1.9257074417377937,53.797468354430386,0,0,0,1,13.1
CAR_D3A18C14,Volkswagen,Caddy Maxi Life,16 tdi bluemotion tech maxi 5d,2010,100.0,1672.0,1598.0,4.0,250.0,Front wheel drive,Diesel,Diesel,Manual,170.6,136.0,0.05980861244019139,-2.8166056076565558,0.14952153110047847,-1.9003148757824004,62.57822277847309,0,0,0,1,13.0
CAR_C4D0A878,Volkswagen,California,20 tdi beach 150 5d,2015,147.0,2356.0,1968.0,4.0,350.0,Front wheel drive,Diesel,Diesel,Manual,178.6,191.0,0.06239388794567063,-2.774287957992741,0.14855687606112053,-1.9067873902880181,74.69512195121952,0,0,0,1,13.7
CAR_AA8033F9,Volkswagen,California,20 bitdi berghaus 4d,2005,177.0,2532.0,1968.0,4.0,400.0,Front wheel drive,Diesel,Diesel,Manual,188.3,199.0,0.06990521327014218,-2.6606150506902377,0.1579778830963665,-1.8453002361560848,89.9390243902439,0,0,0,1,12.0
CAR_DED40AE4,Volkswagen,Caravelle,20 tdi bmt (204bhp) executive 4motion 5d dsg,2015,201.0,2515.0,1968.0,4.0,450.0,4 wheel drive,Diesel,Diesel,Automatic,197.9,198.0,0.07992047713717694,-2.526723174474764,0.17892644135188868,-1.720780499769474,102.13414634146342,1,0,0,0,9.8
CAR_FC0D682D,Volkswagen,Caravelle,19 tdi pd se 5d,2003,102.0,2199.0,1896.0,4.0,250.0,Front wheel drive,Diesel,Diesel,Manual,159.3,208.0,0.04638472032742155,-3.07078517727049,0.11368804001819009,-2.174297072692515,53.797468354430386,0,0,0,1,17.8
CAR_B17973DF,Volkswagen,E Golf,e golf 5d auto,2014,113.0,1585.0,1984.0,4.0,270.0,Front wheel drive,EV,Electric,Automatic,135.2,0.0,0.07129337539432176,-2.6409518675990404,0.17034700315457413,-1.7699177273130062,56.95564516129032,0,1,0,0,10.1
CAR_A200DBE5,Volkswagen,E Up,82ps auto 5d,2014,80.0,1160.0,1984.0,4.0,310.0,Front wheel drive,EV,Electric,Automatic,130.4,0.0,0.06896551724137931,-2.6741486494265287,0.2672413793103448,-1.3196029866212184,40.32258064516129,0,1,0,0,11.5
CAR_722C6215,Volkswagen,Eos,14 s tsi 2d,2006,120.0,1461.0,1390.0,4.0,200.0,Front wheel drive,Turbocharged,Petrol,Manual,196.3,154.0,0.08213552361396304,-2.4993846689686534,0.13689253935660506,-1.988559045202663,86.33093525179856,0,0,1,1,10.6
CAR_3E47B3A2,Volkswagen,Golf,10 tsi 115 s dsg 5d,2013,113.0,1236.0,999.0,3.0,200.0,Front wheel drive,Turbocharged,Petrol,Automatic,197.9,113.0,0.09142394822006472,-2.3922478193052954,0.16181229773462782,-1.8213182714695995,113.11311311311312,0,0,1,0,9.5
CAR_83A1757D,Volkswagen,Golf,10 tsi se bluemotion 5d,2013,113.0,1205.0,999.0,3.0,200.0,Front wheel drive,Turbocharged,Petrol,Manual,202.8,99.0,0.0937759336099585,-2.366847027212415,0.16597510373443983,-1.7959174793767188,113.11311311311312,0,0,1,1,9.8
CAR_86CF923F,Volkswagen,Golf,10 tsi se bluemotion 5d,2014,113.0,1244.0,999.0,3.0,200.0,Front wheel drive,Turbocharged,Petrol,Manual,197.9,108.0,0.09083601286173633,-2.3986994545867844,0.1607717041800643,-1.827769906751088,113.11311311311312,0,0,1,1,10.1
CAR_88E6B88D,Volkswagen,Golf,16 tdi 5d,2015,108.0,1469.0,1598.0,4.0,250.0,4 wheel drive,Diesel,Diesel,Manual,186.7,130.0,0.07351940095302927,-2.6102059490496576,0.17018379850238258,-1.7708762583116309,67.58448060075094,1,0,0,1,11.7
CAR_A5FED471,Volkswagen,Golf,10 tsi active 5dr,2020,108.0,1189.0,999.0,3.0,200.0,Front wheel drive,Turbocharged,Petrol,Manual,202.8,123.0,0.09083263246425567,-2.398736669566562,0.16820857863751051,-1.7825505301427451,108.10810810810811,0,0,1,1,9.9
CAR_BFA5A427,Volkswagen,Golf,10 tsi life 5dr,2021,108.0,1242.0,999.0,3.0,200.0,Front wheel drive,Turbocharged,Petrol,Manual,202.8,124.0,0.08695652173913043,-2.4423470353692043,0.1610305958132045,-1.8261608959453874,108.10810810810811,0,0,1,1,10.2
CAR_F28C2D4D,Volkswagen,Golf,20 tdi 200 4motion 5dr dsg,2020,197.0,1524.0,1968.0,4.0,400.0,4 wheel drive,Diesel,Diesel,Automatic,228.5,147.0,0.12926509186351706,-2.045890007508603,0.26246719160104987,-1.3376291891386096,100.10162601626017,1,0,0,0,6.8
CAR_51D2F8A6,Volkswagen,Golf,14 tsi gte 5dr dsg,2021,241.0,1552.0,1395.0,4.0,250.0,Front wheel drive,Turbocharged,Petrol Parallel PHEV,Automatic,225.3,27.0,0.15528350515463918,-1.862502767252509,0.16108247422680413,-1.8258387828809175,172.75985663082437,0,0,1,0,6.5
CAR_9E3B0CD7,Volkswagen,Golf,20 tsi 265 gti 5dr dsg,2020,261.0,1385.0,1984.0,4.0,370.0,Front wheel drive,Turbocharged,Petrol,Automatic,249.4,161.0,0.1884476534296029,-1.6689350112987453,0.26714801444043323,-1.3199524129831686,131.55241935483872,0,0,1,0,5.7
CAR_31B35F86,Volkswagen,Golf,20 tdi gtd 5dr dsg,2020,197.0,1391.0,1968.0,4.0,400.0,Front wheel drive,Diesel,Diesel,Automatic,244.6,136.0,0.14162473040977713,-1.9545744631854545,0.2875629043853343,-1.246313644815461,100.10162601626017,0,0,0,0,6.8
CAR_D35A60F2,Volkswagen,Golf,20 tsi 320 r 4motion 5dr dsg,2020,315.0,1478.0,1984.0,4.0,420.0,4 wheel drive,Turbocharged,Petrol,Automatic,249.4,178.0,0.21312584573748308,-1.545872462682514,0.28416779431664413,-1.258190390230733,158.7701612903226,1,0,1,0,4.5
CAR_6929EA70,Volkswagen,Golf,15 tsi 204 style ehybrid 5dr dsg,2024,201.0,1567.0,1498.0,4.0,250.0,Front wheel drive,Hybrid,Petrol Parallel PHEV,Automatic,220.5,25.0,0.12827058072750477,-2.053613334296945,0.1595405232929164,-1.8354573244937744,134.1789052069426,0,0,0,0,7.0
CAR_E81E447B,Volkswagen,Golf,12 tsi (85bhp) s 3d,2009,83.0,1154.0,1197.0,4.0,160.0,Front wheel drive,Turbocharged,Petrol,Manual,178.6,129.0,0.07192374350086655,-2.632148839271447,0.1386481802426343,-1.975815631834218,69.34001670843776,0,0,1,1,11.9
CAR_88CD0748,Volkswagen,Golf,20 tsi gti (leather) 3d,2009,207.0,1318.0,1984.0,4.0,280.0,Front wheel drive,Turbocharged,Petrol,Manual,239.8,170.0,0.15705614567526555,-1.8511519217970835,0.212443095599393,-1.549081111893203,104.33467741935483,0,0,1,1,6.7
CAR_8DD602D6,Volkswagen,Golf,20 tsi (220bhp) gti (nav) 2d dsg,2012,216.0,1430.0,1984.0,4.0,350.0,Front wheel drive,Turbocharged,Petrol,Automatic,236.6,152.0,0.15104895104895105,-1.890151315569788,0.24475524475524477,-1.4074965687704935,108.87096774193549,0,0,1,0,6.7
CAR_B5467613,Volkswagen,Golf,12 tsi s 5d,2009,83.0,1355.0,1198.0,4.0,160.0,Front wheel drive,Turbocharged,Petrol,Manual,173.8,136.0,0.061254612546125464,-2.7927161255172033,0.11808118081180811,-2.1363829180799745,69.28213689482472,0,0,1,1,13.0
CAR_BB4799DB,Volkswagen,Golf,12 tsi (105bhp) s 5d,2009,103.0,1368.0,1197.0,4.0,175.0,Front wheel drive,Turbocharged,Petrol,Manual,189.9,136.0,0.07529239766081872,-2.58637610995286,0.12792397660818713,-2.0563191242589816,86.04845446950709,0,0,1,1,10.9
CAR_2B85EDF0,Volkswagen,Golf,20 tsi r 4motion (leather) 3d,2010,266.0,1446.0,1984.0,4.0,350.0,4 wheel drive,Turbocharged,Petrol,Manual,249.4,199.0,0.1839557399723375,-1.6930600939370108,0.24204702627939143,-1.4186232482352505,134.07258064516128,1,0,1,1,5.5
CAR_7F6D6DC7,Volkswagen,Golf,20 tsi r 2d dsg,2013,261.0,1539.0,1984.0,4.0,350.0,Front wheel drive,Turbocharged,Petrol,Automatic,249.4,190.0,0.1695906432748538,-1.774367726516186,0.22742040285899934,-1.48095497935542,131.55241935483872,0,0,1,0,6.2
CAR_65B8C563,Volkswagen,Golf,12 tsi s 2d,2011,103.0,1320.0,1197.0,4.0,175.0,Front wheel drive,Turbocharged,Petrol,Manual,186.7,119.0,0.07803030303030303,-2.5506580273507806,0.13257575757575757,-2.0206010416569025,86.04845446950709,0,0,1,1,11.1
CAR_F190A29C,Volkswagen,Golf,20 tsi gti (nav) 3d,2013,216.0,1276.0,1984.0,4.0,350.0,Front wheel drive,Turbocharged,Petrol,Manual,244.6,148.0,0.16927899686520376,-1.7762070562205703,0.274294670846395,-1.293552309421276,108.87096774193549,0,0,1,1,6.3
CAR_4B28D428,Volkswagen,Golf,20 tsi r hatchback 3d,2014,295.0,1361.0,1984.0,4.0,380.0,4 wheel drive,Turbocharged,Petrol,Manual,249.4,165.0,0.21675238795003673,-1.5289996463116462,0.27920646583394565,-1.2758037499310346,148.68951612903226,1,0,1,1,4.9
CAR_6577E2DA,Volkswagen,Golf,16 se 2d,1994,100.0,1157.0,1595.0,4.0,140.0,Front wheel drive,Naturally Aspirated,Petrol,Manual,183.5,197.0,0.08643042350907519,-2.4484155412055855,0.12100259291270528,-2.111943304584372,62.695924764890286,0,0,0,1,11.5
CAR_F397389C,Volkswagen,Golf,14 e 3d,1997,75.0,1090.0,1390.0,4.0,126.0,Front wheel drive,Naturally Aspirated,Petrol,Manual,170.6,163.0,0.06880733944954129,-2.676444861686879,0.11559633027522936,-2.1576510682717114,53.9568345323741,0,0,0,1,13.6
CAR_247BD9F0,Volkswagen,Golf,14 e 5d,1999,73.0,1213.0,1390.0,4.0,128.0,Front wheel drive,Naturally Aspirated,Petrol,Manual,170.6,168.0,0.060181368507831824,-2.810392467795659,0.1055234954657873,-2.248821645024433,52.517985611510795,0,0,0,1,14.7
CAR_A79A90A6,Volkswagen,Golf,14 gt sport l tsi (170ps) 3d,2004,167.0,1271.0,1390.0,4.0,240.0,Front wheel drive,Turbocharged,Petrol,Manual,220.5,174.0,0.13139260424862312,-2.0295654587726992,0.1888276947285602,-1.6669203478474626,120.14388489208633,0,0,1,1,7.6
CAR_F07D1B23,Volkswagen,Golf,16 s fsi 5d,2007,100.0,1278.0,1595.0,4.0,148.0,Front wheel drive,Naturally Aspirated,Petrol,Manual,183.5,176.0,0.0782472613458529,-2.5478814489493886,0.11580594679186229,-2.155839361173365,62.695924764890286,0,0,0,1,12.3
CAR_1DE314B6,Volkswagen,Golf,20 gti 3d,2005,197.0,1328.0,1984.0,4.0,280.0,Front wheel drive,Turbocharged,Petrol,Manual,235.0,189.0,0.14834337349397592,-1.9082256012983905,0.21084337349397592,-1.5566397268671295,99.29435483870968,0,0,1,1,7.0
CAR_023B3E6B,Volkswagen,Golf,14 luna 5d,2005,78.0,1293.0,1390.0,4.0,132.0,Front wheel drive,Naturally Aspirated,Petrol,Manual,165.8,169.0,0.060324825986078884,-2.8080115520822657,0.10208816705336426,-2.281918456185487,56.11510791366907,0,0,0,1,14.7
CAR_728E1EB4,Volkswagen,Golf,32 v6 r32 4motion 3d,2005,246.0,1510.0,3189.0,6.0,320.0,4 wheel drive,Naturally Aspirated,Petrol,Manual,249.4,257.0,0.1629139072847682,-1.8145333938766073,0.2119205298013245,-1.5515439340151977,77.14016933207903,1,0,0,1,6.3
CAR_A962AB58,Volkswagen,Id Buzz,150kw 1st edition pro 77kwh 5dr auto,2022,201.0,2435.0,1984.0,4.0,310.0,Rear wheel drive,EV,Electric,Automatic,144.8,0.0,0.08254620123203285,-2.4943971274576144,0.1273100616016427,-2.0611297380374984,101.31048387096774,0,1,0,0,9.9
CAR_E7696DCE,Volkswagen,Id3,107kw business pro 62kwh 5dr auto,2020,142.0,1730.0,1984.0,4.0,275.0,Rear wheel drive,EV,Electric,Automatic,159.3,0.0,0.08208092485549133,-2.500049629890564,0.15895953757225434,-1.8391055898252533,71.5725806451613,0,1,0,0,9.3
CAR_01F1076E,Volkswagen,Id3,240kw gtx fireice 79kwh 5dr auto,2024,321.0,1918.0,1984.0,4.0,545.0,Rear wheel drive,EV,Electric,Automatic,199.6,0.0,0.1673618352450469,-1.7875971323133677,0.2841501564129301,-1.2582524607801395,161.79435483870967,0,1,0,0,5.5
CAR_6FFB16E5,Volkswagen,Id4,109kw city pure 52kwh 5dr auto,2021,145.0,1891.0,1984.0,4.0,220.0,Rear wheel drive,EV,Electric,Automatic,159.3,0.0,0.07667900581702802,-2.568127326237883,0.11634056054997356,-2.151233522306096,73.08467741935483,0,1,0,0,10.6
CAR_FD339BA4,Volkswagen,Id4,220kw 4motion gtx 77kwh 5dr auto [125kw ch],2024,294.0,2161.0,1984.0,4.0,310.0,4 wheel drive,EV,Electric,Automatic,180.2,0.0,0.13604812586765386,-1.9947465891682044,0.14345210550670986,-1.941754059027694,148.18548387096774,1,1,0,0,6.0
CAR_FD37814E,Volkswagen,Id5,125kw match pure 52kwh 5dr auto,2022,167.0,1888.0,1984.0,4.0,310.0,Rear wheel drive,EV,Electric,Automatic,159.3,0.0,0.08845338983050847,-2.425279534288691,0.1641949152542373,-1.806701049226254,84.17338709677419,0,1,0,0,8.6
CAR_DDF33FC7,Volkswagen,Id5,220kw gtx max 77kwh awd 5dr auto,2024,294.0,2168.0,1984.0,4.0,460.0,4 wheel drive,EV,Electric,Automatic,180.2,0.0,0.13560885608856088,-1.9979805952208554,0.21217712177121772,-1.550333873076396,148.18548387096774,1,1,0,0,6.1
CAR_EEC48F18,Volkswagen,Id7,205kw launch ed pro 77kwh 5dr auto [exterior pan],2023,281.0,2097.0,1984.0,4.0,545.0,Rear wheel drive,EV,Electric,Automatic,180.2,0.0,0.134000953743443,-2.0099083615681743,0.2598950882212685,-1.3474772362386758,141.63306451612902,0,1,0,0,6.3
CAR_CD101EAB,Volkswagen,Id7,210kw match pro 77kwh 5dr auto,2024,281.0,2116.0,1984.0,4.0,545.0,Rear wheel drive,EV,Electric,Automatic,180.2,0.0,0.1327977315689981,-2.0189281236444443,0.2575614366729679,-1.356496998314946,141.63306451612902,0,1,0,0,6.4
CAR_BE8D2B59,Volkswagen,Id7,250kw 4motion gtx 86kwh 5dr auto,2024,335.0,2250.0,1984.0,4.0,545.0,4 wheel drive,EV,Electric,Automatic,180.2,0.0,0.14888888888888888,-1.9045549633733994,0.24222222222222223,-1.4178997005352216,168.8508064516129,1,1,0,0,5.2
CAR_FD4A73A2,Volkswagen,Jetta,14 tsi (150bhp) gt 4d,2011,147.0,1272.0,1395.0,4.0,250.0,Front wheel drive,Turbocharged,Petrol,Manual,220.5,122.0,0.11556603773584906,-2.1579131571213312,0.19654088050314467,-1.626884826037821,105.3763440860215,0,0,1,1,8.3
CAR_B96DA2CB,Volkswagen,Lupo,10 e 3d,1999,49.0,946.0,999.0,4.0,86.0,Front wheel drive,Naturally Aspirated,Petrol,Manual,151.3,139.0,0.05179704016913319,-2.9604222709412515,0.09090909090909091,-2.3978952727983707,49.049049049049046,0,0,0,1,17.1
CAR_8CECF333,Volkswagen,Multivan,14 tsi ehybrid energetic 5dr dsg,2022,214.0,2191.0,1395.0,4.0,250.0,Front wheel drive,Hybrid,Petrol Parallel PHEV,Automatic,191.5,42.0,0.09767229575536285,-2.326137324573615,0.11410314924691921,-2.17065242173322,153.40501792114696,0,0,0,0,8.7
CAR_34F3E0F5,Volkswagen,Passat,14 tsi gte 4d dsg,2015,214.0,1647.0,1395.0,4.0,250.0,Front wheel drive,Turbocharged,Petrol Parallel PHEV,Automatic,225.3,40.0,0.129933211900425,-2.040734715155789,0.15179113539769276,-1.885249812315394,153.40501792114696,0,0,1,0,7.2
CAR_7465434C,Volkswagen,Passat,14 tsi gte 5d dsg,2015,214.0,1690.0,1395.0,4.0,250.0,Front wheel drive,Turbocharged,Petrol Parallel PHEV,Automatic,225.3,40.0,0.12662721893491125,-2.0665077928952678,0.14792899408284024,-1.9110228900548727,153.40501792114696,0,0,1,0,7.4
CAR_2959D0BA,Volkswagen,Passat,20 tdi (190bhp) 4motion 5d dsg,2015,187.0,1533.0,1968.0,4.0,400.0,4 wheel drive,Diesel,Diesel,Automatic,228.5,137.0,0.12198303979125896,-2.1038732620172276,0.2609262883235486,-1.3435173317638323,95.02032520325203,1,0,0,0,7.5
CAR_D8843FE9,Volkswagen,Passat,15 tsi ehybrid 272 black edition 5dr dsg,2024,268.0,1783.0,1498.0,4.0,250.0,Front wheel drive,Hybrid,Petrol Parallel PHEV,Automatic,225.3,34.0,0.15030846887268648,-1.8950656373522838,0.14021312394840157,-1.964591700000894,178.90520694259013,0,0,0,0,6.9
CAR_7101C42C,Volkswagen,Passat,14 r line tsi 4d,2005,120.0,1388.0,1390.0,4.0,210.0,Front wheel drive,Turbocharged,Petrol,Manual,202.8,155.0,0.08645533141210375,-2.448127398284704,0.15129682997118155,-1.8885116103492812,86.33093525179856,0,0,1,1,10.2
CAR_E61FF1E1,Volkswagen,Passat,14 r line tsi 5d,2005,120.0,1429.0,1390.0,4.0,210.0,Front wheel drive,Turbocharged,Petrol,Manual,199.6,158.0,0.08397480755773268,-2.4772384351478216,0.1469559132260322,-1.9176226472123987,86.33093525179856,0,0,1,1,10.5
CAR_471D2FC4,Volkswagen,Passat,18 tsi (5 seat) 4d,2008,157.0,1430.0,1798.0,4.0,250.0,Front wheel drive,Turbocharged,Petrol,Manual,222.1,165.0,0.10979020979020979,-2.2091839179056447,0.17482517482517482,-1.7439688053917066,87.31924360400444,0,0,1,1,8.3
CAR_288974D9,Volkswagen,Passat,36 v6 r36 4motion estate 5d dsg,2008,295.0,1747.0,3597.0,6.0,350.0,4 wheel drive,Naturally Aspirated,Petrol,Automatic,249.4,229.0,0.1688609044075558,-1.7786799537942368,0.2003434459072696,-1.6077221556505972,82.01278843480678,1,0,0,0,5.6
CAR_3D9239D4,Volkswagen,Passat,14 tsi (160bhp) executive 4d,2011,157.0,1326.5,1390.0,4.0,240.0,Front wheel drive,Turbocharged,Petrol,Manual,220.5,144.0,0.11835657745947983,-2.134053368229486,0.18092725216735772,-1.709660250235803,112.9496402877698,0,0,1,1,8.2
CAR_7B2FF471,Volkswagen,Passat,14 tsi (160bhp) executive 5d,2011,157.0,1326.5,1390.0,4.0,240.0,Front wheel drive,Turbocharged,Petrol,Manual,217.3,144.0,0.11835657745947983,-2.134053368229486,0.18092725216735772,-1.709660250235803,112.9496402877698,0,0,1,1,8.4
CAR_CD77C2DE,Volkswagen,Passat,16 e 4d,1996,100.0,1326.5,1595.0,4.0,140.0,Front wheel drive,Naturally Aspirated,Petrol,Manual,185.1,175.0,0.07538635506973237,-2.585128987589703,0.10554089709762533,-2.24865675096849,62.695924764890286,0,0,0,1,12.7
CAR_33193D3B,Volkswagen,Passat,16 s 5d,1997,100.0,1345.0,1595.0,4.0,140.0,Front wheel drive,Naturally Aspirated,Petrol,Manual,185.1,194.0,0.07434944237918216,-2.598979106047848,0.10408921933085502,-2.2625068694266353,62.695924764890286,0,0,0,1,12.7
CAR_C5CAA687,Volkswagen,Passat,18t 20v s 4d,2000,147.0,1539.0,1781.0,4.0,210.0,Front wheel drive,Naturally Aspirated,Petrol,Manual,220.5,199.0,0.09551656920077972,-2.348455547060143,0.1364522417153996,-1.9917806031214107,82.53790005614823,0,0,0,1,8.9
CAR_A9C7A607,Volkswagen,Passat,18t 20v s 5d,2000,147.0,1596.0,1781.0,4.0,210.0,Front wheel drive,Naturally Aspirated,Petrol,Manual,214.0,206.0,0.09210526315789473,-2.384823191231018,0.13157894736842105,-2.0281482472922856,82.53790005614823,0,0,0,1,9.1
CAR_1A8D1583,Volkswagen,Phaeton,30 v6 tdi 4motion (233ps) 4d auto (5 seat),2003,229.0,2158.0,2967.0,6.0,350.0,4 wheel drive,Diesel,Diesel,Automatic,233.4,248.0,0.10611677479147359,-2.2432151422638404,0.16218721037998146,-1.8190039913346205,77.18233906302662,1,0,0,0,8.1
CAR_F8F3130A,Volkswagen,Polo,10 evo 80 active 5dr,2017,78.0,1055.0,999.0,3.0,93.0,Front wheel drive,Naturally Aspirated,Petrol,Manual,170.6,125.0,0.07393364928909953,-2.604587219220575,0.0881516587677725,-2.428696552756911,78.07807807807808,0,0,0,1,14.9
CAR_B9A2A764,Volkswagen,Polo,20 tsi 207 gti 5dr dsg,2018,204.0,1280.0,1984.0,4.0,320.0,Front wheel drive,Turbocharged,Petrol,Automatic,239.8,155.0,0.159375,-1.8364953630694465,0.25,-1.3862943611198906,102.8225806451613,0,0,1,0,6.3
CAR_05307456,Volkswagen,Polo,10 (110bhp) r line 3d,2009,108.0,1041.0,999.0,3.0,200.0,Front wheel drive,Naturally Aspirated,Petrol,Manual,196.3,103.0,0.1037463976945245,-2.2658058414907494,0.19212295869356388,-1.649619702066932,108.10810810810811,0,0,0,1,9.0
CAR_D65012AE,Volkswagen,Polo,14 tsi (180bhp) gti (sensor pack) 3d dsg,2010,177.0,1269.0,1390.0,4.0,250.0,Front wheel drive,Turbocharged,Petrol,Automatic,228.5,139.0,0.13947990543735225,-1.9698347351405585,0.19700551615445233,-1.624523549852141,127.33812949640289,0,0,1,0,6.7
CAR_EB214DEB,Volkswagen,Polo,10 l 3d,1994,50.0,955.0,999.0,4.0,86.0,Front wheel drive,Naturally Aspirated,Petrol,Manual,151.3,142.0,0.05235602094240838,-2.949688335052584,0.09005235602094241,-2.4073640442272226,50.050050050050054,0,0,0,1,17.9
CAR_97183544,Volkswagen,Polo,16 cl (100ps) 4d,1996,100.0,1125.0,1595.0,4.0,140.0,Front wheel drive,Naturally Aspirated,Petrol,Manual,188.3,187.0,0.08888888888888889,-2.4203681286504293,0.12444444444444444,-2.0838958920292163,62.695924764890286,0,0,0,1,10.6
CAR_75EEBC06,Volkswagen,Polo,16 cl (100ps) 5d,1998,100.0,1160.0,1598.0,4.0,140.0,Front wheel drive,Naturally Aspirated,Petrol,Manual,186.7,190.0,0.08620689655172414,-2.451005098112319,0.1206896551724138,-2.114532861491106,62.57822277847309,0,0,0,1,10.6
CAR_4248FF53,Volkswagen,Polo,10 e 3d,2000,50.0,982.0,999.0,4.0,86.0,Front wheel drive,Naturally Aspirated,Petrol,Manual,151.3,144.0,0.05091649694501019,-2.97756830292632,0.08757637474541752,-2.435244012100958,50.050050050050054,0,0,0,1,17.8
CAR_84283C13,Volkswagen,Polo,14 e 4d,2000,75.0,1326.5,1390.0,4.0,126.0,Front wheel drive,Naturally Aspirated,Petrol,Manual,170.6,163.0,0.05653976630229928,-2.872811060041484,0.09498680738786279,-2.3540172666263164,53.9568345323741,0,0,0,1,12.5
CAR_F4AEB38C,Volkswagen,Polo,14 e 5d,2000,75.0,1326.5,1390.0,4.0,126.0,Front wheel drive,Naturally Aspirated,Petrol,Manual,167.4,166.0,0.05653976630229928,-2.872811060041484,0.09498680738786279,-2.3540172666263164,53.9568345323741,0,0,0,1,13.0
CAR_AF70365E,Volkswagen,Polo,12 e (55ps) 3d (02),2002,54.0,1100.0,1198.0,3.0,106.0,Front wheel drive,Naturally Aspirated,Petrol,Manual,152.9,144.0,0.04909090909090909,-3.0140814122221875,0.09636363636363636,-2.3396263646743947,45.075125208681136,0,0,0,1,16.9
CAR_EF024532,Volkswagen,Polo,12 5d,2004,64.0,1326.5,1198.0,3.0,112.0,Front wheel drive,Naturally Aspirated,Petrol,Manual,156.1,151.0,0.04824726724462872,-3.0314160902181224,0.08443271767810026,-2.4718003022826998,53.42237061769616,0,0,0,1,16.5
CAR_FAA81959,Volkswagen,Scirocco,14 tsi (122bhp) (nav) 3d,2008,120.0,1244.0,1390.0,4.0,200.0,Front wheel drive,Turbocharged,Petrol,Manual,199.6,149.0,0.09646302250803858,-2.338595530517079,0.1607717041800643,-1.827769906751088,86.33093525179856,0,0,1,1,9.4
CAR_8A47F17D,Volkswagen,Scirocco,20 tsi bluemotion tech r 3d,2010,276.0,1351.0,1984.0,4.0,350.0,Front wheel drive,Turbocharged,Petrol,Manual,249.4,187.0,0.20429311621021465,-1.5881994722430488,0.25906735751295334,-1.3506671834767396,139.11290322580646,0,0,1,1,5.5
CAR_42AD68B9,Volkswagen,Sharan,14 tsi bluemotion tech s 5d,2010,147.0,1648.0,1395.0,4.0,250.0,Front wheel drive,Turbocharged,Petrol,Manual,196.3,150.0,0.0891990291262136,-2.4168851236906805,0.15169902912621358,-1.8858567926071708,105.3763440860215,0,0,1,1,9.6
CAR_E18C43B0,Volkswagen,Sharan,18t carat 5d,2000,150.0,1668.0,1781.0,4.0,210.0,Front wheel drive,Naturally Aspirated,Petrol,Manual,199.6,233.0,0.08992805755395683,-2.4087452888224363,0.12589928057553956,-2.0722730522012234,84.22234699606963,0,0,0,1,10.6
CAR_7DEA5E3E,Volkswagen,Sharan,18 carat 20v turbo 5d,1995,150.0,1673.0,1781.0,4.0,210.0,Front wheel drive,Turbocharged,Petrol,Manual,193.1,240.0,0.08965929468021518,-2.4117384068905685,0.12552301255230125,-2.075266170269355,84.22234699606963,0,0,1,1,11.6
CAR_ECE09304,Volkswagen,T Cross,10 tsi 110 active 5dr,2019,108.0,1195.0,999.0,3.0,200.0,Front wheel drive,Turbocharged,Petrol,Manual,188.3,131.0,0.09037656903765691,-2.403770237241391,0.16736401673640167,-1.7875840978175743,108.10810810810811,0,0,1,1,10.5
CAR_C1BABAC2,Volkswagen,T Cross,10 tsi 110 life 5dr,2024,113.0,1195.0,999.0,3.0,200.0,Front wheel drive,Turbocharged,Petrol,Manual,193.1,124.0,0.09456066945606695,-2.3585136456532703,0.16736401673640167,-1.7875840978175743,113.11311311311312,0,0,1,1,9.7
CAR_8199A279,Volkswagen,T Roc,10 tsi 110 active 5dr,2017,108.0,1218.0,999.0,3.0,200.0,Front wheel drive,Turbocharged,Petrol,Manual,185.1,136.0,0.08866995073891626,-2.4228342211456226,0.16420361247947454,-1.8066480817218058,108.10810810810811,0,0,1,1,10.5
CAR_729889C8,Volkswagen,T Roc,10 tsi 110 active 2dr,2020,108.0,1414.0,999.0,3.0,200.0,Front wheel drive,Turbocharged,Petrol,Manual,185.1,143.0,0.07637906647807638,-2.572046619332298,0.14144271570014144,-1.9558604799084813,108.10810810810811,0,0,1,1,11.9
CAR_2ED867F6,Volkswagen,T Roc,20 tsi 300 4motion r 5dr dsg,2019,295.0,1503.0,1984.0,4.0,400.0,4 wheel drive,Turbocharged,Petrol,Automatic,249.4,191.0,0.19627411842980705,-1.6282430334131548,0.2661343978709248,-1.3237538426449926,148.68951612903226,1,0,1,0,4.7
CAR_15EDF5B3,Volkswagen,T Roc,15 etsi 150 life 5dr dsg,2026,147.0,1399.0,1498.0,4.0,250.0,Front wheel drive,Turbocharged,Petrol,Automatic,212.4,128.0,0.10507505360972123,-2.2530803878867447,0.17869907076483202,-1.7220520568032347,98.13084112149532,0,0,1,0,8.6
CAR_E8C22326,Volkswagen,Taigo,10 tsi 110 life 4dr dsg,2022,108.0,1180.0,999.0,3.0,200.0,Front wheel drive,Turbocharged,Petrol,Automatic,191.5,133.0,0.09152542372881356,-2.3911384903354906,0.1694915254237288,-1.7749523509116738,108.10810810810811,0,0,1,0,10.6
CAR_7A2529B9,Volkswagen,Tayron,15 tsi ehybrid 272 r line 5dr dsg6,2025,268.0,1873.0,1498.0,4.0,250.0,Front wheel drive,Hybrid,Petrol Parallel PHEV,Automatic,215.7,39.0,0.14308595835557927,-1.944309721933232,0.13347570742124934,-2.013835784581842,178.90520694259013,0,0,0,0,7.1
CAR_37384580,Volkswagen,Tiguan,14 tsi ehybrid black edition 5dr dsg,2016,241.0,1741.0,1395.0,4.0,250.0,Front wheel drive,Hybrid,Petrol Parallel PHEV,Automatic,204.4,35.0,0.13842619184376795,-1.977418006277534,0.14359563469270534,-1.9407540219059427,172.75985663082437,0,0,0,0,5.5
CAR_6AFE8AD2,Volkswagen,Tiguan,15 tsi elegance 5dr dsg,2017,147.0,1572.0,1498.0,4.0,250.0,Front wheel drive,Turbocharged,Petrol,Automatic,199.6,166.0,0.09351145038167939,-2.3696713862104155,0.15903307888040713,-1.8386430551269053,98.13084112149532,0,0,1,0,9.3
CAR_54C870F7,Volkswagen,Tiguan,15 tsi 150 elegance 5dr dsg,2024,147.0,1541.0,1498.0,4.0,250.0,Front wheel drive,Turbocharged,Petrol,Automatic,209.2,135.0,0.0953926022063595,-2.3497542485413794,0.16223231667748214,-1.8187259174578694,98.13084112149532,0,0,1,0,8.8
CAR_F1C6FACD,Volkswagen,Tiguan,15 tsi 272 ehybrid r line 5dr dsg,2024,268.0,1804.0,1498.0,4.0,250.0,Front wheel drive,Hybrid,Petrol Parallel PHEV,Automatic,215.7,37.0,0.14855875831485588,-1.9067747201117122,0.1385809312638581,-1.9763007827603225,178.90520694259013,0,0,0,0,7.0
CAR_A1D45346,Volkswagen,Tiguan,14 tsi bluemotion tech s (2wd) 5d,2008,147.0,1510.0,1390.0,4.0,240.0,Front wheel drive,Turbocharged,Petrol,Manual,196.3,156.0,0.09735099337748344,-2.3294323430302337,0.15894039735099338,-1.8392260064669788,105.75539568345324,0,0,1,1,9.0
CAR_0EB4BE1D,Volkswagen,Touareg,30 tsi ehybrid 4motion elegance 5dr tip auto,2018,375.0,2369.0,2995.0,6.0,450.0,4 wheel drive,Hybrid,Petrol Parallel PHEV,Automatic,249.4,129.0,0.1582946390882229,-1.8432971781883747,0.18995356690586745,-1.66097562139442,125.20868113522538,1,0,0,0,5.7
CAR_5485B042,Volkswagen,Touareg,30 v6 tdi (245bhp) altitude 5d tip auto,2010,241.0,2179.0,2967.0,6.0,550.0,4 wheel drive,Diesel,Diesel,Automatic,220.5,189.0,0.11060119320789352,-2.201824401453965,0.2524093620927031,-1.3767030567181031,81.226828446242,1,0,0,0,7.4
CAR_4AF69912,Volkswagen,Touareg,25 tdi 5d (dpf),2003,171.0,2229.0,2461.0,5.0,400.0,4 wheel drive,Diesel,Diesel,Manual,183.5,278.0,0.07671601615074024,-2.567644776883209,0.17945266935845672,-1.7178437862778868,69.48394961397806,1,0,0,1,12.0
CAR_A968BF34,Volkswagen,Touareg,50 v10 tdi dpf r50 5d tip auto,2008,345.0,1895.0,4921.0,10.0,850.0,4 wheel drive,Diesel,Diesel,Automatic,235.0,315.0,0.1820580474934037,-1.7034297004851668,0.44854881266490765,-0.8017377680321646,70.10770168664905,1,0,0,0,6.5
CAR_942EB8E5,Volkswagen,Touran,12 tsi s 5d,2015,108.0,1361.0,1197.0,4.0,175.0,Front wheel drive,Turbocharged,Petrol,Manual,188.3,128.0,0.07935341660543718,-2.5338437755272465,0.12858192505510654,-2.051189028727952,90.22556390977444,0,0,1,1,10.9
CAR_46C5ABEA,Volkswagen,Touran,12 tsi bluemotion tech s 5d,2010,103.0,1460.0,1197.0,4.0,175.0,Front wheel drive,Turbocharged,Petrol,Manual,188.3,139.0,0.07054794520547945,-2.6514627264727464,0.11986301369863013,-2.1214057407788682,86.04845446950709,0,0,1,1,11.5
CAR_70A4656C,Volkswagen,Up,10 65ps beats 5d,2012,64.0,916.0,999.0,3.0,91.0,Front wheel drive,Naturally Aspirated,Petrol,Manual,162.5,116.0,0.06986899563318777,-2.6611332813144584,0.09934497816593886,-2.30915685815728,64.06406406406407,0,0,0,1,15.1
CAR_74751C42,Porsche,718 Boxster,(718) 20 2d,2016,295.0,1335.0,1988.0,4.0,380.0,Rear wheel drive,Naturally Aspirated,Petrol,Manual,273.6,212.0,0.2209737827715356,-1.50971121449453,0.2846441947565543,-1.2565153181139186,148.39034205231388,0,0,0,1,4.9
CAR_05FCB298,Porsche,718 Boxster,(718) 20 2d pdk,2016,295.0,1365.0,1988.0,4.0,380.0,Rear wheel drive,Naturally Aspirated,Petrol,Automatic,273.6,201.0,0.21611721611721613,-1.5319343512792403,0.2783882783882784,-1.2787384548986287,148.39034205231388,0,0,0,0,4.7
CAR_85050C1D,Porsche,718 Cayman,20 style edition 2dr,2016,295.0,1335.0,1988.0,4.0,380.0,Rear wheel drive,Naturally Aspirated,Petrol,Manual,273.6,202.0,0.2209737827715356,-1.50971121449453,0.2846441947565543,-1.2565153181139186,148.39034205231388,0,0,0,1,4.9
CAR_F811C052,Porsche,718 Cayman,20 style edition 2dr pdk,2016,295.0,1365.0,1988.0,4.0,380.0,Rear wheel drive,Naturally Aspirated,Petrol,Automatic,273.6,202.0,0.21611721611721613,-1.5319343512792403,0.2783882783882784,-1.2787384548986287,148.39034205231388,0,0,0,0,4.7
CAR_6CFA8B2E,Porsche,911,2dr pdk,2019,473.0,1605.0,2981.0,6.0,570.0,4 wheel drive,Naturally Aspirated,Petrol,Automatic,239.8,256.0,0.29470404984423676,-1.2217836470721832,0.35514018691588783,-1.0352426747355203,158.67158671586716,1,0,0,0,3.3
CAR_8EB81216,Porsche,911,2dr pdk 2d,2019,571.0,1640.0,3745.0,6.0,750.0,4 wheel drive,Naturally Aspirated,Petrol,Automatic,320.3,271.0,0.34817073170731705,-1.055062311162234,0.4573170731707317,-0.782378314287888,152.46995994659545,1,0,0,0,2.7
CAR_E4B74630,Porsche,911,2dr pdk 2d,2019,571.0,1710.0,3745.0,6.0,750.0,4 wheel drive,Naturally Aspirated,Petrol,Automatic,320.3,275.0,0.3339181286549708,-1.0968594398406952,0.43859649122807015,-0.8241754429663495,152.46995994659545,1,0,0,0,2.8
CAR_DAFFDE16,Porsche,911,carrera 4 pdk auto 2d,2019,379.0,1625.0,2981.0,6.0,450.0,4 wheel drive,Naturally Aspirated,Petrol,Automatic,289.7,238.0,0.23323076923076924,-1.4557268896814115,0.27692307692307694,-1.2840155119994723,127.13854411271386,1,0,0,0,4.3
CAR_3BE678BF,Porsche,Boxster,27 (245bhp) 2d,2004,241.0,1305.0,2687.0,6.0,273.0,Rear wheel drive,Naturally Aspirated,Petrol,Manual,257.5,222.0,0.1846743295019157,-1.6891613862661388,0.20919540229885059,-1.564486524571834,89.69110532192036,0,0,0,1,5.9
CAR_2048F99D,Porsche,Boxster,27 (245bhp) 2d tiptronic,2004,241.0,1365.0,2687.0,6.0,273.0,Rear wheel drive,Naturally Aspirated,Petrol,Automatic,251.1,242.0,0.17655677655677657,-1.734112774128405,0.2,-1.6094379124341003,89.69110532192036,0,0,0,0,6.8
CAR_AB8D2687,Porsche,Boxster,27 2d,2012,261.0,1330.0,2706.0,6.0,280.0,Rear wheel drive,Naturally Aspirated,Petrol,Manual,263.9,195.0,0.1962406015037594,-1.628413813893106,0.21052631578947367,-1.55814461804655,96.45232815964523,0,0,0,1,5.6
CAR_EB3FA315,Porsche,Boxster,27 2d pdk,2012,261.0,1360.0,2706.0,6.0,280.0,Rear wheel drive,Naturally Aspirated,Petrol,Automatic,260.7,183.0,0.19191176470588237,-1.6507195714074043,0.20588235294117646,-1.580450375560848,96.45232815964523,0,0,0,0,5.5
CAR_E87476CD,Porsche,Cayenne,5dr tiptronic s,2018,348.0,2055.0,2995.0,6.0,500.0,4 wheel drive,Naturally Aspirated,Petrol,Automatic,247.8,244.0,0.16934306569343066,-1.7758286471558606,0.24330900243309003,-1.4134230285081433,116.19365609348914,1,0,0,0,5.5
CAR_E1736A85,Porsche,Cayenne,black edition 5dr tiptronic s,2018,348.0,2055.0,2995.0,6.0,500.0,4 wheel drive,Naturally Aspirated,Petrol,Automatic,247.8,249.0,0.16934306569343066,-1.7758286471558606,0.24330900243309003,-1.4134230285081433,116.19365609348914,1,0,0,0,5.5
CAR_47D0AD38,Porsche,Cayenne,5dr tiptronic s,2019,348.0,2085.0,2995.0,6.0,500.0,4 wheel drive,Naturally Aspirated,Petrol,Automatic,247.8,243.0,0.1669064748201439,-1.7903216544584275,0.23980815347721823,-1.4279160358107101,116.19365609348914,1,0,0,0,5.5
CAR_5DF9802B,Porsche,Cayenne,5dr tiptronic s [5 seat],2019,348.0,2085.0,2995.0,6.0,500.0,4 wheel drive,Naturally Aspirated,Petrol,Automatic,247.8,243.0,0.1669064748201439,-1.7903216544584275,0.23980815347721823,-1.4279160358107101,116.19365609348914,1,0,0,0,5.5
CAR_A3A98191,Porsche,Cayenne Electric,325kw 113kwh 5dr auto,2025,435.0,2525.0,1984.0,4.0,835.0,4 wheel drive,EV,Electric,Automatic,230.1,0.0,0.17227722772277226,-1.7586503106207763,0.3306930693069307,-1.1065646168586047,219.2540322580645,1,1,0,0,4.6
CAR_749574D2,Porsche,Cayenne Electric,490kw s 113kwh 5dr auto,2025,656.0,2555.0,1984.0,4.0,1080.0,4 wheel drive,EV,Electric,Automatic,249.4,0.0,0.25675146771037183,-1.3596467136937158,0.4227005870841487,-0.8610911825195395,330.64516129032256,1,1,0,0,3.7
CAR_836380DA,Porsche,Cayman,27 2d,2005,245.0,1625.0,2687.0,4.0,200.0,Rear wheel drive,Naturally Aspirated,Petrol,Manual,257.5,222.0,0.15076923076923077,-1.8920048842191108,0.12307692307692308,-2.094945728215801,91.17975437290659,0,0,0,1,5.9
CAR_299E973F,Porsche,Cayman,27 2d tiptronic,2005,245.0,1625.0,2687.0,4.0,200.0,Rear wheel drive,Naturally Aspirated,Petrol,Automatic,252.7,242.0,0.15076923076923077,-1.8920048842191108,0.12307692307692308,-2.094945728215801,91.17975437290659,0,0,0,0,6.8
CAR_1D3B09F7,Porsche,Cayman,27 2d,2013,271.0,1330.0,2706.0,6.0,290.0,Rear wheel drive,Naturally Aspirated,Petrol,Manual,265.5,195.0,0.2037593984962406,-1.5908154003360986,0.21804511278195488,-1.5230532982352798,100.14781966001479,0,0,0,1,5.5
CAR_A6B436DB,Porsche,Cayman,27 2d pdk,2013,271.0,1360.0,2706.0,6.0,290.0,Rear wheel drive,Naturally Aspirated,Petrol,Automatic,263.9,183.0,0.19926470588235295,-1.6131211578503968,0.21323529411764705,-1.545359055749578,100.14781966001479,0,0,0,0,5.4
CAR_A510A3C4,Porsche,Macan,5dr pdk,2014,261.0,1845.0,1984.0,4.0,400.0,4 wheel drive,Naturally Aspirated,Petrol,Automatic,231.7,227.0,0.14146341463414633,-1.9557141491519343,0.21680216802168023,-1.5287700093666454,131.55241935483872,1,0,0,0,6.2
CAR_21973CD1,Porsche,Macan,gts 5dr pdk,2014,433.0,1960.0,2894.0,6.0,550.0,4 wheel drive,Naturally Aspirated,Petrol,Automatic,272.0,254.0,0.2209183673469388,-1.509962024222073,0.28061224489795916,-1.2707814739980463,149.61990324809952,1,0,0,0,4.2
CAR_3EADD63B,Porsche,Macan,265kw 100kwh 5dr auto,2024,354.0,2220.0,1984.0,4.0,563.0,Rear wheel drive,EV,Electric,Automatic,220.5,0.0,0.15945945945945947,-1.8359655617325505,0.2536036036036036,-1.3719828467266346,178.42741935483872,0,1,0,0,5.5
CAR_240041C8,Porsche,Macan,265kw 100kwh 5dr auto [lux pack],2024,354.0,2220.0,1984.0,4.0,563.0,Rear wheel drive,EV,Electric,Automatic,220.5,0.0,0.15945945945945947,-1.8359655617325505,0.2536036036036036,-1.3719828467266346,178.42741935483872,0,1,0,0,5.5
CAR_311B8A52,Porsche,Panamera,29 v6 4 5dr pdk,2016,325.0,1900.0,2894.0,6.0,450.0,4 wheel drive,Naturally Aspirated,Petrol,Automatic,268.8,235.0,0.17105263157894737,-1.7657839828247943,0.23684210526315788,-1.4403615823901665,112.30131306150656,1,0,0,0,5.1
CAR_88CA9B1A,Porsche,Panamera,29 v6 4 5dr pdk,2017,325.0,1930.0,2894.0,6.0,450.0,4 wheel drive,Naturally Aspirated,Petrol,Automatic,262.3,241.0,0.16839378238341968,-1.7814500995691938,0.23316062176165803,-1.4560276991345658,112.30131306150656,1,0,0,0,5.1
CAR_907FAF7C,Porsche,Panamera,29 v6 4 e hybrid 5dr pdk,2017,455.0,2225.0,2894.0,6.0,700.0,4 wheel drive,Hybrid,Petrol Parallel PHEV,Automatic,280.0,49.0,0.20449438202247192,-1.5872147756493902,0.3146067415730337,-1.1564318595569358,157.22183828610918,1,0,0,0,4.3
CAR_22E88A51,Porsche,Taycan,300kw 79kwh 4dr rwd auto,2019,402.0,2050.0,1984.0,4.0,345.0,Rear wheel drive,EV,Electric,Automatic,230.1,0.0,0.19609756097560976,-1.6291429835134328,0.16829268292682928,-1.782050655101094,202.6209677419355,0,1,0,0,5.2
CAR_BD5CD923,Porsche,Taycan,300kw 79kwh 4dr rwd auto [22kw],2019,402.0,2050.0,1984.0,4.0,345.0,Rear wheel drive,EV,Electric,Automatic,230.1,0.0,0.19609756097560976,-1.6291429835134328,0.16829268292682928,-1.782050655101094,202.6209677419355,0,1,0,0,5.2
CAR_F8A4EF37,Porsche,Taycan,300kw 4 105kwh 5dr auto,2021,428.0,2280.0,1984.0,4.0,610.0,4 wheel drive,EV,Electric,Automatic,220.5,0.0,0.18771929824561404,-1.6728075263666897,0.2675438596491228,-1.3184717647811295,215.7258064516129,1,1,0,0,4.5
CAR_7E8A2082,Porsche,Taycan,300kw 4 105kwh 5dr auto [5 seat],2021,428.0,2280.0,1984.0,4.0,610.0,4 wheel drive,EV,Electric,Automatic,220.5,0.0,0.18771929824561404,-1.6728075263666897,0.2675438596491228,-1.3184717647811295,215.7258064516129,1,1,0,0,4.5
CAR_DB880C95,Ferrari,360,challenge stradale f1 2d,1999,425.0,1180.0,3586.0,8.0,373.0,Rear wheel drive,Naturally Aspirated,Petrol,Automatic,299.3,440.0,0.3601694915254237,-1.0211805485352936,0.31610169491525425,-1.1516912978158949,118.51645287228109,0,0,0,0,4.0
CAR_6CC0E51D,Ferrari,360,modena 2d,1999,400.0,1390.0,3586.0,8.0,373.0,Rear wheel drive,Naturally Aspirated,Petrol,Manual,294.5,440.0,0.28776978417266186,-1.2455944790167555,0.26834532374100717,-1.315480606480922,111.54489682097045,0,0,0,1,4.5
CAR_C1DFEBA2,Ferrari,360,spider 2d,2000,400.0,1450.0,3586.0,8.0,373.0,Rear wheel drive,Naturally Aspirated,Petrol,Manual,289.7,440.0,0.27586206896551724,-1.2878542883066382,0.25724137931034485,-1.3577404157708044,111.54489682097045,0,0,0,1,4.5
CAR_0A9E53E3,Ferrari,360,spider f1 2d,2000,400.0,1450.0,3586.0,8.0,373.0,Rear wheel drive,Naturally Aspirated,Petrol,Manual,289.7,440.0,0.27586206896551724,-1.2878542883066382,0.25724137931034485,-1.3577404157708044,111.54489682097045,0,0,0,1,4.5
CAR_061A9E4E,Ferrari,456,gt 2d (93),1993,442.0,1690.0,5474.0,12.0,550.0,Rear wheel drive,Naturally Aspirated,Petrol,Manual,299.3,495.0,0.26153846153846155,-1.341173925839421,0.3254437869822485,-1.1225655296906025,80.74534161490683,0,0,0,1,5.1
CAR_552DE103,Ferrari,456,gt 2d (98),1993,442.0,1690.0,5474.0,12.0,550.0,Rear wheel drive,Naturally Aspirated,Petrol,Manual,299.3,495.0,0.26153846153846155,-1.341173925839421,0.3254437869822485,-1.1225655296906025,80.74534161490683,0,0,0,1,5.2
CAR_43292C35,Ferrari,458,italia (hele) 2d auto,2010,562.0,1625.0,4497.0,8.0,540.0,Rear wheel drive,Naturally Aspirated,Petrol,Automatic,325.1,275.0,0.34584615384615386,-1.0617612448701468,0.3323076923076923,-1.1016939552055178,124.97220369134979,0,0,0,0,3.3
CAR_E8940939,Ferrari,458,italia 2d,2010,562.0,1625.0,4497.0,8.0,540.0,Rear wheel drive,Naturally Aspirated,Petrol,Automatic,325.1,307.0,0.34584615384615386,-1.0617612448701468,0.3323076923076923,-1.1016939552055178,124.97220369134979,0,0,0,0,3.3
CAR_8C4E738D,Ferrari,458,spider (hele) 2d auto,2012,562.0,1625.0,4497.0,8.0,540.0,Rear wheel drive,Naturally Aspirated,Petrol,Automatic,318.6,275.0,0.34584615384615386,-1.0617612448701468,0.3323076923076923,-1.1016939552055178,124.97220369134979,0,0,0,0,3.3
CAR_24D591AD,Ferrari,458,spider 2d,2012,562.0,1625.0,4497.0,8.0,540.0,Rear wheel drive,Naturally Aspirated,Petrol,Automatic,318.6,307.0,0.34584615384615386,-1.0617612448701468,0.3323076923076923,-1.1016939552055178,124.97220369134979,0,0,0,0,3.3
CAR_F9D08816,Ferrari,488,2dr 2d auto,2016,660.0,1475.0,3902.0,8.0,760.0,Rear wheel drive,Naturally Aspirated,Petrol,Automatic,329.9,260.0,0.44745762711864406,-0.804173433753449,0.5152542372881356,-0.6630948354935434,169.1440287032291,0,0,0,0,3.0
CAR_0F2FFD32,Ferrari,488,auto 2d,2016,660.0,1525.0,3902.0,8.0,760.0,Rear wheel drive,Naturally Aspirated,Petrol,Automatic,326.7,260.0,0.43278688524590164,-0.8375098540210407,0.49836065573770494,-0.6964312557611352,169.1440287032291,0,0,0,0,3.0
CAR_6D7D88C4,Ferrari,512,tr 2d,1992,428.0,1625.0,4943.0,12.0,491.0,Rear wheel drive,Naturally Aspirated,Petrol,Manual,312.2,175.0,0.2633846153846154,-1.334139899182041,0.30215384615384616,-1.1968189669693172,86.58709285858791,0,0,0,1,4.6
CAR_FB1856BD,Ferrari,550,maranello 2d,1996,485.0,1690.0,5474.0,12.0,568.0,Rear wheel drive,Naturally Aspirated,Petrol,Manual,320.3,530.0,0.2869822485207101,-1.2483349169796358,0.336094674556213,-1.090362389195968,88.60065765436609,0,0,0,1,4.3
CAR_A4A252E8,Ferrari,575,maranello 2d,2002,515.0,1730.0,5748.0,12.0,588.0,Rear wheel drive,Naturally Aspirated,Petrol,Manual,325.1,499.0,0.2976878612716763,-1.2117097868280886,0.3398843930635838,-1.0791497395931977,89.59638135003479,0,0,0,1,4.1
CAR_B6A3152C,Ferrari,575,maranello f1 2d auto,2002,515.0,1730.0,5748.0,12.0,588.0,Rear wheel drive,Naturally Aspirated,Petrol,Automatic,325.1,499.0,0.2976878612716763,-1.2117097868280886,0.3398843930635838,-1.0791497395931977,89.59638135003479,0,0,0,0,4.1
CAR_6681CBCF,Ferrari,575,barchetta pininfarina 2d,2000,128.0,1625.0,5474.0,12.0,200.0,Rear wheel drive,Naturally Aspirated,Petrol,Manual,299.3,558.0,0.07876923076923077,-2.5412328308442205,0.12307692307692308,-2.094945728215801,23.383266350018268,0,0,0,1,4.3
CAR_0D14B6E1,Ferrari,575,superamerica 2d,2000,532.0,1790.0,5748.0,12.0,589.0,Rear wheel drive,Naturally Aspirated,Petrol,Manual,320.3,499.0,0.29720670391061454,-1.2133274094931563,0.32905027932960895,-1.1115447151832138,92.55393180236604,0,0,0,1,4.2
CAR_B2EEF102,Ferrari,599 Gtb,gtb fiorano 2d,2006,612.0,1580.0,5999.0,12.0,608.0,Rear wheel drive,Naturally Aspirated,Petrol,Manual,329.9,490.0,0.38734177215189874,-0.9484478435086864,0.3848101265822785,-0.9550052440548454,102.01700283380563,0,0,0,1,3.6
CAR_793328D9,Ferrari,599 Gtb,gtb fiorano f1 2d,2006,612.0,1580.0,5999.0,12.0,608.0,Rear wheel drive,Naturally Aspirated,Petrol,Automatic,329.9,490.0,0.38734177215189874,-0.9484478435086864,0.3848101265822785,-0.9550052440548454,102.01700283380563,0,0,0,0,3.6
CAR_3833160B,Ferrari,612,scaglietti 2d,2004,540.0,1840.0,5748.0,12.0,588.0,Rear wheel drive,Naturally Aspirated,Petrol,Manual,320.3,475.0,0.29347826086956524,-1.2259517110447111,0.31956521739130433,-1.1407939027044045,93.94572025052192,0,0,0,1,4.1
CAR_1E4D2C60,Ferrari,612,scaglietti f1a 2d,2004,540.0,1625.0,5748.0,12.0,588.0,Rear wheel drive,Naturally Aspirated,Petrol,Automatic,320.3,475.0,0.3323076923076923,-1.1016939552055178,0.3618461538461539,-1.0165361468652108,93.94572025052192,0,0,0,0,4.1
CAR_C6A25CBC,Ferrari,812 Superfast,f1 dct auto 2d,2017,788.0,1525.0,6496.0,12.0,718.0,Rear wheel drive,Turbocharged,Petrol,Automatic,202.8,175.0,0.5167213114754098,-0.660251599183633,0.47081967213114756,-0.7532801199932878,121.30541871921181,0,0,1,0,2.8
CAR_8B3579F4,Ferrari,California,2 f1 (hele) 2d auto,2009,483.0,1705.0,4297.0,8.0,505.0,Rear wheel drive,Naturally Aspirated,Petrol,Automatic,310.6,270.0,0.28328445747800585,-1.2613037360650445,0.2961876832844575,-1.2167619604422573,112.40400279264604,0,0,0,0,3.7
CAR_6D47E734,Ferrari,California,2 f1 2d,2009,483.0,1705.0,4297.0,8.0,505.0,Rear wheel drive,Naturally Aspirated,Petrol,Automatic,310.6,299.0,0.28328445747800585,-1.2613037360650445,0.2961876832844575,-1.2167619604422573,112.40400279264604,0,0,0,0,3.7
CAR_2CEFB98D,Ferrari,California T,t (hele) 2d auto,2014,552.0,1625.0,3855.0,8.0,755.0,Rear wheel drive,Naturally Aspirated,Petrol,Automatic,315.4,250.0,0.3396923076923077,-1.0797150484867426,0.4646153846153846,-0.7665453455148132,143.19066147859922,0,0,0,0,3.5
CAR_4C60C93B,Ferrari,California T,t 2d auto,2014,552.0,1625.0,3855.0,8.0,755.0,Rear wheel drive,Naturally Aspirated,Petrol,Automatic,315.4,175.0,0.3396923076923077,-1.0797150484867426,0.4646153846153846,-0.7665453455148132,143.19066147859922,0,0,0,0,3.5
CAR_DA92E8FC,Ferrari,Enzo,2d,2002,660.0,1365.0,5998.0,12.0,657.0,Rear wheel drive,Naturally Aspirated,Petrol,Manual,199.6,545.0,0.4835164835164835,-0.7266698725985888,0.48131868131868133,-0.7312256891344495,110.03667889296432,0,0,0,1,3.5
CAR_C01ED4CD,Ferrari,F12Berlinetta,(hele) 2d auto,2013,729.0,1630.0,6262.0,12.0,690.0,Rear wheel drive,Naturally Aspirated,Petrol,Automatic,199.6,175.0,0.447239263803681,-0.8046615617921498,0.4233128834355828,-0.859643696209503,116.4164803577132,0,0,0,0,3.0
CAR_B426E104,Ferrari,F12Berlinetta,2d auto,2013,729.0,1630.0,6262.0,12.0,690.0,Rear wheel drive,Naturally Aspirated,Petrol,Automatic,199.6,350.0,0.447239263803681,-0.8046615617921498,0.4233128834355828,-0.859643696209503,116.4164803577132,0,0,0,0,3.0
CAR_37226091,Ferrari,F355,berlinetta 2d,1994,380.0,1625.0,3496.0,8.0,200.0,Rear wheel drive,Naturally Aspirated,Petrol,Manual,294.5,395.0,0.23384615384615384,-1.4530918420434065,0.12307692307692308,-2.094945728215801,108.69565217391305,0,0,0,1,4.7
CAR_E1E87C23,Ferrari,F355,berlinetta f1 2d,1994,380.0,1625.0,3496.0,8.0,200.0,Rear wheel drive,Naturally Aspirated,Petrol,Manual,294.5,395.0,0.23384615384615384,-1.4530918420434065,0.12307692307692308,-2.094945728215801,108.69565217391305,0,0,0,1,4.7
CAR_18A7458D,Ferrari,F355,spider 2d,1994,380.0,1625.0,3496.0,8.0,200.0,Rear wheel drive,Naturally Aspirated,Petrol,Manual,294.5,395.0,0.23384615384615384,-1.4530918420434065,0.12307692307692308,-2.094945728215801,108.69565217391305,0,0,0,1,4.7
CAR_91BEA3AB,Ferrari,F355,spider f1 2d,1994,380.0,1625.0,3496.0,8.0,200.0,Rear wheel drive,Naturally Aspirated,Petrol,Manual,294.5,395.0,0.23384615384615384,-1.4530918420434065,0.12307692307692308,-2.094945728215801,108.69565217391305,0,0,0,1,4.7
CAR_50AFB634,Ferrari,F430,2d,2005,483.0,1450.0,4308.0,8.0,465.0,Rear wheel drive,Naturally Aspirated,Petrol,Manual,315.4,420.0,0.3331034482758621,-1.0993021817620474,0.32068965517241377,-1.1372814298272638,112.11699164345404,0,0,0,1,4.0
CAR_10FF37B9,Ferrari,F430,f1 2d,2005,483.0,1450.0,4308.0,8.0,465.0,Rear wheel drive,Naturally Aspirated,Petrol,Automatic,315.4,420.0,0.3331034482758621,-1.0993021817620474,0.32068965517241377,-1.1372814298272638,112.11699164345404,0,0,0,0,4.0
CAR_4FC33A6C,Ferrari,F430,spider 2d,2005,483.0,1520.0,4308.0,8.0,465.0,Rear wheel drive,Naturally Aspirated,Petrol,Manual,310.6,420.0,0.31776315789473686,-1.1464489601877494,0.3059210526315789,-1.1844282082529658,112.11699164345404,0,0,0,1,4.1
CAR_0D19B931,Ferrari,F430,spider f1 2d,2005,483.0,1520.0,4308.0,8.0,465.0,Rear wheel drive,Naturally Aspirated,Petrol,Automatic,310.6,420.0,0.31776315789473686,-1.1464489601877494,0.3059210526315789,-1.1844282082529658,112.11699164345404,0,0,0,0,4.1
CAR_F366358D,Ferrari,F50,2d,1996,513.0,1625.0,4700.0,12.0,471.0,Rear wheel drive,Naturally Aspirated,Petrol,Manual,325.1,175.0,0.3156923076923077,-1.1529872495930682,0.28984615384615386,-1.23840500074742,109.14893617021276,0,0,0,1,3.6
CAR_C4470B80,Ferrari,F512,m 2d,1995,432.0,1625.0,4943.0,12.0,498.0,Rear wheel drive,Naturally Aspirated,Petrol,Manual,315.4,175.0,0.26584615384615384,-1.3248375065197275,0.30646153846153845,-1.182663017739185,87.3963180254906,0,0,0,1,4.5
CAR_281101E9,Ferrari,Ff,2d,2011,650.0,1880.0,6262.0,4.0,683.0,4 wheel drive,Naturally Aspirated,Petrol,Automatic,334.7,380.0,0.34574468085106386,-1.062054692934312,0.36329787234042554,-1.0125321962532048,103.80070265091025,1,0,0,0,3.6
CAR_DC838CB7,Ferrari,Ff,hele 2d auto,2011,650.0,1880.0,6262.0,4.0,683.0,4 wheel drive,Naturally Aspirated,Petrol,Automatic,334.7,360.0,0.34574468085106386,-1.062054692934312,0.36329787234042554,-1.0125321962532048,103.80070265091025,1,0,0,0,3.6
CAR_50C0193F,Ferrari,Gtc4Lusso,t auto 2d,2016,601.0,1865.0,3855.0,8.0,760.0,Rear wheel drive,Naturally Aspirated,Petrol,Automatic,320.3,175.0,0.3222520107238606,-1.1324213975427082,0.4075067024128686,-0.8976978987975391,155.90142671854736,0,0,0,0,3.4
CAR_93552339,Ferrari,Gtc4Lusso,auto 2d,2016,680.0,1920.0,6262.0,12.0,697.0,4 wheel drive,Naturally Aspirated,Petrol,Automatic,334.7,175.0,0.3541666666666667,-1.0379876668516748,0.36302083333333335,-1.0132950542613033,108.59150431172151,1,0,0,0,3.3
CAR_354BBFBE,Ferrari,Portofino,auto 2d,2018,591.0,1625.0,3855.0,8.0,760.0,Rear wheel drive,Naturally Aspirated,Petrol,Automatic,320.3,175.0,0.3636923076923077,-1.0114470773577395,0.4676923076923077,-0.7599446614834611,153.30739299610894,0,0,0,0,3.4
CAR_F19C6701,Lamborghini,Aventador,lp 700 4 isr roadster 2d,2012,690.0,1625.0,6498.0,12.0,690.0,4 wheel drive,Naturally Aspirated,Petrol,Automatic,199.6,370.0,0.4246153846153846,-0.8565714971725328,0.4246153846153846,-0.8565714971725328,106.1865189289012,1,0,0,0,2.9
CAR_533EBFA1,Lamborghini,Aventador,lp 700 4 pirelli edition roadster 2d,2012,690.0,1625.0,6498.0,12.0,690.0,4 wheel drive,Naturally Aspirated,Petrol,Automatic,199.6,370.0,0.4246153846153846,-0.8565714971725328,0.4246153846153846,-0.8565714971725328,106.1865189289012,1,0,0,0,2.9
CAR_92B11B76,Lamborghini,Aventador,lp 700 4 coupe 2d isr,2011,690.0,1575.0,6498.0,12.0,690.0,4 wheel drive,Naturally Aspirated,Petrol,Automatic,199.6,370.0,0.4380952380952381,-0.8253189536684283,0.4380952380952381,-0.8253189536684283,106.1865189289012,1,0,0,0,2.8
CAR_0C6D5877,Lamborghini,Aventador,lp 700 4 pirelli edition coupe 2d isr,2011,690.0,1575.0,6498.0,12.0,690.0,4 wheel drive,Naturally Aspirated,Petrol,Automatic,199.6,370.0,0.4380952380952381,-0.8253189536684283,0.4380952380952381,-0.8253189536684283,106.1865189289012,1,0,0,0,2.8
CAR_85F97DC6,Lamborghini,Diablo,60 vt coupe 2d,1995,550.0,1625.0,5992.0,12.0,620.0,Rear wheel drive,Naturally Aspirated,Petrol,Manual,329.9,539.0,0.3384615384615385,-1.0833448165373212,0.38153846153846155,-0.9635436167247006,91.7890520694259,0,0,0,1,3.8
CAR_6722964C,Lamborghini,Diablo,gt coupe 2d (lhd),1995,575.0,1625.0,5992.0,12.0,630.0,Rear wheel drive,Naturally Aspirated,Petrol,Manual,329.9,530.0,0.35384615384615387,-1.0388930539664873,0.38769230769230767,-0.9475432753782596,95.96128170894526,0,0,0,1,3.8
CAR_9F8B4F51,Lamborghini,Gallardo,2d,2003,493.0,1895.0,4961.0,10.0,510.0,4 wheel drive,Naturally Aspirated,Petrol,Manual,315.4,450.0,0.26015831134564643,-1.3464649434738367,0.2691292875989446,-1.3125633917981552,99.37512598266478,1,0,0,1,3.9
CAR_F968839B,Lamborghini,Gallardo,2d e gear,2003,493.0,1895.0,4961.0,10.0,510.0,4 wheel drive,Naturally Aspirated,Petrol,Automatic,315.4,450.0,0.26015831134564643,-1.3464649434738367,0.2691292875989446,-1.3125633917981552,99.37512598266478,1,0,0,0,3.9
CAR_DAE9BA7D,Lamborghini,Huracan,evo ldf auto 2d,2015,631.0,1542.0,5204.0,10.0,600.0,4 wheel drive,Naturally Aspirated,Petrol,Automatic,325.1,338.0,0.4092088197146563,-0.8935296915820616,0.38910505836575876,-0.9439058989071284,121.25288239815526,1,0,0,0,3.0
CAR_9238C90D,Lamborghini,Huracan,lp 580 2 ldf auto 2d,2015,571.0,1509.0,5204.0,10.0,540.0,Rear wheel drive,Naturally Aspirated,Petrol,Automatic,320.3,278.0,0.37839628893306826,-0.9718132491118386,0.35785288270377735,-1.0276333192095288,109.72328977709455,0,0,0,0,3.5
CAR_C730BD10,Lamborghini,Huracan,52 v10 610 sterrato 2dr auto awd,2019,601.0,1470.0,5204.0,10.0,560.0,4 wheel drive,Naturally Aspirated,Petrol,Automatic,260.7,337.0,0.408843537414966,-0.8944227452375744,0.38095238095238093,-0.9650808960435872,115.48808608762491,1,0,0,0,3.3
CAR_13CEEB1D,Lamborghini,Huracan,52 v10 640 fluo capsule 2dr auto awd,2019,631.0,1422.0,5204.0,10.0,600.0,4 wheel drive,Naturally Aspirated,Petrol,Automatic,325.1,332.0,0.4437412095639944,-0.812513747821973,0.4219409282700422,-0.8628899551470398,121.25288239815526,1,0,0,0,2.8
CAR_A6516493,Lamborghini,Murcielago,lp 640 coupe 2d,2002,631.0,1665.0,6496.0,12.0,660.0,4 wheel drive,Naturally Aspirated,Petrol,Manual,329.9,495.0,0.378978978978979,-0.970274539873331,0.3963963963963964,-0.925340567394073,97.13669950738915,1,0,0,1,3.3
CAR_A5E7EA63,Lamborghini,Murcielago,lp 640 coupe 2d e gear,2002,631.0,1665.0,6496.0,12.0,660.0,4 wheel drive,Naturally Aspirated,Petrol,Automatic,329.9,495.0,0.378978978978979,-0.970274539873331,0.3963963963963964,-0.925340567394073,97.13669950738915,1,0,0,0,3.3
CAR_E505DBE8,Lamborghini,Revuelto,65 v12 1015 phev 2dr dct,2023,1000.0,1910.0,6499.0,12.0,725.0,4 wheel drive,Hybrid,Petrol Parallel PHEV,Automatic,209.2,316.0,0.5235602094240838,-0.6471032420585385,0.3795811518324607,-0.9686868661860009,153.86982612709647,1,0,0,0,2.4
CAR_B5E4DE79,Lamborghini,Temerario,40t v8 phev 2dr auto,2024,907.0,1690.0,3995.0,8.0,730.0,4 wheel drive,Hybrid,Petrol Parallel PHEV,Automatic,209.2,272.0,0.5366863905325444,-0.6223413578019825,0.4319526627218935,-0.8394392737746824,227.03379224030036,1,0,0,0,2.6
CAR_1B458D99,Lamborghini,Temerario,40t v8 phev 2dr auto [alleggerita pack],2024,907.0,1690.0,3995.0,8.0,730.0,4 wheel drive,Hybrid,Petrol Parallel PHEV,Automatic,209.2,272.0,0.5366863905325444,-0.6223413578019825,0.4319526627218935,-0.8394392737746824,227.03379224030036,1,0,0,0,2.6
CAR_657CAE24,Lamborghini,Urus,40t fsi v8 5dr auto [4 seat],2018,640.0,2200.0,3996.0,8.0,850.0,4 wheel drive,Naturally Aspirated,Petrol,Automatic,305.8,325.0,0.2909090909090909,-1.2347444629926898,0.38636363636363635,-0.9509762898620451,160.16016016016016,1,0,0,0,3.5
CAR_4C4E731A,Lamborghini,Urus,40t fsi v8 graphite capsule 5dr auto,2018,640.0,2200.0,3996.0,8.0,850.0,4 wheel drive,Naturally Aspirated,Petrol,Automatic,305.8,325.0,0.2909090909090909,-1.2347444629926898,0.38636363636363635,-0.9509762898620451,160.16016016016016,1,0,0,0,3.5
CAR_606C393B,Lexus,Ct,200h (ct premium pack) e cvt auto 5d,2011,134.0,1410.0,1798.0,4.0,142.0,Front wheel drive,EV,Petrol/Electric Hybrid,Automatic,180.2,115.0,0.0950354609929078,-2.3535051834213028,0.10070921985815603,-2.295517925770953,74.52725250278087,0,1,0,0,10.0
CAR_6A212C38,Lexus,Ct,200h (leather premium pack and tech pack) e cvt auto (102018 on) 5d,2011,134.0,1410.0,1798.0,4.0,142.0,Front wheel drive,EV,Petrol/Electric Hybrid,Automatic,180.2,115.0,0.0950354609929078,-2.3535051834213028,0.10070921985815603,-2.295517925770953,74.52725250278087,0,1,0,0,10.0
CAR_8C07FF01,Lexus,Es,300h 25 4dr cvt,2019,214.0,1740.0,2487.0,4.0,221.0,Front wheel drive,EV,Petrol/Electric Hybrid,Automatic,180.2,119.0,0.12298850574712644,-2.0956643771867234,0.12701149425287356,-2.063477690690822,86.04744672295938,0,1,0,0,8.6
CAR_EEFF3058,Lexus,Es,300h 25 4dr cvt premium edition,2019,214.0,1680.0,2487.0,4.0,221.0,Front wheel drive,EV,Petrol/Electric Hybrid,Automatic,180.2,125.0,0.12738095238095237,-2.060573057375453,0.13154761904761905,-2.0283863708795518,86.04744672295938,0,1,0,0,8.6
CAR_7D2F3D5C,Lexus,Gs,30 4d auto,2005,245.0,1620.0,2995.0,6.0,310.0,Rear wheel drive,Naturally Aspirated,Petrol,Automatic,238.2,232.0,0.15123456790123457,-1.8889232176817028,0.19135802469135801,-1.6536091307472378,81.80300500834724,0,0,0,0,7.0
CAR_57C907A7,Lexus,Gs,30 se 4d auto,2005,245.0,1620.0,2995.0,6.0,310.0,Rear wheel drive,Naturally Aspirated,Petrol,Automatic,238.2,232.0,0.15123456790123457,-1.8889232176817028,0.19135802469135801,-1.6536091307472378,81.80300500834724,0,0,0,0,7.0
CAR_D221233B,Lexus,Gs,250 25 f sport (multimedia) 4d auto,2012,206.0,1640.0,2500.0,6.0,253.0,Rear wheel drive,Naturally Aspirated,Petrol,Automatic,231.7,207.0,0.12560975609756098,-2.074575352028663,0.15426829268292683,-1.8690620320907239,82.4,0,0,0,0,8.3
CAR_2A9B8EBA,Lexus,Gs,250 25 f sport (sunroof multimedia) 4d auto,2012,206.0,1640.0,2500.0,6.0,253.0,Rear wheel drive,Naturally Aspirated,Petrol,Automatic,231.7,207.0,0.12560975609756098,-2.074575352028663,0.15426829268292683,-1.8690620320907239,82.4,0,0,0,0,8.3
CAR_FB111E60,Lexus,Is,200t f sport premier pack (with sunroof) auto (0117 on) 4d,2013,241.0,1590.0,1998.0,4.0,350.0,Rear wheel drive,Naturally Aspirated,Petrol,Automatic,230.1,167.0,0.15157232704402515,-1.8866923617236222,0.22012578616352202,-1.5135561407308178,120.62062062062063,0,0,0,0,6.8
CAR_849807B6,Lexus,Is,200t f sport premier pack auto (0117 on) 4d,2013,241.0,1590.0,1998.0,4.0,350.0,Rear wheel drive,Naturally Aspirated,Petrol,Automatic,230.1,167.0,0.15157232704402515,-1.8866923617236222,0.22012578616352202,-1.5135561407308178,120.62062062062063,0,0,0,0,6.8
CAR_FD597478,Lexus,Is,200d advance 4d,2005,147.0,1545.0,2231.0,4.0,340.0,Rear wheel drive,Diesel,Diesel,Manual,204.4,134.0,0.09514563106796116,-2.3523466025531095,0.22006472491909385,-1.5138335717216387,65.88973554459884,0,0,0,1,9.9
CAR_8DE761F0,Lexus,Is,200d f sport (navigation) 4d,2005,147.0,1545.0,2231.0,4.0,340.0,Rear wheel drive,Diesel,Diesel,Manual,204.4,134.0,0.09514563106796116,-2.3523466025531095,0.22006472491909385,-1.5138335717216387,65.88973554459884,0,0,0,1,9.9
CAR_B098A410,Lexus,Lbx,15 original edition 5dr e cvt,2023,134.0,1280.0,1490.0,3.0,185.0,Front wheel drive,EV,Petrol/Electric Hybrid,Automatic,170.6,104.0,0.1046875,-2.2567755569627517,0.14453125,-1.934259531835338,89.93288590604027,0,1,0,0,8.9
CAR_A3DB0FEC,Lexus,Lbx,15 premium 5dr e cvt,2023,134.0,1280.0,1490.0,3.0,120.0,Front wheel drive,EV,Petrol/Electric Hybrid,Automatic,170.6,102.0,0.1046875,-2.2567755569627517,0.09375,-2.367123614131617,89.93288590604027,0,1,0,0,8.9
CAR_382B78CD,Lexus,Lc,500 (mark levinson premium sound system) auto (112018 on) 2d,2017,457.0,1930.0,4969.0,8.0,530.0,Rear wheel drive,Naturally Aspirated,Petrol,Automatic,270.4,262.0,0.23678756476683938,-1.4405918910047266,0.27461139896373055,-1.2923982753527639,91.97021533507747,0,0,0,0,4.5
CAR_5EFD64C8,Lexus,Lc,500 (mark levinson premium sound) auto 2d,2017,470.0,1935.0,4969.0,8.0,540.0,Rear wheel drive,Naturally Aspirated,Petrol,Automatic,270.4,265.0,0.24289405684754523,-1.415129910759778,0.27906976744186046,-1.276293465905562,94.5864359025961,0,0,0,0,4.5
CAR_ED2B83CB,Lexus,Lc,500 50 [464] 2dr auto 2d,2020,457.0,2035.0,4969.0,8.0,530.0,Rear wheel drive,Naturally Aspirated,Petrol,Automatic,270.4,275.0,0.22457002457002456,-1.4935677069824906,0.26044226044226043,-1.3453740913305279,91.97021533507747,0,0,0,0,4.5
CAR_BA84784F,Lexus,Lc,500 50 [464] 2dr auto [mark levinson] 2d,2020,457.0,2035.0,4969.0,8.0,530.0,Rear wheel drive,Naturally Aspirated,Petrol,Automatic,270.4,275.0,0.22457002457002456,-1.4935677069824906,0.26044226044226043,-1.3453740913305279,91.97021533507747,0,0,0,0,4.5
CAR_E8BCCA3A,Lexus,Lm,350h 25 5dr e cvt,2023,246.0,2295.0,2487.0,4.0,239.0,4 wheel drive,EV,Petrol/Electric Hybrid,Automatic,189.9,163.0,0.10718954248366012,-2.233156586562283,0.10413943355119826,-2.2620245705631348,98.91435464414957,1,1,0,0,8.8
CAR_69438CE9,Lexus,Lm,350h 25 5dr e cvt 2wd,2023,246.0,2295.0,2487.0,4.0,239.0,Front wheel drive,EV,Petrol/Electric Hybrid,Automatic,189.9,152.0,0.10718954248366012,-2.233156586562283,0.10413943355119826,-2.2620245705631348,98.91435464414957,0,1,0,0,8.8
CAR_415A51D7,Lexus,Ls,500h 35 [359] takumi 4dr cvt auto [nishijinhaku],2017,353.0,2275.0,3456.0,6.0,350.0,4 wheel drive,EV,Petrol/Electric Hybrid,Automatic,249.4,217.0,0.15516483516483517,-1.863267274451754,0.15384615384615385,-1.8718021769015913,102.14120370370371,1,1,0,0,5.3
CAR_5C819946,Lexus,Ls,500h f sport auto (012019 on) 4d,2017,353.0,2190.0,3456.0,6.0,350.0,Rear wheel drive,EV,Petrol/Electric Hybrid,Automatic,249.4,185.0,0.16118721461187216,-1.8251887658772497,0.1598173515981735,-1.8337236683270872,102.14120370370371,0,1,0,0,5.2
CAR_DC0B0A44,Lexus,Ls,460 46 f sport 4d auto,2007,388.0,1980.0,4608.0,8.0,493.0,Rear wheel drive,Naturally Aspirated,Petrol,Automatic,249.4,249.0,0.19595959595959597,-1.6298467840653075,0.24898989898989898,-1.3903429496458908,84.2013888888889,0,0,0,0,5.5
CAR_CD70DF46,Lexus,Ls,460 46 luxury 4d auto,2007,388.0,1940.0,4608.0,8.0,493.0,Rear wheel drive,Naturally Aspirated,Petrol,Automatic,249.4,249.0,0.2,-1.6094379124341003,0.25412371134020617,-1.3699340780146838,84.2013888888889,0,0,0,0,5.5
CAR_59A29D90,Lexus,Nx,(panoramic roof and sport pack) hybrid e four auto 5d,2014,194.0,1785.0,2494.0,4.0,210.0,4 wheel drive,EV,Petrol/Electric Hybrid,Automatic,180.2,137.0,0.10868347338935574,-2.2193155351504115,0.11764705882352941,-2.1400661634962708,77.78668805132317,1,1,0,0,8.9
CAR_47DB7DE3,Lexus,Nx,(sport pack and panoramic roof) hybrid e four auto 5d,2014,194.0,1785.0,2494.0,4.0,210.0,4 wheel drive,EV,Petrol/Electric Hybrid,Automatic,180.2,137.0,0.10868347338935574,-2.2193155351504115,0.11764705882352941,-2.1400661634962708,77.78668805132317,1,1,0,0,8.9
CAR_75556B2F,Lexus,Nx,350h 197 f sport 5dr e cvt,2021,194.0,1790.0,2487.0,4.0,230.0,4 wheel drive,EV,Petrol/Electric Hybrid,Automatic,189.9,141.0,0.10837988826815642,-2.2221127397714726,0.12849162011173185,-2.0518915899116053,78.00562927221551,1,1,0,0,7.8
CAR_ECD2A283,Lexus,Nx,350h 197 f sport 5dr e cvt [pan roof],2021,194.0,1790.0,2487.0,4.0,230.0,4 wheel drive,EV,Petrol/Electric Hybrid,Automatic,189.9,143.0,0.10837988826815642,-2.2221127397714726,0.12849162011173185,-2.0518915899116053,78.00562927221551,1,1,0,0,7.8
CAR_FB51D76F,Lexus,Rc,200t 20 f sport (navigation) 2d auto,2015,241.0,1675.0,1998.0,4.0,350.0,Rear wheel drive,Naturally Aspirated,Petrol,Automatic,230.1,168.0,0.14388059701492537,-1.938771510768512,0.208955223880597,-1.5656352897757075,120.62062062062063,0,0,0,0,7.3
CAR_873A77A4,Lexus,Rc,200t 20 f sport (premium navigation) 2d auto,2015,241.0,1675.0,1998.0,4.0,350.0,Rear wheel drive,Naturally Aspirated,Petrol,Automatic,230.1,168.0,0.14388059701492537,-1.938771510768512,0.208955223880597,-1.5656352897757075,120.62062062062063,0,0,0,0,7.3
CAR_3F721921,Lexus,Rc,50 takumi edition 2dr auto,2014,456.0,1715.0,4969.0,8.0,520.0,Rear wheel drive,Naturally Aspirated,Petrol,Automatic,270.4,268.0,0.26588921282798833,-1.3246755500856542,0.3032069970845481,-1.1933395480245672,91.7689675991145,0,0,0,0,4.2
CAR_B126DA16,Lexus,Rc,50 ultimate edition 2dr auto,2014,456.0,1715.0,4969.0,8.0,520.0,Rear wheel drive,Naturally Aspirated,Petrol,Automatic,270.4,268.0,0.26588921282798833,-1.3246755500856542,0.3032069970845481,-1.1933395480245672,91.7689675991145,0,0,0,0,4.2
CAR_9A3345E9,Lexus,Rx,200t 20 f sport (pan roof prem audio) 5d auto,2016,234.0,1960.0,1998.0,4.0,350.0,4 wheel drive,Naturally Aspirated,Petrol,Automatic,199.6,189.0,0.11938775510204082,-2.1253786368668615,0.17857142857142858,-1.7227665977411035,117.11711711711712,1,0,0,0,9.2
CAR_F4C03898,Lexus,Rx,200t 20 f sport (pan roof) 5d auto,2016,234.0,1960.0,1998.0,4.0,350.0,4 wheel drive,Naturally Aspirated,Petrol,Automatic,199.6,189.0,0.11938775510204082,-2.1253786368668615,0.17857142857142858,-1.7227665977411035,117.11711711711712,1,0,0,0,9.2
CAR_33A5B2D0,Lexus,Rx,450h l (premium pack and sunroof) e four auto 5d,2018,308.0,1895.0,3456.0,6.0,335.0,4 wheel drive,EV,Petrol/Electric Hybrid,Automatic,199.6,138.0,0.162532981530343,-1.8168743345429523,0.17678100263852242,-1.7328435856914604,89.12037037037037,1,1,0,0,7.5
CAR_4EA1D263,Lexus,Rx,450h l (premium pack and tech safety pack) e four auto 5d,2018,308.0,1895.0,3456.0,6.0,335.0,4 wheel drive,EV,Petrol/Electric Hybrid,Automatic,199.6,138.0,0.162532981530343,-1.8168743345429523,0.17678100263852242,-1.7328435856914604,89.12037037037037,1,1,0,0,7.5
CAR_0BEBBCA3,Lexus,Rz,300e 150kw 71 kwh 5dr auto prem20 wheels,2022,201.0,2010.0,1984.0,4.0,266.0,Front wheel drive,EV,Electric,Automatic,159.3,0.0,0.1,-2.3025850929940455,0.13233830845771144,-2.0223936922714225,101.31048387096774,0,1,0,0,7.7
CAR_B71D2C96,Lexus,Rz,300e 150kw 71 kwh 5dr auto premiumbi tone,2022,201.0,2010.0,1984.0,4.0,266.0,Front wheel drive,EV,Electric,Automatic,159.3,0.0,0.1,-2.3025850929940455,0.13233830845771144,-2.0223936922714225,101.31048387096774,0,1,0,0,7.7
CAR_08B41D42,Lexus,Sc,43 2d auto,2001,282.0,1740.0,4293.0,8.0,419.0,Rear wheel drive,Naturally Aspirated,Petrol,Automatic,249.4,287.0,0.16206896551724137,-1.8197333212704612,0.24080459770114943,-1.423769472286437,65.68832983927324,0,0,0,0,6.2
CAR_1A31DD89,Lexus,Sc,430 43 2d auto (6),2001,282.0,1790.0,4293.0,8.0,419.0,Rear wheel drive,Naturally Aspirated,Petrol,Automatic,249.4,269.0,0.15754189944134078,-1.848063827896687,0.2340782122905028,-1.452099978912663,65.68832983927324,0,0,0,0,6.0
CAR_BE3910D9,Lexus,Ux,250h (premium pack and tech safety pack) auto 5d,2018,181.0,1540.0,1987.0,4.0,190.0,Front wheel drive,EV,Petrol/Electric Hybrid,Automatic,177.0,120.0,0.11753246753246753,-2.141040664141849,0.12337662337662338,-2.092513623247189,91.09209864116758,0,1,0,0,8.2
CAR_9F5091E9,Lexus,Ux,250h (premium pack) auto 5d,2018,181.0,1540.0,1987.0,4.0,190.0,Front wheel drive,EV,Petrol/Electric Hybrid,Automatic,177.0,124.0,0.11753246753246753,-2.141040664141849,0.12337662337662338,-2.092513623247189,91.09209864116758,0,1,0,0,8.2
CAR_6EE6A5DC,Lexus,Ux Electric,300e 150kw 543 kwh 5dr e cvt,2021,201.0,1785.0,1984.0,4.0,300.0,Front wheel drive,EV,Electric,Automatic,160.9,0.0,0.11260504201680673,-2.1838687861546635,0.16806722689075632,-1.7833912195575383,101.31048387096774,0,1,0,0,7.3
CAR_34711C80,Lexus,Ux Electric,300e 150kw 543 kwh 5dr e cvt [premium plus pack],2021,201.0,1785.0,1984.0,4.0,300.0,Front wheel drive,EV,Electric,Automatic,160.9,0.0,0.11260504201680673,-2.1838687861546635,0.16806722689075632,-1.7833912195575383,101.31048387096774,0,1,0,0,7.3
CAR_D8238209,Mclaren,540C,ssg auto 2d,2015,532.0,1353.0,3799.0,4.0,540.0,Rear wheel drive,Naturally Aspirated,Petrol,Automatic,320.3,258.0,0.39320029563932,-0.9334361388291437,0.3991130820399113,-0.918510488612468,140.0368518031061,0,0,0,0,3.3
CAR_94DA39FA,Mclaren,570Gt,38 ssg auto 2d,2016,562.0,1495.0,3799.0,8.0,600.0,Rear wheel drive,Naturally Aspirated,Petrol,Automatic,328.3,249.0,0.3759197324414716,-0.9783796359310957,0.4013377926421405,-0.9129518306086404,147.93366675440905,0,0,0,0,3.3
CAR_04F8330C,Mclaren,570S,ssg auto 2d,2017,570.0,1498.0,3799.0,8.0,600.0,Rear wheel drive,Naturally Aspirated,Petrol,Automatic,328.3,249.0,0.38050734312416556,-0.9662498032485689,0.40053404539385845,-0.9149565088610185,150.03948407475653,0,0,0,0,3.1
CAR_7B99C3E3,Mclaren,570S,v8 2d ssg auto,2015,562.0,1495.0,3799.0,8.0,600.0,Rear wheel drive,Naturally Aspirated,Petrol,Automatic,328.3,249.0,0.3759197324414716,-0.9783796359310957,0.4013377926421405,-0.9129518306086404,147.93366675440905,0,0,0,0,3.3
CAR_668553A5,Mclaren,600Lt,ssg auto 2d,2018,591.0,1404.0,3799.0,8.0,620.0,Rear wheel drive,Naturally Aspirated,Petrol,Automatic,323.5,277.0,0.42094017094017094,-0.8652645671796583,0.4415954415954416,-0.8173611065466191,155.56725454066859,0,0,0,0,2.8
CAR_6FD51D77,Mclaren,600Lt,ssg auto 2d,2018,591.0,1261.0,3799.0,8.0,620.0,Rear wheel drive,Naturally Aspirated,Petrol,Automatic,328.3,266.0,0.46867565424266455,-0.7578443185588214,0.4916732751784298,-0.7099408579257823,155.56725454066859,0,0,0,0,2.8
CAR_89F6D99E,Mclaren,620R,v8 2dr ssg auto 2d,2019,611.0,1625.0,3800.0,4.0,620.0,Rear wheel drive,Naturally Aspirated,Petrol,Automatic,321.9,278.0,0.376,-0.9781661355922425,0.38153846153846155,-0.9635436167247006,160.78947368421052,0,0,0,0,2.8
CAR_8B56F5AE,Mclaren,650S,v8 coupe 2d ssg auto,2014,640.0,1330.0,3799.0,4.0,678.0,Rear wheel drive,Naturally Aspirated,Petrol,Automatic,333.1,275.0,0.48120300751879697,-0.731466044862082,0.5097744360902255,-0.673786933275404,168.4653856277968,0,0,0,0,2.9
CAR_F1C1FDD2,Mclaren,650S Spider,v8 spider 2d ssg auto,2014,640.0,1370.0,3799.0,4.0,678.0,Rear wheel drive,Naturally Aspirated,Petrol,Automatic,328.3,275.0,0.46715328467153283,-0.7610978424684531,0.4948905109489051,-0.703418730881775,168.4653856277968,0,0,0,0,2.9
CAR_CD2E9A59,Mclaren,675Lt,v8 2d ssg auto,2015,665.0,1230.0,3799.0,4.0,700.0,Rear wheel drive,Naturally Aspirated,Petrol,Automatic,329.9,275.0,0.540650406504065,-0.6149824077106091,0.5691056910569106,-0.5636891133230585,175.0460647538826,0,0,0,0,2.8
CAR_0FD47DC5,Mclaren,720S,40 ssg auto 2d,2017,709.0,1419.0,3994.0,8.0,770.0,Rear wheel drive,Naturally Aspirated,Petrol,Automatic,199.6,276.0,0.4996476391825229,-0.6938521506279152,0.5426356589147286,-0.6113171623123131,177.51627441161742,0,0,0,0,2.8
CAR_F1EC39C4,Mclaren,720S,luxury ssg auto 2d,2017,709.0,1419.0,3994.0,8.0,770.0,Rear wheel drive,Naturally Aspirated,Petrol,Automatic,199.6,276.0,0.4996476391825229,-0.6938521506279152,0.5426356589147286,-0.6113171623123131,177.51627441161742,0,0,0,0,2.8
CAR_9F668EF2,Mclaren,720S,luxury ssg auto 2d,2019,709.0,1468.0,3994.0,8.0,770.0,Rear wheel drive,Naturally Aspirated,Petrol,Automatic,199.6,276.0,0.4829700272479564,-0.7278006826423334,0.5245231607629428,-0.6452656943267313,177.51627441161742,0,0,0,0,2.8
CAR_6D799FCA,Mclaren,720S,performance ssg auto 2d,2019,709.0,1468.0,3994.0,8.0,770.0,Rear wheel drive,Naturally Aspirated,Petrol,Automatic,199.6,276.0,0.4829700272479564,-0.7278006826423334,0.5245231607629428,-0.6452656943267313,177.51627441161742,0,0,0,0,2.8
CAR_F92387E0,Mclaren,750S,v8 2dr ssg auto,2023,739.0,1389.0,3994.0,8.0,800.0,Rear wheel drive,Naturally Aspirated,Petrol,Automatic,331.5,276.0,0.5320374370050396,-0.631041421806142,0.5759539236861051,-0.5517276150864165,185.02754131196795,0,0,0,0,2.7
CAR_D6E3D7F1,Mclaren,750S,v8 2dr ssg auto,2023,739.0,1389.0,3994.0,8.0,800.0,Rear wheel drive,Naturally Aspirated,Petrol,Automatic,331.5,276.0,0.5320374370050396,-0.631041421806142,0.5759539236861051,-0.5517276150864165,185.02754131196795,0,0,0,0,2.7
CAR_9B652384,Mclaren,765Lt,v8 2dr ssg auto 2d,2020,754.0,1339.0,3994.0,8.0,800.0,Rear wheel drive,Naturally Aspirated,Petrol,Automatic,329.9,280.0,0.5631067961165048,-0.5742859776832164,0.5974607916355489,-0.5150666180232453,188.7831747621432,0,0,0,0,2.7
CAR_52D687B3,Mclaren,765Lt,v8 2dr ssg auto,2021,754.0,1388.0,3994.0,8.0,800.0,Rear wheel drive,Naturally Aspirated,Petrol,Automatic,329.9,280.0,0.5432276657060519,-0.6102267730587938,0.5763688760806917,-0.5510074133988225,188.7831747621432,0,0,0,0,2.7
CAR_32691F34,Mclaren,Artura,v6 phev 2dr dct,2021,670.0,1625.0,2993.0,6.0,585.0,Rear wheel drive,Hybrid,Petrol Parallel PHEV,Automatic,329.9,129.0,0.4123076923076923,-0.8859853823788261,0.36,-1.0216512475319814,223.85566321416638,0,0,0,0,2.9
CAR_E9C6D65A,Mclaren,Artura,v6 phev 700 2dr ssg auto,2021,690.0,1498.0,2993.0,6.0,720.0,Rear wheel drive,Hybrid,Petrol Parallel PHEV,Automatic,329.9,108.0,0.4606141522029373,-0.7751945664858597,0.48064085447263016,-0.7326349520670639,230.53792181757436,0,0,0,0,2.9
CAR_2D481432,Mclaren,Artura,v6 phev 700 2dr ssg auto,2024,690.0,1560.0,2993.0,6.0,720.0,Rear wheel drive,Hybrid,Petrol Parallel PHEV,Automatic,329.9,108.0,0.4423076923076923,-0.8157495026522777,0.46153846153846156,-0.7731898882334817,230.53792181757436,0,0,0,0,2.9
CAR_7233E1F4,Mclaren,Gt,ssg auto 2d,2019,611.0,1530.0,3994.0,8.0,630.0,Rear wheel drive,Naturally Aspirated,Petrol,Automatic,328.3,270.0,0.3993464052287582,-0.9179260552148858,0.4117647058823529,-0.8873031950009028,152.9794692038057,0,0,0,0,3.1
CAR_EB55F4B4,Mclaren,Gts,v8 2dr ssg auto,2023,626.0,1520.0,3994.0,8.0,630.0,Rear wheel drive,Naturally Aspirated,Petrol,Automatic,326.7,270.0,0.4118421052631579,-0.8871152427402236,0.4144736842105263,-0.8807457944547437,156.73510265398096,0,0,0,0,3.1
CAR_79D05827,Mclaren,P1,v8 2d ssg auto,2013,903.0,1625.0,3799.0,4.0,310.0,Rear wheel drive,EV,Petrol/Electric Hybrid,Automatic,178.6,194.0,0.5556923076923077,-0.5875405413468524,0.19076923076923077,-1.6566907972846459,237.69413003421954,0,1,0,0,2.7
CAR_B352CDEB,Mclaren,Senna,ssg auto 2d,2018,788.0,1309.0,3994.0,8.0,800.0,Rear wheel drive,Naturally Aspirated,Petrol,Automatic,334.7,280.0,0.6019862490450726,-0.5075206760520208,0.6111535523300229,-0.4924070382419727,197.2959439158738,0,0,0,0,2.7
CAR_BAEA0636,Mclaren,Senna,stealth cosmos ssg auto 2d,2018,788.0,1309.0,3994.0,8.0,800.0,Rear wheel drive,Naturally Aspirated,Petrol,Automatic,334.7,280.0,0.6019862490450726,-0.5075206760520208,0.6111535523300229,-0.4924070382419727,197.2959439158738,0,0,0,0,2.7
CAR_4B02E185,Volvo,480,17 es 3d,1987,110.0,1018.0,1721.0,4.0,165.0,Front wheel drive,Naturally Aspirated,Petrol,Manual,191.5,175.0,0.10805500982318271,-2.2251148313180518,0.16208251473477406,-1.8196497232098876,63.916327716443924,0,0,0,1,9.5
CAR_38099D94,Volvo,850,20 (126bhp) 4d,1992,126.0,1363.0,1984.0,5.0,170.0,Front wheel drive,Naturally Aspirated,Petrol,Manual,194.7,175.0,0.09244314013206163,-2.3811615247450546,0.12472487160674982,-2.081644994646271,63.50806451612903,0,0,0,1,11.3
CAR_DCE566CA,Volvo,850,20 (126bhp) 4d auto,1992,126.0,1363.0,1984.0,5.0,170.0,Front wheel drive,Naturally Aspirated,Petrol,Automatic,189.9,175.0,0.09244314013206163,-2.3811615247450546,0.12472487160674982,-2.081644994646271,63.50806451612903,0,0,0,0,11.7
CAR_A350707D,Volvo,850,20 (126bhp) 5d,1993,126.0,1412.0,1984.0,5.0,170.0,Front wheel drive,Naturally Aspirated,Petrol,Manual,194.7,175.0,0.08923512747875353,-2.4164805111017094,0.12039660056657224,-2.1169639810029257,63.50806451612903,0,0,0,1,11.5
CAR_77D3CD06,Volvo,850,20 (126bhp) 5d auto,1993,126.0,1412.0,1984.0,5.0,170.0,Front wheel drive,Naturally Aspirated,Petrol,Automatic,189.9,175.0,0.08923512747875353,-2.4164805111017094,0.12039660056657224,-2.1169639810029257,63.50806451612903,0,0,0,0,11.7
CAR_39774377,Volvo,960,25 4d,1990,170.0,1489.0,2473.0,6.0,230.0,Rear wheel drive,Naturally Aspirated,Petrol,Manual,209.2,175.0,0.11417058428475486,-2.1700615956337472,0.1544660846205507,-1.8677807237608137,68.74241811564902,0,0,0,1,9.4
CAR_DF574185,Volvo,960,25 5d,1990,170.0,1489.0,2473.0,6.0,230.0,Rear wheel drive,Naturally Aspirated,Petrol,Manual,209.2,175.0,0.11417058428475486,-2.1700615956337472,0.1544660846205507,-1.8677807237608137,68.74241811564902,0,0,0,1,9.6
CAR_3104A673,Volvo,C30,16 d2 (115bhp) es 3d,2007,113.0,1339.0,1560.0,4.0,270.0,Front wheel drive,Diesel,Diesel,Manual,194.7,114.0,0.08439133681852129,-2.472290526978832,0.20164301717699776,-1.6012563866927978,72.43589743589743,0,0,0,1,10.9
CAR_A883563E,Volvo,C30,16 d2 (115bhp) r design 3d,2007,113.0,1339.0,1560.0,4.0,270.0,Front wheel drive,Diesel,Diesel,Manual,194.7,114.0,0.08439133681852129,-2.472290526978832,0.20164301717699776,-1.6012563866927978,72.43589743589743,0,0,0,1,10.9
CAR_2C813049,Volvo,C40,170kw recharge core 69kwh 5dr auto,2021,227.0,1970.0,1984.0,4.0,330.0,Front wheel drive,EV,Electric,Automatic,159.3,0.0,0.11522842639593908,-2.1608388042506315,0.16751269035532995,-1.7866961672715083,114.41532258064517,0,1,0,0,7.2
CAR_A58257F8,Volvo,C40,170kw recharge plus 69kwh 5dr auto,2021,227.0,1970.0,1984.0,4.0,330.0,Front wheel drive,EV,Electric,Automatic,159.3,0.0,0.11522842639593908,-2.1608388042506315,0.16751269035532995,-1.7866961672715083,114.41532258064517,0,1,0,0,7.2
CAR_9EBC58C4,Volvo,C70,20d ice white (158gkm) 2d,2006,134.0,1722.0,1997.0,4.0,320.0,Front wheel drive,Diesel,Diesel,Manual,204.4,158.0,0.07781649245063879,-2.553401885036765,0.18583042973286876,-1.682920689193904,67.10065097646469,0,0,0,1,10.6
CAR_0DFA72B9,Volvo,C70,20d ice white 2d powershift,2006,134.0,1739.0,1997.0,4.0,320.0,Front wheel drive,Diesel,Diesel,Automatic,204.4,167.0,0.07705577918343876,-2.5632257144033717,0.18401380103507764,-1.6927445185605108,67.10065097646469,0,0,0,0,10.7
CAR_46204281,Volvo,C70,20t 2d,1997,163.0,1453.0,1984.0,5.0,230.0,Front wheel drive,Naturally Aspirated,Petrol,Manual,209.2,230.0,0.11218169304886441,-2.1876354627635206,0.1582931865106676,-1.8433063546470874,82.15725806451613,0,0,0,1,9.0
CAR_92E0652C,Volvo,C70,20t 2d auto,1997,163.0,1453.0,1984.0,5.0,230.0,Front wheel drive,Naturally Aspirated,Petrol,Automatic,199.6,253.0,0.11218169304886441,-2.1876354627635206,0.1582931865106676,-1.8433063546470874,82.15725806451613,0,0,0,0,9.7
CAR_10D96B82,Volvo,Ec40,175kw plus 69kwh 5dr auto,2024,234.0,1977.0,1984.0,4.0,420.0,Rear wheel drive,EV,Electric,Automatic,180.2,0.0,0.11836115326251896,-2.1340147078129155,0.212443095599393,-1.549081111893203,117.94354838709677,0,1,0,0,7.1
CAR_E4F7388A,Volvo,Ec40,175kw plus pro 69kwh 5dr auto,2024,234.0,1977.0,1984.0,4.0,420.0,Rear wheel drive,EV,Electric,Automatic,180.2,0.0,0.11836115326251896,-2.1340147078129155,0.212443095599393,-1.549081111893203,117.94354838709677,0,1,0,0,7.1
CAR_69EDE47D,Volvo,Es90,245kw sm extended range plus 92kwh 5dr auto,2025,328.0,2335.0,1984.0,4.0,480.0,Rear wheel drive,EV,Electric,Automatic,180.2,0.0,0.1404710920770878,-1.9627535617188538,0.20556745182012848,-1.5819810662010612,165.32258064516128,0,1,0,0,6.4
CAR_F6347960,Volvo,Es90,245kw sm extended range ultra 92kwh 5dr auto,2025,328.0,2335.0,1984.0,4.0,480.0,Rear wheel drive,EV,Electric,Automatic,180.2,0.0,0.1404710920770878,-1.9627535617188538,0.20556745182012848,-1.5819810662010612,165.32258064516128,0,1,0,0,6.4
CAR_161A63AC,Volvo,Ex30,200kw p5 core 51kwh 5dr auto,2024,268.0,1765.0,1984.0,4.0,343.0,Rear wheel drive,EV,Electric,Automatic,180.2,0.0,0.1518413597733711,-1.8849189888565405,0.1943342776203966,-1.6381755222014573,135.08064516129033,0,1,0,0,5.5
CAR_405871BE,Volvo,Ex30,200kw p5 long range core 69kwh 5dr auto,2024,268.0,1775.0,1984.0,4.0,343.0,Rear wheel drive,EV,Electric,Automatic,180.2,0.0,0.15098591549295776,-1.8905687213986595,0.19323943661971832,-1.643825254743576,135.08064516129033,0,1,0,0,5.1
CAR_B130F916,Volvo,Ex30,200kw p5 lr cross country plus 69kwh 5dr auto,2025,268.0,1810.0,1984.0,4.0,343.0,Rear wheel drive,EV,Electric,Automatic,180.2,0.0,0.14806629834254142,-1.9100951437490148,0.18950276243093922,-1.6633516770939316,135.08064516129033,0,1,0,0,5.2
CAR_DA5634D7,Volvo,Ex30,200kw p5 lr cross country ultra 69kwh 5dr auto,2025,268.0,1810.0,1984.0,4.0,343.0,Rear wheel drive,EV,Electric,Automatic,180.2,0.0,0.14806629834254142,-1.9100951437490148,0.18950276243093922,-1.6633516770939316,135.08064516129033,0,1,0,0,5.2
CAR_B3B2A9CC,Volvo,Ex40,175kw single motor core 69kwh 5dr auto,2024,234.0,1959.0,1984.0,4.0,420.0,Rear wheel drive,EV,Electric,Automatic,180.2,0.0,0.11944869831546708,-2.1248683025868393,0.21439509954058192,-1.5399347066671267,117.94354838709677,0,1,0,0,7.1
CAR_97AEB96B,Volvo,Ex40,175kw single motor plus 69kwh 5dr auto,2024,234.0,1959.0,1984.0,4.0,420.0,Rear wheel drive,EV,Electric,Automatic,180.2,0.0,0.11944869831546708,-2.1248683025868393,0.21439509954058192,-1.5399347066671267,117.94354838709677,0,1,0,0,7.1
CAR_190E4EA5,Volvo,Ex60,p10 375kw 95kwh plus 5dr awd auto,2026,502.0,2275.0,1984.0,4.0,710.0,4 wheel drive,EV,Electric,Automatic,180.2,0.0,0.22065934065934065,-1.5111352116933217,0.3120879120879121,-1.1644703613496896,253.0241935483871,1,1,0,0,4.3
CAR_1360C1C8,Volvo,Ex60,p10 375kw 95kwh ultra 5dr awd auto,2026,502.0,2275.0,1984.0,4.0,710.0,4 wheel drive,EV,Electric,Automatic,180.2,0.0,0.22065934065934065,-1.5111352116933217,0.3120879120879121,-1.1644703613496896,253.0241935483871,1,1,0,0,4.3
CAR_A9914F8A,Volvo,Ex90,205kw single motor plus 104kwh 5dr auto,2024,275.0,2532.0,1984.0,4.0,490.0,Rear wheel drive,EV,Electric,Automatic,180.2,0.0,0.10860979462875198,-2.2199936855974953,0.19352290679304898,-1.6423593921593944,138.60887096774195,0,1,0,0,8.1
CAR_E8A85338,Volvo,Ex90,245kw single motor core 92kwh 5dr auto,2024,328.0,2513.0,1984.0,4.0,480.0,Rear wheel drive,EV,Electric,Automatic,180.2,0.0,0.13052128929566256,-2.0362189291594484,0.1910067648229208,-1.6554464336416557,165.32258064516128,0,1,0,0,6.6
CAR_80E81E3F,Volvo,S40,16 d2 (115bhp) es 4d,2004,113.0,1376.0,1560.0,4.0,270.0,Front wheel drive,Diesel,Diesel,Manual,194.7,114.0,0.08212209302325581,-2.4995481997809486,0.19622093023255813,-1.6285140594949143,72.43589743589743,0,0,0,1,11.0
CAR_151D5399,Volvo,S40,16 d2 (115bhp) r design 4d,2004,113.0,1376.0,1560.0,4.0,270.0,Front wheel drive,Diesel,Diesel,Manual,194.7,114.0,0.08212209302325581,-2.4995481997809486,0.19622093023255813,-1.6285140594949143,72.43589743589743,0,0,0,1,11.0
CAR_A6BAD7FB,Volvo,S40,16 4d,1996,109.0,1255.0,1587.0,4.0,145.0,Front wheel drive,Naturally Aspirated,Petrol,Manual,189.9,192.0,0.08685258964143426,-2.4435429693367405,0.11553784860557768,-2.15815710914531,68.6830497794581,0,0,0,1,11.6
CAR_BC6B69BD,Volvo,S40,16 classic s 4d,1996,109.0,1255.0,1587.0,4.0,145.0,Front wheel drive,Naturally Aspirated,Petrol,Manual,189.9,184.0,0.08685258964143426,-2.4435429693367405,0.11553784860557768,-2.15815710914531,68.6830497794581,0,0,0,1,11.6
CAR_C88108BC,Volvo,S60,20 b5p plus dark 4dr awd auto,2019,246.0,1762.0,1969.0,4.0,350.0,4 wheel drive,Naturally Aspirated,Petrol,Automatic,180.2,162.0,0.13961407491486946,-1.968873270563762,0.19863791146424517,-1.6162716520126654,124.93651599796851,1,0,0,0,6.3
CAR_5F0625C9,Volvo,S60,20 b5p plus dark 4dr auto,2019,246.0,1682.0,1969.0,4.0,350.0,Front wheel drive,Naturally Aspirated,Petrol,Automatic,180.2,153.0,0.14625445897740785,-1.9224073046005306,0.2080856123662307,-1.569805686049434,124.93651599796851,0,0,0,0,6.5
CAR_47C9919F,Volvo,S60,20 d3 se lux 4d,2010,160.0,1571.0,1984.0,5.0,400.0,Front wheel drive,Diesel,Diesel,Manual,220.5,139.0,0.10184595798854233,-2.284293823021794,0.2546148949713558,-1.3680030911476393,80.64516129032258,0,0,0,1,8.9
CAR_A82D164F,Volvo,S60,20 d3 se lux 4d geartronic,2010,160.0,1600.0,1984.0,5.0,400.0,Front wheel drive,Diesel,Diesel,Automatic,215.7,152.0,0.1,-2.3025850929940455,0.25,-1.3862943611198906,80.64516129032258,0,0,0,0,8.9
CAR_3B2F11C9,Volvo,S70,20 10v 4d,1996,126.0,1376.0,1984.0,5.0,170.0,Front wheel drive,Naturally Aspirated,Petrol,Manual,194.7,237.0,0.09156976744186046,-2.390654111541811,0.12354651162790697,-2.0911375814430273,63.50806451612903,0,0,0,1,11.3
CAR_7BF6CE2A,Volvo,S70,20 10v 4d auto,1996,126.0,1376.0,1984.0,5.0,170.0,Front wheel drive,Naturally Aspirated,Petrol,Automatic,189.9,240.0,0.09156976744186046,-2.390654111541811,0.12354651162790697,-2.0911375814430273,63.50806451612903,0,0,0,0,11.7
CAR_2B121B36,Volvo,S80,16 d drive se 4d,2006,107.0,1586.0,1560.0,4.0,240.0,Front wheel drive,Diesel,Diesel,Manual,189.9,119.0,0.06746532156368222,-2.6961415677328873,0.15132408575031525,-1.888331478852802,68.58974358974359,0,0,0,1,12.0
CAR_93C74C08,Volvo,S80,16 d drive se premium 4d,2006,107.0,1586.0,1560.0,4.0,240.0,Front wheel drive,Diesel,Diesel,Manual,189.9,119.0,0.06746532156368222,-2.6961415677328873,0.15132408575031525,-1.888331478852802,68.58974358974359,0,0,0,1,12.0
CAR_28ED3C5A,Volvo,S80,20t s 4d,1998,180.0,1549.0,1984.0,5.0,240.0,Front wheel drive,Naturally Aspirated,Petrol,Manual,225.3,214.0,0.11620400258231117,-2.152407989526658,0.1549386701097482,-1.8647259170748773,90.7258064516129,0,0,0,1,8.8
CAR_F571BA10,Volvo,S80,20t s 4d auto,1998,180.0,1549.0,1984.0,5.0,240.0,Front wheel drive,Naturally Aspirated,Petrol,Automatic,215.7,234.0,0.11620400258231117,-2.152407989526658,0.1549386701097482,-1.8647259170748773,90.7258064516129,0,0,0,0,9.5
CAR_D88E5E01,Volvo,S90,20 d4 inscription 4d geartronic,2016,187.0,1697.0,1969.0,4.0,400.0,Front wheel drive,Diesel,Diesel,Automatic,225.3,121.0,0.11019446081319977,-2.20550864837964,0.2357100766057749,-1.4451527181262442,94.97206703910614,0,0,0,0,7.9
CAR_FC6525D5,Volvo,S90,20 d4 momentum 4d geartronic,2016,187.0,1697.0,1969.0,4.0,400.0,Front wheel drive,Diesel,Diesel,Automatic,225.3,123.0,0.11019446081319977,-2.20550864837964,0.2357100766057749,-1.4451527181262442,94.97206703910614,0,0,0,0,7.9
CAR_76088627,Volvo,S90,30 (180bhp) 4d,1996,180.0,1489.0,2922.0,6.0,260.0,Rear wheel drive,Naturally Aspirated,Petrol,Manual,209.2,175.0,0.12088650100738751,-2.1129031817937984,0.17461383478844864,-1.7451784016684813,61.60164271047228,0,0,0,1,8.7
CAR_87B31313,Volvo,S90,30 (180bhp) 4d auto,1996,180.0,1489.0,2922.0,6.0,260.0,Rear wheel drive,Naturally Aspirated,Petrol,Automatic,204.4,258.0,0.12088650100738751,-2.1129031817937984,0.17461383478844864,-1.7451784016684813,61.60164271047228,0,0,0,0,8.9
CAR_C94E35FD,Volvo,V40,d2 (120bhp) es 5d,2012,118.0,1423.0,1969.0,4.0,280.0,Front wheel drive,Diesel,Diesel,Manual,189.9,94.0,0.08292340126493324,-2.4898379736241876,0.19676739283204497,-1.6257329949206027,59.92889791772473,0,0,0,1,10.2
CAR_B71D527D,Volvo,V40,d2 (120bhp) es 5d geartronic,2012,118.0,1439.0,1969.0,4.0,280.0,Front wheel drive,Diesel,Diesel,Automatic,189.9,101.0,0.08200138985406533,-2.501019082421703,0.19457956914523974,-1.6369141037181183,59.92889791772473,0,0,0,0,10.2
CAR_145A5AF4,Volvo,V40,d2 (120bhp) cross country 5d,2013,118.0,1475.0,1969.0,4.0,280.0,Front wheel drive,Diesel,Diesel,Manual,189.9,123.0,0.08,-2.5257286443082556,0.18983050847457628,-1.6616236656046706,59.92889791772473,0,0,0,1,10.4
CAR_295E8DFC,Volvo,V40,d2 (120bhp) cross country 5d geartronic,2013,118.0,1475.0,1969.0,4.0,280.0,Front wheel drive,Diesel,Diesel,Automatic,189.9,121.0,0.08,-2.5257286443082556,0.18983050847457628,-1.6616236656046706,59.92889791772473,0,0,0,0,10.3
CAR_D33C3870,Volvo,V50,16 d2 (115bhp) es 5d,2004,113.0,1400.0,1560.0,4.0,270.0,Front wheel drive,Diesel,Diesel,Manual,194.7,114.0,0.08071428571428571,-2.5168396968910094,0.19285714285714287,-1.6458055566049752,72.43589743589743,0,0,0,1,11.1
CAR_A514F386,Volvo,V50,16 d2 (115bhp) r design 5d,2004,113.0,1400.0,1560.0,4.0,270.0,Front wheel drive,Diesel,Diesel,Manual,194.7,114.0,0.08071428571428571,-2.5168396968910094,0.19285714285714287,-1.6458055566049752,72.43589743589743,0,0,0,1,11.1
CAR_57C1C087,Volvo,V60,20 b3p core 5dr auto [7 speed],2018,160.0,1667.0,1969.0,4.0,265.0,Front wheel drive,Naturally Aspirated,Petrol,Automatic,180.2,141.0,0.09598080383923216,-2.343607067516967,0.15896820635872824,-1.839051056764572,81.25952260030472,0,0,0,0,8.3
CAR_72ED7475,Volvo,V60,20 b3p inscription 5dr auto [7 speed],2018,160.0,1667.0,1969.0,4.0,265.0,Front wheel drive,Naturally Aspirated,Petrol,Automatic,180.2,148.0,0.09598080383923216,-2.343607067516967,0.15896820635872824,-1.839051056764572,81.25952260030472,0,0,0,0,8.3
CAR_56EF3E75,Volvo,V60,20 b4d cross country awd auto 5d,2019,194.0,1854.0,1969.0,4.0,420.0,4 wheel drive,Diesel,Diesel,Automatic,180.2,156.0,0.104638619201726,-2.257242587062472,0.22653721682847897,-1.4848460348483865,98.52717115286947,1,0,0,0,7.9
CAR_04DCE687,Volvo,V60,20 b5p cross country plus 5dr awd auto,2019,246.0,1816.0,1969.0,4.0,350.0,4 wheel drive,Naturally Aspirated,Petrol,Automatic,180.2,168.0,0.1354625550660793,-1.9990600232288758,0.19273127753303965,-1.6464584046777793,124.93651599796851,1,0,0,0,6.7
CAR_BEA0008A,Volvo,V70,16 drive (109bhp) es 5d,2007,107.0,1650.0,1560.0,4.0,240.0,Front wheel drive,Diesel,Diesel,Manual,189.9,119.0,0.06484848484848485,-2.73570173243272,0.14545454545454545,-1.927891643552635,68.58974358974359,0,0,0,1,12.4
CAR_39DD884B,Volvo,V70,16 drive (109bhp) se 5d,2007,107.0,1650.0,1560.0,4.0,240.0,Front wheel drive,Diesel,Diesel,Manual,189.9,119.0,0.06484848484848485,-2.73570173243272,0.14545454545454545,-1.927891643552635,68.58974358974359,0,0,0,1,12.4
CAR_CEB71F72,Volvo,V70,20 10v 5d,1996,126.0,1415.0,1984.0,5.0,170.0,Front wheel drive,Naturally Aspirated,Petrol,Manual,194.7,237.0,0.08904593639575972,-2.41860290312586,0.12014134275618374,-2.119086373027076,63.50806451612903,0,0,0,1,11.5
CAR_D3E17657,Volvo,V70,20 10v 5d auto,1996,126.0,1415.0,1984.0,5.0,170.0,Front wheel drive,Naturally Aspirated,Petrol,Automatic,189.9,240.0,0.08904593639575972,-2.41860290312586,0.12014134275618374,-2.119086373027076,63.50806451612903,0,0,0,0,12.1
CAR_A78E31CC,Volvo,V90,20 b4d inscription auto 5d,2016,194.0,1824.0,1969.0,4.0,420.0,Front wheel drive,Diesel,Diesel,Automatic,180.2,148.0,0.10635964912280702,-2.2409290115709486,0.23026315789473684,-1.4685324593568627,98.52717115286947,0,0,0,0,8.2
CAR_1AB5E79F,Volvo,V90,20 b4d momentum auto 5d,2016,194.0,1824.0,1969.0,4.0,420.0,Front wheel drive,Diesel,Diesel,Automatic,180.2,148.0,0.10635964912280702,-2.2409290115709486,0.23026315789473684,-1.4685324593568627,98.52717115286947,0,0,0,0,8.2
CAR_96AE1546,Volvo,V90,20 b4d cross country awd auto 5d,2017,194.0,1909.0,1969.0,4.0,420.0,4 wheel drive,Diesel,Diesel,Automatic,180.2,164.0,0.10162388685175484,-2.2864766646624193,0.22001047668936616,-1.5140801124483336,98.52717115286947,1,0,0,0,8.5
CAR_98F2D305,Volvo,V90,20 b4d cross country plus 5dr awd auto,2017,194.0,1912.0,1969.0,4.0,420.0,4 wheel drive,Diesel,Diesel,Automatic,180.2,164.0,0.10146443514644352,-2.2880469345480186,0.2196652719665272,-1.5156503823339327,98.52717115286947,1,0,0,0,8.5
CAR_EE94CBE0,Volvo,Xc40,15 t2 start 5dr,2017,127.0,1509.0,1477.0,3.0,245.0,Front wheel drive,Naturally Aspirated,Petrol,Manual,180.2,157.0,0.08416169648774023,-2.4750153723092576,0.16235917826375082,-1.817944248223122,85.9851049424509,0,0,0,1,10.6
CAR_D7294ACB,Volvo,Xc40,15 t4 rc phev inscription expression 5dr auto,2017,208.0,1741.0,1477.0,3.0,245.0,Front wheel drive,Hybrid,Petrol Parallel PHEV,Automatic,180.2,47.0,0.11947156806433085,-2.124676860066871,0.14072372199885125,-1.960956729223462,140.82599864590384,0,0,0,0,8.2
CAR_CB834732,Volvo,Xc40 Electric,170kw recharge core 69kwh 5dr auto,2021,227.0,1955.0,1984.0,4.0,330.0,Front wheel drive,EV,Electric,Automatic,159.3,0.0,0.11611253196930946,-2.1531954549380634,0.16879795396419436,-1.7790528179589402,114.41532258064517,0,1,0,0,7.2
CAR_AA8082CE,Volvo,Xc40 Electric,170kw recharge plus 69kwh 5dr auto,2021,227.0,1955.0,1984.0,4.0,330.0,Front wheel drive,EV,Electric,Automatic,159.3,0.0,0.11611253196930946,-2.1531954549380634,0.16879795396419436,-1.7790528179589402,114.41532258064517,0,1,0,0,7.2
CAR_0B8A3718,Volvo,Xc60,20 b4d inscription 5dr awd geartronic,2017,194.0,1898.0,1969.0,4.0,420.0,4 wheel drive,Diesel,Diesel,Automatic,180.2,166.0,0.10221285563751317,-2.280697820106545,0.22128556375131717,-1.5083012678924592,98.52717115286947,1,0,0,0,8.0
CAR_2397AB8B,Volvo,Xc60,20 b4d inscription geartronic 5d,2017,194.0,1843.0,1969.0,4.0,420.0,Front wheel drive,Diesel,Diesel,Automatic,180.2,161.0,0.10526315789473684,-2.2512917986064953,0.22788931090613132,-1.4788952463924092,98.52717115286947,0,0,0,0,8.0
CAR_460787DA,Volvo,Xc60,20 d3 (163bhp) drive es 5d,2008,160.0,1756.0,1984.0,5.0,400.0,Front wheel drive,Diesel,Diesel,Manual,199.6,154.0,0.09111617312072894,-2.395619958961235,0.22779043280182232,-1.47932922708708,80.64516129032258,0,0,0,1,10.0
CAR_7A4E76E9,Volvo,Xc60,20 d3 (163bhp) drive r design 5d,2008,160.0,1756.0,1984.0,5.0,400.0,Front wheel drive,Diesel,Diesel,Manual,199.6,154.0,0.09111617312072894,-2.395619958961235,0.22779043280182232,-1.47932922708708,80.64516129032258,0,0,0,1,10.0
CAR_321EC310,Volvo,Xc70,20 d3 (163bhp) drive es 2wd 5d,2007,160.0,1764.0,1984.0,5.0,400.0,Front wheel drive,Diesel,Diesel,Manual,204.4,154.0,0.09070294784580499,-2.4001654213329098,0.22675736961451248,-1.4838746894587547,80.64516129032258,0,0,0,1,9.9
CAR_0FFDBCCE,Volvo,Xc70,20 d3 (163bhp) drive se 2wd 5d,2007,160.0,1764.0,1984.0,5.0,400.0,Front wheel drive,Diesel,Diesel,Manual,204.4,154.0,0.09070294784580499,-2.4001654213329098,0.22675736961451248,-1.4838746894587547,80.64516129032258,0,0,0,1,9.9
CAR_F75BF267,Volvo,Xc70,24 d5 s 5d geartronic,2000,163.0,1715.0,2401.0,5.0,340.0,4 wheel drive,Diesel,Diesel,Automatic,194.7,226.0,0.09504373177842565,-2.353418158793278,0.19825072886297376,-1.6182227419898332,67.88837984173261,1,0,0,0,11.1
CAR_97176612,Volvo,Xc70,24 d5 se (185bhp) 5d,2000,185.0,1701.0,2400.0,5.0,400.0,4 wheel drive,Diesel,Diesel,Manual,209.2,201.0,0.10875955320399765,-2.218615767317537,0.23515579071134626,-1.4475070452878798,77.08333333333334,1,0,0,1,9.2
CAR_3DF3BA8F,Volvo,Xc90,20 b5d [235] plus dark 5dr awd geartronic,2015,231.0,2101.0,1969.0,4.0,480.0,4 wheel drive,Diesel,Diesel,Automatic,180.2,185.0,0.1099476439790576,-2.207750990323207,0.2284626368396002,-1.4763825969430637,117.31843575418993,1,0,0,0,7.4
CAR_1BB3D827,Volvo,Xc90,20 b5p plus dark 5dr awd geartronic,2015,246.0,2015.0,1969.0,4.0,360.0,4 wheel drive,Naturally Aspirated,Petrol,Automatic,180.2,190.0,0.12208436724565756,-2.1030429384484206,0.17866004962779156,-1.7222704429306277,124.93651599796851,1,0,0,0,7.5
CAR_F4498E27,Volvo,Xc90,20 b5p core bright 5dr awd geartronic,2024,246.0,2050.0,1969.0,4.0,360.0,4 wheel drive,Naturally Aspirated,Petrol,Automatic,180.2,191.0,0.12,-2.120263536200091,0.17560975609756097,-1.7394910406822983,124.93651599796851,1,0,0,0,7.5
CAR_13B1BD6C,Volvo,Xc90,20 b5p core bright 5dr awd geartronic [revised],2024,246.0,2050.0,1969.0,4.0,360.0,4 wheel drive,Naturally Aspirated,Petrol,Automatic,180.2,191.0,0.12,-2.120263536200091,0.17560975609756097,-1.7394910406822983,124.93651599796851,1,0,0,0,7.5
CAR_EB95E045,Chrysler,300C,30 v6 crd 4d auto,2005,215.0,1910.0,2987.0,6.0,510.0,Rear wheel drive,Diesel,Diesel,Automatic,230.1,215.0,0.112565445026178,-2.184220492913013,0.2670157068062827,-1.3204477953223042,71.97857381988617,0,0,0,0,7.4
CAR_7CB60F2A,Chrysler,300C,30 v6 crd se 4d auto,2005,215.0,2000.0,2987.0,6.0,510.0,Rear wheel drive,Diesel,Diesel,Automatic,230.1,215.0,0.1075,-2.2302644314144198,0.255,-1.3664917338237108,71.97857381988617,0,0,0,0,8.4
CAR_4A2278A0,Chrysler,300C,30 v6 crd 5d auto,2006,215.0,2075.0,2987.0,6.0,510.0,Rear wheel drive,Diesel,Diesel,Automatic,218.9,220.0,0.10361445783132531,-2.267078404537136,0.2457831325301205,-1.4033057069464272,71.97857381988617,0,0,0,0,8.3
CAR_F489E8A5,Chrysler,300C,30 v6 crd srt design 5d auto,2006,215.0,2075.0,2987.0,6.0,510.0,Rear wheel drive,Diesel,Diesel,Automatic,218.9,220.0,0.10361445783132531,-2.267078404537136,0.2457831325301205,-1.4033057069464272,71.97857381988617,0,0,0,0,8.3
CAR_A8876891,Chrysler,Crossfire,32 v6 2d,2003,215.0,1466.0,3199.0,6.0,310.0,Rear wheel drive,Naturally Aspirated,Petrol,Manual,249.4,250.0,0.1466575716234652,-1.919654854318934,0.21145975443383355,-1.553720584967405,67.20850265708034,0,0,0,1,6.3
CAR_E39BC714,Chrysler,Crossfire,32 v6 2d auto,2003,215.0,1481.0,3199.0,6.0,310.0,Rear wheel drive,Naturally Aspirated,Petrol,Automatic,249.4,243.0,0.14517218095881163,-1.929834786140136,0.20931802835921676,-1.5639005167886069,67.20850265708034,0,0,0,0,6.3
CAR_B663B69E,Chrysler,Crossfire,32 v6 2d,2004,215.0,1505.0,3199.0,6.0,310.0,Rear wheel drive,Naturally Aspirated,Petrol,Manual,249.4,250.0,0.14285714285714285,-1.9459101490553135,0.2059800664451827,-1.5799758797037842,67.20850265708034,0,0,0,1,6.3
CAR_FCE723D8,Chrysler,Crossfire,32 v6 2d auto,2004,215.0,1520.0,3199.0,6.0,310.0,Rear wheel drive,Naturally Aspirated,Petrol,Automatic,249.4,243.0,0.14144736842105263,-1.9558275857126592,0.20394736842105263,-1.5898933163611302,67.20850265708034,0,0,0,0,6.3
CAR_F11FF2E2,Chrysler,Delta,14 m air se 5d,2011,140.0,1395.0,1368.0,4.0,230.0,Front wheel drive,Naturally Aspirated,Petrol,Manual,202.8,132.0,0.1003584229390681,-2.2990072716461616,0.16487455197132617,-1.8025703853322705,102.3391812865497,0,0,0,1,8.9
CAR_6F145F3A,Chrysler,Delta,14 m air se nav 5d,2011,140.0,1395.0,1368.0,4.0,230.0,Front wheel drive,Naturally Aspirated,Petrol,Manual,202.8,132.0,0.1003584229390681,-2.2990072716461616,0.16487455197132617,-1.8025703853322705,102.3391812865497,0,0,0,1,8.9
CAR_6C2ECAEB,Chrysler,Dodge Viper,80 v10 gts 2d,1993,450.0,1532.0,7999.0,10.0,200.0,Rear wheel drive,Naturally Aspirated,Petrol,Manual,273.6,483.0,0.293733681462141,-1.2250817675361712,0.13054830287206268,-2.0360119837524997,56.25703212901613,0,0,0,1,4.4
CAR_5F6CB15A,Chrysler,Dodge Viper,80 v10 sports 2d,1993,415.0,1625.0,7997.0,4.0,200.0,Rear wheel drive,Naturally Aspirated,Petrol,Manual,273.6,175.0,0.2553846153846154,-1.3649845745331395,0.12307692307692308,-2.094945728215801,51.8944604226585,0,0,0,1,4.4
CAR_E0E7029B,Chrysler,Grand Voyager,28 (178bhp) crd limited 5d auto,2008,178.0,2242.0,2777.0,4.0,359.0,Front wheel drive,Diesel,Diesel,Automatic,185.1,207.0,0.07939339875111508,-2.53334005334002,0.1601248884924175,-1.8318012151438263,64.09794742527907,0,0,0,0,12.4
CAR_F9488868,Chrysler,Grand Voyager,28 crd 25th anniversary 5d auto,2008,161.0,2305.0,2776.0,4.0,359.0,Front wheel drive,Diesel,Diesel,Automatic,185.1,247.0,0.06984815618221259,-2.661431590446286,0.15574837310195228,-1.85951356694247,57.9971181556196,0,0,0,0,12.4
CAR_3B8D0578,Chrysler,Grand Voyager,25 td le 5d,1997,114.0,1970.0,2499.0,4.0,262.0,Front wheel drive,Diesel,Diesel,Manual,175.4,228.0,0.05786802030456853,-2.8495903733375387,0.132994923857868,-2.0174443179709374,45.61824729891956,0,0,0,1,13.4
CAR_92FE060B,Chrysler,Grand Voyager,25 td se 5d,1997,114.0,1970.0,2499.0,4.0,262.0,Front wheel drive,Diesel,Diesel,Manual,175.4,228.0,0.05786802030456853,-2.8495903733375387,0.132994923857868,-2.0174443179709374,45.61824729891956,0,0,0,1,13.4
CAR_E3418020,Chrysler,Neon,20 lx 4d,1999,131.0,1245.0,1996.0,4.0,178.0,Front wheel drive,Naturally Aspirated,Petrol,Manual,199.6,188.0,0.10522088353413654,-2.2516934856976567,0.1429718875502008,-1.9451072586067228,65.6312625250501,0,0,0,1,10.5
CAR_7CDD214C,Chrysler,Neon,20 lx 4d auto,1999,131.0,1250.0,1996.0,4.0,200.0,Front wheel drive,Naturally Aspirated,Petrol,Automatic,194.7,205.0,0.1048,-2.2557015070951953,0.16,-1.8325814637483102,65.6312625250501,0,0,0,0,12.4
CAR_FCA45744,Chrysler,Neon,18 le 4d,1996,114.0,1185.0,1796.0,4.0,151.0,Front wheel drive,Naturally Aspirated,Petrol,Manual,186.7,198.0,0.09620253164556962,-2.341299605174736,0.12742616033755275,-2.0602182167543073,63.47438752783964,0,0,0,1,11.3
CAR_E09F1786,Chrysler,Pt Cruiser,20 classic 5d,2000,140.0,1568.0,1995.0,4.0,186.0,Front wheel drive,Naturally Aspirated,Petrol,Manual,189.9,212.0,0.08928571428571429,-2.4159137783010487,0.11862244897959184,-2.1318095271971518,70.17543859649122,0,0,0,1,9.3
CAR_7FDD19F2,Chrysler,Pt Cruiser,20 limited 5d,2000,140.0,1568.0,1995.0,4.0,188.0,Front wheel drive,Naturally Aspirated,Petrol,Manual,189.9,212.0,0.08928571428571429,-2.4159137783010487,0.11989795918367346,-2.121114238080404,70.17543859649122,0,0,0,1,9.3
CAR_2E5E578D,Chrysler,Pt Cruiser,24 2d (lhd),2005,143.0,1575.0,2429.0,4.0,158.0,Front wheel drive,Naturally Aspirated,Petrol,Manual,189.9,231.0,0.09079365079365079,-2.399165920999826,0.10031746031746032,-2.2994155182327667,58.871963771099225,0,0,0,1,10.7
CAR_A3539DC4,Chrysler,Pt Cruiser,24 2d auto (lhd),2005,143.0,1645.0,2429.0,4.0,158.0,Front wheel drive,Naturally Aspirated,Petrol,Automatic,165.8,256.0,0.08693009118541034,-2.442651032939565,0.09604863221884498,-2.3429006301725055,58.871963771099225,0,0,0,0,12.4
CAR_87A61AEF,Chrysler,Sebring,20 limited 4d,2007,154.0,1555.0,1998.0,4.0,190.0,Front wheel drive,Naturally Aspirated,Petrol,Manual,189.9,185.0,0.09903536977491961,-2.3122782221997054,0.12218649517684887,-2.1022067524528483,77.07707707707708,0,0,0,1,10.7
CAR_E4C6072C,Chrysler,Sebring,20crd limited 4d,2007,138.0,1635.0,1968.0,4.0,310.0,Front wheel drive,Diesel,Diesel,Manual,202.8,170.0,0.08440366972477065,-2.472144398174149,0.18960244648318042,-1.6628257858521618,70.1219512195122,0,0,0,1,11.6
CAR_5379FE38,Chrysler,Voyager,20 le 5d,1997,131.0,1835.0,1995.0,4.0,176.0,Front wheel drive,Naturally Aspirated,Petrol,Manual,175.4,229.0,0.07138964577656676,-2.639602437287519,0.09591280653950954,-2.344315765450519,65.6641604010025,0,0,0,1,13.4
CAR_294098B9,Chrysler,Voyager,20 se 5d (5 seat),1997,131.0,1835.0,1995.0,4.0,176.0,Front wheel drive,Naturally Aspirated,Petrol,Manual,175.4,229.0,0.07138964577656676,-2.639602437287519,0.09591280653950954,-2.344315765450519,65.6641604010025,0,0,0,1,13.4
CAR_B2C89883,Chrysler,Voyager,24 executive 5d,2001,145.0,1955.0,2429.0,4.0,218.0,Front wheel drive,Naturally Aspirated,Petrol,Manual,183.5,234.0,0.0741687979539642,-2.6014117299988917,0.11150895140664961,-2.193650409630377,59.69534787978593,0,0,0,1,12.0
CAR_92039EE2,Chrysler,Voyager,24 lx 5d (01),2001,145.0,1960.0,2429.0,4.0,226.0,Front wheel drive,Naturally Aspirated,Petrol,Manual,175.4,235.0,0.07397959183673469,-2.6039660098039885,0.11530612244897959,-2.160164752952277,59.69534787978593,0,0,0,1,12.6
CAR_1C3F2D54,Chrysler,Ypsilon,09 twinair black and red 5d,2011,83.0,975.0,875.0,2.0,145.0,Front wheel drive,Naturally Aspirated,Petrol,Manual,175.4,99.0,0.08512820512820513,-2.4635968632012495,0.14871794871794872,-1.9057037285772729,94.85714285714286,0,0,0,1,11.5
CAR_486DB765,Chrysler,Ypsilon,09 twinair gold 5d,2011,83.0,975.0,875.0,2.0,145.0,Front wheel drive,Naturally Aspirated,Petrol,Manual,175.4,99.0,0.08512820512820513,-2.4635968632012495,0.14871794871794872,-1.9057037285772729,94.85714285714286,0,0,0,1,11.5
CAR_F66A0C2D,Fiat,124 Spider,14 multiair anniversary 2d,2016,138.0,1050.0,1368.0,4.0,240.0,Rear wheel drive,Naturally Aspirated,Petrol,Manual,215.7,148.0,0.13142857142857142,-2.0292917579943643,0.22857142857142856,-1.4759065198095778,100.87719298245614,0,0,0,1,7.3
CAR_C9F7F7F7,Fiat,124 Spider,classica 14 multiair turbo 140hp 2d,2016,138.0,1050.0,1368.0,4.0,240.0,Rear wheel drive,Turbocharged,Petrol,Manual,215.7,148.0,0.13142857142857142,-2.0292917579943643,0.22857142857142856,-1.4759065198095778,100.87719298245614,0,0,1,1,7.3
CAR_ED86224C,Fiat,500,09 twinair (105bhp) cult 3d,2008,105.0,930.0,875.0,2.0,145.0,Front wheel drive,Naturally Aspirated,Petrol,Manual,188.3,99.0,0.11290322580645161,-2.181224235989778,0.15591397849462366,-1.8584508437267273,120.0,0,0,0,1,9.7
CAR_804BA871,Fiat,500,09 twinair (105bhp) gq 3d,2008,105.0,930.0,875.0,2.0,145.0,Front wheel drive,Naturally Aspirated,Petrol,Manual,188.3,99.0,0.11290322580645161,-2.181224235989778,0.15591397849462366,-1.8584508437267273,120.0,0,0,0,1,9.7
CAR_3361918B,Fiat,500,09 twinair (105bhp) cult 2d,2009,105.0,1326.5,875.0,2.0,145.0,Front wheel drive,Naturally Aspirated,Petrol,Manual,188.3,99.0,0.079155672823219,-2.536338823420271,0.10931021485111195,-2.21356543115722,120.0,0,0,0,1,9.7
CAR_04DA71F4,Fiat,500,09 twinair (105bhp) gq 2d,2009,105.0,1326.5,875.0,2.0,145.0,Front wheel drive,Naturally Aspirated,Petrol,Manual,188.3,99.0,0.079155672823219,-2.536338823420271,0.10931021485111195,-2.21356543115722,120.0,0,0,0,1,9.7
CAR_67F20E38,Fiat,500 Electric,70kw 24kwh 3dr auto,2020,93.0,1255.0,1984.0,4.0,220.0,Front wheel drive,EV,Electric,Automatic,135.2,0.0,0.07410358565737052,-2.602291358412628,0.1752988047808765,-1.7412633052135227,46.875,0,1,0,0,9.2
CAR_F45D372E,Fiat,500 Electric,70kw icon 24kwh 3dr auto,2020,93.0,1255.0,1984.0,4.0,220.0,Front wheel drive,EV,Electric,Automatic,135.2,0.0,0.07410358565737052,-2.602291358412628,0.1752988047808765,-1.7412633052135227,46.875,0,1,0,0,9.2
CAR_A488D2CC,Fiat,500 Electric,87kw 42kwh 2dr auto,2020,116.0,1405.0,1984.0,4.0,220.0,Front wheel drive,EV,Electric,Automatic,149.7,0.0,0.08256227758007118,-2.4942023906614814,0.15658362989323843,-1.8541650354154846,58.46774193548387,0,1,0,0,8.7
CAR_D8DF15EF,Fiat,500 Electric,87kw la prima 378kwh 2dr auto 2d,2020,116.0,1405.0,1984.0,4.0,220.0,Front wheel drive,EV,Electric,Automatic,149.7,0.0,0.08256227758007118,-2.4942023906614814,0.15658362989323843,-1.8541650354154846,58.46774193548387,0,1,0,0,8.7
CAR_8F81EDD8,Fiat,500 Hybrid,10 mild hybrid icon 3dr,2026,64.0,1064.0,999.0,4.0,92.0,Front wheel drive,Hybrid,Petrol,Manual,154.5,119.0,0.06015037593984962,-2.810907586541918,0.08646616541353383,-2.4480020928525494,64.06406406406407,0,0,0,1,15.7
CAR_8032A706,Fiat,500 Hybrid,10 mild hybrid la prima 3dr,2026,64.0,1092.0,999.0,4.0,92.0,Front wheel drive,Hybrid,Petrol,Manual,154.5,121.0,0.05860805860805861,-2.8368830729451786,0.08424908424908426,-2.47397757925581,64.06406406406407,0,0,0,1,15.7
CAR_F9F78122,Fiat,500 Hybrid,10 mild hybrid icon 2dr,2026,64.0,1084.0,999.0,4.0,92.0,Front wheel drive,Hybrid,Petrol,Manual,149.7,122.0,0.05904059040590406,-2.82953009863992,0.08487084870848709,-2.4666246049505514,64.06406406406407,0,0,0,1,16.7
CAR_AA709AF6,Fiat,500 Hybrid,10 mild hybrid la prima 2dr,2026,64.0,1102.0,999.0,4.0,92.0,Front wheel drive,Hybrid,Petrol,Manual,149.7,123.0,0.05807622504537205,-2.845998906353188,0.08348457350272233,-2.4830934126638193,64.06406406406407,0,0,0,1,16.7
CAR_10C7270B,Fiat,500L,09 twinair beats edition 5d,2012,103.0,1270.0,875.0,2.0,145.0,Front wheel drive,Naturally Aspirated,Petrol,Manual,172.2,119.0,0.08110236220472442,-2.5120431912230012,0.1141732283464567,-2.1700384370320625,117.71428571428571,0,0,0,1,12.2
CAR_7AFEDBBD,Fiat,500L,09 twinair easy 5d,2012,103.0,1260.0,875.0,2.0,145.0,Front wheel drive,Naturally Aspirated,Petrol,Manual,180.2,112.0,0.08174603174603175,-2.504138011715888,0.11507936507936507,-2.1621332575249492,117.71428571428571,0,0,0,1,11.9
CAR_54C8E742,Fiat,500L,13 multijet 95hp 5d,2017,93.0,1315.0,1248.0,4.0,215.0,Front wheel drive,Diesel,Diesel,Manual,165.8,109.0,0.07072243346007605,-2.648992451458609,0.1634980988593156,-1.8109539164842021,74.51923076923077,0,0,0,1,13.8
CAR_731B503F,Fiat,500L,13 multijet 95hp dualogic auto 5d,2017,93.0,1315.0,1248.0,4.0,215.0,Front wheel drive,Diesel,Diesel,Automatic,162.5,106.0,0.07072243346007605,-2.648992451458609,0.1634980988593156,-1.8109539164842021,74.51923076923077,0,0,0,0,15.0
CAR_A423998B,Fiat,500L Mpw,09 twinair lounge (7 seat) 5d,2013,103.0,1320.0,875.0,2.0,145.0,Front wheel drive,Naturally Aspirated,Petrol,Manual,180.2,112.0,0.07803030303030303,-2.5506580273507806,0.10984848484848485,-2.2086532731598423,117.71428571428571,0,0,0,1,12.3
CAR_DBA19D5F,Fiat,500L Mpw,09 twinair lounge 5d,2013,103.0,1290.0,875.0,2.0,145.0,Front wheel drive,Naturally Aspirated,Petrol,Manual,180.2,112.0,0.07984496124031008,-2.527668509126082,0.1124031007751938,-2.185663754935143,117.71428571428571,0,0,0,1,12.1
CAR_8E4F533A,Fiat,500X,10 club 5dr,2015,118.0,1320.0,999.0,3.0,190.0,Front wheel drive,Naturally Aspirated,Petrol,Manual,191.5,142.0,0.0893939393939394,-2.414702391114752,0.14393939393939395,-1.9383629434199303,118.11811811811812,0,0,0,1,10.4
CAR_8586DA61,Fiat,500X,10 club [plus pack] 5dr,2015,118.0,1320.0,999.0,3.0,190.0,Front wheel drive,Naturally Aspirated,Petrol,Manual,191.5,142.0,0.0893939393939394,-2.414702391114752,0.14393939393939395,-1.9383629434199303,118.11811811811812,0,0,0,1,10.4
CAR_B82EE4C5,Fiat,600,12 hybrid 48v 110 icon 5dr edct 6,2024,108.0,1275.0,1199.0,3.0,205.0,Front wheel drive,Hybrid,Petrol,Automatic,183.5,109.0,0.08470588235294117,-2.468570230468307,0.1607843137254902,-1.8276914784541183,90.07506255212677,0,0,0,0,10.6
CAR_640744C2,Fiat,600,12 hybrid 48v 110 la prima 5dr edct 6,2024,108.0,1275.0,1199.0,3.0,205.0,Front wheel drive,Hybrid,Petrol,Automatic,183.5,109.0,0.08470588235294117,-2.468570230468307,0.1607843137254902,-1.8276914784541183,90.07506255212677,0,0,0,0,10.6
CAR_33A69C76,Fiat,600E,115kw icon 54kwh 5dr auto,2024,153.0,1520.0,1984.0,4.0,260.0,Front wheel drive,EV,Electric,Automatic,149.7,0.0,0.1006578947368421,-2.2960276924478866,0.17105263157894737,-1.7657839828247943,77.11693548387098,0,1,0,0,8.7
CAR_99D2680E,Fiat,600E,115kw la prima 54kwh 5dr auto,2024,153.0,1520.0,1984.0,4.0,260.0,Front wheel drive,EV,Electric,Automatic,149.7,0.0,0.1006578947368421,-2.2960276924478866,0.17105263157894737,-1.7657839828247943,77.11693548387098,0,1,0,0,8.7
CAR_E1149CAC,Fiat,Barchetta,18 16v 2d (lhd),1995,130.0,1060.0,1747.0,4.0,158.0,Front wheel drive,Naturally Aspirated,Petrol,Manual,199.6,181.0,0.12264150943396226,-2.0984897366505306,0.1490566037735849,-1.9034291540791461,74.41327990841442,0,0,0,1,8.6
CAR_9BE1CEA0,Fiat,Barchetta,18 16v le 2d (lhd),1995,130.0,1060.0,1747.0,4.0,164.0,Front wheel drive,Naturally Aspirated,Petrol,Manual,199.6,198.0,0.12264150943396226,-2.0984897366505306,0.15471698113207547,-1.8661577592819145,74.41327990841442,0,0,0,1,8.6
CAR_7B3BF03A,Fiat,Brava,12 16v formula (80bhp) 5d,1995,82.0,1040.0,1242.0,4.0,113.0,Front wheel drive,Naturally Aspirated,Petrol,Manual,172.2,164.0,0.07884615384615384,-2.5402567448711655,0.10865384615384616,-2.2195881734230776,66.02254428341385,0,0,0,1,12.6
CAR_E1FB6059,Fiat,Brava,12 16v sx (80bhp) 5d,1995,80.0,1040.0,1242.0,4.0,114.0,Front wheel drive,Naturally Aspirated,Petrol,Manual,170.6,164.0,0.07692307692307693,-2.5649493574615367,0.10961538461538461,-2.2107775437409227,64.4122383252818,0,0,0,1,12.6
CAR_B1387936,Fiat,Bravo,14 5d,2007,90.0,1205.0,1368.0,4.0,128.0,Front wheel drive,Naturally Aspirated,Petrol,Manual,178.6,156.0,0.07468879668049792,-2.5944251755944903,0.10622406639004149,-2.2422045820051384,65.78947368421052,0,0,0,1,12.1
CAR_85F1E679,Fiat,Bravo,14 active 5d,2007,90.0,1205.0,1368.0,4.0,128.0,Front wheel drive,Naturally Aspirated,Petrol,Manual,178.6,146.0,0.07468879668049792,-2.5944251755944903,0.10622406639004149,-2.2422045820051384,65.78947368421052,0,0,0,1,12.1
CAR_69687CEF,Fiat,Bravo,12 16v formula (80bhp) 3d,1995,80.0,1010.0,1242.0,4.0,114.0,Front wheel drive,Naturally Aspirated,Petrol,Manual,170.6,162.0,0.07920792079207921,-2.5356789751614235,0.11287128712871287,-2.1815071614408095,64.4122383252818,0,0,0,1,12.1
CAR_4552F149,Fiat,Bravo,12 16v sx (80bhp) 3d,1995,80.0,1010.0,1242.0,4.0,114.0,Front wheel drive,Naturally Aspirated,Petrol,Manual,170.6,162.0,0.07920792079207921,-2.5356789751614235,0.11287128712871287,-2.1815071614408095,64.4122383252818,0,0,0,1,12.1
CAR_D1E7BC87,Fiat,Cinquecento,s 3d,1993,39.0,710.0,899.0,4.0,200.0,Front wheel drive,Naturally Aspirated,Petrol,Manual,140.0,145.0,0.054929577464788736,-2.9017033239057146,0.28169014084507044,-1.2669476034873244,43.38153503893214,0,0,0,1,17.4
CAR_AB1AF17C,Fiat,Coupe,16v 2d,1995,142.0,1326.5,1995.0,4.0,200.0,Front wheel drive,Naturally Aspirated,Petrol,Manual,207.6,175.0,0.10704862419901998,-2.2344721159765335,0.15077271013946475,-1.8919818070297578,71.17794486215539,0,0,0,1,8.9
CAR_02288319,Fiat,Coupe,16v turbo 2d,1995,195.0,1326.5,1995.0,4.0,240.0,Front wheel drive,Turbocharged,Petrol,Manual,225.3,175.0,0.14700339238597815,-1.9172996150140476,0.18092725216735772,-1.709660250235803,97.74436090225564,0,0,1,1,7.3
CAR_D679409D,Fiat,Croma,18 16v dynamic 5d,2005,140.0,1430.0,1796.0,4.0,175.0,Front wheel drive,Naturally Aspirated,Petrol,Manual,206.0,175.0,0.0979020979020979,-2.3237873006446486,0.12237762237762238,-2.100643749330439,77.95100222717149,0,0,0,1,9.9
CAR_9FDF9F80,Fiat,Croma,18 16v eleganza 5d,2005,140.0,1430.0,1796.0,4.0,175.0,Front wheel drive,Naturally Aspirated,Petrol,Manual,206.0,175.0,0.0979020979020979,-2.3237873006446486,0.12237762237762238,-2.100643749330439,77.95100222717149,0,0,0,1,9.9
CAR_B63055DB,Fiat,Doblo,12 8v active 5d,2001,65.0,1220.0,1242.0,4.0,102.0,Front wheel drive,Naturally Aspirated,Petrol,Manual,141.6,178.0,0.05327868852459016,-2.9322188678316654,0.08360655737704918,-2.481633324443031,52.33494363929147,0,0,0,1,18.3
CAR_E4F6FB4C,Fiat,Doblo,12 8v dynamic 5d,2001,65.0,1220.0,1242.0,4.0,102.0,Front wheel drive,Naturally Aspirated,Petrol,Manual,141.6,178.0,0.05327868852459016,-2.9322188678316654,0.08360655737704918,-2.481633324443031,52.33494363929147,0,0,0,1,18.3
CAR_65F91D25,Fiat,Doblo,14 16v active high roof 5d,2010,95.0,1430.0,1368.0,4.0,127.0,Front wheel drive,Naturally Aspirated,Petrol,Manual,156.1,171.0,0.06643356643356643,-2.711552831653412,0.08881118881118881,-2.4212426367953617,69.44444444444444,0,0,0,1,15.4
CAR_630344AC,Fiat,Doblo,14 16v dynamic (7 seat) 5d,2010,95.0,1340.0,1368.0,4.0,127.0,Front wheel drive,Naturally Aspirated,Petrol,Manual,160.9,166.0,0.0708955223880597,-2.6465480013444163,0.09477611940298507,-2.356237806486366,69.44444444444444,0,0,0,1,14.9
CAR_762AC346,Fiat,Grande Panda,83kw icon 44kwh 5dr auto,2025,111.0,1475.0,1984.0,4.0,122.0,Front wheel drive,EV,Electric,Automatic,132.0,0.0,0.07525423728813559,-2.5868830674615864,0.08271186440677966,-2.4923922240406635,55.94758064516129,0,1,0,0,11.1
CAR_DFDEDD7A,Fiat,Grande Panda,83kw pop 44kwh 5dr auto,2025,111.0,1461.0,1984.0,4.0,122.0,Front wheel drive,EV,Electric,Automatic,132.0,0.0,0.07597535934291581,-2.5773462104383653,0.08350444900752908,-2.482855367017443,55.94758064516129,0,1,0,0,10.6
CAR_7CEE4F12,Fiat,Grande Panda,83kw la prima 44kwh 5dr auto,2025,111.0,1475.0,1984.0,4.0,122.0,Front wheel drive,EV,Electric,Automatic,132.0,0.0,0.07525423728813559,-2.5868830674615864,0.08271186440677966,-2.4923922240406635,55.94758064516129,0,1,0,0,11.1
CAR_E71DADE0,Fiat,Grande Panda,83kw red 44kwh 5dr auto,2025,111.0,1461.0,1984.0,4.0,122.0,Front wheel drive,EV,Electric,Automatic,132.0,0.0,0.07597535934291581,-2.5773462104383653,0.08350444900752908,-2.482855367017443,55.94758064516129,0,1,0,0,10.6
CAR_A1A77BF3,Fiat,Grande Punto,12 active 3d,2006,65.0,1015.0,1242.0,4.0,102.0,Front wheel drive,Naturally Aspirated,Petrol,Manual,154.5,139.0,0.06403940886699508,-2.7482566215802504,0.10049261083743842,-2.2976710781916165,52.33494363929147,0,0,0,1,14.0
CAR_B0805E97,Fiat,Grande Punto,12 active 3d (ac),2006,65.0,1015.0,1242.0,4.0,102.0,Front wheel drive,Naturally Aspirated,Petrol,Manual,154.5,139.0,0.06403940886699508,-2.7482566215802504,0.10049261083743842,-2.2976710781916165,52.33494363929147,0,0,0,1,14.0
CAR_6C1A0312,Fiat,Idea,13 multijet active 5d,2004,70.0,1200.0,1248.0,4.0,180.0,Front wheel drive,Diesel,Diesel,Manual,160.9,135.0,0.058333333333333334,-2.841581593726733,0.15,-1.8971199848858813,56.08974358974359,0,0,0,1,14.9
CAR_D6C606FB,Fiat,Idea,13 multijet active 5d auto,2004,70.0,1200.0,1248.0,4.0,180.0,Front wheel drive,Diesel,Diesel,Automatic,160.9,132.0,0.058333333333333334,-2.841581593726733,0.15,-1.8971199848858813,56.08974358974359,0,0,0,0,14.9
CAR_BBB2E6D4,Fiat,Marea,16 16v elx (100bhp) 4d auto,1997,103.0,1165.0,1581.0,4.0,144.0,Front wheel drive,Naturally Aspirated,Petrol,Automatic,186.7,207.0,0.08841201716738198,-2.4257473777701652,0.12360515021459227,-2.0906630664238004,65.14864010120178,0,0,0,0,13.2
CAR_550CF041,Fiat,Marea,16 16v sx (100bhp) 4d,1997,103.0,1140.0,1581.0,4.0,144.0,Front wheel drive,Naturally Aspirated,Petrol,Manual,186.7,192.0,0.09035087719298246,-2.4040545531589053,0.12631578947368421,-2.0689702418125404,65.14864010120178,0,0,0,1,10.4
CAR_FB41FBAB,Fiat,Marea,16 16v elx (100bhp) 5d auto,1997,103.0,1225.0,1581.0,4.0,144.0,Front wheel drive,Naturally Aspirated,Petrol,Automatic,185.1,210.0,0.08408163265306122,-2.4759671347491916,0.11755102040816326,-2.1408828234028268,65.14864010120178,0,0,0,0,13.6
CAR_EB459A35,Fiat,Marea,16 16v sx (100bhp) 5d,1997,103.0,1200.0,1581.0,4.0,144.0,Front wheel drive,Naturally Aspirated,Petrol,Manual,185.1,195.0,0.08583333333333333,-2.455347847546456,0.12,-2.120263536200091,65.14864010120178,0,0,0,1,10.7
CAR_4283DA75,Fiat,Multipla,16 dynamic 5d,2000,103.0,1300.0,1596.0,4.0,145.0,Front wheel drive,Naturally Aspirated,Petrol,Manual,170.6,205.0,0.07923076923076923,-2.5353905552199922,0.11153846153846154,-2.1933858010290535,64.53634085213032,0,0,0,1,12.6
CAR_D2A134DE,Fiat,Multipla,16 dynamic family 5d,2000,103.0,1300.0,1596.0,4.0,145.0,Front wheel drive,Naturally Aspirated,Petrol,Manual,170.6,204.0,0.07923076923076923,-2.5353905552199922,0.11153846153846154,-2.1933858010290535,64.53634085213032,0,0,0,1,12.2
CAR_2F10161A,Fiat,Panda,09 twinair (85bhp) easy 5d,2012,83.0,1050.0,875.0,2.0,145.0,Front wheel drive,Naturally Aspirated,Petrol,Manual,177.0,99.0,0.07904761904761905,-2.537704835354971,0.1380952380952381,-1.9798117007309946,94.85714285714286,0,0,0,1,10.8
CAR_A0060A56,Fiat,Panda,09 twinair (85bhp) easy 5d dualogic,2012,83.0,1055.0,875.0,2.0,145.0,Front wheel drive,Naturally Aspirated,Petrol,Automatic,177.0,95.0,0.07867298578199051,-2.542455438113569,0.13744075829383887,-1.9845623034895925,94.85714285714286,0,0,0,0,11.1
CAR_732C4EBC,Fiat,Panda,09 twinair (85bhp) 4x4 5d,2012,83.0,1050.0,875.0,2.0,145.0,4 wheel drive,Naturally Aspirated,Petrol,Manual,164.2,166.0,0.07904761904761905,-2.537704835354971,0.1380952380952381,-1.9798117007309946,94.85714285714286,1,0,0,1,12.4
CAR_8F70E011,Fiat,Panda,09 twinair (90bhp) cross 4x4 5d,2012,88.0,1165.0,875.0,2.0,145.0,4 wheel drive,Naturally Aspirated,Petrol,Manual,164.2,122.0,0.07553648068669527,-2.5831395515215947,0.12446351931330472,-2.0837426235792265,100.57142857142857,1,0,0,1,12.4
CAR_E2264DF5,Fiat,Punto,09 twinair (brio pack) 3d,2012,83.0,1075.0,875.0,2.0,145.0,Front wheel drive,Naturally Aspirated,Petrol,Manual,172.2,98.0,0.07720930232558139,-2.561235332765165,0.13488372093023257,-2.0033421981411887,94.85714285714286,0,0,0,1,12.3
CAR_BBC638A7,Fiat,Punto,09 twinair (brio pack) 5d,2012,83.0,1090.0,875.0,2.0,145.0,Front wheel drive,Naturally Aspirated,Petrol,Manual,172.2,98.0,0.07614678899082569,-2.5750923674265915,0.13302752293577982,-2.0171992328026147,94.85714285714286,0,0,0,1,12.3
CAR_8C9A4983,Fiat,Punto,12 16v dynamic 3d,1999,80.0,920.0,1242.0,4.0,114.0,Front wheel drive,Naturally Aspirated,Petrol,Manual,172.2,142.0,0.08695652173913043,-2.4423470353692043,0.12391304347826088,-2.0881752216485903,64.4122383252818,0,0,0,1,11.0
CAR_B1DFA576,Fiat,Punto,12 16v dynamic 5d,1999,80.0,935.0,1242.0,4.0,114.0,Front wheel drive,Naturally Aspirated,Petrol,Manual,172.2,142.0,0.0855614973262032,-2.4585198946148052,0.12192513368983957,-2.1043480808941917,64.4122383252818,0,0,0,1,11.0
CAR_85CD4D06,Fiat,Punto Evo,12 active 3d,2010,68.0,1015.0,1242.0,4.0,102.0,Front wheel drive,Naturally Aspirated,Petrol,Manual,156.1,123.0,0.06699507389162561,-2.703136186299781,0.10049261083743842,-2.2976710781916165,54.750402576489535,0,0,0,1,13.5
CAR_E3630E5D,Fiat,Punto Evo,12 active 5d,2010,68.0,1030.0,1242.0,4.0,102.0,Front wheel drive,Naturally Aspirated,Petrol,Manual,156.1,123.0,0.06601941747572816,-2.717806376047575,0.09902912621359224,-2.31234126793941,54.750402576489535,0,0,0,1,13.5
CAR_F965C8FF,Fiat,Qubo,13 multijet (80bhp) active 5d,2009,78.0,1200.0,1248.0,4.0,200.0,Front wheel drive,Diesel,Diesel,Manual,160.9,106.0,0.065,-2.7333680090865,0.16666666666666666,-1.791759469228055,62.5,0,0,0,1,13.5
CAR_FE3933D6,Fiat,Qubo,13 multijet (80bhp) active 5d dualogic,2009,78.0,1200.0,1248.0,4.0,200.0,Front wheel drive,Diesel,Diesel,Automatic,160.9,103.0,0.065,-2.7333680090865,0.16666666666666666,-1.791759469228055,62.5,0,0,0,0,14.3
CAR_D6EBE232,Fiat,Scudo,10q 16 multijet (90bhp) 6 seat l1 5d,2007,88.0,1745.0,1560.0,4.0,180.0,Front wheel drive,Diesel,Diesel,Manual,144.8,191.0,0.0504297994269341,-2.987173020158321,0.10315186246418338,-2.271552983746317,56.41025641025641,0,0,0,1,16.6
CAR_A7D56BA4,Fiat,Scudo,10q 16 multijet (90bhp) 9 seat l1 5d,2007,88.0,1745.0,1560.0,4.0,180.0,Front wheel drive,Diesel,Diesel,Manual,144.8,191.0,0.0504297994269341,-2.987173020158321,0.10315186246418338,-2.271552983746317,56.41025641025641,0,0,0,1,16.6
CAR_28637FE5,Fiat,Sedici,16 16v dynamic (2010) 5d,2006,120.0,1200.0,1586.0,4.0,156.0,4 wheel drive,Naturally Aspirated,Petrol,Manual,175.4,149.0,0.1,-2.3025850929940455,0.13,-2.0402208285265546,75.66204287515762,1,0,0,1,11.1
CAR_FA0BB913,Fiat,Sedici,16 16v dynamic (2wd) (2010) 5d,2006,120.0,1140.0,1586.0,4.0,156.0,Front wheel drive,Naturally Aspirated,Petrol,Manual,185.1,141.0,0.10526315789473684,-2.2512917986064953,0.1368421052631579,-1.988927534139004,75.66204287515762,0,0,0,1,10.4
CAR_DB54D836,Fiat,Seicento,11 2tone 3d,1998,54.0,735.0,1108.0,4.0,88.0,Front wheel drive,Naturally Aspirated,Petrol,Manual,149.7,143.0,0.07346938775510205,-2.610886452648562,0.11972789115646258,-2.12253368473463,48.73646209386281,0,0,0,1,14.0
CAR_CE711C25,Fiat,Seicento,11 michael schumacher sporting 3d,1998,54.0,735.0,1108.0,4.0,88.0,Front wheel drive,Naturally Aspirated,Petrol,Manual,149.7,155.0,0.07346938775510205,-2.610886452648562,0.11972789115646258,-2.12253368473463,48.73646209386281,0,0,0,1,13.1
CAR_892976D0,Fiat,Stilo,12 16v active 3d,2002,80.0,1090.0,1242.0,4.0,114.0,Front wheel drive,Turbocharged,Petrol,Manual,172.2,149.0,0.07339449541284404,-2.6119063405493077,0.10458715596330276,-2.2577345268286937,64.4122383252818,0,0,1,1,13.0
CAR_A3058DC3,Fiat,Stilo,12 16v active 5d,2002,80.0,1145.0,1242.0,4.0,114.0,Front wheel drive,Turbocharged,Petrol,Manual,170.6,155.0,0.06986899563318777,-2.6611332813144584,0.09956331877729258,-2.306961467593845,64.4122383252818,0,0,1,1,13.4
CAR_79BD7FFB,Fiat,Stilo,16 16v active 5d,2003,103.0,1295.0,1596.0,4.0,145.0,Front wheel drive,Turbocharged,Petrol,Manual,183.5,181.0,0.07953667953667953,-2.5315369859040024,0.11196911196911197,-2.1895322317130637,64.53634085213032,0,0,1,1,11.0
CAR_8EDD6BEB,Fiat,Stilo,16 16v active 5d (ac),2003,103.0,1295.0,1596.0,4.0,145.0,Front wheel drive,Turbocharged,Petrol,Manual,183.5,187.0,0.07953667953667953,-2.5315369859040024,0.11196911196911197,-2.1895322317130637,64.53634085213032,0,0,1,1,11.0
CAR_6C7521F2,Fiat,Tipo,10 5dr,2016,98.0,1315.0,999.0,3.0,190.0,Front wheel drive,Naturally Aspirated,Petrol,Manual,189.9,125.0,0.07452471482889733,-2.596624465941293,0.1444866920152091,-1.9345678724513788,98.09809809809809,0,0,0,1,11.8
CAR_CA642F88,Fiat,Tipo,10 city life 5dr,2016,98.0,1315.0,999.0,3.0,190.0,Front wheel drive,Naturally Aspirated,Petrol,Manual,189.9,125.0,0.07452471482889733,-2.596624465941293,0.1444866920152091,-1.9345678724513788,98.09809809809809,0,0,0,1,11.8
CAR_0951282B,Fiat,Tipo,10 5dr,2016,98.0,1345.0,999.0,3.0,190.0,Front wheel drive,Naturally Aspirated,Petrol,Manual,191.5,126.0,0.07286245353159851,-2.6191818133653677,0.1412639405204461,-1.9571252198754532,98.09809809809809,0,0,0,1,11.6
CAR_4AAB3927,Fiat,Tipo,10 life 5dr,2016,98.0,1345.0,999.0,3.0,190.0,Front wheel drive,Naturally Aspirated,Petrol,Manual,191.5,126.0,0.07286245353159851,-2.6191818133653677,0.1412639405204461,-1.9571252198754532,98.09809809809809,0,0,0,1,11.6
CAR_C0896EB6,Fiat,Ulysse,19 td el 5d,1995,90.0,1565.0,1905.0,4.0,196.0,Front wheel drive,Diesel,Diesel,Manual,160.9,215.0,0.05750798722044728,-2.8558314326439884,0.12523961661341854,-2.077526443743736,47.24409448818898,0,0,0,1,14.6
CAR_9FC04400,Fiat,Ulysse,19 td s 5d,1995,90.0,1565.0,1905.0,4.0,196.0,Front wheel drive,Diesel,Diesel,Manual,160.9,215.0,0.05750798722044728,-2.8558314326439884,0.12523961661341854,-2.077526443743736,47.24409448818898,0,0,0,1,14.6
CAR_0556924D,Fiat,Ulysse,20 16v dynamic 5d,2003,136.0,1645.0,1997.0,4.0,190.0,Front wheel drive,Naturally Aspirated,Petrol,Manual,185.1,218.0,0.08267477203647416,-2.49284077746342,0.11550151975683891,-2.1584715910389862,68.10215322984476,0,0,0,1,10.8
CAR_0AD0C616,Fiat,Ulysse,20 16v eleganza 5d,2003,136.0,1645.0,1997.0,4.0,190.0,Front wheel drive,Naturally Aspirated,Petrol,Manual,185.1,218.0,0.08267477203647416,-2.49284077746342,0.11550151975683891,-2.1584715910389862,68.10215322984476,0,0,0,1,10.8
CAR_737398A7,Jaguar,E Pace,15 p160 r dynamic hse black 5dr auto 2wd,2017,157.0,1708.0,1498.0,3.0,260.0,Front wheel drive,Naturally Aspirated,Petrol,Automatic,196.3,182.0,0.09192037470725996,-2.386832569000207,0.1522248243559719,-1.8823967433329873,104.8064085447263,0,0,0,0,10.2
CAR_9335B6AD,Jaguar,E Pace,15 p160 r dynamic s 5dr auto 2wd,2017,157.0,1708.0,1498.0,3.0,260.0,Front wheel drive,Naturally Aspirated,Petrol,Automatic,196.3,179.0,0.09192037470725996,-2.386832569000207,0.1522248243559719,-1.8823967433329873,104.8064085447263,0,0,0,0,10.2
CAR_F6A128E4,Jaguar,F Pace,20 d165 5dr auto awd,2016,160.0,1876.0,1997.0,4.0,380.0,4 wheel drive,Diesel,Diesel,Automatic,194.7,163.0,0.08528784648187633,-2.461723314332343,0.2025586353944563,-1.5967258768457386,80.1201802704056,1,0,0,0,9.6
CAR_E4BDE18C,Jaguar,F Pace,20 d165 r dynamic black 5dr auto awd,2016,160.0,1876.0,1997.0,4.0,380.0,4 wheel drive,Diesel,Diesel,Automatic,194.7,170.0,0.08528784648187633,-2.461723314332343,0.2025586353944563,-1.5967258768457386,80.1201802704056,1,0,0,0,9.6
CAR_7543E254,Jaguar,F Type,20 p300 r dynamic black 2dr auto,2013,295.0,1571.0,1997.0,4.0,400.0,Rear wheel drive,Turbocharged,Petrol,Automatic,249.4,219.0,0.18777848504137493,-1.6724922819158012,0.2546148949713558,-1.3680030911476393,147.72158237356032,0,0,1,0,5.5
CAR_005CF655,Jaguar,F Type,20 p300 r dynamic plus 2dr auto,2013,295.0,1571.0,1997.0,4.0,400.0,Rear wheel drive,Turbocharged,Petrol,Automatic,249.4,217.0,0.18777848504137493,-1.6724922819158012,0.2546148949713558,-1.3680030911476393,147.72158237356032,0,0,1,0,5.7
CAR_D7C222D8,Jaguar,F Type,20 black edition 2dr auto 2d,2014,295.0,1625.0,1997.0,4.0,400.0,Rear wheel drive,Naturally Aspirated,Petrol,Automatic,249.4,163.0,0.18153846153846154,-1.706287738424018,0.24615384615384617,-1.4017985476558559,147.72158237356032,0,0,0,0,5.4
CAR_E8FAE5B7,Jaguar,F Type,20 p300 r dynamic black 2dr auto,2014,295.0,1553.0,1997.0,4.0,400.0,Rear wheel drive,Naturally Aspirated,Petrol,Automatic,249.4,217.0,0.18995492594977462,-1.6609684668088673,0.25756600128783,-1.356479276040705,147.72158237356032,0,0,0,0,5.5
CAR_87C7719B,Jaguar,I Pace,294kw ev400 black 90kwh 5dr auto [11kw charger],2018,394.0,2208.0,1984.0,4.0,696.0,4 wheel drive,EV,Electric,Automatic,199.6,0.0,0.17844202898550723,-1.723491498099052,0.31521739130434784,-1.1544927470625663,198.58870967741936,1,1,0,0,4.6
CAR_083B6E19,Jaguar,I Pace,294kw ev400 hse 90kwh auto [11kw charger] 5d,2018,394.0,2208.0,1984.0,4.0,696.0,4 wheel drive,EV,Electric,Automatic,199.6,0.0,0.17844202898550723,-1.723491498099052,0.31521739130434784,-1.1544927470625663,198.58870967741936,1,1,0,0,4.6
CAR_D5587593,Jaguar,S Type,25 v6 4d (02),1999,201.0,1620.0,2497.0,6.0,250.0,Rear wheel drive,Naturally Aspirated,Petrol,Manual,228.5,229.0,0.12407407407407407,-2.086876520167354,0.15432098765432098,-1.8687205103641833,80.49659591509813,0,0,0,1,8.2
CAR_204BC791,Jaguar,S Type,25 v6 4d (04),1999,201.0,1620.0,2497.0,6.0,250.0,Rear wheel drive,Naturally Aspirated,Petrol,Manual,228.5,229.0,0.12407407407407407,-2.086876520167354,0.15432098765432098,-1.8687205103641833,80.49659591509813,0,0,0,1,8.2
CAR_6189897C,Jaguar,X Type,20 v6 4d,2001,157.0,1450.0,2099.0,6.0,200.0,Front wheel drive,Naturally Aspirated,Petrol,Manual,209.2,219.0,0.10827586206896551,-2.223073030066312,0.13793103448275862,-1.9810014688665833,74.79752262982372,0,0,0,1,8.9
CAR_ED7B580D,Jaguar,X Type,20 v6 4d auto,2001,157.0,1485.0,2099.0,6.0,200.0,Front wheel drive,Naturally Aspirated,Petrol,Automatic,204.4,239.0,0.10572390572390572,-2.246924245888492,0.13468013468013468,-2.0048526846887635,74.79752262982372,0,0,0,0,10.4
CAR_CF19E840,Jaguar,X Type,20 v6 classic 5d,2004,157.0,1510.0,2099.0,6.0,200.0,Front wheel drive,Naturally Aspirated,Petrol,Manual,206.0,224.0,0.10397350993377484,-2.263619124460662,0.13245033112582782,-2.0215475632609334,74.79752262982372,0,0,0,1,9.3
CAR_506CDA58,Jaguar,X Type,20 v6 classic 5d auto,2004,157.0,1555.0,2099.0,6.0,200.0,Front wheel drive,Naturally Aspirated,Petrol,Automatic,201.2,244.0,0.10096463022508038,-2.2929850192650263,0.12861736334405144,-2.0509134580652977,74.79752262982372,0,0,0,0,10.7
CAR_9969458A,Jaguar,Xe,20 (240bhp) portfolio 4d auto,2015,236.0,1535.0,1999.0,4.0,340.0,Rear wheel drive,Naturally Aspirated,Petrol,Automatic,249.4,179.0,0.15374592833876222,-1.8724538549956875,0.22149837133550487,-1.5073400424110905,118.05902951475737,0,0,0,0,6.4
CAR_52B83538,Jaguar,Xe,20 (240bhp) r sport 4d auto,2015,236.0,1535.0,1999.0,4.0,340.0,Rear wheel drive,Naturally Aspirated,Petrol,Automatic,249.4,179.0,0.15374592833876222,-1.8724538549956875,0.22149837133550487,-1.5073400424110905,118.05902951475737,0,0,0,0,6.4
CAR_560CDC02,Jaguar,Xf,20 d200 r dynamic black 4dr auto,2015,201.0,1735.0,1998.0,4.0,430.0,Rear wheel drive,Diesel,Diesel,Automatic,235.0,138.0,0.11585014409221903,-2.1554577843218836,0.2478386167146974,-1.3949774836933515,100.6006006006006,0,0,0,0,7.4
CAR_53D1BDE8,Jaguar,Xf,20 d200 r dynamic hse 4dr auto,2015,201.0,1735.0,1998.0,4.0,430.0,Rear wheel drive,Diesel,Diesel,Automatic,235.0,140.0,0.11585014409221903,-2.1554577843218836,0.2478386167146974,-1.3949774836933515,100.6006006006006,0,0,0,0,7.4
CAR_AFED5E1A,Jaguar,Xf,20 d200 r dynamic black 5dr auto,2017,201.0,1795.0,1998.0,4.0,430.0,Rear wheel drive,Diesel,Diesel,Automatic,230.1,145.0,0.11197771587743732,-2.1894553928633034,0.2395543175487465,-1.4289750922347713,100.6006006006006,0,0,0,0,7.6
CAR_A4B6BEF4,Jaguar,Xf,20 d200 r dynamic hse 5dr auto,2017,201.0,1795.0,1998.0,4.0,430.0,Rear wheel drive,Diesel,Diesel,Automatic,230.1,146.0,0.11197771587743732,-2.1894553928633034,0.2395543175487465,-1.4289750922347713,100.6006006006006,0,0,0,0,7.6
CAR_8664BC2D,Jaguar,Xj,30 v6 supercharged portfolio (0915 ) 4d auto,2010,335.0,1765.0,2995.0,6.0,450.0,Rear wheel drive,Naturally Aspirated,Petrol,Automatic,249.4,211.0,0.18980169971671387,-1.6617754375423308,0.254957507082153,-1.3666583866030317,111.85308848080133,0,0,0,0,5.7
CAR_12CCED67,Jaguar,Xj,30 v6 supercharged portfolio (lwb) (0915 ) 4d auto,2010,335.0,1775.0,2995.0,6.0,450.0,Rear wheel drive,Naturally Aspirated,Petrol,Automatic,249.4,211.0,0.18873239436619718,-1.6674251700844498,0.2535211267605634,-1.3723081191451507,111.85308848080133,0,0,0,0,5.7
CAR_59263C13,Jaguar,Xj,50 v8 supercharged xjr (0915 ) 4d auto,2013,542.0,1875.0,5000.0,8.0,680.0,Rear wheel drive,Naturally Aspirated,Petrol,Automatic,280.0,264.0,0.2890666666666667,-1.241097936964865,0.3626666666666667,-1.0142711402343587,108.4,0,0,0,0,4.4
CAR_62E024DB,Jaguar,Xjsc,40 2d,1988,238.0,1830.0,3980.0,6.0,382.0,Rear wheel drive,Naturally Aspirated,Petrol,Manual,233.4,175.0,0.13005464480874318,-2.039800572163992,0.2087431693989071,-1.5666506372288915,59.798994974874375,0,0,0,1,7.6
CAR_4B82E351,Jaguar,Xjsc,40 2d auto,1988,238.0,1830.0,3980.0,6.0,382.0,Rear wheel drive,Naturally Aspirated,Petrol,Automatic,233.4,175.0,0.13005464480874318,-2.039800572163992,0.2087431693989071,-1.5666506372288915,59.798994974874375,0,0,0,0,8.1
CAR_CD92F582,Jaguar,Xk,42 v8 2d auto,2006,300.0,1595.0,4196.0,8.0,420.0,Rear wheel drive,Naturally Aspirated,Petrol,Automatic,249.4,269.0,0.18808777429467086,-1.6708465405627437,0.26332288401253917,-1.334374303941531,71.49666348903719,0,0,0,0,5.9
CAR_A0A1300D,Jaguar,Xk,42 v8 60 2d auto,2006,300.0,1595.0,4196.0,8.0,420.0,Rear wheel drive,Naturally Aspirated,Petrol,Automatic,249.4,269.0,0.18808777429467086,-1.6708465405627437,0.26332288401253917,-1.334374303941531,71.49666348903719,0,0,0,0,5.9
CAR_A1A948A1,Jaguar,Xk,42 v8 2d auto,2006,300.0,1635.0,4196.0,8.0,420.0,Rear wheel drive,Naturally Aspirated,Petrol,Automatic,249.4,269.0,0.1834862385321101,-1.6956156086751526,0.25688073394495414,-1.3591433720539396,71.49666348903719,0,0,0,0,6.0
CAR_53FD53A5,Jaguar,Xk,42 v8 60 2d auto,2006,300.0,1635.0,4196.0,8.0,420.0,Rear wheel drive,Naturally Aspirated,Petrol,Automatic,249.4,269.0,0.1834862385321101,-1.6956156086751526,0.25688073394495414,-1.3591433720539396,71.49666348903719,0,0,0,0,6.0
CAR_6A6449C0,Jaguar,Xk8,100 2d auto,1996,370.0,1640.0,3996.0,8.0,525.0,Rear wheel drive,Naturally Aspirated,Petrol,Automatic,249.4,301.0,0.22560975609756098,-1.488948515179974,0.3201219512195122,-1.1390532582266204,92.5925925925926,0,0,0,0,5.2
CAR_6E64883A,Jaguar,Xk8,40 2d auto,1996,290.0,1615.0,3996.0,8.0,393.0,Rear wheel drive,Naturally Aspirated,Petrol,Automatic,249.4,281.0,0.17956656346749225,-1.7172093126762373,0.243343653250774,-1.4132806237874955,72.57257257257257,0,0,0,0,6.4
CAR_F3DF26E8,Jaguar,Xk8,100 2d auto,1996,370.0,1750.0,3996.0,8.0,525.0,Rear wheel drive,Naturally Aspirated,Petrol,Automatic,249.4,305.0,0.21142857142857144,-1.5538680612792897,0.3,-1.2039728043259361,92.5925925925926,0,0,0,0,5.3
CAR_4620ADB5,Jaguar,Xk8,40 2d auto,1996,290.0,1705.0,3996.0,8.0,393.0,Rear wheel drive,Naturally Aspirated,Petrol,Automatic,249.4,284.0,0.17008797653958943,-1.7714394667370976,0.23049853372434018,-1.4675107778483558,72.57257257257257,0,0,0,0,6.7
CAR_6CE11FDB,Dodge,Avenger,20 crd se 4d,2007,138.0,1635.0,1968.0,4.0,310.0,Front wheel drive,Diesel,Diesel,Manual,202.8,170.0,0.08440366972477065,-2.472144398174149,0.18960244648318042,-1.6628257858521618,70.1219512195122,0,0,0,1,11.6
CAR_E667B8F5,Dodge,Avenger,20 crd sxt 4d,2007,138.0,1635.0,1968.0,4.0,310.0,Front wheel drive,Diesel,Diesel,Manual,202.8,170.0,0.08440366972477065,-2.472144398174149,0.18960244648318042,-1.6628257858521618,70.1219512195122,0,0,0,1,11.6
CAR_0A359A34,Dodge,Caliber,18 s 5d,2006,148.0,1460.0,1798.0,4.0,168.0,Front wheel drive,Naturally Aspirated,Petrol,Manual,189.9,174.0,0.10136986301369863,-2.288979440938267,0.11506849315068493,-2.162227735299123,82.31368186874305,0,0,0,1,12.4
CAR_D6A3D732,Dodge,Caliber,18 se 5d,2006,148.0,1460.0,1798.0,4.0,168.0,Front wheel drive,Naturally Aspirated,Petrol,Manual,189.9,174.0,0.10136986301369863,-2.288979440938267,0.11506849315068493,-2.162227735299123,82.31368186874305,0,0,0,1,12.4
CAR_17A3E82A,Dodge,Journey,20 crd rt 5d,2008,138.0,1975.0,1968.0,4.0,310.0,Front wheel drive,Diesel,Diesel,Manual,186.7,165.0,0.06987341772151899,-2.6610699921780174,0.1569620253164557,-1.8517513798560303,70.1219512195122,0,0,0,1,11.2
CAR_DC80ACFD,Dodge,Journey,20 crd rt 5d auto,2008,138.0,1990.0,1968.0,4.0,310.0,Front wheel drive,Diesel,Diesel,Automatic,181.9,176.0,0.06934673366834171,-2.6686362325613335,0.15577889447236182,-1.859317620239346,70.1219512195122,0,0,0,0,11.4
CAR_AA9F248E,Dodge,Nitro,28 crd se 5d,2007,174.0,1950.0,2777.0,4.0,409.0,4 wheel drive,Diesel,Diesel,Manual,180.2,228.0,0.08923076923076922,-2.4165293523432636,0.20974358974358975,-1.5618694955149908,62.65754411235145,1,0,0,1,11.5
CAR_76FCDD28,Dodge,Nitro,28 crd sxt 5d,2007,174.0,1950.0,2777.0,4.0,409.0,4 wheel drive,Diesel,Diesel,Manual,180.2,228.0,0.08923076923076922,-2.4165293523432636,0.20974358974358975,-1.5618694955149908,62.65754411235145,1,0,0,1,11.5
CAR_E7843B89,Dodge,Srt 10,83 v10 2d,2005,500.0,1546.0,8277.0,10.0,712.0,Rear wheel drive,Naturally Aspirated,Petrol,Manual,305.8,489.0,0.32341526520051744,-1.1288181307251757,0.46054333764553684,-0.7753483177353916,60.40836051709557,0,0,0,1,4.7
