car_id,make,model,variant,raw_title,year_from,year_to,displacement_cc,cylinders,stock_hp,stock_torque_nm,weight_kg,drivetrain,transmission,engine_type,fuel_type,drag_coef,frontal_area_m2,top_speed_stock,top_speed_mph,zero_hundred_stock,co2_gkm,source_url
CAR_081A8623,Bmw,1 Series,120 m sport 5dr step auto,BMW 1-Series Hatchback120 M Sport 5dr Step Auto Specs & dimensions,2024,,1499.0,3.0,153.0,280.0,1425.0,Front wheel drive,Automatic,Naturally Aspirated,Petrol,,,225.3,140.0,7.6,121.0,https://www.parkers.co.uk/bmw/1-series/hatchback-2024/120-m-sport-5dr-step-auto/specs/
CAR_A3937D93,Bmw,1 Series,120 m sport 5dr step auto [pro pack],BMW 1-Series Hatchback120 M Sport 5dr Step Auto [Pro Pack] Specs & dimensions,2024,,1499.0,3.0,153.0,280.0,1425.0,Front wheel drive,Automatic,Naturally Aspirated,Petrol,,,225.3,140.0,7.6,121.0,https://www.parkers.co.uk/bmw/1-series/hatchback-2024/120-m-sport-5dr-step-auto-[pro-pack]/specs/
CAR_C3E10FF0,Bmw,1 Series,120 m sport 5dr step auto [tech pack],BMW 1-Series Hatchback120 M Sport 5dr Step Auto [Tech+ Pack] Specs & dimensions,2024,,1499.0,3.0,153.0,280.0,1425.0,Front wheel drive,Automatic,Naturally Aspirated,Petrol,,,225.3,140.0,7.6,121.0,https://www.parkers.co.uk/bmw/1-series/hatchback-2024/120-m-sport-5dr-step-auto-[tech-pack]/specs/
CAR_BA15D93A,Bmw,1 Series,120 m sport 5dr step auto [techpro pack],BMW 1-Series Hatchback120 M Sport 5dr Step Auto [Tech+/Pro Pack] Specs & dimensions,2024,,1499.0,3.0,153.0,280.0,1425.0,Front wheel drive,Automatic,Naturally Aspirated,Petrol,,,225.3,140.0,7.6,121.0,https://www.parkers.co.uk/bmw/1-series/hatchback-2024/120-m-sport-5dr-step-auto-[techpro-pack]/specs/
CAR_95E66BDB,Bmw,1 Series,120 sport 5dr step auto,BMW 1-Series Hatchback120 Sport 5dr Step Auto Specs & dimensions,2024,,1499.0,3.0,153.0,280.0,1425.0,Front wheel drive,Automatic,Naturally Aspirated,Petrol,,,225.3,140.0,7.6,121.0,https://www.parkers.co.uk/bmw/1-series/hatchback-2024/120-sport-5dr-step-auto/specs/
CAR_CE01A380,Bmw,1 Series,120 sport 5dr step auto [tech pack],BMW 1-Series Hatchback120 Sport 5dr Step Auto [Tech+ Pack] Specs & dimensions,2024,,1499.0,3.0,153.0,280.0,1425.0,Front wheel drive,Automatic,Naturally Aspirated,Petrol,,,225.3,140.0,7.6,121.0,https://www.parkers.co.uk/bmw/1-series/hatchback-2024/120-sport-5dr-step-auto-[tech-pack]/specs/
CAR_1BCB8161,Bmw,1 Series,123 xdrive m sport 5dr step auto,BMW 1-Series Hatchback123 xDrive M Sport 5dr Step Auto Specs & dimensions,2024,,1998.0,4.0,201.0,360.0,1530.0,4 wheel drive,Automatic,Naturally Aspirated,Petrol,,,246.2,153.0,6.1,135.0,https://www.parkers.co.uk/bmw/1-series/hatchback-2024/123-xdrive-m-sport-5dr-step-auto/specs/
CAR_1ADEA45A,Bmw,1 Series,123 xdrive m sport 5dr step auto [pro pack],BMW 1-Series Hatchback123 xDrive M Sport 5dr Step Auto [Pro Pack] Specs & dimensions,2024,,1998.0,4.0,201.0,360.0,1530.0,4 wheel drive,Automatic,Naturally Aspirated,Petrol,,,246.2,153.0,6.1,135.0,https://www.parkers.co.uk/bmw/1-series/hatchback-2024/123-xdrive-m-sport-5dr-step-auto-[pro-pack]/specs/
CAR_F67455E8,Bmw,1 Series,123 xdrive m sport 5dr step auto [tech pack],BMW 1-Series Hatchback123 xDrive M Sport 5dr Step Auto [Tech+ Pack] Specs & dimensions,2024,,1998.0,4.0,201.0,360.0,1530.0,4 wheel drive,Automatic,Naturally Aspirated,Petrol,,,246.2,153.0,6.1,135.0,https://www.parkers.co.uk/bmw/1-series/hatchback-2024/123-xdrive-m-sport-5dr-step-auto-[tech-pack]/specs/
CAR_CD62118D,Bmw,1 Series,123 xdrive m sport 5dr step auto [techpro pack],BMW 1-Series Hatchback123 xDrive M Sport 5dr Step Auto [Tech+/Pro Pack] Specs & dimensions,2024,,1998.0,4.0,201.0,360.0,1530.0,4 wheel drive,Automatic,Naturally Aspirated,Petrol,,,246.2,153.0,6.1,135.0,https://www.parkers.co.uk/bmw/1-series/hatchback-2024/123-xdrive-m-sport-5dr-step-auto-[techpro-pack]/specs/
CAR_1740B2A2,Bmw,1 Series,trim m sport,BMW 1-Series Hatchback M Sport (2024 - 2026)Specs & dimensions,2024,2026,,,,,,,,Unknown,,,,,,,,https://www.parkers.co.uk/bmw/1-series/hatchback-2024/trim-m-sport/specs/
CAR_B9012C91,Bmw,1 Series,trim sport,BMW 1-Series Hatchback Sport (2024 - 2026)Specs & dimensions,2024,2026,,,,,,,,Unknown,,,,,,,,https://www.parkers.co.uk/bmw/1-series/hatchback-2024/trim-sport/specs/
CAR_C8155CCF,Bmw,1 Series,engine 15i petrol,BMW 1-Series Hatchback 1.5i Petrol (2024 - 2026)Specs & dimensions,2024,2026,,,,,,,,Unknown,,,,,,,,https://www.parkers.co.uk/bmw/1-series/hatchback-2024/engine-15i-petrol/specs/
CAR_45914E92,Bmw,1 Series,engine 20i petrol,BMW 1-Series Hatchback 2.0i Petrol (2024 - 2026)Specs & dimensions,2024,2026,,,,,,,,Unknown,,,,,,,,https://www.parkers.co.uk/bmw/1-series/hatchback-2024/engine-20i-petrol/specs/
CAR_D14076C2,Bmw,3 Series,318d m sport (plus package and technology package) 4d,BMW 3-Series Saloon318d M Sport (Plus Package and Technology Package) 4d Specs & dimensions,2019,,1995.0,4.0,147.0,320.0,1445.0,Rear wheel drive,Manual,Unknown,Diesel,,,225.3,140.0,8.1,132.0,https://www.parkers.co.uk/bmw/3-series/saloon-2019/318d-m-sport-(plus-package-and-technology-package)-4d/specs/
CAR_EA89620D,Bmw,3 Series,318d m sport (plus package and technology package) auto 4d,BMW 3-Series Saloon318d M Sport (Plus Package and Technology Package) auto 4d Specs & dimensions,2019,,1995.0,4.0,147.0,320.0,1455.0,Rear wheel drive,Automatic,Unknown,Diesel,,,223.7,139.0,8.0,134.0,https://www.parkers.co.uk/bmw/3-series/saloon-2019/318d-m-sport-(plus-package-and-technology-package)-auto-4d/specs/
CAR_39FAD0F0,Bmw,3 Series,318d m sport (plus package) 4d,BMW 3-Series Saloon318d M Sport (Plus Package) 4d Specs & dimensions,2019,,1995.0,4.0,147.0,320.0,1445.0,Rear wheel drive,Manual,Unknown,Diesel,,,225.3,140.0,8.1,132.0,https://www.parkers.co.uk/bmw/3-series/saloon-2019/318d-m-sport-(plus-package)-4d/specs/
CAR_AA61D1E7,Bmw,3 Series,318d m sport (plus package) auto 4d,BMW 3-Series Saloon318d M Sport (Plus Package) auto 4d Specs & dimensions,2019,,1995.0,4.0,147.0,320.0,1455.0,Rear wheel drive,Automatic,Unknown,Diesel,,,223.7,139.0,8.0,134.0,https://www.parkers.co.uk/bmw/3-series/saloon-2019/318d-m-sport-(plus-package)-auto-4d/specs/
CAR_FC007976,Bmw,3 Series,318d m sport (technology package) 4d,BMW 3-Series Saloon318d M Sport (Technology Package) 4d Specs & dimensions,2019,,1995.0,4.0,147.0,320.0,1485.0,Rear wheel drive,Manual,Unknown,Diesel,,,225.3,140.0,8.1,121.0,https://www.parkers.co.uk/bmw/3-series/saloon-2019/318d-m-sport-(technology-package)-4d/specs/
CAR_88C06636,Bmw,3 Series,318d m sport (technology package) auto 4d,BMW 3-Series Saloon318d M Sport (Technology Package) auto 4d Specs & dimensions,2019,,1995.0,4.0,147.0,320.0,1455.0,Rear wheel drive,Automatic,Unknown,Diesel,,,223.7,139.0,8.0,134.0,https://www.parkers.co.uk/bmw/3-series/saloon-2019/318d-m-sport-(technology-package)-auto-4d/specs/
CAR_7D99144E,Bmw,3 Series,318d m sport 4d,BMW 3-Series Saloon318d M Sport 4d Specs & dimensions,2019,,1995.0,4.0,147.0,320.0,1485.0,Rear wheel drive,Manual,Unknown,Diesel,,,225.3,140.0,8.1,128.0,https://www.parkers.co.uk/bmw/3-series/saloon-2019/318d-m-sport-4d/specs/
CAR_F2120F11,Bmw,3 Series,318d m sport 4dr [pro pack] 4d,BMW 3-Series Saloon318d M Sport 4dr [Pro Pack] 4d Specs & dimensions,2019,,1995.0,4.0,147.0,320.0,1485.0,Rear wheel drive,Manual,Unknown,Diesel,,,225.3,140.0,8.1,128.0,https://www.parkers.co.uk/bmw/3-series/saloon-2019/318d-m-sport-4dr-[pro-pack]-4d/specs/
CAR_8E5453DD,Bmw,3 Series,318d m sport 4dr [techpro pack] 4d,BMW 3-Series Saloon318d M Sport 4dr [Tech/Pro Pack] 4d Specs & dimensions,2019,,1995.0,4.0,147.0,320.0,1485.0,Rear wheel drive,Manual,Unknown,Diesel,,,225.3,140.0,8.1,121.0,https://www.parkers.co.uk/bmw/3-series/saloon-2019/318d-m-sport-4dr-[techpro-pack]-4d/specs/
CAR_7C6354D4,Bmw,3 Series,318d m sport auto 4d,BMW 3-Series Saloon318d M Sport auto 4d Specs & dimensions,2019,,1995.0,4.0,147.0,320.0,1455.0,Rear wheel drive,Automatic,Unknown,Diesel,,,223.7,139.0,8.0,134.0,https://www.parkers.co.uk/bmw/3-series/saloon-2019/318d-m-sport-auto-4d/specs/
CAR_E9889F60,Bmw,3 Series,318d mht m sport 4dr step auto 4d,BMW 3-Series Saloon318d MHT M Sport 4dr Step Auto 4d Specs & dimensions,2019,,1995.0,4.0,147.0,320.0,1540.0,Rear wheel drive,Automatic,Unknown,Diesel,,,223.7,139.0,7.9,121.0,https://www.parkers.co.uk/bmw/3-series/saloon-2019/318d-mht-m-sport-4dr-step-auto-4d/specs/
CAR_EDFEC586,Bmw,3 Series,318d mht m sport 4dr step auto [pro pack] 4d,BMW 3-Series Saloon318d MHT M Sport 4dr Step Auto [Pro Pack] 4d Specs & dimensions,2019,,1995.0,4.0,147.0,320.0,1540.0,Rear wheel drive,Automatic,Unknown,Diesel,,,223.7,139.0,7.9,121.0,https://www.parkers.co.uk/bmw/3-series/saloon-2019/318d-mht-m-sport-4dr-step-auto-[pro-pack]-4d/specs/
CAR_9A078670,Bmw,3 Series,318d mht m sport 4dr step auto [tech pack] 4d,BMW 3-Series Saloon318d MHT M Sport 4dr Step Auto [Tech Pack] 4d Specs & dimensions,2019,,1995.0,4.0,147.0,320.0,1540.0,Rear wheel drive,Automatic,Unknown,Diesel,,,223.7,139.0,7.9,121.0,https://www.parkers.co.uk/bmw/3-series/saloon-2019/318d-mht-m-sport-4dr-step-auto-[tech-pack]-4d/specs/
CAR_3BE8F5BA,Bmw,3 Series,318d mht m sport 4dr step auto [techpro pack] 4d,BMW 3-Series Saloon318d MHT M Sport 4dr Step Auto [Tech/Pro Pack] 4d Specs & dimensions,2019,,1995.0,4.0,147.0,320.0,1540.0,Rear wheel drive,Automatic,Unknown,Diesel,,,223.7,139.0,7.9,121.0,https://www.parkers.co.uk/bmw/3-series/saloon-2019/318d-mht-m-sport-4dr-step-auto-[techpro-pack]-4d/specs/
CAR_186CDFA2,Bmw,3 Series,318d mht se 4dr step auto 4d,BMW 3-Series Saloon318d MHT SE 4dr Step Auto 4d Specs & dimensions,2019,,1995.0,4.0,147.0,320.0,1540.0,Rear wheel drive,Automatic,Unknown,Diesel,,,223.7,139.0,7.9,119.0,https://www.parkers.co.uk/bmw/3-series/saloon-2019/318d-mht-se-4dr-step-auto-4d/specs/
CAR_16880C1E,Bmw,3 Series,318d mht se pro 4dr step auto,BMW 3-Series Saloon318d MHT SE Pro 4dr Step Auto Specs & dimensions,2019,,1995.0,4.0,147.0,320.0,1540.0,Rear wheel drive,Automatic,Unknown,Diesel,,,223.7,139.0,7.9,119.0,https://www.parkers.co.uk/bmw/3-series/saloon-2019/318d-mht-se-pro-4dr-step-auto/specs/
CAR_B46280F3,Bmw,3 Series,318d mht sport 4dr step auto 4d,BMW 3-Series Saloon318d MHT Sport 4dr Step Auto 4d Specs & dimensions,2019,,1995.0,4.0,147.0,320.0,1540.0,Rear wheel drive,Automatic,Unknown,Diesel,,,223.7,139.0,7.9,121.0,https://www.parkers.co.uk/bmw/3-series/saloon-2019/318d-mht-sport-4dr-step-auto-4d/specs/
CAR_1574C3EA,Bmw,3 Series,318d se 4d,BMW 3-Series Saloon318d SE 4d Specs & dimensions,2019,,1995.0,4.0,147.0,320.0,1485.0,Rear wheel drive,Manual,Unknown,Diesel,,,225.3,140.0,8.1,127.0,https://www.parkers.co.uk/bmw/3-series/saloon-2019/318d-se-4d/specs/
CAR_7BB8626A,Bmw,3 Series,318d se pro 4dr,BMW 3-Series Saloon318d SE Pro 4dr Specs & dimensions,2019,,1995.0,4.0,147.0,320.0,1485.0,Rear wheel drive,Manual,Unknown,Diesel,,,225.3,140.0,8.1,126.0,https://www.parkers.co.uk/bmw/3-series/saloon-2019/318d-se-pro-4dr/specs/
CAR_4AFA17B5,Bmw,3 Series,318d se auto 4d,BMW 3-Series Saloon318d SE auto 4d Specs & dimensions,2019,,1995.0,4.0,147.0,320.0,1455.0,Rear wheel drive,Automatic,Unknown,Diesel,,,223.7,139.0,8.0,129.0,https://www.parkers.co.uk/bmw/3-series/saloon-2019/318d-se-auto-4d/specs/
CAR_5D2BA0E6,Bmw,3 Series,318d sport 4d,BMW 3-Series Saloon318d Sport 4d Specs & dimensions,2019,,1995.0,4.0,147.0,320.0,1485.0,Rear wheel drive,Manual,Unknown,Diesel,,,225.3,140.0,8.1,129.0,https://www.parkers.co.uk/bmw/3-series/saloon-2019/318d-sport-4d/specs/
CAR_4565031F,Bmw,3 Series,318d sport auto 4d,BMW 3-Series Saloon318d Sport auto 4d Specs & dimensions,2019,,1995.0,4.0,147.0,320.0,1455.0,Rear wheel drive,Automatic,Unknown,Diesel,,,223.7,139.0,8.0,134.0,https://www.parkers.co.uk/bmw/3-series/saloon-2019/318d-sport-auto-4d/specs/
CAR_84108BF9,Bmw,3 Series,318i m sport (technology package) auto 4d,BMW 3-Series Saloon318i M Sport (Technology Package) auto 4d Specs & dimensions,2019,,1998.0,4.0,153.0,250.0,1490.0,Rear wheel drive,Automatic,Naturally Aspirated,Petrol,,,223.7,139.0,8.1,146.0,https://www.parkers.co.uk/bmw/3-series/saloon-2019/318i-m-sport-(technology-package)-auto-4d/specs/
CAR_DC10C22B,Bmw,3 Series,318i m sport auto 4d,BMW 3-Series Saloon318i M Sport auto 4d Specs & dimensions,2019,,1998.0,4.0,153.0,250.0,1490.0,Rear wheel drive,Automatic,Naturally Aspirated,Petrol,,,223.7,139.0,8.1,146.0,https://www.parkers.co.uk/bmw/3-series/saloon-2019/318i-m-sport-auto-4d/specs/
CAR_861BBFF9,Bmw,3 Series,318i se pro 4dr step auto,BMW 3-Series Saloon318i SE Pro 4dr Step Auto Specs & dimensions,2019,,1998.0,4.0,153.0,250.0,1490.0,Rear wheel drive,Automatic,Naturally Aspirated,Petrol,,,223.7,139.0,8.1,144.0,https://www.parkers.co.uk/bmw/3-series/saloon-2019/318i-se-pro-4dr-step-auto/specs/
CAR_1A7F392B,Bmw,3 Series,318i se auto 4d,BMW 3-Series Saloon318i SE auto 4d Specs & dimensions,2019,,1998.0,4.0,153.0,250.0,1490.0,Rear wheel drive,Automatic,Naturally Aspirated,Petrol,,,223.7,139.0,8.1,145.0,https://www.parkers.co.uk/bmw/3-series/saloon-2019/318i-se-auto-4d/specs/
CAR_5402EE12,Bmw,3 Series,318i sport auto 4d,BMW 3-Series Saloon318i Sport auto 4d Specs & dimensions,2019,,1998.0,4.0,153.0,250.0,1490.0,Rear wheel drive,Automatic,Naturally Aspirated,Petrol,,,223.7,139.0,8.1,146.0,https://www.parkers.co.uk/bmw/3-series/saloon-2019/318i-sport-auto-4d/specs/
CAR_2D28CA70,Bmw,3 Series,320d m sport (plus package and technology package) 4d,BMW 3-Series Saloon320d M Sport (Plus Package and Technology Package) 4d Specs & dimensions,2019,,1995.0,4.0,187.0,400.0,1450.0,Rear wheel drive,Manual,Unknown,Diesel,,,239.8,149.0,6.9,118.0,https://www.parkers.co.uk/bmw/3-series/saloon-2019/320d-m-sport-(plus-package-and-technology-package)-4d/specs/
CAR_5CCC5C08,Bmw,3 Series,320d m sport (plus package and technology package) automatic 4d,BMW 3-Series Saloon320d M Sport (Plus Package and Technology Package) Automatic 4d Specs & dimensions,2019,,1995.0,4.0,187.0,400.0,1455.0,Rear wheel drive,Automatic,Unknown,Diesel,,,239.8,149.0,6.6,113.0,https://www.parkers.co.uk/bmw/3-series/saloon-2019/320d-m-sport-(plus-package-and-technology-package)-automatic-4d/specs/
CAR_7581596E,Bmw,3 Series,320d m sport (plus package) 4d,BMW 3-Series Saloon320d M Sport (Plus Package) 4d Specs & dimensions,2019,,1995.0,4.0,187.0,400.0,1450.0,Rear wheel drive,Manual,Unknown,Diesel,,,239.8,149.0,6.9,118.0,https://www.parkers.co.uk/bmw/3-series/saloon-2019/320d-m-sport-(plus-package)-4d/specs/
CAR_B31EA3FC,Bmw,3 Series,320d m sport (plus package) automatic 4d,BMW 3-Series Saloon320d M Sport (Plus Package) Automatic 4d Specs & dimensions,2019,,1995.0,4.0,187.0,400.0,1455.0,Rear wheel drive,Automatic,Unknown,Diesel,,,239.8,149.0,6.6,113.0,https://www.parkers.co.uk/bmw/3-series/saloon-2019/320d-m-sport-(plus-package)-automatic-4d/specs/
CAR_7F3F58FF,Bmw,3 Series,320d m sport (technology package) 4d,BMW 3-Series Saloon320d M Sport (Technology Package) 4d Specs & dimensions,2019,,1995.0,4.0,187.0,400.0,1450.0,Rear wheel drive,Manual,Unknown,Diesel,,,239.8,149.0,6.9,118.0,https://www.parkers.co.uk/bmw/3-series/saloon-2019/320d-m-sport-(technology-package)-4d/specs/
CAR_66234A6E,Bmw,3 Series,320d m sport (technology package) automatic 4d,BMW 3-Series Saloon320d M Sport (Technology Package) Automatic 4d Specs & dimensions,2019,,1995.0,4.0,187.0,400.0,1455.0,Rear wheel drive,Automatic,Unknown,Diesel,,,239.8,149.0,6.6,113.0,https://www.parkers.co.uk/bmw/3-series/saloon-2019/320d-m-sport-(technology-package)-automatic-4d/specs/
CAR_29986091,Bmw,3 Series,320d m sport 4d,BMW 3-Series Saloon320d M Sport 4d Specs & dimensions,2019,,1995.0,4.0,187.0,400.0,1450.0,Rear wheel drive,Manual,Unknown,Diesel,,,239.8,149.0,6.9,118.0,https://www.parkers.co.uk/bmw/3-series/saloon-2019/320d-m-sport-4d/specs/
CAR_FB5FFA12,Bmw,3 Series,320d m sport automatic 4d,BMW 3-Series Saloon320d M Sport Automatic 4d Specs & dimensions,2019,,1995.0,4.0,187.0,400.0,1540.0,Rear wheel drive,Automatic,Unknown,Diesel,,,239.8,149.0,6.6,122.0,https://www.parkers.co.uk/bmw/3-series/saloon-2019/320d-m-sport-automatic-4d/specs/
CAR_21A7DD5B,Bmw,3 Series,320d m sport plus edition 4d,BMW 3-Series Saloon320d M Sport Plus Edition 4d Specs & dimensions,2019,,1995.0,4.0,187.0,400.0,1450.0,Rear wheel drive,Manual,Unknown,Diesel,,,239.8,149.0,6.9,118.0,https://www.parkers.co.uk/bmw/3-series/saloon-2019/320d-m-sport-plus-edition-4d/specs/
CAR_42C424F0,Bmw,3 Series,320d m sport plus edition automatic 4d,BMW 3-Series Saloon320d M Sport Plus Edition Automatic 4d Specs & dimensions,2019,,1995.0,4.0,187.0,400.0,1540.0,Rear wheel drive,Automatic,Unknown,Diesel,,,239.8,149.0,6.6,129.0,https://www.parkers.co.uk/bmw/3-series/saloon-2019/320d-m-sport-plus-edition-automatic-4d/specs/
CAR_4405A918,Bmw,3 Series,320d m sport plus edition sport automatic 4d,BMW 3-Series Saloon320d M Sport Plus Edition Sport Automatic 4d Specs & dimensions,2019,,1995.0,4.0,187.0,400.0,1455.0,Rear wheel drive,Automatic,Unknown,Diesel,,,239.8,149.0,6.6,113.0,https://www.parkers.co.uk/bmw/3-series/saloon-2019/320d-m-sport-plus-edition-sport-automatic-4d/specs/
CAR_818BB909,Bmw,3 Series,320d m sport auto 4d,BMW 3-Series Saloon320d M Sport auto 4d Specs & dimensions,2019,,1995.0,4.0,187.0,400.0,1455.0,Rear wheel drive,Automatic,Unknown,Diesel,,,239.8,149.0,6.6,113.0,https://www.parkers.co.uk/bmw/3-series/saloon-2019/320d-m-sport-auto-4d/specs/
CAR_0AE21D38,Bmw,3 Series,320d mht m sport (plus package and technology package) automatic 4d,BMW 3-Series Saloon320d MHT M Sport (Plus Package and Technology Package) Automatic 4d Specs & dimensions,2019,,1995.0,4.0,187.0,400.0,1540.0,Rear wheel drive,Automatic,Unknown,Diesel,,,239.8,149.0,6.6,127.0,https://www.parkers.co.uk/bmw/3-series/saloon-2019/320d-mht-m-sport-(plus-package-and-technology-package)-automatic-4d/specs/
CAR_9551ED19,Bmw,3 Series,320d mht m sport (plus package) automatic 4d,BMW 3-Series Saloon320d MHT M Sport (Plus Package) Automatic 4d Specs & dimensions,2019,,1995.0,4.0,187.0,400.0,1540.0,Rear wheel drive,Automatic,Unknown,Diesel,,,239.8,149.0,6.6,127.0,https://www.parkers.co.uk/bmw/3-series/saloon-2019/320d-mht-m-sport-(plus-package)-automatic-4d/specs/
CAR_71B93739,Bmw,3 Series,320d mht m sport (technology package) automatic 4d,BMW 3-Series Saloon320d MHT M Sport (Technology Package) Automatic 4d Specs & dimensions,2019,,1995.0,4.0,187.0,400.0,1540.0,Rear wheel drive,Automatic,Unknown,Diesel,,,239.8,149.0,6.6,122.0,https://www.parkers.co.uk/bmw/3-series/saloon-2019/320d-mht-m-sport-(technology-package)-automatic-4d/specs/
CAR_9F2AF334,Bmw,3 Series,320d mht m sport 4dr step auto,BMW 3-Series Saloon320d MHT M Sport 4dr Step Auto Specs & dimensions,2019,,1995.0,4.0,187.0,400.0,1595.0,Rear wheel drive,Automatic,Unknown,Diesel,,,239.8,149.0,6.7,129.0,https://www.parkers.co.uk/bmw/3-series/saloon-2019/320d-mht-m-sport-4dr-step-auto/specs/
CAR_C93B4DF2,Bmw,3 Series,320d mht m sport 4dr step auto [pro pack],BMW 3-Series Saloon320d MHT M Sport 4dr Step Auto [Pro Pack] Specs & dimensions,2019,,1995.0,4.0,187.0,400.0,1595.0,Rear wheel drive,Automatic,Unknown,Diesel,,,239.8,149.0,6.7,131.0,https://www.parkers.co.uk/bmw/3-series/saloon-2019/320d-mht-m-sport-4dr-step-auto-[pro-pack]/specs/
CAR_2EE0AFB9,Bmw,3 Series,320d mht m sport 4dr step auto [pro pack] 4d,BMW 3-Series Saloon320d MHT M Sport 4dr Step Auto [Pro Pack] 4d Specs & dimensions,2019,,1995.0,4.0,187.0,400.0,1540.0,Rear wheel drive,Automatic,Unknown,Diesel,,,239.8,149.0,6.6,122.0,https://www.parkers.co.uk/bmw/3-series/saloon-2019/320d-mht-m-sport-4dr-step-auto-[pro-pack]-4d/specs/
CAR_66B25D7E,Bmw,3 Series,320d mht m sport 4dr step auto [tech pack],BMW 3-Series Saloon320d MHT M Sport 4dr Step Auto [Tech Pack] Specs & dimensions,2019,,1995.0,4.0,187.0,400.0,1595.0,Rear wheel drive,Automatic,Unknown,Diesel,,,239.8,149.0,6.7,131.0,https://www.parkers.co.uk/bmw/3-series/saloon-2019/320d-mht-m-sport-4dr-step-auto-[tech-pack]/specs/
CAR_9E1BB309,Bmw,3 Series,320d mht m sport 4dr step auto [techpro pack],BMW 3-Series Saloon320d MHT M Sport 4dr Step Auto [Tech/Pro Pack] Specs & dimensions,2019,,1995.0,4.0,187.0,400.0,1595.0,Rear wheel drive,Automatic,Unknown,Diesel,,,239.8,149.0,6.7,131.0,https://www.parkers.co.uk/bmw/3-series/saloon-2019/320d-mht-m-sport-4dr-step-auto-[techpro-pack]/specs/
CAR_BB89F17B,Bmw,3 Series,320d mht m sport 4dr step auto [techpro pack] 4d,BMW 3-Series Saloon320d MHT M Sport 4dr Step Auto [Tech/Pro Pack] 4d Specs & dimensions,2019,,1995.0,4.0,187.0,400.0,1540.0,Rear wheel drive,Automatic,Unknown,Diesel,,,239.8,149.0,6.6,122.0,https://www.parkers.co.uk/bmw/3-series/saloon-2019/320d-mht-m-sport-4dr-step-auto-[techpro-pack]-4d/specs/
CAR_AE4E0E35,Bmw,3 Series,320d mht m sport pro ed 4dr step auto [tech pack] 4d,BMW 3-Series Saloon320d MHT M Sport Pro Ed 4dr Step Auto [Tech Pack] 4d Specs & dimensions,2019,,1995.0,4.0,187.0,400.0,1540.0,Rear wheel drive,Automatic,Unknown,Diesel,,,239.8,149.0,6.6,128.0,https://www.parkers.co.uk/bmw/3-series/saloon-2019/320d-mht-m-sport-pro-ed-4dr-step-auto-[tech-pack]-4d/specs/
CAR_CB76218A,Bmw,3 Series,320d mht m sport pro edition 4dr step auto 4d,BMW 3-Series Saloon320d MHT M Sport Pro Edition 4dr Step Auto 4d Specs & dimensions,2019,,1995.0,4.0,187.0,400.0,1540.0,Rear wheel drive,Automatic,Unknown,Diesel,,,239.8,149.0,6.6,128.0,https://www.parkers.co.uk/bmw/3-series/saloon-2019/320d-mht-m-sport-pro-edition-4dr-step-auto-4d/specs/
CAR_97779E62,Bmw,3 Series,320d mht se pro 4dr step auto,BMW 3-Series Saloon320d MHT SE Pro 4dr Step Auto Specs & dimensions,2019,,1995.0,4.0,187.0,400.0,1540.0,Rear wheel drive,Automatic,Unknown,Diesel,,,239.8,149.0,6.6,119.0,https://www.parkers.co.uk/bmw/3-series/saloon-2019/320d-mht-se-pro-4dr-step-auto/specs/
CAR_15ED3642,Bmw,3 Series,320d mht sport 4dr step auto,BMW 3-Series Saloon320d MHT Sport 4dr Step Auto Specs & dimensions,2019,,1995.0,4.0,187.0,400.0,1595.0,Rear wheel drive,Automatic,Unknown,Diesel,,,239.8,149.0,6.7,127.0,https://www.parkers.co.uk/bmw/3-series/saloon-2019/320d-mht-sport-4dr-step-auto/specs/
CAR_3D164D70,Bmw,3 Series,320d mht xdrive m sport (plus package and technology package) automatic 4d,BMW 3-Series Saloon320d MHT xDrive M Sport (Plus Package and Technology Package) Automatic 4d Specs & dimensions,2019,,1995.0,4.0,187.0,400.0,1620.0,4 wheel drive,Automatic,Unknown,Diesel,,,231.7,144.0,6.7,134.0,https://www.parkers.co.uk/bmw/3-series/saloon-2019/320d-mht-xdrive-m-sport-(plus-package-and-technology-package)-automatic-4d/specs/
CAR_85D663F6,Bmw,3 Series,320d mht xdrive m sport (plus package) automatic 4d,BMW 3-Series Saloon320d MHT xDrive M Sport (Plus Package) Automatic 4d Specs & dimensions,2019,,1995.0,4.0,187.0,400.0,1620.0,4 wheel drive,Automatic,Unknown,Diesel,,,231.7,144.0,6.7,134.0,https://www.parkers.co.uk/bmw/3-series/saloon-2019/320d-mht-xdrive-m-sport-(plus-package)-automatic-4d/specs/
CAR_6074417F,Bmw,3 Series,320d mht xdrive m sport (technology package) automatic 4d,BMW 3-Series Saloon320d MHT xDrive M Sport (Technology Package) Automatic 4d Specs & dimensions,2019,,1995.0,4.0,187.0,400.0,1620.0,4 wheel drive,Automatic,Unknown,Diesel,,,231.7,144.0,6.6,132.0,https://www.parkers.co.uk/bmw/3-series/saloon-2019/320d-mht-xdrive-m-sport-(technology-package)-automatic-4d/specs/
CAR_04384805,Bmw,3 Series,320d mht xdrive m sport 4dr step auto [pro pack] 4d,BMW 3-Series Saloon320d MHT xDrive M Sport 4dr Step Auto [Pro Pack] 4d Specs & dimensions,2019,,1995.0,4.0,187.0,400.0,1620.0,4 wheel drive,Automatic,Unknown,Diesel,,,231.7,144.0,6.6,132.0,https://www.parkers.co.uk/bmw/3-series/saloon-2019/320d-mht-xdrive-m-sport-4dr-step-auto-[pro-pack]-4d/specs/
CAR_16C7C8C9,Bmw,3 Series,320d mht xdrive m sport 4dr step auto [tecpro pk] 4d,BMW 3-Series Saloon320d MHT xDrive M Sport 4dr Step Auto [Tec/Pro Pk] 4d Specs & dimensions,2019,,1995.0,4.0,187.0,400.0,1620.0,4 wheel drive,Automatic,Unknown,Diesel,,,231.7,144.0,6.6,132.0,https://www.parkers.co.uk/bmw/3-series/saloon-2019/320d-mht-xdrive-m-sport-4dr-step-auto-[tecpro-pk]-4d/specs/
CAR_A5E6C107,Bmw,3 Series,320d mht xdrive m sport automatic 4d,BMW 3-Series Saloon320d MHT xDrive M Sport Automatic 4d Specs & dimensions,2019,,1995.0,4.0,187.0,400.0,1620.0,4 wheel drive,Automatic,Unknown,Diesel,,,231.7,144.0,6.6,132.0,https://www.parkers.co.uk/bmw/3-series/saloon-2019/320d-mht-xdrive-m-sport-automatic-4d/specs/
CAR_C8A8066E,Bmw,3 Series,320d mht xdrive m sport plus edition automatic 4d,BMW 3-Series Saloon320d MHT xDrive M Sport Plus Edition Automatic 4d Specs & dimensions,2019,,1995.0,4.0,187.0,400.0,1620.0,4 wheel drive,Automatic,Unknown,Diesel,,,231.7,144.0,6.7,136.0,https://www.parkers.co.uk/bmw/3-series/saloon-2019/320d-mht-xdrive-m-sport-plus-edition-automatic-4d/specs/
CAR_D5E81129,Bmw,3 Series,320d mht xdrive m sport pro ed 4dr step auto[tech] 4d,BMW 3-Series Saloon320d MHT xDrive M Sport Pro Ed 4dr Step Auto[Tech] 4d Specs & dimensions,2019,,1995.0,4.0,187.0,400.0,1620.0,4 wheel drive,Automatic,Unknown,Diesel,,,231.7,144.0,6.6,138.0,https://www.parkers.co.uk/bmw/3-series/saloon-2019/320d-mht-xdrive-m-sport-pro-ed-4dr-step-auto[tech]-4d/specs/
CAR_DA8565B6,Bmw,3 Series,320d mht xdrive m sport pro edition 4dr step auto 4d,BMW 3-Series Saloon320d MHT xDrive M Sport Pro Edition 4dr Step Auto 4d Specs & dimensions,2019,,1995.0,4.0,187.0,400.0,1620.0,4 wheel drive,Automatic,Unknown,Diesel,,,231.7,144.0,6.6,138.0,https://www.parkers.co.uk/bmw/3-series/saloon-2019/320d-mht-xdrive-m-sport-pro-edition-4dr-step-auto-4d/specs/
CAR_32A97D00,Bmw,3 Series,320d mht xdrive se sport automatic 4d,BMW 3-Series Saloon320d MHT xDrive SE Sport Automatic 4d Specs & dimensions,2019,,1995.0,4.0,187.0,400.0,1620.0,4 wheel drive,Automatic,Unknown,Diesel,,,231.7,144.0,6.6,129.0,https://www.parkers.co.uk/bmw/3-series/saloon-2019/320d-mht-xdrive-se-sport-automatic-4d/specs/
CAR_F30FEDA3,Bmw,3 Series,320d mht xdrive sport automatic 4d,BMW 3-Series Saloon320d MHT xDrive Sport Automatic 4d Specs & dimensions,2019,,1995.0,4.0,187.0,400.0,1620.0,4 wheel drive,Automatic,Unknown,Diesel,,,231.7,144.0,6.6,131.0,https://www.parkers.co.uk/bmw/3-series/saloon-2019/320d-mht-xdrive-sport-automatic-4d/specs/
CAR_EC98BA87,Bmw,3 Series,320d se 4d,BMW 3-Series Saloon320d SE 4d Specs & dimensions,2019,,1995.0,4.0,187.0,400.0,1450.0,Rear wheel drive,Manual,Unknown,Diesel,,,239.8,149.0,6.9,116.0,https://www.parkers.co.uk/bmw/3-series/saloon-2019/320d-se-4d/specs/
CAR_972B498C,Bmw,3 Series,320d se sport automatic 4d,BMW 3-Series Saloon320d SE Sport Automatic 4d Specs & dimensions,2019,,1995.0,4.0,187.0,400.0,1540.0,Rear wheel drive,Automatic,Unknown,Diesel,,,239.8,149.0,6.6,122.0,https://www.parkers.co.uk/bmw/3-series/saloon-2019/320d-se-sport-automatic-4d/specs/
CAR_55E12DD4,Bmw,3 Series,320d se auto 4d,BMW 3-Series Saloon320d SE auto 4d Specs & dimensions,2019,,1995.0,4.0,187.0,400.0,1455.0,Rear wheel drive,Automatic,Unknown,Diesel,,,239.8,149.0,6.6,110.0,https://www.parkers.co.uk/bmw/3-series/saloon-2019/320d-se-auto-4d/specs/
CAR_27D54751,Bmw,3 Series,320d sport 4d,BMW 3-Series Saloon320d Sport 4d Specs & dimensions,2019,,1995.0,4.0,187.0,400.0,1450.0,Rear wheel drive,Manual,Unknown,Diesel,,,239.8,149.0,6.9,118.0,https://www.parkers.co.uk/bmw/3-series/saloon-2019/320d-sport-4d/specs/
CAR_22DE4FDC,Bmw,3 Series,320d sport automatic 4d,BMW 3-Series Saloon320d Sport Automatic 4d Specs & dimensions,2019,,1995.0,4.0,187.0,400.0,1540.0,Rear wheel drive,Automatic,Unknown,Diesel,,,239.8,149.0,6.6,124.0,https://www.parkers.co.uk/bmw/3-series/saloon-2019/320d-sport-automatic-4d/specs/
CAR_20E71103,Bmw,3 Series,320d sport auto 4d,BMW 3-Series Saloon320d Sport auto 4d Specs & dimensions,2019,,1995.0,4.0,187.0,400.0,1455.0,Rear wheel drive,Automatic,Unknown,Diesel,,,239.8,149.0,6.6,113.0,https://www.parkers.co.uk/bmw/3-series/saloon-2019/320d-sport-auto-4d/specs/
CAR_C1979737,Bmw,3 Series,320d xdrive m sport (plus package and technology package) automatic 4d,BMW 3-Series Saloon320d xDrive M Sport (Plus Package and Technology Package) Automatic 4d Specs & dimensions,2019,,1995.0,4.0,187.0,400.0,1660.0,4 wheel drive,Automatic,Unknown,Diesel,,,225.3,140.0,7.2,121.0,https://www.parkers.co.uk/bmw/3-series/saloon-2019/320d-xdrive-m-sport-(plus-package-and-technology-package)-automatic-4d/specs/
CAR_855A6119,Bmw,3 Series,320d xdrive m sport (plus package) automatic 4d,BMW 3-Series Saloon320d xDrive M Sport (Plus Package) Automatic 4d Specs & dimensions,2019,,1995.0,4.0,187.0,400.0,1660.0,4 wheel drive,Automatic,Unknown,Diesel,,,225.3,140.0,7.2,121.0,https://www.parkers.co.uk/bmw/3-series/saloon-2019/320d-xdrive-m-sport-(plus-package)-automatic-4d/specs/
CAR_AC34C06B,Bmw,3 Series,320d xdrive m sport (technology package) automatic 4d,BMW 3-Series Saloon320d xDrive M Sport (Technology Package) Automatic 4d Specs & dimensions,2019,,1995.0,4.0,187.0,400.0,1660.0,4 wheel drive,Automatic,Unknown,Diesel,,,225.3,140.0,7.2,121.0,https://www.parkers.co.uk/bmw/3-series/saloon-2019/320d-xdrive-m-sport-(technology-package)-automatic-4d/specs/
CAR_BE8076D0,Bmw,3 Series,320d xdrive m sport automatic 4d,BMW 3-Series Saloon320d xDrive M Sport Automatic 4d Specs & dimensions,2019,,1995.0,4.0,187.0,400.0,1660.0,4 wheel drive,Automatic,Unknown,Diesel,,,225.3,140.0,7.2,121.0,https://www.parkers.co.uk/bmw/3-series/saloon-2019/320d-xdrive-m-sport-automatic-4d/specs/
CAR_5BF06578,Bmw,3 Series,320d xdrive m sport plus edition automatic 4d,BMW 3-Series Saloon320d xDrive M Sport Plus Edition Automatic 4d Specs & dimensions,2019,,1995.0,4.0,187.0,400.0,1540.0,4 wheel drive,Automatic,Unknown,Diesel,,,231.7,144.0,6.7,121.0,https://www.parkers.co.uk/bmw/3-series/saloon-2019/320d-xdrive-m-sport-plus-edition-automatic-4d/specs/
CAR_963E5A8C,Bmw,3 Series,320d xdrive mht m sport 4dr step auto,BMW 3-Series Saloon320d xDrive MHT M Sport 4dr Step Auto Specs & dimensions,2019,,1995.0,4.0,187.0,400.0,1660.0,4 wheel drive,Automatic,Unknown,Diesel,,,231.7,144.0,6.6,136.0,https://www.parkers.co.uk/bmw/3-series/saloon-2019/320d-xdrive-mht-m-sport-4dr-step-auto/specs/
CAR_F6662FF5,Bmw,3 Series,320d xdrive mht m sport 4dr step auto [pro pack],BMW 3-Series Saloon320d xDrive MHT M Sport 4dr Step Auto [Pro Pack] Specs & dimensions,2019,,1995.0,4.0,187.0,400.0,1660.0,4 wheel drive,Automatic,Unknown,Diesel,,,231.7,144.0,6.6,136.0,https://www.parkers.co.uk/bmw/3-series/saloon-2019/320d-xdrive-mht-m-sport-4dr-step-auto-[pro-pack]/specs/
CAR_A2D5A886,Bmw,3 Series,320d xdrive mht m sport 4dr step auto [tech pack],BMW 3-Series Saloon320d xDrive MHT M Sport 4dr Step Auto [Tech Pack] Specs & dimensions,2019,,1995.0,4.0,187.0,400.0,1660.0,4 wheel drive,Automatic,Unknown,Diesel,,,231.7,144.0,6.6,136.0,https://www.parkers.co.uk/bmw/3-series/saloon-2019/320d-xdrive-mht-m-sport-4dr-step-auto-[tech-pack]/specs/
CAR_49FE9DF4,Bmw,3 Series,320d xdrive mht m sport 4dr step auto [techpro],BMW 3-Series Saloon320d xDrive MHT M Sport 4dr Step Auto [Tech/Pro] Specs & dimensions,2019,,1995.0,4.0,187.0,400.0,1660.0,4 wheel drive,Automatic,Unknown,Diesel,,,231.7,144.0,6.6,136.0,https://www.parkers.co.uk/bmw/3-series/saloon-2019/320d-xdrive-mht-m-sport-4dr-step-auto-[techpro]/specs/
CAR_31E53F75,Bmw,3 Series,320d xdrive mht se pro 4dr step auto,BMW 3-Series Saloon320d xDrive MHT SE Pro 4dr Step Auto Specs & dimensions,2019,,1995.0,4.0,187.0,400.0,1620.0,4 wheel drive,Automatic,Unknown,Diesel,,,231.7,144.0,6.6,130.0,https://www.parkers.co.uk/bmw/3-series/saloon-2019/320d-xdrive-mht-se-pro-4dr-step-auto/specs/
CAR_E0CDC842,Bmw,3 Series,320d xdrive mht sport 4dr step auto,BMW 3-Series Saloon320d xDrive MHT Sport 4dr Step Auto Specs & dimensions,2019,,1995.0,4.0,187.0,400.0,1660.0,4 wheel drive,Automatic,Unknown,Diesel,,,231.7,144.0,6.6,135.0,https://www.parkers.co.uk/bmw/3-series/saloon-2019/320d-xdrive-mht-sport-4dr-step-auto/specs/
CAR_1C1AA67D,Bmw,3 Series,320d xdrive se sport automatic 4d,BMW 3-Series Saloon320d xDrive SE Sport Automatic 4d Specs & dimensions,2019,,1995.0,4.0,187.0,400.0,1660.0,4 wheel drive,Automatic,Unknown,Diesel,,,225.3,140.0,7.2,119.0,https://www.parkers.co.uk/bmw/3-series/saloon-2019/320d-xdrive-se-sport-automatic-4d/specs/
CAR_6D3244B0,Bmw,3 Series,320d xdrive sport automatic 4d,BMW 3-Series Saloon320d xDrive Sport Automatic 4d Specs & dimensions,2019,,1995.0,4.0,187.0,400.0,1660.0,4 wheel drive,Automatic,Unknown,Diesel,,,225.3,140.0,7.2,121.0,https://www.parkers.co.uk/bmw/3-series/saloon-2019/320d-xdrive-sport-automatic-4d/specs/
CAR_AAA44B4C,Bmw,3 Series,320i m sport (plus package and technology package) automatic 4d,BMW 3-Series Saloon320i M Sport (Plus Package and Technology Package) Automatic 4d Specs & dimensions,2019,,1998.0,4.0,181.0,300.0,1495.0,Rear wheel drive,Automatic,Naturally Aspirated,Petrol,,,235.0,146.0,6.9,149.0,https://www.parkers.co.uk/bmw/3-series/saloon-2019/320i-m-sport-(plus-package-and-technology-package)-automatic-4d/specs/
CAR_42C144EA,Bmw,3 Series,320i m sport (plus package) automatic 4d,BMW 3-Series Saloon320i M Sport (Plus Package) Automatic 4d Specs & dimensions,2019,,1998.0,4.0,181.0,300.0,1495.0,Rear wheel drive,Automatic,Naturally Aspirated,Petrol,,,235.0,146.0,6.9,149.0,https://www.parkers.co.uk/bmw/3-series/saloon-2019/320i-m-sport-(plus-package)-automatic-4d/specs/
CAR_5EF1772F,Bmw,3 Series,320i m sport (technology package) automatic 4d,BMW 3-Series Saloon320i M Sport (Technology Package) Automatic 4d Specs & dimensions,2019,,1998.0,4.0,181.0,300.0,1495.0,Rear wheel drive,Automatic,Naturally Aspirated,Petrol,,,235.0,146.0,6.9,146.0,https://www.parkers.co.uk/bmw/3-series/saloon-2019/320i-m-sport-(technology-package)-automatic-4d/specs/
CAR_C12A6EF7,Bmw,3 Series,320i m sport 4dr step auto,BMW 3-Series Saloon320i M Sport 4dr Step Auto Specs & dimensions,2019,,1998.0,4.0,181.0,300.0,1515.0,Rear wheel drive,Automatic,Naturally Aspirated,Petrol,,,235.0,146.0,7.2,148.0,https://www.parkers.co.uk/bmw/3-series/saloon-2019/320i-m-sport-4dr-step-auto/specs/
CAR_7F2E592A,Bmw,3 Series,320i m sport 4dr step auto [pro pack],BMW 3-Series Saloon320i M Sport 4dr Step Auto [Pro Pack] Specs & dimensions,2019,,1998.0,4.0,181.0,300.0,1515.0,Rear wheel drive,Automatic,Naturally Aspirated,Petrol,,,235.0,146.0,7.2,148.0,https://www.parkers.co.uk/bmw/3-series/saloon-2019/320i-m-sport-4dr-step-auto-[pro-pack]/specs/
CAR_FF4233C8,Bmw,3 Series,320i m sport 4dr step auto [pro pack] 4d,BMW 3-Series Saloon320i M Sport 4dr Step Auto [Pro Pack] 4d Specs & dimensions,2019,,1998.0,4.0,181.0,300.0,1495.0,Rear wheel drive,Automatic,Naturally Aspirated,Petrol,,,235.0,146.0,6.9,146.0,https://www.parkers.co.uk/bmw/3-series/saloon-2019/320i-m-sport-4dr-step-auto-[pro-pack]-4d/specs/
CAR_A8212A28,Bmw,3 Series,320i m sport 4dr step auto [tech pack],BMW 3-Series Saloon320i M Sport 4dr Step Auto [Tech Pack] Specs & dimensions,2019,,1998.0,4.0,181.0,300.0,1515.0,Rear wheel drive,Automatic,Naturally Aspirated,Petrol,,,235.0,146.0,7.2,148.0,https://www.parkers.co.uk/bmw/3-series/saloon-2019/320i-m-sport-4dr-step-auto-[tech-pack]/specs/
CAR_7A28038C,Bmw,3 Series,320i m sport 4dr step auto [techpro pack],BMW 3-Series Saloon320i M Sport 4dr Step Auto [Tech/Pro Pack] Specs & dimensions,2019,,1998.0,4.0,181.0,300.0,1515.0,Rear wheel drive,Automatic,Naturally Aspirated,Petrol,,,235.0,146.0,7.2,148.0,https://www.parkers.co.uk/bmw/3-series/saloon-2019/320i-m-sport-4dr-step-auto-[techpro-pack]/specs/
CAR_5F502559,Bmw,3 Series,320i m sport 4dr step auto [techpro pack] 4d,BMW 3-Series Saloon320i M Sport 4dr Step Auto [Tech/Pro Pack] 4d Specs & dimensions,2019,,1998.0,4.0,181.0,300.0,1495.0,Rear wheel drive,Automatic,Naturally Aspirated,Petrol,,,235.0,146.0,6.9,146.0,https://www.parkers.co.uk/bmw/3-series/saloon-2019/320i-m-sport-4dr-step-auto-[techpro-pack]-4d/specs/
CAR_108036CF,Bmw,3 Series,320i m sport plus edition automatic 4d,BMW 3-Series Saloon320i M Sport Plus Edition Automatic 4d Specs & dimensions,2019,,1998.0,4.0,181.0,300.0,1495.0,Rear wheel drive,Automatic,Naturally Aspirated,Petrol,,,235.0,146.0,6.9,152.0,https://www.parkers.co.uk/bmw/3-series/saloon-2019/320i-m-sport-plus-edition-automatic-4d/specs/
CAR_CA5A6A50,Bmw,3 Series,320i m sport pro 4dr step auto,BMW 3-Series Saloon320i M Sport Pro 4dr Step Auto Specs & dimensions,2019,,1998.0,4.0,181.0,300.0,1515.0,Rear wheel drive,Automatic,Naturally Aspirated,Petrol,,,235.0,146.0,7.2,149.0,https://www.parkers.co.uk/bmw/3-series/saloon-2019/320i-m-sport-pro-4dr-step-auto/specs/
CAR_672B27AD,Bmw,3 Series,320i m sport pro 4dr step auto [tech pack],BMW 3-Series Saloon320i M Sport Pro 4dr Step Auto [Tech Pack] Specs & dimensions,2019,,1998.0,4.0,181.0,300.0,1515.0,Rear wheel drive,Automatic,Naturally Aspirated,Petrol,,,235.0,146.0,7.2,149.0,https://www.parkers.co.uk/bmw/3-series/saloon-2019/320i-m-sport-pro-4dr-step-auto-[tech-pack]/specs/
CAR_1066831C,Bmw,3 Series,320i m sport auto 4d,BMW 3-Series Saloon320i M Sport auto 4d Specs & dimensions,2019,,1998.0,4.0,181.0,300.0,1495.0,Rear wheel drive,Automatic,Naturally Aspirated,Petrol,,,235.0,146.0,6.9,146.0,https://www.parkers.co.uk/bmw/3-series/saloon-2019/320i-m-sport-auto-4d/specs/
CAR_241B6E08,Bmw,3 Series,320i se pro 4dr step auto,BMW 3-Series Saloon320i SE Pro 4dr Step Auto Specs & dimensions,2019,,1998.0,4.0,181.0,300.0,1495.0,Rear wheel drive,Automatic,Naturally Aspirated,Petrol,,,235.0,146.0,6.9,145.0,https://www.parkers.co.uk/bmw/3-series/saloon-2019/320i-se-pro-4dr-step-auto/specs/
CAR_4AE12AA1,Bmw,3 Series,320i se auto 4d,BMW 3-Series Saloon320i SE auto 4d Specs & dimensions,2019,,1998.0,4.0,181.0,300.0,1495.0,Rear wheel drive,Automatic,Naturally Aspirated,Petrol,,,235.0,146.0,6.9,145.0,https://www.parkers.co.uk/bmw/3-series/saloon-2019/320i-se-auto-4d/specs/
CAR_0EB09FDF,Bmw,3 Series,320i sport 4dr step auto,BMW 3-Series Saloon320i Sport 4dr Step Auto Specs & dimensions,2019,,1998.0,4.0,181.0,300.0,1515.0,Rear wheel drive,Automatic,Naturally Aspirated,Petrol,,,235.0,146.0,7.2,147.0,https://www.parkers.co.uk/bmw/3-series/saloon-2019/320i-sport-4dr-step-auto/specs/
CAR_7A01DD41,Bmw,3 Series,320i sport auto 4d,BMW 3-Series Saloon320i Sport auto 4d Specs & dimensions,2019,,1998.0,4.0,181.0,300.0,1495.0,Rear wheel drive,Automatic,Naturally Aspirated,Petrol,,,235.0,146.0,6.9,146.0,https://www.parkers.co.uk/bmw/3-series/saloon-2019/320i-sport-auto-4d/specs/
CAR_13F2A247,Bmw,3 Series,320i xdrive m sport (plus package and technology package) automatic 4d,BMW 3-Series Saloon320i xDrive M Sport (Plus Package and Technology Package) Automatic 4d Specs & dimensions,2019,,1998.0,4.0,181.0,300.0,1560.0,4 wheel drive,Automatic,Naturally Aspirated,Petrol,,,228.5,142.0,7.4,158.0,https://www.parkers.co.uk/bmw/3-series/saloon-2019/320i-xdrive-m-sport-(plus-package-and-technology-package)-automatic-4d/specs/
CAR_57FF1FF4,Bmw,3 Series,320i xdrive m sport (plus package) automatic 4d,BMW 3-Series Saloon320i xDrive M Sport (Plus Package) Automatic 4d Specs & dimensions,2019,,1998.0,4.0,181.0,300.0,1560.0,4 wheel drive,Automatic,Naturally Aspirated,Petrol,,,228.5,142.0,7.4,158.0,https://www.parkers.co.uk/bmw/3-series/saloon-2019/320i-xdrive-m-sport-(plus-package)-automatic-4d/specs/
CAR_45E4D746,Bmw,3 Series,320i xdrive m sport (technology package) automatic 4d,BMW 3-Series Saloon320i xDrive M Sport (Technology Package) Automatic 4d Specs & dimensions,2019,,1998.0,4.0,181.0,300.0,1560.0,4 wheel drive,Automatic,Naturally Aspirated,Petrol,,,230.1,143.0,7.4,154.0,https://www.parkers.co.uk/bmw/3-series/saloon-2019/320i-xdrive-m-sport-(technology-package)-automatic-4d/specs/
CAR_74A66E8A,Bmw,3 Series,320i xdrive m sport 4dr step auto,BMW 3-Series Saloon320i xDrive M Sport 4dr Step Auto Specs & dimensions,2019,,1998.0,4.0,181.0,300.0,1580.0,4 wheel drive,Automatic,Naturally Aspirated,Petrol,,,230.1,143.0,7.4,154.0,https://www.parkers.co.uk/bmw/3-series/saloon-2019/320i-xdrive-m-sport-4dr-step-auto/specs/
CAR_B6EDB7D5,Bmw,3 Series,320i xdrive m sport 4dr step auto [pro pack],BMW 3-Series Saloon320i xDrive M Sport 4dr Step Auto [Pro Pack] Specs & dimensions,2019,,1998.0,4.0,181.0,300.0,1580.0,4 wheel drive,Automatic,Naturally Aspirated,Petrol,,,230.1,143.0,7.4,154.0,https://www.parkers.co.uk/bmw/3-series/saloon-2019/320i-xdrive-m-sport-4dr-step-auto-[pro-pack]/specs/
CAR_63F630EB,Bmw,3 Series,320i xdrive m sport 4dr step auto [pro pack] 4d,BMW 3-Series Saloon320i xDrive M Sport 4dr Step Auto [Pro Pack] 4d Specs & dimensions,2019,,1998.0,4.0,181.0,300.0,1560.0,4 wheel drive,Automatic,Naturally Aspirated,Petrol,,,230.1,143.0,7.4,154.0,https://www.parkers.co.uk/bmw/3-series/saloon-2019/320i-xdrive-m-sport-4dr-step-auto-[pro-pack]-4d/specs/
CAR_58CD32F5,Bmw,3 Series,320i xdrive m sport 4dr step auto [tech pack],BMW 3-Series Saloon320i xDrive M Sport 4dr Step Auto [Tech Pack] Specs & dimensions,2019,,1998.0,4.0,181.0,300.0,1580.0,4 wheel drive,Automatic,Naturally Aspirated,Petrol,,,230.1,143.0,7.4,154.0,https://www.parkers.co.uk/bmw/3-series/saloon-2019/320i-xdrive-m-sport-4dr-step-auto-[tech-pack]/specs/
CAR_4FC32902,Bmw,3 Series,320i xdrive m sport 4dr step auto [techpro pack],BMW 3-Series Saloon320i xDrive M Sport 4dr Step Auto [Tech/Pro Pack] Specs & dimensions,2019,,1998.0,4.0,181.0,300.0,1580.0,4 wheel drive,Automatic,Naturally Aspirated,Petrol,,,230.1,143.0,7.4,154.0,https://www.parkers.co.uk/bmw/3-series/saloon-2019/320i-xdrive-m-sport-4dr-step-auto-[techpro-pack]/specs/
CAR_CEE88750,Bmw,3 Series,320i xdrive m sport 4dr step auto [techpro pack] 4d,BMW 3-Series Saloon320i xDrive M Sport 4dr Step Auto [Tech/Pro Pack] 4d Specs & dimensions,2019,,1998.0,4.0,181.0,300.0,1560.0,4 wheel drive,Automatic,Naturally Aspirated,Petrol,,,230.1,143.0,7.4,154.0,https://www.parkers.co.uk/bmw/3-series/saloon-2019/320i-xdrive-m-sport-4dr-step-auto-[techpro-pack]-4d/specs/
CAR_DE64477C,Bmw,3 Series,320i xdrive m sport automatic 4d,BMW 3-Series Saloon320i xDrive M Sport Automatic 4d Specs & dimensions,2019,,1998.0,4.0,181.0,300.0,1560.0,4 wheel drive,Automatic,Naturally Aspirated,Petrol,,,230.1,143.0,7.4,154.0,https://www.parkers.co.uk/bmw/3-series/saloon-2019/320i-xdrive-m-sport-automatic-4d/specs/
CAR_BC190E2E,Bmw,3 Series,320i xdrive m sport plus edition automatic 4d,BMW 3-Series Saloon320i xDrive M Sport Plus Edition Automatic 4d Specs & dimensions,2019,,1998.0,4.0,181.0,300.0,1560.0,4 wheel drive,Automatic,Naturally Aspirated,Petrol,,,228.5,142.0,7.4,161.0,https://www.parkers.co.uk/bmw/3-series/saloon-2019/320i-xdrive-m-sport-plus-edition-automatic-4d/specs/
CAR_AF08D084,Bmw,3 Series,320i xdrive se pro 4dr step auto,BMW 3-Series Saloon320i xDrive SE Pro 4dr Step Auto Specs & dimensions,2019,,1998.0,4.0,181.0,300.0,1560.0,4 wheel drive,Automatic,Naturally Aspirated,Petrol,,,230.1,143.0,7.4,153.0,https://www.parkers.co.uk/bmw/3-series/saloon-2019/320i-xdrive-se-pro-4dr-step-auto/specs/
CAR_065F5E0D,Bmw,3 Series,320i xdrive se sport automatic 4d,BMW 3-Series Saloon320i xDrive SE Sport Automatic 4d Specs & dimensions,2019,,1998.0,4.0,181.0,300.0,1560.0,4 wheel drive,Automatic,Naturally Aspirated,Petrol,,,230.1,143.0,7.4,153.0,https://www.parkers.co.uk/bmw/3-series/saloon-2019/320i-xdrive-se-sport-automatic-4d/specs/
CAR_5CFAB992,Bmw,3 Series,320i xdrive sport 4dr step auto,BMW 3-Series Saloon320i xDrive Sport 4dr Step Auto Specs & dimensions,2019,,1998.0,4.0,181.0,300.0,1580.0,4 wheel drive,Automatic,Naturally Aspirated,Petrol,,,230.1,143.0,7.4,153.0,https://www.parkers.co.uk/bmw/3-series/saloon-2019/320i-xdrive-sport-4dr-step-auto/specs/
CAR_F86462C1,Bmw,3 Series,320i xdrive sport automatic 4d,BMW 3-Series Saloon320i xDrive Sport Automatic 4d Specs & dimensions,2019,,1998.0,4.0,181.0,300.0,1560.0,4 wheel drive,Automatic,Naturally Aspirated,Petrol,,,230.1,143.0,7.4,154.0,https://www.parkers.co.uk/bmw/3-series/saloon-2019/320i-xdrive-sport-automatic-4d/specs/
CAR_2BBE55EC,Bmw,3 Series,330d m sport (plus package and technology package) automatic 4d,BMW 3-Series Saloon330d M Sport (Plus Package and Technology Package) Automatic 4d Specs & dimensions,2019,,2993.0,6.0,261.0,580.0,1590.0,Rear wheel drive,Automatic,Unknown,Diesel,,,249.4,155.0,5.3,153.0,https://www.parkers.co.uk/bmw/3-series/saloon-2019/330d-m-sport-(plus-package-and-technology-package)-automatic-4d/specs/
CAR_628E82A1,Bmw,3 Series,330d m sport (plus package) sport automatic 4d,BMW 3-Series Saloon330d M Sport (Plus Package) Sport Automatic 4d Specs & dimensions,2019,,2993.0,6.0,261.0,580.0,1590.0,Rear wheel drive,Automatic,Unknown,Diesel,,,249.4,155.0,5.3,153.0,https://www.parkers.co.uk/bmw/3-series/saloon-2019/330d-m-sport-(plus-package)-sport-automatic-4d/specs/
CAR_E4FF120A,Bmw,3 Series,330d m sport (technology package) automatic 4d,BMW 3-Series Saloon330d M Sport (Technology Package) Automatic 4d Specs & dimensions,2019,,2993.0,6.0,261.0,580.0,1590.0,Rear wheel drive,Automatic,Unknown,Diesel,,,249.4,155.0,5.3,150.0,https://www.parkers.co.uk/bmw/3-series/saloon-2019/330d-m-sport-(technology-package)-automatic-4d/specs/
CAR_D455C2EF,Bmw,3 Series,330d m sport 4dr step auto [pro pack] 4d,BMW 3-Series Saloon330d M Sport 4dr Step Auto [Pro Pack] 4d Specs & dimensions,2019,,2993.0,6.0,261.0,580.0,1590.0,Rear wheel drive,Automatic,Unknown,Diesel,,,249.4,155.0,5.3,150.0,https://www.parkers.co.uk/bmw/3-series/saloon-2019/330d-m-sport-4dr-step-auto-[pro-pack]-4d/specs/
CAR_9D14D9B5,Bmw,3 Series,330d m sport 4dr step auto [techpro pack] 4d,BMW 3-Series Saloon330d M Sport 4dr Step Auto [Tech/Pro Pack] 4d Specs & dimensions,2019,,2993.0,6.0,261.0,580.0,1590.0,Rear wheel drive,Automatic,Unknown,Diesel,,,249.4,155.0,5.3,150.0,https://www.parkers.co.uk/bmw/3-series/saloon-2019/330d-m-sport-4dr-step-auto-[techpro-pack]-4d/specs/
CAR_9E8696A8,Bmw,3 Series,330d m sport automatic 4d,BMW 3-Series Saloon330d M Sport Automatic 4d Specs & dimensions,2019,,2993.0,6.0,261.0,580.0,1590.0,Rear wheel drive,Automatic,Unknown,Diesel,,,249.4,155.0,5.3,150.0,https://www.parkers.co.uk/bmw/3-series/saloon-2019/330d-m-sport-automatic-4d/specs/
CAR_179411F8,Bmw,3 Series,330d m sport plus edition sport automatic 4d,BMW 3-Series Saloon330d M Sport Plus Edition Sport Automatic 4d Specs & dimensions,2019,,2993.0,6.0,261.0,580.0,1590.0,Rear wheel drive,Automatic,Unknown,Diesel,,,249.4,155.0,5.3,156.0,https://www.parkers.co.uk/bmw/3-series/saloon-2019/330d-m-sport-plus-edition-sport-automatic-4d/specs/
CAR_9E4358E3,Bmw,3 Series,330d m sport pro edition 4dr step auto 4d,BMW 3-Series Saloon330d M Sport Pro Edition 4dr Step Auto 4d Specs & dimensions,2019,,2993.0,6.0,261.0,580.0,1590.0,Rear wheel drive,Automatic,Unknown,Diesel,,,249.4,155.0,5.3,156.0,https://www.parkers.co.uk/bmw/3-series/saloon-2019/330d-m-sport-pro-edition-4dr-step-auto-4d/specs/
CAR_8B2B45B6,Bmw,3 Series,330d m sport pro edition 4dr step auto [tech pack] 4d,BMW 3-Series Saloon330d M Sport Pro Edition 4dr Step Auto [Tech Pack] 4d Specs & dimensions,2019,,2993.0,6.0,261.0,580.0,1590.0,Rear wheel drive,Automatic,Unknown,Diesel,,,249.4,155.0,5.3,156.0,https://www.parkers.co.uk/bmw/3-series/saloon-2019/330d-m-sport-pro-edition-4dr-step-auto-[tech-pack]-4d/specs/
CAR_B60CE6BD,Bmw,3 Series,330d mht m sport 4dr step auto,BMW 3-Series Saloon330d MHT M Sport 4dr Step Auto Specs & dimensions,2019,,2993.0,6.0,281.0,650.0,1695.0,Rear wheel drive,Automatic,Unknown,Diesel,,,249.4,155.0,5.1,131.0,https://www.parkers.co.uk/bmw/3-series/saloon-2019/330d-mht-m-sport-4dr-step-auto/specs/
CAR_44379CBA,Bmw,3 Series,330d mht m sport 4dr step auto [pro pack],BMW 3-Series Saloon330d MHT M Sport 4dr Step Auto [Pro Pack] Specs & dimensions,2019,,2993.0,6.0,281.0,650.0,1695.0,Rear wheel drive,Automatic,Unknown,Diesel,,,249.4,155.0,5.1,131.0,https://www.parkers.co.uk/bmw/3-series/saloon-2019/330d-mht-m-sport-4dr-step-auto-[pro-pack]/specs/
CAR_75EC680E,Bmw,3 Series,330d mht m sport 4dr step auto [tech pack],BMW 3-Series Saloon330d MHT M Sport 4dr Step Auto [Tech Pack] Specs & dimensions,2019,,2993.0,6.0,281.0,650.0,1695.0,Rear wheel drive,Automatic,Unknown,Diesel,,,249.4,155.0,5.1,131.0,https://www.parkers.co.uk/bmw/3-series/saloon-2019/330d-mht-m-sport-4dr-step-auto-[tech-pack]/specs/
CAR_CC615939,Bmw,3 Series,330d mht m sport 4dr step auto [techpro pack],BMW 3-Series Saloon330d MHT M Sport 4dr Step Auto [Tech/Pro Pack] Specs & dimensions,2019,,2993.0,6.0,281.0,650.0,1695.0,Rear wheel drive,Automatic,Unknown,Diesel,,,249.4,155.0,5.1,131.0,https://www.parkers.co.uk/bmw/3-series/saloon-2019/330d-mht-m-sport-4dr-step-auto-[techpro-pack]/specs/
CAR_8928591B,Bmw,3 Series,330d mht m sport pro ed 4dr step auto [tech pk],BMW 3-Series Saloon330d MHT M Sport Pro Ed 4dr Step Auto [Tech Pk] Specs & dimensions,2019,,2993.0,6.0,281.0,650.0,1695.0,Rear wheel drive,Automatic,Unknown,Diesel,,,249.4,155.0,5.1,136.0,https://www.parkers.co.uk/bmw/3-series/saloon-2019/330d-mht-m-sport-pro-ed-4dr-step-auto-[tech-pk]/specs/
CAR_2E9A0E61,Bmw,3 Series,330d mht m sport pro edition 4dr step auto,BMW 3-Series Saloon330d MHT M Sport Pro Edition 4dr Step Auto Specs & dimensions,2019,,2993.0,6.0,281.0,650.0,1695.0,Rear wheel drive,Automatic,Unknown,Diesel,,,249.4,155.0,5.1,136.0,https://www.parkers.co.uk/bmw/3-series/saloon-2019/330d-mht-m-sport-pro-edition-4dr-step-auto/specs/
CAR_43BD4AA0,Bmw,3 Series,330d mht sport 4dr step auto,BMW 3-Series Saloon330d MHT Sport 4dr Step Auto Specs & dimensions,2019,,2993.0,6.0,281.0,650.0,1695.0,Rear wheel drive,Automatic,Unknown,Diesel,,,249.4,155.0,5.1,131.0,https://www.parkers.co.uk/bmw/3-series/saloon-2019/330d-mht-sport-4dr-step-auto/specs/
CAR_F24F2E7A,Bmw,3 Series,330d mht sport pro 4dr step auto,BMW 3-Series Saloon330d MHT Sport Pro 4dr Step Auto Specs & dimensions,2019,,2993.0,6.0,281.0,650.0,1695.0,Rear wheel drive,Automatic,Unknown,Diesel,,,249.4,155.0,5.1,131.0,https://www.parkers.co.uk/bmw/3-series/saloon-2019/330d-mht-sport-pro-4dr-step-auto/specs/
CAR_F6043A31,Bmw,3 Series,330d sport automatic 4d,BMW 3-Series Saloon330d Sport Automatic 4d Specs & dimensions,2019,,2993.0,6.0,261.0,580.0,1590.0,Rear wheel drive,Automatic,Unknown,Diesel,,,249.4,155.0,5.3,150.0,https://www.parkers.co.uk/bmw/3-series/saloon-2019/330d-sport-automatic-4d/specs/
CAR_2C6523FF,Bmw,3 Series,330d xdrive m sport (plus package and technology package) automatic 4d,BMW 3-Series Saloon330d xDrive M Sport (Plus Package and Technology Package) Automatic 4d Specs & dimensions,2019,,2993.0,6.0,261.0,580.0,1660.0,4 wheel drive,Automatic,Unknown,Diesel,,,249.4,155.0,4.9,161.0,https://www.parkers.co.uk/bmw/3-series/saloon-2019/330d-xdrive-m-sport-(plus-package-and-technology-package)-automatic-4d/specs/
CAR_1321ECB9,Bmw,3 Series,330d xdrive m sport (plus package) automatic 4d,BMW 3-Series Saloon330d xDrive M Sport (Plus Package) Automatic 4d Specs & dimensions,2019,,2993.0,6.0,261.0,580.0,1660.0,4 wheel drive,Automatic,Unknown,Diesel,,,249.4,155.0,4.9,161.0,https://www.parkers.co.uk/bmw/3-series/saloon-2019/330d-xdrive-m-sport-(plus-package)-automatic-4d/specs/
CAR_92B0378B,Bmw,3 Series,330d xdrive m sport (technology package) automatic 4d,BMW 3-Series Saloon330d xDrive M Sport (Technology Package) Automatic 4d Specs & dimensions,2019,,2993.0,6.0,261.0,580.0,1660.0,4 wheel drive,Automatic,Unknown,Diesel,,,249.4,155.0,4.9,158.0,https://www.parkers.co.uk/bmw/3-series/saloon-2019/330d-xdrive-m-sport-(technology-package)-automatic-4d/specs/
CAR_1F702431,Bmw,3 Series,330d xdrive m sport 4dr step auto [pro pack] 4d,BMW 3-Series Saloon330d xDrive M Sport 4dr Step Auto [Pro Pack] 4d Specs & dimensions,2019,,2993.0,6.0,261.0,580.0,1660.0,4 wheel drive,Automatic,Unknown,Diesel,,,249.4,155.0,4.9,158.0,https://www.parkers.co.uk/bmw/3-series/saloon-2019/330d-xdrive-m-sport-4dr-step-auto-[pro-pack]-4d/specs/
CAR_F3E558F0,Bmw,3 Series,330d xdrive m sport 4dr step auto [techpro pack] 4d,BMW 3-Series Saloon330d xDrive M Sport 4dr Step Auto [Tech/Pro Pack] 4d Specs & dimensions,2019,,2993.0,6.0,261.0,580.0,1660.0,4 wheel drive,Automatic,Unknown,Diesel,,,249.4,155.0,4.9,158.0,https://www.parkers.co.uk/bmw/3-series/saloon-2019/330d-xdrive-m-sport-4dr-step-auto-[techpro-pack]-4d/specs/
CAR_B10AA586,Bmw,3 Series,330d xdrive m sport automatic 4d,BMW 3-Series Saloon330d xDrive M Sport Automatic 4d Specs & dimensions,2019,,2993.0,6.0,261.0,580.0,1660.0,4 wheel drive,Automatic,Unknown,Diesel,,,249.4,155.0,4.9,158.0,https://www.parkers.co.uk/bmw/3-series/saloon-2019/330d-xdrive-m-sport-automatic-4d/specs/
CAR_CCA5347B,Bmw,3 Series,330d xdrive m sport plus edition automatic 4d,BMW 3-Series Saloon330d xDrive M Sport Plus Edition Automatic 4d Specs & dimensions,2019,,2993.0,6.0,261.0,580.0,1660.0,4 wheel drive,Automatic,Unknown,Diesel,,,249.4,155.0,4.9,163.0,https://www.parkers.co.uk/bmw/3-series/saloon-2019/330d-xdrive-m-sport-plus-edition-automatic-4d/specs/
CAR_F4AF27A4,Bmw,3 Series,330d xdrive m sport pro ed 4dr step auto [tech pk] 4d,BMW 3-Series Saloon330d xDrive M Sport Pro Ed 4dr Step Auto [Tech Pk] 4d Specs & dimensions,2019,,2993.0,6.0,261.0,580.0,1660.0,4 wheel drive,Automatic,Unknown,Diesel,,,249.4,155.0,4.9,163.0,https://www.parkers.co.uk/bmw/3-series/saloon-2019/330d-xdrive-m-sport-pro-ed-4dr-step-auto-[tech-pk]-4d/specs/
CAR_8A969708,Bmw,3 Series,330d xdrive m sport pro edition 4dr step auto 4d,BMW 3-Series Saloon330d xDrive M Sport Pro Edition 4dr Step Auto 4d Specs & dimensions,2019,,2993.0,6.0,261.0,580.0,1660.0,4 wheel drive,Automatic,Unknown,Diesel,,,249.4,155.0,4.9,163.0,https://www.parkers.co.uk/bmw/3-series/saloon-2019/330d-xdrive-m-sport-pro-edition-4dr-step-auto-4d/specs/
CAR_3D0548E6,Bmw,3 Series,330d xdrive mht m sport 4dr step auto,BMW 3-Series Saloon330d xDrive MHT M Sport 4dr Step Auto Specs & dimensions,2019,,2993.0,6.0,281.0,650.0,1765.0,4 wheel drive,Automatic,Unknown,Diesel,,,249.4,155.0,4.8,140.0,https://www.parkers.co.uk/bmw/3-series/saloon-2019/330d-xdrive-mht-m-sport-4dr-step-auto/specs/
CAR_3C297D41,Bmw,3 Series,330d xdrive mht m sport 4dr step auto [pro pack],BMW 3-Series Saloon330d xDrive MHT M Sport 4dr Step Auto [Pro Pack] Specs & dimensions,2019,,2993.0,6.0,281.0,650.0,1765.0,4 wheel drive,Automatic,Unknown,Diesel,,,249.4,155.0,4.8,140.0,https://www.parkers.co.uk/bmw/3-series/saloon-2019/330d-xdrive-mht-m-sport-4dr-step-auto-[pro-pack]/specs/
CAR_5A18E578,Bmw,3 Series,330d xdrive mht m sport 4dr step auto [tecpro pk],BMW 3-Series Saloon330d xDrive MHT M Sport 4dr Step Auto [Tec/Pro Pk] Specs & dimensions,2019,,2993.0,6.0,281.0,650.0,1765.0,4 wheel drive,Automatic,Unknown,Diesel,,,249.4,155.0,4.8,140.0,https://www.parkers.co.uk/bmw/3-series/saloon-2019/330d-xdrive-mht-m-sport-4dr-step-auto-[tecpro-pk]/specs/
CAR_FCDDBD92,Bmw,3 Series,330d xdrive mht m sport 4dr step auto [tech pack],BMW 3-Series Saloon330d xDrive MHT M Sport 4dr Step Auto [Tech Pack] Specs & dimensions,2019,,2993.0,6.0,281.0,650.0,1765.0,4 wheel drive,Automatic,Unknown,Diesel,,,249.4,155.0,4.8,140.0,https://www.parkers.co.uk/bmw/3-series/saloon-2019/330d-xdrive-mht-m-sport-4dr-step-auto-[tech-pack]/specs/
CAR_3FAA8535,Bmw,3 Series,330d xdrive mht m sport pro ed 4dr step auto,BMW 3-Series Saloon330d xDrive MHT M Sport Pro Ed 4dr Step Auto Specs & dimensions,2019,,2993.0,6.0,281.0,650.0,1765.0,4 wheel drive,Automatic,Unknown,Diesel,,,249.4,155.0,4.8,145.0,https://www.parkers.co.uk/bmw/3-series/saloon-2019/330d-xdrive-mht-m-sport-pro-ed-4dr-step-auto/specs/
CAR_BEEDB69B,Bmw,3 Series,330d xdrive mht m sport pro ed 4dr step auto[tech],BMW 3-Series Saloon330d xDrive MHT M Sport Pro Ed 4dr Step Auto[Tech] Specs & dimensions,2019,,2993.0,6.0,281.0,650.0,1765.0,4 wheel drive,Automatic,Unknown,Diesel,,,249.4,155.0,4.8,145.0,https://www.parkers.co.uk/bmw/3-series/saloon-2019/330d-xdrive-mht-m-sport-pro-ed-4dr-step-auto[tech]/specs/
CAR_619E2E7A,Bmw,3 Series,330d xdrive mht sport 4dr step auto,BMW 3-Series Saloon330d xDrive MHT Sport 4dr Step Auto Specs & dimensions,2019,,2993.0,6.0,281.0,650.0,1765.0,4 wheel drive,Automatic,Unknown,Diesel,,,249.4,155.0,4.8,140.0,https://www.parkers.co.uk/bmw/3-series/saloon-2019/330d-xdrive-mht-sport-4dr-step-auto/specs/
CAR_48C1F062,Bmw,3 Series,330d xdrive mht sport pro 4dr step auto,BMW 3-Series Saloon330d xDrive MHT Sport Pro 4dr Step Auto Specs & dimensions,2019,,2993.0,6.0,281.0,650.0,1765.0,4 wheel drive,Automatic,Unknown,Diesel,,,249.4,155.0,4.8,140.0,https://www.parkers.co.uk/bmw/3-series/saloon-2019/330d-xdrive-mht-sport-pro-4dr-step-auto/specs/
CAR_9E341ADF,Bmw,3 Series,330d xdrive sport automatic 4d,BMW 3-Series Saloon330d xDrive Sport Automatic 4d Specs & dimensions,2019,,2993.0,6.0,261.0,580.0,1660.0,4 wheel drive,Automatic,Unknown,Diesel,,,249.4,155.0,4.9,157.0,https://www.parkers.co.uk/bmw/3-series/saloon-2019/330d-xdrive-sport-automatic-4d/specs/
CAR_6D977E4B,Bmw,3 Series,330i m sport (plus package and technology package) automatic 4d,BMW 3-Series Saloon330i M Sport (Plus Package and Technology Package) Automatic 4d Specs & dimensions,2019,,1999.0,4.0,254.0,400.0,1470.0,Rear wheel drive,Automatic,Naturally Aspirated,Petrol,,,249.4,155.0,5.6,154.0,https://www.parkers.co.uk/bmw/3-series/saloon-2019/330i-m-sport-(plus-package-and-technology-package)-automatic-4d/specs/
CAR_72C11844,Bmw,3 Series,330i m sport (plus package) automatic 4d,BMW 3-Series Saloon330i M Sport (Plus Package) Automatic 4d Specs & dimensions,2019,,1999.0,4.0,254.0,400.0,1470.0,Rear wheel drive,Automatic,Naturally Aspirated,Petrol,,,249.4,155.0,5.6,154.0,https://www.parkers.co.uk/bmw/3-series/saloon-2019/330i-m-sport-(plus-package)-automatic-4d/specs/
CAR_CF3B803B,Bmw,3 Series,330i m sport (technology package) automatic 4d,BMW 3-Series Saloon330i M Sport (Technology Package) Automatic 4d Specs & dimensions,2019,,1998.0,4.0,254.0,400.0,1470.0,Rear wheel drive,Automatic,Naturally Aspirated,Petrol,,,249.4,155.0,5.7,148.0,https://www.parkers.co.uk/bmw/3-series/saloon-2019/330i-m-sport-(technology-package)-automatic-4d/specs/
CAR_A9D7EFA1,Bmw,3 Series,330i m sport 4dr step auto,BMW 3-Series Saloon330i M Sport 4dr Step Auto Specs & dimensions,2019,,1998.0,4.0,254.0,400.0,1525.0,Rear wheel drive,Automatic,Naturally Aspirated,Petrol,,,249.4,155.0,5.7,150.0,https://www.parkers.co.uk/bmw/3-series/saloon-2019/330i-m-sport-4dr-step-auto/specs/
CAR_DD02FD89,Bmw,3 Series,330i m sport 4dr step auto [pro pack],BMW 3-Series Saloon330i M Sport 4dr Step Auto [Pro Pack] Specs & dimensions,2019,,1998.0,4.0,254.0,400.0,1525.0,Rear wheel drive,Automatic,Naturally Aspirated,Petrol,,,249.4,155.0,5.7,150.0,https://www.parkers.co.uk/bmw/3-series/saloon-2019/330i-m-sport-4dr-step-auto-[pro-pack]/specs/
CAR_E72663DE,Bmw,3 Series,330i m sport 4dr step auto [pro pack] 4d,BMW 3-Series Saloon330i M Sport 4dr Step Auto [Pro Pack] 4d Specs & dimensions,2019,,1998.0,4.0,254.0,400.0,1470.0,Rear wheel drive,Automatic,Naturally Aspirated,Petrol,,,249.4,155.0,5.7,148.0,https://www.parkers.co.uk/bmw/3-series/saloon-2019/330i-m-sport-4dr-step-auto-[pro-pack]-4d/specs/
CAR_1DBDD704,Bmw,3 Series,330i m sport 4dr step auto [tech pack],BMW 3-Series Saloon330i M Sport 4dr Step Auto [Tech Pack] Specs & dimensions,2019,,1998.0,4.0,254.0,400.0,1525.0,Rear wheel drive,Automatic,Naturally Aspirated,Petrol,,,249.4,155.0,5.7,150.0,https://www.parkers.co.uk/bmw/3-series/saloon-2019/330i-m-sport-4dr-step-auto-[tech-pack]/specs/
CAR_BF268550,Bmw,3 Series,330i m sport 4dr step auto [techpro pack],BMW 3-Series Saloon330i M Sport 4dr Step Auto [Tech/Pro Pack] Specs & dimensions,2019,,1998.0,4.0,254.0,400.0,1525.0,Rear wheel drive,Automatic,Naturally Aspirated,Petrol,,,249.4,155.0,5.7,150.0,https://www.parkers.co.uk/bmw/3-series/saloon-2019/330i-m-sport-4dr-step-auto-[techpro-pack]/specs/
CAR_4779379E,Bmw,3 Series,330i m sport 4dr step auto [techpro pack] 4d,BMW 3-Series Saloon330i M Sport 4dr Step Auto [Tech/Pro Pack] 4d Specs & dimensions,2019,,1998.0,4.0,254.0,400.0,1470.0,Rear wheel drive,Automatic,Naturally Aspirated,Petrol,,,249.4,155.0,5.7,148.0,https://www.parkers.co.uk/bmw/3-series/saloon-2019/330i-m-sport-4dr-step-auto-[techpro-pack]-4d/specs/
CAR_CB8E0D99,Bmw,3 Series,330i m sport automatic 4d,BMW 3-Series Saloon330i M Sport Automatic 4d Specs & dimensions,2019,,1998.0,4.0,254.0,400.0,1470.0,Rear wheel drive,Automatic,Naturally Aspirated,Petrol,,,249.4,155.0,5.7,148.0,https://www.parkers.co.uk/bmw/3-series/saloon-2019/330i-m-sport-automatic-4d/specs/
CAR_56DFE22B,Bmw,3 Series,330i m sport plus edition automatic 4d,BMW 3-Series Saloon330i M Sport Plus Edition Automatic 4d Specs & dimensions,2019,,1999.0,4.0,254.0,400.0,1470.0,Rear wheel drive,Automatic,Naturally Aspirated,Petrol,,,249.4,155.0,5.6,156.0,https://www.parkers.co.uk/bmw/3-series/saloon-2019/330i-m-sport-plus-edition-automatic-4d/specs/
CAR_023A5552,Bmw,3 Series,330i m sport pro edition 4dr step auto 4d,BMW 3-Series Saloon330i M Sport Pro Edition 4dr Step Auto 4d Specs & dimensions,2019,,1998.0,4.0,254.0,400.0,1470.0,Rear wheel drive,Automatic,Naturally Aspirated,Petrol,,,249.4,155.0,5.6,156.0,https://www.parkers.co.uk/bmw/3-series/saloon-2019/330i-m-sport-pro-edition-4dr-step-auto-4d/specs/
CAR_AB61FC65,Bmw,3 Series,330i m sport pro edition 4dr step auto [tech pack] 4d,BMW 3-Series Saloon330i M Sport Pro Edition 4dr Step Auto [Tech Pack] 4d Specs & dimensions,2019,,1998.0,4.0,254.0,400.0,1470.0,Rear wheel drive,Automatic,Naturally Aspirated,Petrol,,,249.4,155.0,5.6,156.0,https://www.parkers.co.uk/bmw/3-series/saloon-2019/330i-m-sport-pro-edition-4dr-step-auto-[tech-pack]-4d/specs/
CAR_872C2F5C,Bmw,3 Series,330i sport 4dr step auto,BMW 3-Series Saloon330i Sport 4dr Step Auto Specs & dimensions,2019,,1998.0,4.0,254.0,400.0,1525.0,Rear wheel drive,Automatic,Naturally Aspirated,Petrol,,,249.4,155.0,5.7,149.0,https://www.parkers.co.uk/bmw/3-series/saloon-2019/330i-sport-4dr-step-auto/specs/
CAR_05E9B252,Bmw,3 Series,330i sport automatic 4d,BMW 3-Series Saloon330i Sport Automatic 4d Specs & dimensions,2019,,1998.0,4.0,254.0,400.0,1470.0,Rear wheel drive,Automatic,Naturally Aspirated,Petrol,,,249.4,155.0,5.7,148.0,https://www.parkers.co.uk/bmw/3-series/saloon-2019/330i-sport-automatic-4d/specs/
CAR_EC88B172,Bmw,3 Series,330i sport pro 4dr step auto,BMW 3-Series Saloon330i Sport Pro 4dr Step Auto Specs & dimensions,2019,,1998.0,4.0,254.0,400.0,1470.0,Rear wheel drive,Automatic,Naturally Aspirated,Petrol,,,249.4,155.0,5.7,148.0,https://www.parkers.co.uk/bmw/3-series/saloon-2019/330i-sport-pro-4dr-step-auto/specs/
CAR_4C185842,Bmw,3 Series,m340d xdrive mht 4dr step auto,BMW 3-Series SaloonM340d xDrive MHT 4dr Step Auto Specs & dimensions,2019,,2993.0,6.0,335.0,700.0,1800.0,4 wheel drive,Automatic,Unknown,Diesel,,,249.4,155.0,4.5,159.0,https://www.parkers.co.uk/bmw/3-series/saloon-2019/m340d-xdrive-mht-4dr-step-auto/specs/
CAR_F8BB2F67,Bmw,3 Series,m340d xdrive sport automatic 4d,BMW 3-Series SaloonM340d xDrive Sport Automatic 4d Specs & dimensions,2019,,2993.0,6.0,335.0,700.0,1820.0,4 wheel drive,Automatic,Unknown,Diesel,,,249.4,155.0,4.5,159.0,https://www.parkers.co.uk/bmw/3-series/saloon-2019/m340d-xdrive-sport-automatic-4d/specs/
CAR_FE07ADD8,Bmw,3 Series,m340i xdrive mht 392 4dr step auto,BMW 3-Series SaloonM340i xDrive MHT 392 4dr Step Auto Specs & dimensions,2019,,2998.0,6.0,386.0,540.0,1760.0,4 wheel drive,Automatic,Naturally Aspirated,Petrol,,,249.4,155.0,4.2,159.0,https://www.parkers.co.uk/bmw/3-series/saloon-2019/m340i-xdrive-mht-392-4dr-step-auto/specs/
CAR_7F53C8E1,Bmw,3 Series,m340i xdrive mht 392 4dr step auto [pro pack],BMW 3-Series SaloonM340i xDrive MHT 392 4dr Step Auto [Pro Pack] Specs & dimensions,2019,,2998.0,6.0,386.0,540.0,1760.0,4 wheel drive,Automatic,Naturally Aspirated,Petrol,,,249.4,155.0,4.2,159.0,https://www.parkers.co.uk/bmw/3-series/saloon-2019/m340i-xdrive-mht-392-4dr-step-auto-[pro-pack]/specs/
CAR_0FFEC290,Bmw,3 Series,m340i xdrive mht 392 4dr step auto [tech pack],BMW 3-Series SaloonM340i xDrive MHT 392 4dr Step Auto [Tech Pack] Specs & dimensions,2019,,2998.0,6.0,386.0,540.0,1760.0,4 wheel drive,Automatic,Naturally Aspirated,Petrol,,,249.4,155.0,4.2,159.0,https://www.parkers.co.uk/bmw/3-series/saloon-2019/m340i-xdrive-mht-392-4dr-step-auto-[tech-pack]/specs/
CAR_16EFE9EB,Bmw,3 Series,m340i xdrive mht 392 4dr step auto [techpro],BMW 3-Series SaloonM340i xDrive MHT 392 4dr Step Auto [Tech/Pro] Specs & dimensions,2019,,2998.0,6.0,386.0,540.0,1760.0,4 wheel drive,Automatic,Naturally Aspirated,Petrol,,,249.4,155.0,4.2,159.0,https://www.parkers.co.uk/bmw/3-series/saloon-2019/m340i-xdrive-mht-392-4dr-step-auto-[techpro]/specs/
CAR_DCA0ADC6,Bmw,3 Series,m340i xdrive mht 4dr step auto,BMW 3-Series SaloonM340i xDrive MHT 4dr Step Auto Specs & dimensions,2019,,2998.0,6.0,368.0,500.0,1735.0,4 wheel drive,Automatic,Naturally Aspirated,Petrol,,,249.4,155.0,4.3,176.0,https://www.parkers.co.uk/bmw/3-series/saloon-2019/m340i-xdrive-mht-4dr-step-auto/specs/
CAR_85648053,Bmw,3 Series,m340i xdrive sport automatic 4d,BMW 3-Series SaloonM340i xDrive Sport Automatic 4d Specs & dimensions,2019,,2998.0,6.0,368.0,500.0,1670.0,4 wheel drive,Automatic,Naturally Aspirated,Petrol,,,249.4,155.0,4.3,185.0,https://www.parkers.co.uk/bmw/3-series/saloon-2019/m340i-xdrive-sport-automatic-4d/specs/
CAR_8A537308,Bmw,3 Series,trim m sport,BMW 3-Series Saloon M Sport (2019 - 2026)Specs & dimensions,2019,2026,,,,,,,,Unknown,,,,,,,,https://www.parkers.co.uk/bmw/3-series/saloon-2019/trim-m-sport/specs/
CAR_59BA3612,Bmw,3 Series,trim m sport plus edition,BMW 3-Series Saloon M Sport Plus Edition (2019 - 2026)Specs & dimensions,2019,2026,,,,,,,,Unknown,,,,,,,,https://www.parkers.co.uk/bmw/3-series/saloon-2019/trim-m-sport-plus-edition/specs/
CAR_4F87BF74,Bmw,3 Series,trim m sport pro,BMW 3-Series Saloon M Sport Pro (2019 - 2026)Specs & dimensions,2019,2026,,,,,,,,Unknown,,,,,,,,https://www.parkers.co.uk/bmw/3-series/saloon-2019/trim-m-sport-pro/specs/
CAR_8BF8C940,Bmw,3 Series,trim m sport pro edition,BMW 3-Series Saloon M Sport Pro Edition (2019 - 2026)Specs & dimensions,2019,2026,,,,,,,,Unknown,,,,,,,,https://www.parkers.co.uk/bmw/3-series/saloon-2019/trim-m-sport-pro-edition/specs/
CAR_4875BD14,Bmw,3 Series,trim m340d,BMW 3-Series Saloon M340d (2019 - 2026)Specs & dimensions,2019,2026,,,,,,,,Unknown,,,,,,,,https://www.parkers.co.uk/bmw/3-series/saloon-2019/trim-m340d/specs/
CAR_C0315942,Bmw,3 Series,trim m340i,BMW 3-Series Saloon M340i (2019 - 2026)Specs & dimensions,2019,2026,,,,,,,,Unknown,,,,,,,,https://www.parkers.co.uk/bmw/3-series/saloon-2019/trim-m340i/specs/
CAR_3C413C99,Bmw,3 Series,trim se,BMW 3-Series Saloon SE (2019 - 2026)Specs & dimensions,2019,2026,,,,,,,,Unknown,,,,,,,,https://www.parkers.co.uk/bmw/3-series/saloon-2019/trim-se/specs/
CAR_BA07ED1E,Bmw,3 Series,trim se pro,BMW 3-Series Saloon SE Pro (2019 - 2026)Specs & dimensions,2019,2026,,,,,,,,Unknown,,,,,,,,https://www.parkers.co.uk/bmw/3-series/saloon-2019/trim-se-pro/specs/
CAR_D4C18BE5,Bmw,3 Series,trim sport,BMW 3-Series Saloon Sport (2019 - 2026)Specs & dimensions,2019,2026,,,,,,,,Unknown,,,,,,,,https://www.parkers.co.uk/bmw/3-series/saloon-2019/trim-sport/specs/
CAR_9B625534,Bmw,3 Series,trim sport pro,BMW 3-Series Saloon Sport Pro (2019 - 2026)Specs & dimensions,2019,2026,,,,,,,,Unknown,,,,,,,,https://www.parkers.co.uk/bmw/3-series/saloon-2019/trim-sport-pro/specs/
CAR_BDDEEC18,Bmw,3 Series,engine 20d diesel,BMW 3-Series Saloon 2.0d Diesel (2019 - 2026)Specs & dimensions,2019,2026,,,,,,,,Diesel,,,,,,,,https://www.parkers.co.uk/bmw/3-series/saloon-2019/engine-20d-diesel/specs/
CAR_21835A49,Bmw,3 Series,engine 20i petrol,BMW 3-Series Saloon 2.0i Petrol (2019 - 2026)Specs & dimensions,2019,2026,,,,,,,,Unknown,,,,,,,,https://www.parkers.co.uk/bmw/3-series/saloon-2019/engine-20i-petrol/specs/
CAR_087B55FD,Bmw,3 Series,engine 30d diesel,BMW 3-Series Saloon 3.0d Diesel (2019 - 2026)Specs & dimensions,2019,2026,,,,,,,,Diesel,,,,,,,,https://www.parkers.co.uk/bmw/3-series/saloon-2019/engine-30d-diesel/specs/
CAR_4817DB14,Bmw,3 Series,engine 30i (392ps) petrol,BMW 3-Series Saloon 3.0i (392ps) Petrol (2019 - 2026)Specs & dimensions,2019,2026,,,,,,,,Unknown,,,,,,,,https://www.parkers.co.uk/bmw/3-series/saloon-2019/engine-30i-(392ps)-petrol/specs/
CAR_A1D19721,Bmw,3 Series,engine 30i petrol,BMW 3-Series Saloon 3.0i Petrol (2019 - 2026)Specs & dimensions,2019,2026,,,,,,,,Unknown,,,,,,,,https://www.parkers.co.uk/bmw/3-series/saloon-2019/engine-30i-petrol/specs/
CAR_3E6366E5,Bmw,5 Series,520i m sport 4dr auto,BMW 5-Series Saloon520i M Sport 4dr Auto Specs & dimensions,2024,,1998.0,4.0,205.0,330.0,1725.0,Rear wheel drive,Automatic,Naturally Aspirated,Petrol,,,230.1,143.0,7.3,131.0,https://www.parkers.co.uk/bmw/5-series/saloon-2024/520i-m-sport-4dr-auto/specs/
CAR_44AFCC4F,Bmw,5 Series,520i m sport 4dr auto [comfort plus],BMW 5-Series Saloon520i M Sport 4dr Auto [Comfort Plus] Specs & dimensions,2024,,1998.0,4.0,205.0,330.0,1725.0,Rear wheel drive,Automatic,Naturally Aspirated,Petrol,,,230.1,143.0,7.3,131.0,https://www.parkers.co.uk/bmw/5-series/saloon-2024/520i-m-sport-4dr-auto-[comfort-plus]/specs/
CAR_42C2CF66,Bmw,5 Series,520i m sport 4dr auto [tech pluscomfort plus],BMW 5-Series Saloon520i M Sport 4dr Auto [Tech Plus/Comfort Plus] Specs & dimensions,2024,,1998.0,4.0,205.0,330.0,1725.0,Rear wheel drive,Automatic,Naturally Aspirated,Petrol,,,230.1,143.0,7.3,131.0,https://www.parkers.co.uk/bmw/5-series/saloon-2024/520i-m-sport-4dr-auto-[tech-pluscomfort-plus]/specs/
CAR_644DBA6A,Bmw,5 Series,520i m sport 4dr auto [tech plus],BMW 5-Series Saloon520i M Sport 4dr Auto [Tech Plus] Specs & dimensions,2024,,1998.0,4.0,205.0,330.0,1725.0,Rear wheel drive,Automatic,Naturally Aspirated,Petrol,,,230.1,143.0,7.3,131.0,https://www.parkers.co.uk/bmw/5-series/saloon-2024/520i-m-sport-4dr-auto-[tech-plus]/specs/
CAR_ACA62D3A,Bmw,5 Series,520i m sport pro 4dr auto,BMW 5-Series Saloon520i M Sport Pro 4dr Auto Specs & dimensions,2024,,1998.0,4.0,205.0,330.0,1725.0,Rear wheel drive,Automatic,Naturally Aspirated,Petrol,,,230.1,143.0,7.3,132.0,https://www.parkers.co.uk/bmw/5-series/saloon-2024/520i-m-sport-pro-4dr-auto/specs/
CAR_147E457B,Bmw,5 Series,520i m sport pro 4dr auto [comfort plus],BMW 5-Series Saloon520i M Sport Pro 4dr Auto [Comfort Plus] Specs & dimensions,2024,,1998.0,4.0,205.0,330.0,1725.0,Rear wheel drive,Automatic,Naturally Aspirated,Petrol,,,230.1,143.0,7.3,132.0,https://www.parkers.co.uk/bmw/5-series/saloon-2024/520i-m-sport-pro-4dr-auto-[comfort-plus]/specs/
CAR_E661381C,Bmw,5 Series,520i m sport pro 4dr auto [tech pluscomfort plus],BMW 5-Series Saloon520i M Sport Pro 4dr Auto [Tech Plus/Comfort Plus] Specs & dimensions,2024,,1998.0,4.0,205.0,330.0,1725.0,Rear wheel drive,Automatic,Naturally Aspirated,Petrol,,,230.1,143.0,7.3,132.0,https://www.parkers.co.uk/bmw/5-series/saloon-2024/520i-m-sport-pro-4dr-auto-[tech-pluscomfort-plus]/specs/
CAR_B8A5F7C2,Bmw,5 Series,520i m sport pro 4dr auto [tech plus],BMW 5-Series Saloon520i M Sport Pro 4dr Auto [Tech Plus] Specs & dimensions,2024,,1998.0,4.0,205.0,330.0,1725.0,Rear wheel drive,Automatic,Naturally Aspirated,Petrol,,,230.1,143.0,7.3,132.0,https://www.parkers.co.uk/bmw/5-series/saloon-2024/520i-m-sport-pro-4dr-auto-[tech-plus]/specs/
CAR_5AC3BB98,Bmw,5 Series,530e m sport 4dr auto,BMW 5-Series Saloon530e M Sport 4dr Auto Specs & dimensions,2024,,1998.0,4.0,294.0,450.0,2005.0,Rear wheel drive,Automatic,Unknown,Petrol Parallel PHEV,,,230.1,143.0,6.1,49.0,https://www.parkers.co.uk/bmw/5-series/saloon-2024/530e-m-sport-4dr-auto/specs/
CAR_7FFE6969,Bmw,5 Series,530e m sport 4dr auto [comfort plus],BMW 5-Series Saloon530e M Sport 4dr Auto [Comfort Plus] Specs & dimensions,2024,,1998.0,4.0,294.0,450.0,2005.0,Rear wheel drive,Automatic,Unknown,Petrol Parallel PHEV,,,230.1,143.0,6.1,49.0,https://www.parkers.co.uk/bmw/5-series/saloon-2024/530e-m-sport-4dr-auto-[comfort-plus]/specs/
CAR_446F25AC,Bmw,5 Series,530e m sport 4dr auto [tech pluscomfort plus],BMW 5-Series Saloon530e M Sport 4dr Auto [Tech Plus/Comfort Plus] Specs & dimensions,2024,,1998.0,4.0,294.0,450.0,2005.0,Rear wheel drive,Automatic,Unknown,Petrol Parallel PHEV,,,230.1,143.0,6.1,49.0,https://www.parkers.co.uk/bmw/5-series/saloon-2024/530e-m-sport-4dr-auto-[tech-pluscomfort-plus]/specs/
CAR_80F6DA59,Bmw,5 Series,530e m sport 4dr auto [tech plus],BMW 5-Series Saloon530e M Sport 4dr Auto [Tech Plus] Specs & dimensions,2024,,1998.0,4.0,294.0,450.0,2005.0,Rear wheel drive,Automatic,Unknown,Petrol Parallel PHEV,,,230.1,143.0,6.1,49.0,https://www.parkers.co.uk/bmw/5-series/saloon-2024/530e-m-sport-4dr-auto-[tech-plus]/specs/
CAR_7E67D352,Bmw,5 Series,530e m sport pro 4dr auto,BMW 5-Series Saloon530e M Sport Pro 4dr Auto Specs & dimensions,2024,,1998.0,4.0,294.0,450.0,2005.0,Rear wheel drive,Automatic,Unknown,Petrol Parallel PHEV,,,230.1,143.0,6.1,49.0,https://www.parkers.co.uk/bmw/5-series/saloon-2024/530e-m-sport-pro-4dr-auto/specs/
CAR_ED6993D1,Bmw,5 Series,530e m sport pro 4dr auto [comfort plus],BMW 5-Series Saloon530e M Sport Pro 4dr Auto [Comfort Plus] Specs & dimensions,2024,,1998.0,4.0,294.0,450.0,2005.0,Rear wheel drive,Automatic,Unknown,Petrol Parallel PHEV,,,230.1,143.0,6.1,49.0,https://www.parkers.co.uk/bmw/5-series/saloon-2024/530e-m-sport-pro-4dr-auto-[comfort-plus]/specs/
CAR_2A492630,Bmw,5 Series,530e m sport pro 4dr auto [tech pluscomfort plus],BMW 5-Series Saloon530e M Sport Pro 4dr Auto [Tech Plus/Comfort Plus] Specs & dimensions,2024,,1998.0,4.0,294.0,450.0,2005.0,Rear wheel drive,Automatic,Unknown,Petrol Parallel PHEV,,,230.1,143.0,6.1,49.0,https://www.parkers.co.uk/bmw/5-series/saloon-2024/530e-m-sport-pro-4dr-auto-[tech-pluscomfort-plus]/specs/
CAR_46BB2106,Bmw,5 Series,530e m sport pro 4dr auto [tech plus],BMW 5-Series Saloon530e M Sport Pro 4dr Auto [Tech Plus] Specs & dimensions,2024,,1998.0,4.0,294.0,450.0,2005.0,Rear wheel drive,Automatic,Unknown,Petrol Parallel PHEV,,,230.1,143.0,6.1,49.0,https://www.parkers.co.uk/bmw/5-series/saloon-2024/530e-m-sport-pro-4dr-auto-[tech-plus]/specs/
CAR_B8FC29B2,Bmw,5 Series,550e xdrive m sport 4dr auto,BMW 5-Series Saloon550e xDrive M Sport 4dr Auto Specs & dimensions,2024,,2998.0,6.0,482.0,700.0,2155.0,4 wheel drive,Automatic,Unknown,Petrol Parallel PHEV,,,249.4,155.0,4.2,63.0,https://www.parkers.co.uk/bmw/5-series/saloon-2024/550e-xdrive-m-sport-4dr-auto/specs/
CAR_1A7E1FE1,Bmw,5 Series,550e xdrive m sport 4dr auto [comfort plus],BMW 5-Series Saloon550e xDrive M Sport 4dr Auto [Comfort Plus] Specs & dimensions,2024,,2998.0,6.0,482.0,700.0,2155.0,4 wheel drive,Automatic,Unknown,Petrol Parallel PHEV,,,249.4,155.0,4.2,63.0,https://www.parkers.co.uk/bmw/5-series/saloon-2024/550e-xdrive-m-sport-4dr-auto-[comfort-plus]/specs/
CAR_3D7214F0,Bmw,5 Series,550e xdrive m sport 4dr auto [tech plus],BMW 5-Series Saloon550e xDrive M Sport 4dr Auto [Tech Plus] Specs & dimensions,2024,,2998.0,6.0,482.0,700.0,2155.0,4 wheel drive,Automatic,Unknown,Petrol Parallel PHEV,,,249.4,155.0,4.2,63.0,https://www.parkers.co.uk/bmw/5-series/saloon-2024/550e-xdrive-m-sport-4dr-auto-[tech-plus]/specs/
CAR_4699771E,Bmw,5 Series,550e xdrive m sport 4dr auto [techcomfort],BMW 5-Series Saloon550e xDrive M Sport 4dr Auto [Tech+/Comfort+] Specs & dimensions,2024,,2998.0,6.0,482.0,700.0,2155.0,4 wheel drive,Automatic,Unknown,Petrol Parallel PHEV,,,249.4,155.0,4.2,63.0,https://www.parkers.co.uk/bmw/5-series/saloon-2024/550e-xdrive-m-sport-4dr-auto-[techcomfort]/specs/
CAR_78043862,Bmw,5 Series,550e xdrive m sport pro 4dr auto,BMW 5-Series Saloon550e xDrive M Sport Pro 4dr Auto Specs & dimensions,2024,,2998.0,6.0,482.0,700.0,2155.0,4 wheel drive,Automatic,Unknown,Petrol Parallel PHEV,,,249.4,155.0,4.2,64.0,https://www.parkers.co.uk/bmw/5-series/saloon-2024/550e-xdrive-m-sport-pro-4dr-auto/specs/
CAR_8984FAB7,Bmw,5 Series,550e xdrive m sport pro 4dr auto [comfort plus],BMW 5-Series Saloon550e xDrive M Sport Pro 4dr Auto [Comfort Plus] Specs & dimensions,2024,,2998.0,6.0,482.0,700.0,2155.0,4 wheel drive,Automatic,Unknown,Petrol Parallel PHEV,,,249.4,155.0,4.2,64.0,https://www.parkers.co.uk/bmw/5-series/saloon-2024/550e-xdrive-m-sport-pro-4dr-auto-[comfort-plus]/specs/
CAR_D30F8B86,Bmw,5 Series,550e xdrive m sport pro 4dr auto [tech plus],BMW 5-Series Saloon550e xDrive M Sport Pro 4dr Auto [Tech Plus] Specs & dimensions,2024,,2998.0,6.0,482.0,700.0,2155.0,4 wheel drive,Automatic,Unknown,Petrol Parallel PHEV,,,249.4,155.0,4.2,64.0,https://www.parkers.co.uk/bmw/5-series/saloon-2024/550e-xdrive-m-sport-pro-4dr-auto-[tech-plus]/specs/
CAR_4EF55B5C,Bmw,5 Series,550e xdrive m sport pro 4dr auto [techcomfort],BMW 5-Series Saloon550e xDrive M Sport Pro 4dr Auto [Tech+/Comfort+] Specs & dimensions,2024,,2998.0,6.0,482.0,700.0,2155.0,4 wheel drive,Automatic,Unknown,Petrol Parallel PHEV,,,249.4,155.0,4.2,64.0,https://www.parkers.co.uk/bmw/5-series/saloon-2024/550e-xdrive-m-sport-pro-4dr-auto-[techcomfort]/specs/
CAR_8FA185AF,Bmw,5 Series,trim m sport,BMW 5-Series Saloon M Sport (2024 - 2026)Specs & dimensions,2024,2026,,,,,,,,Unknown,,,,,,,,https://www.parkers.co.uk/bmw/5-series/saloon-2024/trim-m-sport/specs/
CAR_7CB3D43E,Bmw,5 Series,trim m sport pro,BMW 5-Series Saloon M Sport Pro (2024 - 2026)Specs & dimensions,2024,2026,,,,,,,,Unknown,,,,,,,,https://www.parkers.co.uk/bmw/5-series/saloon-2024/trim-m-sport-pro/specs/
CAR_670DBBD8,Bmw,5 Series,engine 20 hybrid,BMW 5-Series Saloon 2.0 Hybrid (2024 - 2026)Specs & dimensions,2024,2026,,,,,,,,Hybrid,,,,,,,,https://www.parkers.co.uk/bmw/5-series/saloon-2024/engine-20-hybrid/specs/
CAR_AA0FFC20,Bmw,5 Series,engine 20i petrol,BMW 5-Series Saloon 2.0i Petrol (2024 - 2026)Specs & dimensions,2024,2026,,,,,,,,Unknown,,,,,,,,https://www.parkers.co.uk/bmw/5-series/saloon-2024/engine-20i-petrol/specs/
CAR_1DC74878,Bmw,5 Series,engine 30 hybrid,BMW 5-Series Saloon 3.0 Hybrid (2024 - 2026)Specs & dimensions,2024,2026,,,,,,,,Hybrid,,,,,,,,https://www.parkers.co.uk/bmw/5-series/saloon-2024/engine-30-hybrid/specs/
CAR_EC552F89,Bmw,Z4,m40i (shadowline plus package and technology package) sport automatic 2d,BMW Z4 RoadsterM40i (Shadowline Plus Package and Technology Package) Sport Automatic 2d Specs & dimensions,2019,,2998.0,6.0,335.0,500.0,1565.0,Rear wheel drive,Automatic,Naturally Aspirated,Petrol,,,249.4,155.0,4.4,180.0,https://www.parkers.co.uk/bmw/z4/roadster-2019/m40i-(shadowline-plus-package-and-technology-package)-sport-automatic-2d/specs/
CAR_F94ED6F1,Bmw,Z4,m40i (shadowline plus package) sport automatic 2d,BMW Z4 RoadsterM40i (Shadowline Plus Package) Sport Automatic 2d Specs & dimensions,2019,,2998.0,6.0,335.0,500.0,1565.0,Rear wheel drive,Automatic,Naturally Aspirated,Petrol,,,249.4,155.0,4.4,180.0,https://www.parkers.co.uk/bmw/z4/roadster-2019/m40i-(shadowline-plus-package)-sport-automatic-2d/specs/
CAR_0350C68E,Bmw,Z4,m40i first edition sport automatic 2d,BMW Z4 RoadsterM40i First Edition Sport Automatic 2d Specs & dimensions,2019,,2998.0,6.0,335.0,500.0,1535.0,Rear wheel drive,Automatic,Turbocharged,Petrol,,,249.4,155.0,4.4,193.0,https://www.parkers.co.uk/bmw/z4/roadster-2019/m40i-first-edition-sport-automatic-2d/specs/
CAR_E8F2FDDE,Bmw,Z4,m40i m sport (black package and technology package) sport automatic 2d,BMW Z4 RoadsterM40i M Sport (Black Package and Technology Package) Sport Automatic 2d Specs & dimensions,2019,,2998.0,6.0,335.0,500.0,1535.0,Rear wheel drive,Automatic,Naturally Aspirated,Petrol,,,249.4,155.0,4.4,168.0,https://www.parkers.co.uk/bmw/z4/roadster-2019/m40i-m-sport-(black-package-and-technology-package)-sport-automatic-2d/specs/
CAR_8B1BAD7C,Bmw,Z4,m40i m sport (black package) sport automatic 2d,BMW Z4 RoadsterM40i M Sport (Black Package) Sport Automatic 2d Specs & dimensions,2019,,2998.0,6.0,335.0,500.0,1535.0,Rear wheel drive,Automatic,Naturally Aspirated,Petrol,,,249.4,155.0,4.4,168.0,https://www.parkers.co.uk/bmw/z4/roadster-2019/m40i-m-sport-(black-package)-sport-automatic-2d/specs/
CAR_69D6DB5B,Bmw,Z4,m40i m sport (technology package) sport automatic 2d,BMW Z4 RoadsterM40i M Sport (Technology Package) Sport Automatic 2d Specs & dimensions,2019,,2998.0,6.0,335.0,500.0,1565.0,Rear wheel drive,Automatic,Naturally Aspirated,Petrol,,,249.4,155.0,4.4,180.0,https://www.parkers.co.uk/bmw/z4/roadster-2019/m40i-m-sport-(technology-package)-sport-automatic-2d/specs/
CAR_C739091B,Bmw,Z4,m40i sport automatic 2d,BMW Z4 RoadsterM40i Sport Automatic 2d Specs & dimensions,2019,,2998.0,6.0,335.0,500.0,1565.0,Rear wheel drive,Automatic,Naturally Aspirated,Petrol,,,249.4,155.0,4.4,180.0,https://www.parkers.co.uk/bmw/z4/roadster-2019/m40i-sport-automatic-2d/specs/
CAR_87A43ACA,Bmw,Z4,sdrive 20i m sport 2dr auto [pro pack] 2d,BMW Z4 RoadstersDrive 20i M Sport 2dr Auto [Pro Pack] 2d Specs & dimensions,2019,,1998.0,4.0,194.0,320.0,1450.0,Rear wheel drive,Automatic,Naturally Aspirated,Petrol,,,239.8,149.0,6.4,161.0,https://www.parkers.co.uk/bmw/z4/roadster-2019/sdrive-20i-m-sport-2dr-auto-[pro-pack]-2d/specs/
CAR_D8FD8667,Bmw,Z4,sdrive 20i m sport 2dr auto [techpro pack] 2d,BMW Z4 RoadstersDrive 20i M Sport 2dr Auto [Tech/Pro Pack] 2d Specs & dimensions,2019,,1998.0,4.0,194.0,320.0,1450.0,Rear wheel drive,Automatic,Naturally Aspirated,Petrol,,,239.8,149.0,6.4,161.0,https://www.parkers.co.uk/bmw/z4/roadster-2019/sdrive-20i-m-sport-2dr-auto-[techpro-pack]-2d/specs/
CAR_D54ACC1E,Bmw,Z4,sdrive 30i m sport 2dr auto [pro pack] 2d,BMW Z4 RoadstersDrive 30i M Sport 2dr Auto [Pro Pack] 2d Specs & dimensions,2019,,1998.0,4.0,254.0,400.0,1430.0,Rear wheel drive,Automatic,Naturally Aspirated,Petrol,,,249.4,155.0,5.2,161.0,https://www.parkers.co.uk/bmw/z4/roadster-2019/sdrive-30i-m-sport-2dr-auto-[pro-pack]-2d/specs/
CAR_3104B74A,Bmw,Z4,sdrive 30i m sport 2dr auto [techpro pack] 2d,BMW Z4 RoadstersDrive 30i M Sport 2dr Auto [Tech/Pro Pack] 2d Specs & dimensions,2019,,1998.0,4.0,254.0,400.0,1430.0,Rear wheel drive,Automatic,Naturally Aspirated,Petrol,,,249.4,155.0,5.2,161.0,https://www.parkers.co.uk/bmw/z4/roadster-2019/sdrive-30i-m-sport-2dr-auto-[techpro-pack]-2d/specs/
CAR_962CCD68,Bmw,Z4,sdrive m40i 2dr [handschalter pack],BMW Z4 RoadstersDrive M40i 2dr [Handschalter Pack] Specs & dimensions,2019,,2998.0,6.0,335.0,500.0,1550.0,Rear wheel drive,Manual,Naturally Aspirated,Petrol,,,249.4,155.0,4.5,197.0,https://www.parkers.co.uk/bmw/z4/roadster-2019/sdrive-m40i-2dr-[handschalter-pack]/specs/
CAR_BF450E9A,Bmw,Z4,sdrive20i m sport (plus package and technology package) sport automatic 2d,BMW Z4 RoadstersDrive20i M Sport (Plus Package and Technology Package) Sport Automatic 2d Specs & dimensions,2019,,1998.0,4.0,194.0,320.0,1420.0,Rear wheel drive,Automatic,Naturally Aspirated,Petrol,,,239.8,149.0,6.4,161.0,https://www.parkers.co.uk/bmw/z4/roadster-2019/sdrive20i-m-sport-(plus-package-and-technology-package)-sport-automatic-2d/specs/
CAR_FC8802C5,Bmw,Z4,sdrive20i m sport (plus package) sport automatic 2d,BMW Z4 RoadstersDrive20i M Sport (Plus Package) Sport Automatic 2d Specs & dimensions,2019,,1998.0,4.0,194.0,320.0,1420.0,Rear wheel drive,Automatic,Naturally Aspirated,Petrol,,,239.8,149.0,6.4,161.0,https://www.parkers.co.uk/bmw/z4/roadster-2019/sdrive20i-m-sport-(plus-package)-sport-automatic-2d/specs/
CAR_F90A932D,Bmw,Z4,sdrive20i m sport (technology package) sport automatic 2d,BMW Z4 RoadstersDrive20i M Sport (Technology Package) Sport Automatic 2d Specs & dimensions,2019,,1998.0,4.0,194.0,320.0,1450.0,Rear wheel drive,Automatic,Naturally Aspirated,Petrol,,,239.8,149.0,6.4,161.0,https://www.parkers.co.uk/bmw/z4/roadster-2019/sdrive20i-m-sport-(technology-package)-sport-automatic-2d/specs/
CAR_616C809D,Bmw,Z4,sdrive20i m sport sport automatic 2d,BMW Z4 RoadstersDrive20i M Sport Sport Automatic 2d Specs & dimensions,2019,,1998.0,4.0,194.0,320.0,1450.0,Rear wheel drive,Automatic,Naturally Aspirated,Petrol,,,239.8,149.0,6.4,161.0,https://www.parkers.co.uk/bmw/z4/roadster-2019/sdrive20i-m-sport-sport-automatic-2d/specs/
CAR_3AB30DF3,Bmw,Z4,sdrive20i sport sport automatic 2d,BMW Z4 RoadstersDrive20i Sport Sport Automatic 2d Specs & dimensions,2019,,1998.0,4.0,194.0,320.0,1430.0,Rear wheel drive,Automatic,Naturally Aspirated,Petrol,,,239.8,149.0,6.4,161.0,https://www.parkers.co.uk/bmw/z4/roadster-2019/sdrive20i-sport-sport-automatic-2d/specs/
CAR_145393F6,Bmw,Z4,sdrive30i m sport (plus package and technology package) sport automatic 2d,BMW Z4 RoadstersDrive30i M Sport (Plus Package and Technology Package) Sport Automatic 2d Specs & dimensions,2019,,1998.0,4.0,254.0,400.0,1430.0,Rear wheel drive,Automatic,Naturally Aspirated,Petrol,,,249.4,155.0,5.2,166.0,https://www.parkers.co.uk/bmw/z4/roadster-2019/sdrive30i-m-sport-(plus-package-and-technology-package)-sport-automatic-2d/specs/
CAR_4B9FF813,Bmw,Z4,sdrive30i m sport (plus package) sport automatic 2d,BMW Z4 RoadstersDrive30i M Sport (Plus Package) Sport Automatic 2d Specs & dimensions,2019,,1998.0,4.0,254.0,400.0,1430.0,Rear wheel drive,Automatic,Naturally Aspirated,Petrol,,,249.4,155.0,5.2,166.0,https://www.parkers.co.uk/bmw/z4/roadster-2019/sdrive30i-m-sport-(plus-package)-sport-automatic-2d/specs/
CAR_4FC6B006,Bmw,Z4,sdrive30i m sport (technology package) sport automatic 2d,BMW Z4 RoadstersDrive30i M Sport (Technology Package) Sport Automatic 2d Specs & dimensions,2019,,1998.0,4.0,254.0,400.0,1430.0,Rear wheel drive,Automatic,Naturally Aspirated,Petrol,,,249.4,155.0,5.2,161.0,https://www.parkers.co.uk/bmw/z4/roadster-2019/sdrive30i-m-sport-(technology-package)-sport-automatic-2d/specs/
CAR_04B827A1,Bmw,Z4,sdrive30i m sport sport automatic 2d,BMW Z4 RoadstersDrive30i M Sport Sport Automatic 2d Specs & dimensions,2019,,1998.0,4.0,254.0,400.0,1430.0,Rear wheel drive,Automatic,Naturally Aspirated,Petrol,,,249.4,155.0,5.2,161.0,https://www.parkers.co.uk/bmw/z4/roadster-2019/sdrive30i-m-sport-sport-automatic-2d/specs/
CAR_CC552FCB,Bmw,Z4,sdrive30i sport sport automatic 2d,BMW Z4 RoadstersDrive30i Sport Sport Automatic 2d Specs & dimensions,2019,,1998.0,4.0,254.0,400.0,1430.0,Rear wheel drive,Automatic,Naturally Aspirated,Petrol,,,249.4,155.0,5.2,162.0,https://www.parkers.co.uk/bmw/z4/roadster-2019/sdrive30i-sport-sport-automatic-2d/specs/
CAR_926F6CCF,Bmw,Z4,trim first edition,BMW Z4 Roadster First Edition (2019 - 2025)Specs & dimensions,2019,2025,,,,,,,,Turbocharged,,,,,,,,https://www.parkers.co.uk/bmw/z4/roadster-2019/trim-first-edition/specs/
CAR_1E6F8179,Bmw,Z4,trim m sport,BMW Z4 Roadster M Sport (2019 - 2025)Specs & dimensions,2019,2025,,,,,,,,Unknown,,,,,,,,https://www.parkers.co.uk/bmw/z4/roadster-2019/trim-m-sport/specs/
CAR_ACE4F76A,Bmw,Z4,trim m40i,BMW Z4 Roadster M40i (2019 - 2025)Specs & dimensions,2019,2025,,,,,,,,Unknown,,,,,,,,https://www.parkers.co.uk/bmw/z4/roadster-2019/trim-m40i/specs/
CAR_A5A93317,Bmw,Z4,trim sport,BMW Z4 Roadster Sport (2019 - 2025)Specs & dimensions,2019,2025,,,,,,,,Unknown,,,,,,,,https://www.parkers.co.uk/bmw/z4/roadster-2019/trim-sport/specs/
CAR_DB3DF836,Bmw,Z4,trim standard trim,BMW Z4 Roadster Standard Trim (2019 - 2025)Specs & dimensions,2019,2025,,,,,,,,Unknown,,,,,,,,https://www.parkers.co.uk/bmw/z4/roadster-2019/trim-standard-trim/specs/
CAR_880141AE,Bmw,Z4,engine 20i petrol,BMW Z4 Roadster 2.0i Petrol (2019 - 2025)Specs & dimensions,2019,2025,,,,,,,,Unknown,,,,,,,,https://www.parkers.co.uk/bmw/z4/roadster-2019/engine-20i-petrol/specs/
CAR_4D3ECD6D,Bmw,Z4,engine 30i petrol,BMW Z4 Roadster 3.0i Petrol (2019 - 2025)Specs & dimensions,2019,2025,,,,,,,,Unknown,,,,,,,,https://www.parkers.co.uk/bmw/z4/roadster-2019/engine-30i-petrol/specs/
CAR_E18D7916,Bmw,6 Series,620d m sport auto 5d,BMW 6-Series Gran Turismo620d M Sport auto 5d Specs & dimensions,2017,,1995.0,4.0,187.0,400.0,1765.0,Rear wheel drive,Automatic,Unknown,Diesel,,,220.5,137.0,7.6,167.0,https://www.parkers.co.uk/bmw/6-series/gran-turismo-2017/620d-m-sport-auto-5d/specs/
CAR_9F53CB95,Bmw,6 Series,620d se auto 5d,BMW 6-Series Gran Turismo620d SE auto 5d Specs & dimensions,2017,,1995.0,4.0,187.0,400.0,1765.0,Rear wheel drive,Automatic,Unknown,Diesel,,,220.5,137.0,7.6,159.0,https://www.parkers.co.uk/bmw/6-series/gran-turismo-2017/620d-se-auto-5d/specs/
CAR_B7603A7B,Bmw,6 Series,620d xdrive m sport auto 5d,BMW 6-Series Gran Turismo620d xDrive M Sport auto 5d Specs & dimensions,2017,,1995.0,4.0,187.0,400.0,1830.0,4 wheel drive,Automatic,Unknown,Diesel,,,218.9,136.0,7.7,175.0,https://www.parkers.co.uk/bmw/6-series/gran-turismo-2017/620d-xdrive-m-sport-auto-5d/specs/
CAR_8FF5F5EB,Bmw,6 Series,620d xdrive se auto 5d,BMW 6-Series Gran Turismo620d xDrive SE auto 5d Specs & dimensions,2017,,1995.0,4.0,187.0,400.0,1830.0,4 wheel drive,Automatic,Unknown,Diesel,,,218.9,136.0,7.7,165.0,https://www.parkers.co.uk/bmw/6-series/gran-turismo-2017/620d-xdrive-se-auto-5d/specs/
CAR_D91C2BDE,Bmw,6 Series,630d m sport sport automatic 5d,BMW 6-Series Gran Turismo630d M Sport Sport Automatic 5d Specs & dimensions,2017,,2993.0,6.0,261.0,620.0,1825.0,Rear wheel drive,Automatic,Unknown,Diesel,,,249.4,155.0,5.9,177.0,https://www.parkers.co.uk/bmw/6-series/gran-turismo-2017/630d-m-sport-sport-automatic-5d/specs/
CAR_13957405,Bmw,6 Series,630d se sport automatic 5d,BMW 6-Series Gran Turismo630d SE Sport Automatic 5d Specs & dimensions,2017,,2993.0,6.0,261.0,620.0,1825.0,Rear wheel drive,Automatic,Unknown,Diesel,,,249.4,155.0,5.9,170.0,https://www.parkers.co.uk/bmw/6-series/gran-turismo-2017/630d-se-sport-automatic-5d/specs/
CAR_BFF14BFC,Bmw,6 Series,630d xdrive m sport sport automatic 5d,BMW 6-Series Gran Turismo630d xDrive M Sport Sport Automatic 5d Specs & dimensions,2017,,2993.0,6.0,261.0,620.0,1880.0,4 wheel drive,Automatic,Unknown,Diesel,,,249.4,155.0,5.8,190.0,https://www.parkers.co.uk/bmw/6-series/gran-turismo-2017/630d-xdrive-m-sport-sport-automatic-5d/specs/
CAR_FCFA1FD0,Bmw,6 Series,630d xdrive se sport automatic 5d,BMW 6-Series Gran Turismo630d xDrive SE Sport Automatic 5d Specs & dimensions,2017,,2993.0,6.0,261.0,620.0,1880.0,4 wheel drive,Automatic,Unknown,Diesel,,,249.4,155.0,5.8,181.0,https://www.parkers.co.uk/bmw/6-series/gran-turismo-2017/630d-xdrive-se-sport-automatic-5d/specs/
CAR_2271F623,Bmw,6 Series,630i m sport sport automatic 5d,BMW 6-Series Gran Turismo630i M Sport Sport Automatic 5d Specs & dimensions,2017,,1998.0,4.0,254.0,400.0,1720.0,Rear wheel drive,Automatic,Naturally Aspirated,Petrol,,,249.4,155.0,6.1,191.0,https://www.parkers.co.uk/bmw/6-series/gran-turismo-2017/630i-m-sport-sport-automatic-5d/specs/
CAR_B1093AD0,Bmw,6 Series,630i se sport automatic 5d,BMW 6-Series Gran Turismo630i SE Sport Automatic 5d Specs & dimensions,2017,,1998.0,4.0,254.0,400.0,1720.0,Rear wheel drive,Automatic,Naturally Aspirated,Petrol,,,249.4,155.0,6.1,183.0,https://www.parkers.co.uk/bmw/6-series/gran-turismo-2017/630i-se-sport-automatic-5d/specs/
CAR_0E46A061,Bmw,6 Series,640i xdrive m sport sport automatic 5d,BMW 6-Series Gran Turismo640i xDrive M Sport Sport Automatic 5d Specs & dimensions,2017,,2998.0,6.0,335.0,450.0,1840.0,4 wheel drive,Automatic,Naturally Aspirated,Petrol,,,249.4,155.0,5.0,215.0,https://www.parkers.co.uk/bmw/6-series/gran-turismo-2017/640i-xdrive-m-sport-sport-automatic-5d/specs/
CAR_AD67E439,Bmw,6 Series,640i xdrive se sport automatic 5d,BMW 6-Series Gran Turismo640i xDrive SE Sport Automatic 5d Specs & dimensions,2017,,2998.0,6.0,335.0,450.0,1840.0,4 wheel drive,Automatic,Naturally Aspirated,Petrol,,,249.4,155.0,5.0,204.0,https://www.parkers.co.uk/bmw/6-series/gran-turismo-2017/640i-xdrive-se-sport-automatic-5d/specs/
CAR_B8B7A3B6,Bmw,6 Series,trim m sport,BMW 6-Series Gran Turismo M Sport (2017 - 2020)Specs & dimensions,2017,2020,,,,,,,,Unknown,,,,,,,,https://www.parkers.co.uk/bmw/6-series/gran-turismo-2017/trim-m-sport/specs/
CAR_FF86D67A,Bmw,6 Series,trim se,BMW 6-Series Gran Turismo SE (2017 - 2020)Specs & dimensions,2017,2020,,,,,,,,Unknown,,,,,,,,https://www.parkers.co.uk/bmw/6-series/gran-turismo-2017/trim-se/specs/
CAR_000F7312,Bmw,6 Series,engine 20i petrol,BMW 6-Series Gran Turismo 2.0i Petrol (2017 - 2020)Specs & dimensions,2017,2020,,,,,,,,Unknown,,,,,,,,https://www.parkers.co.uk/bmw/6-series/gran-turismo-2017/engine-20i-petrol/specs/
CAR_31482FEE,Bmw,6 Series,engine 30d diesel,BMW 6-Series Gran Turismo 3.0d Diesel (2017 - 2020)Specs & dimensions,2017,2020,,,,,,,,Diesel,,,,,,,,https://www.parkers.co.uk/bmw/6-series/gran-turismo-2017/engine-30d-diesel/specs/
CAR_3C5BB9A4,Bmw,6 Series,engine 30i petrol,BMW 6-Series Gran Turismo 3.0i Petrol (2017 - 2020)Specs & dimensions,2017,2020,,,,,,,,Unknown,,,,,,,,https://www.parkers.co.uk/bmw/6-series/gran-turismo-2017/engine-30i-petrol/specs/
CAR_459206D9,Bmw,X1,m35i xdrive 5dr step auto,BMW X1 SUVM35i xDrive 5dr Step Auto Specs & dimensions,2022,,1998.0,4.0,295.0,400.0,1665.0,4 wheel drive,Automatic,Naturally Aspirated,Petrol,,,249.4,155.0,5.2,175.0,https://www.parkers.co.uk/bmw/x1/suv-2022/m35i-xdrive-5dr-step-auto/specs/
CAR_4FCB90ED,Bmw,X1,m35i xdrive 5dr [tech plus pack] step auto,BMW X1 SUVM35i xDrive 5dr [Tech Plus Pack] Step Auto Specs & dimensions,2022,,1998.0,4.0,295.0,400.0,1665.0,4 wheel drive,Automatic,Naturally Aspirated,Petrol,,,249.4,155.0,5.2,175.0,https://www.parkers.co.uk/bmw/x1/suv-2022/m35i-xdrive-5dr-[tech-plus-pack]-step-auto/specs/
CAR_28BE047B,Bmw,X1,m35i xdrive 5dr [techpro pack] step auto,BMW X1 SUVM35i xDrive 5dr [Tech/Pro Pack] Step Auto Specs & dimensions,2022,,1998.0,4.0,295.0,400.0,1665.0,4 wheel drive,Automatic,Naturally Aspirated,Petrol,,,249.4,155.0,5.2,175.0,https://www.parkers.co.uk/bmw/x1/suv-2022/m35i-xdrive-5dr-[techpro-pack]-step-auto/specs/
CAR_31E216E2,Bmw,X1,sdrive 18d m sport 5dr step auto,BMW X1 SUVsDrive 18d M Sport 5dr Step Auto Specs & dimensions,2022,,1995.0,4.0,147.0,360.0,1575.0,Front wheel drive,Automatic,Unknown,Diesel,,,209.2,130.0,8.6,133.0,https://www.parkers.co.uk/bmw/x1/suv-2022/sdrive-18d-m-sport-5dr-step-auto/specs/
CAR_ABC73FB8,Bmw,X1,sdrive 18d m sport 5dr [pro pk] step auto,BMW X1 SUVsDrive 18d M Sport 5dr [Pro Pk] Step Auto Specs & dimensions,2022,,1995.0,4.0,147.0,360.0,1575.0,Front wheel drive,Automatic,Unknown,Diesel,,,209.2,130.0,8.6,133.0,https://www.parkers.co.uk/bmw/x1/suv-2022/sdrive-18d-m-sport-5dr-[pro-pk]-step-auto/specs/
CAR_0E145C9A,Bmw,X1,sdrive 18d m sport 5dr [tech plus pk] step auto,BMW X1 SUVsDrive 18d M Sport 5dr [Tech Plus Pk] Step Auto Specs & dimensions,2022,,1995.0,4.0,147.0,360.0,1575.0,Front wheel drive,Automatic,Unknown,Diesel,,,209.2,130.0,8.6,133.0,https://www.parkers.co.uk/bmw/x1/suv-2022/sdrive-18d-m-sport-5dr-[tech-plus-pk]-step-auto/specs/
CAR_AFB64EAF,Audi,A4,14t fsi se 4d,Audi A4 Saloon1.4T FSI SE 4d Specs & dimensions,2015,,1395.0,4.0,147.0,250.0,1320.0,Front wheel drive,Manual,Naturally Aspirated,Petrol,,,209.2,130.0,8.4,126.0,https://www.parkers.co.uk/audi/a4/saloon-2015/14t-fsi-se-4d/specs/
CAR_596EEA83,Audi,A4,14t fsi sport 4d,Audi A4 Saloon1.4T FSI Sport 4d Specs & dimensions,2015,,1395.0,4.0,147.0,250.0,1320.0,Front wheel drive,Manual,Naturally Aspirated,Petrol,,,209.2,130.0,8.4,126.0,https://www.parkers.co.uk/audi/a4/saloon-2015/14t-fsi-sport-4d/specs/
CAR_316FC97B,Audi,A4,20 tdi (190bhp) quattro s line 4d s tronic,Audi A4 Saloon2.0 TDI (190bhp) Quattro S Line 4d S Tronic Specs & dimensions,2015,,1968.0,4.0,187.0,400.0,1575.0,4 wheel drive,Automatic,Diesel,Diesel,,,235.0,146.0,7.0,118.0,https://www.parkers.co.uk/audi/a4/saloon-2015/20-tdi-(190bhp)-quattro-s-line-4d-s-tronic/specs/
CAR_72A0A213,Audi,A4,20 tdi (190bhp) quattro sport 4d s tronic,Audi A4 Saloon2.0 TDI (190bhp) Quattro Sport 4d S Tronic Specs & dimensions,2015,,1968.0,4.0,187.0,400.0,1575.0,4 wheel drive,Automatic,Diesel,Diesel,,,235.0,146.0,7.0,114.0,https://www.parkers.co.uk/audi/a4/saloon-2015/20-tdi-(190bhp)-quattro-sport-4d-s-tronic/specs/
CAR_49D39FCB,Audi,A4,20 tdi (190bhp) s line 4d,Audi A4 Saloon2.0 TDI (190bhp) S Line 4d Specs & dimensions,2015,,1968.0,4.0,187.0,400.0,1450.0,Front wheel drive,Manual,Diesel,Diesel,,,239.8,149.0,7.5,113.0,https://www.parkers.co.uk/audi/a4/saloon-2015/20-tdi-(190bhp)-s-line-4d/specs/
CAR_7E3E1B73,Audi,A4,20 tdi (190bhp) s line 4d s tronic,Audi A4 Saloon2.0 TDI (190bhp) S Line 4d S Tronic Specs & dimensions,2015,,1968.0,4.0,187.0,400.0,1480.0,Front wheel drive,Automatic,Diesel,Diesel,,,236.6,147.0,7.5,111.0,https://www.parkers.co.uk/audi/a4/saloon-2015/20-tdi-(190bhp)-s-line-4d-s-tronic/specs/
CAR_6C937E6C,Audi,A4,20 tdi s line 4d,Audi A4 Saloon2.0 TDI S Line 4d Specs & dimensions,2015,,1968.0,4.0,147.0,320.0,1430.0,Front wheel drive,Manual,Diesel,Diesel,,,220.5,137.0,8.6,106.0,https://www.parkers.co.uk/audi/a4/saloon-2015/20-tdi-s-line-4d/specs/
CAR_3680C15D,Audi,A4,20 tdi s line 4d s tronic,Audi A4 Saloon2.0 TDI S Line 4d S Tronic Specs & dimensions,2015,,1968.0,4.0,147.0,320.0,1465.0,Front wheel drive,Automatic,Diesel,Diesel,,,218.9,136.0,8.4,109.0,https://www.parkers.co.uk/audi/a4/saloon-2015/20-tdi-s-line-4d-s-tronic/specs/
CAR_E82F8C8E,Audi,A4,20 tdi ultra (190bhp) sport 4d,Audi A4 Saloon2.0 TDI Ultra (190bhp) Sport 4d Specs & dimensions,2015,,1968.0,4.0,187.0,400.0,1430.0,Front wheel drive,Manual,Diesel,Diesel,,,209.2,130.0,7.5,102.0,https://www.parkers.co.uk/audi/a4/saloon-2015/20-tdi-ultra-(190bhp)-sport-4d/specs/
CAR_FDE734D7,Audi,A4,20 tdi ultra (190bhp) sport 4d s tronic,Audi A4 Saloon2.0 TDI Ultra (190bhp) Sport 4d S Tronic Specs & dimensions,2015,,1968.0,4.0,187.0,400.0,1470.0,Front wheel drive,Automatic,Diesel,Diesel,,,209.2,130.0,7.5,103.0,https://www.parkers.co.uk/audi/a4/saloon-2015/20-tdi-ultra-(190bhp)-sport-4d-s-tronic/specs/
CAR_619854C5,Audi,A4,20 tdi ultra se 4d,Audi A4 Saloon2.0 TDI Ultra SE 4d Specs & dimensions,2015,,1968.0,4.0,147.0,320.0,1430.0,Front wheel drive,Manual,Diesel,Diesel,,,209.2,130.0,8.6,99.0,https://www.parkers.co.uk/audi/a4/saloon-2015/20-tdi-ultra-se-4d/specs/
CAR_A13F5857,Audi,A4,20 tdi ultra se 4d s tronic,Audi A4 Saloon2.0 TDI Ultra SE 4d S Tronic Specs & dimensions,2015,,1968.0,4.0,147.0,320.0,1470.0,Front wheel drive,Automatic,Diesel,Diesel,,,209.2,130.0,8.4,101.0,https://www.parkers.co.uk/audi/a4/saloon-2015/20-tdi-ultra-se-4d-s-tronic/specs/
CAR_70D5EF29,Audi,A4,20 tdi ultra sport 4d,Audi A4 Saloon2.0 TDI Ultra Sport 4d Specs & dimensions,2015,,1968.0,4.0,147.0,320.0,1430.0,Front wheel drive,Manual,Diesel,Diesel,,,209.2,130.0,8.6,99.0,https://www.parkers.co.uk/audi/a4/saloon-2015/20-tdi-ultra-sport-4d/specs/
CAR_58E906CE,Audi,A4,20 tdi ultra sport 4d s tronic,Audi A4 Saloon2.0 TDI Ultra Sport 4d S Tronic Specs & dimensions,2015,,1968.0,4.0,147.0,320.0,1470.0,Front wheel drive,Automatic,Diesel,Diesel,,,209.2,130.0,8.4,101.0,https://www.parkers.co.uk/audi/a4/saloon-2015/20-tdi-ultra-sport-4d-s-tronic/specs/
CAR_1FB03FD4,Audi,A4,20t fsi (252bhp) quattro s line 4d s tronic,Audi A4 Saloon2.0T FSI (252bhp) Quattro S Line 4d S Tronic Specs & dimensions,2015,,1984.0,4.0,248.0,370.0,1510.0,4 wheel drive,Automatic,Naturally Aspirated,Petrol,,,249.4,155.0,5.6,141.0,https://www.parkers.co.uk/audi/a4/saloon-2015/20t-fsi-(252bhp)-quattro-s-line-4d-s-tronic/specs/
CAR_6F3DCB5D,Audi,A4,20t fsi (252bhp) quattro sport 4d s tronic,Audi A4 Saloon2.0T FSI (252bhp) Quattro Sport 4d S Tronic Specs & dimensions,2015,,1984.0,4.0,248.0,370.0,1510.0,4 wheel drive,Automatic,Naturally Aspirated,Petrol,,,249.4,155.0,5.6,136.0,https://www.parkers.co.uk/audi/a4/saloon-2015/20t-fsi-(252bhp)-quattro-sport-4d-s-tronic/specs/
CAR_47EE523C,Audi,A4,20t fsi s line 4d,Audi A4 Saloon2.0T FSI S Line 4d Specs & dimensions,2015,,1984.0,4.0,187.0,320.0,1380.0,Front wheel drive,Manual,Naturally Aspirated,Petrol,,,239.8,149.0,7.0,130.0,https://www.parkers.co.uk/audi/a4/saloon-2015/20t-fsi-s-line-4d/specs/
CAR_96842706,Audi,A4,20t fsi s line 4d s tronic,Audi A4 Saloon2.0T FSI S Line 4d S Tronic Specs & dimensions,2015,,1984.0,4.0,187.0,320.0,1405.0,Front wheel drive,Automatic,Naturally Aspirated,Petrol,,,239.8,149.0,7.1,119.0,https://www.parkers.co.uk/audi/a4/saloon-2015/20t-fsi-s-line-4d-s-tronic/specs/
CAR_90B2ABA6,Audi,A4,20t fsi se 4d,Audi A4 Saloon2.0T FSI SE 4d Specs & dimensions,2015,,1984.0,4.0,187.0,320.0,1380.0,Front wheel drive,Manual,Naturally Aspirated,Petrol,,,239.8,149.0,7.0,127.0,https://www.parkers.co.uk/audi/a4/saloon-2015/20t-fsi-se-4d/specs/
CAR_7B7E416B,Audi,A4,20t fsi se 4d s tronic,Audi A4 Saloon2.0T FSI SE 4d S Tronic Specs & dimensions,2015,,1984.0,4.0,187.0,320.0,1405.0,Front wheel drive,Automatic,Naturally Aspirated,Petrol,,,239.8,149.0,7.1,116.0,https://www.parkers.co.uk/audi/a4/saloon-2015/20t-fsi-se-4d-s-tronic/specs/
CAR_CEF2C51C,Audi,A4,20t fsi sport 4d,Audi A4 Saloon2.0T FSI Sport 4d Specs & dimensions,2015,,1984.0,4.0,187.0,320.0,1380.0,Front wheel drive,Manual,Naturally Aspirated,Petrol,,,239.8,149.0,7.0,127.0,https://www.parkers.co.uk/audi/a4/saloon-2015/20t-fsi-sport-4d/specs/
CAR_4582F66F,Audi,A4,20t fsi sport 4d s tronic,Audi A4 Saloon2.0T FSI Sport 4d S Tronic Specs & dimensions,2015,,1984.0,4.0,187.0,320.0,1405.0,Front wheel drive,Automatic,Naturally Aspirated,Petrol,,,239.8,149.0,7.1,116.0,https://www.parkers.co.uk/audi/a4/saloon-2015/20t-fsi-sport-4d-s-tronic/specs/
CAR_A5B32952,Audi,A4,30 tdi (272bhp) quattro s line 4d tip tronic,Audi A4 Saloon3.0 TDI (272bhp) Quattro S Line 4d Tip Tronic Specs & dimensions,2015,,2967.0,6.0,268.0,600.0,1660.0,4 wheel drive,Automatic,Diesel,Diesel,,,249.4,155.0,5.1,134.0,https://www.parkers.co.uk/audi/a4/saloon-2015/30-tdi-(272bhp)-quattro-s-line-4d-tip-tronic/specs/
CAR_44394DB6,Audi,A4,30 tdi 272 quat s line 4dr tip tron ltralctech 4d,Audi A4 Saloon3.0 TDI 272 Quat S Line 4dr Tip Tron Ltr/Alc/Tech 4d Specs & dimensions,2015,,2967.0,6.0,268.0,600.0,1660.0,4 wheel drive,Automatic,Diesel,Diesel,,,249.4,155.0,5.1,138.0,https://www.parkers.co.uk/audi/a4/saloon-2015/30-tdi-272-quat-s-line-4dr-tip-tron-ltralctech-4d/specs/
CAR_BEA5F02D,Audi,A4,30 tdi 272 quattro s line 4dr tip tronic ltralc 4d,Audi A4 Saloon3.0 TDI 272 Quattro S Line 4dr Tip Tronic Ltr/Alc 4d Specs & dimensions,2015,,2967.0,6.0,268.0,600.0,1660.0,4 wheel drive,Automatic,Diesel,Diesel,,,249.4,155.0,5.1,138.0,https://www.parkers.co.uk/audi/a4/saloon-2015/30-tdi-272-quattro-s-line-4dr-tip-tronic-ltralc-4d/specs/
CAR_0572FC72,Audi,A4,30 tdi quattro s line 4d s tronic,Audi A4 Saloon3.0 TDI Quattro S Line 4d S Tronic Specs & dimensions,2015,,2967.0,6.0,214.0,400.0,1620.0,4 wheel drive,Automatic,Diesel,Diesel,,,249.4,155.0,6.1,123.0,https://www.parkers.co.uk/audi/a4/saloon-2015/30-tdi-quattro-s-line-4d-s-tronic/specs/
CAR_28FF6401,Audi,A4,30 tdi quattro sport 4d s tronic,Audi A4 Saloon3.0 TDI Quattro Sport 4d S Tronic Specs & dimensions,2015,,2967.0,6.0,214.0,400.0,1620.0,4 wheel drive,Automatic,Diesel,Diesel,,,249.4,155.0,6.1,119.0,https://www.parkers.co.uk/audi/a4/saloon-2015/30-tdi-quattro-sport-4d-s-tronic/specs/
CAR_C78595A0,Audi,A4,30 tdi s line 4d s tronic,Audi A4 Saloon3.0 TDI S Line 4d S Tronic Specs & dimensions,2015,,2967.0,6.0,214.0,400.0,1540.0,Front wheel drive,Automatic,Diesel,Diesel,,,249.4,155.0,6.4,114.0,https://www.parkers.co.uk/audi/a4/saloon-2015/30-tdi-s-line-4d-s-tronic/specs/
CAR_D1247538,Audi,A4,30 tdi sport 4d s tronic,Audi A4 Saloon3.0 TDI Sport 4d S Tronic Specs & dimensions,2015,,2967.0,6.0,214.0,400.0,1540.0,Front wheel drive,Automatic,Diesel,Diesel,,,249.4,155.0,6.4,109.0,https://www.parkers.co.uk/audi/a4/saloon-2015/30-tdi-sport-4d-s-tronic/specs/
CAR_76360500,Audi,A4,30 tdi sport edition 4dr s tronic,Audi A4 Saloon30 TDI Sport Edition 4dr S Tronic Specs & dimensions,2015,,1968.0,,134.0,320.0,1475.0,Front wheel drive,Automatic,Diesel,Diesel,,,214.0,133.0,9.2,125.0,https://www.parkers.co.uk/audi/a4/saloon-2015/30-tdi-sport-edition-4dr-s-tronic/specs/
CAR_7422F459,Audi,A4,30 tdi sport edition 4dr s tronic [comfortsound],Audi A4 Saloon30 TDI Sport Edition 4dr S Tronic [Comfort+Sound] Specs & dimensions,2015,,1968.0,,134.0,320.0,1475.0,Front wheel drive,Automatic,Diesel,Diesel,,,214.0,133.0,9.2,125.0,https://www.parkers.co.uk/audi/a4/saloon-2015/30-tdi-sport-edition-4dr-s-tronic-[comfortsound]/specs/
CAR_6818A7A4,Audi,A4,35 tdi black edition 4dr s tronic [tech pack],Audi A4 Saloon35 TDI Black Edition 4dr S Tronic [Tech Pack] Specs & dimensions,2015,,1968.0,,160.0,370.0,1485.0,Front wheel drive,Automatic,Diesel,Diesel,,,228.5,142.0,7.9,138.0,https://www.parkers.co.uk/audi/a4/saloon-2015/35-tdi-black-edition-4dr-s-tronic-[tech-pack]/specs/
CAR_28712B19,Audi,A4,35 tdi black edition 4dr s tronic [tech pro],Audi A4 Saloon35 TDI Black Edition 4dr S Tronic [Tech Pro] Specs & dimensions,2015,,1968.0,,160.0,370.0,1485.0,Front wheel drive,Automatic,Diesel,Diesel,,,228.5,142.0,7.9,138.0,https://www.parkers.co.uk/audi/a4/saloon-2015/35-tdi-black-edition-4dr-s-tronic-[tech-pro]/specs/
CAR_8B13F6D0,Audi,A4,35 tdi s line 4dr s tronic [tech pack],Audi A4 Saloon35 TDI S Line 4dr S Tronic [Tech Pack] Specs & dimensions,2015,,1968.0,,160.0,370.0,1485.0,Front wheel drive,Automatic,Diesel,Diesel,,,228.5,142.0,7.9,135.0,https://www.parkers.co.uk/audi/a4/saloon-2015/35-tdi-s-line-4dr-s-tronic-[tech-pack]/specs/
CAR_A7616274,Audi,A4,35 tdi s line 4dr s tronic [tech pro],Audi A4 Saloon35 TDI S Line 4dr S Tronic [Tech Pro] Specs & dimensions,2015,,1968.0,,160.0,370.0,1485.0,Front wheel drive,Automatic,Diesel,Diesel,,,228.5,142.0,7.9,135.0,https://www.parkers.co.uk/audi/a4/saloon-2015/35-tdi-s-line-4dr-s-tronic-[tech-pro]/specs/
CAR_BA42D06E,Audi,A4,35 tdi se 4dr s tronic [leathertech pack] 4d,Audi A4 Saloon35 TDI SE 4dr S Tronic [Leather/Tech Pack] 4d Specs & dimensions,2015,,1968.0,,147.0,320.0,1465.0,Front wheel drive,Automatic,Diesel,Diesel,,,218.9,136.0,8.6,114.0,https://www.parkers.co.uk/audi/a4/saloon-2015/35-tdi-se-4dr-s-tronic-[leathertech-pack]-4d/specs/
CAR_8054843E,Audi,A4,35 tdi se 4dr s tronic [leather] 4d,Audi A4 Saloon35 TDI SE 4dr S Tronic [Leather] 4d Specs & dimensions,2015,,1968.0,,147.0,320.0,1465.0,Front wheel drive,Automatic,Diesel,Diesel,,,218.9,136.0,8.6,114.0,https://www.parkers.co.uk/audi/a4/saloon-2015/35-tdi-se-4dr-s-tronic-[leather]-4d/specs/
CAR_CBD960DF,Audi,A4,35 tdi sport 4dr s tronic [17 alloy],"Audi A4 Saloon35 TDI Sport 4dr S Tronic [17"" Alloy] Specs & dimensions",2015,,1968.0,,160.0,370.0,1485.0,Front wheel drive,Automatic,Diesel,Diesel,,,228.5,142.0,7.9,125.0,https://www.parkers.co.uk/audi/a4/saloon-2015/35-tdi-sport-4dr-s-tronic-[17-alloy]/specs/
CAR_AC0D0CD4,Audi,A4,35 tdi sport 4dr s tronic [tech pack],Audi A4 Saloon35 TDI Sport 4dr S Tronic [Tech Pack] Specs & dimensions,2015,,1968.0,,160.0,370.0,1485.0,Front wheel drive,Automatic,Diesel,Diesel,,,228.5,142.0,7.9,125.0,https://www.parkers.co.uk/audi/a4/saloon-2015/35-tdi-sport-4dr-s-tronic-[tech-pack]/specs/
CAR_F8C399EF,Audi,A4,35 tdi sport 4dr s tronic [tech pro],Audi A4 Saloon35 TDI Sport 4dr S Tronic [Tech Pro] Specs & dimensions,2015,,1968.0,,160.0,370.0,1485.0,Front wheel drive,Automatic,Diesel,Diesel,,,228.5,142.0,7.9,125.0,https://www.parkers.co.uk/audi/a4/saloon-2015/35-tdi-sport-4dr-s-tronic-[tech-pro]/specs/
CAR_5D40DABA,Audi,A4,35 tdi sport edition 4dr s tronic,Audi A4 Saloon35 TDI Sport Edition 4dr S Tronic Specs & dimensions,2015,,1968.0,,160.0,370.0,1485.0,Front wheel drive,Automatic,Diesel,Diesel,,,228.5,142.0,7.9,126.0,https://www.parkers.co.uk/audi/a4/saloon-2015/35-tdi-sport-edition-4dr-s-tronic/specs/
CAR_B85431C3,Audi,A4,35 tdi sport edition 4dr s tronic [comfortsound],Audi A4 Saloon35 TDI Sport Edition 4dr S Tronic [Comfort+Sound] Specs & dimensions,2015,,1968.0,,160.0,370.0,1485.0,Front wheel drive,Automatic,Diesel,Diesel,,,228.5,142.0,7.9,126.0,https://www.parkers.co.uk/audi/a4/saloon-2015/35-tdi-sport-edition-4dr-s-tronic-[comfortsound]/specs/
CAR_3C6FF366,Audi,A4,35 tfsi black edition 4dr s tronic [tech pack],Audi A4 Saloon35 TFSI Black Edition 4dr S Tronic [Tech Pack] Specs & dimensions,2015,,1984.0,,147.0,270.0,1470.0,Front wheel drive,Automatic,Turbocharged,Petrol,,,225.3,140.0,8.6,161.0,https://www.parkers.co.uk/audi/a4/saloon-2015/35-tfsi-black-edition-4dr-s-tronic-[tech-pack]/specs/
CAR_D8236176,Audi,A4,35 tfsi black edition 4dr s tronic [tech pro],Audi A4 Saloon35 TFSI Black Edition 4dr S Tronic [Tech Pro] Specs & dimensions,2015,,1984.0,,147.0,270.0,1470.0,Front wheel drive,Automatic,Turbocharged,Petrol,,,225.3,140.0,8.6,161.0,https://www.parkers.co.uk/audi/a4/saloon-2015/35-tfsi-black-edition-4dr-s-tronic-[tech-pro]/specs/
CAR_A1E38D71,Audi,A4,35 tfsi s line 4dr s tronic [tech pack],Audi A4 Saloon35 TFSI S Line 4dr S Tronic [Tech Pack] Specs & dimensions,2015,,1984.0,,147.0,270.0,1470.0,Front wheel drive,Automatic,Turbocharged,Petrol,,,225.3,140.0,8.6,158.0,https://www.parkers.co.uk/audi/a4/saloon-2015/35-tfsi-s-line-4dr-s-tronic-[tech-pack]/specs/
CAR_0172CF9E,Audi,A4,35 tfsi s line 4dr s tronic [tech pro],Audi A4 Saloon35 TFSI S Line 4dr S Tronic [Tech Pro] Specs & dimensions,2015,,1984.0,,147.0,270.0,1470.0,Front wheel drive,Automatic,Turbocharged,Petrol,,,225.3,140.0,8.6,158.0,https://www.parkers.co.uk/audi/a4/saloon-2015/35-tfsi-s-line-4dr-s-tronic-[tech-pro]/specs/
CAR_8A72C990,Audi,A4,35 tfsi se 4dr s tronic [leathertech pack] 4d,Audi A4 Saloon35 TFSI SE 4dr S Tronic [Leather/Tech Pack] 4d Specs & dimensions,2015,,1984.0,,147.0,270.0,1435.0,Front wheel drive,Automatic,Turbocharged,Petrol,,,225.3,140.0,8.6,130.0,https://www.parkers.co.uk/audi/a4/saloon-2015/35-tfsi-se-4dr-s-tronic-[leathertech-pack]-4d/specs/
CAR_90A1ABEB,Audi,A4,35 tfsi se 4dr s tronic [leather] 4d,Audi A4 Saloon35 TFSI SE 4dr S Tronic [Leather] 4d Specs & dimensions,2015,,1984.0,,147.0,270.0,1435.0,Front wheel drive,Automatic,Turbocharged,Petrol,,,225.3,140.0,8.6,130.0,https://www.parkers.co.uk/audi/a4/saloon-2015/35-tfsi-se-4dr-s-tronic-[leather]-4d/specs/
CAR_B9B2F8C4,Audi,A4,35 tfsi se 4dr [leathertech pack] 4d,Audi A4 Saloon35 TFSI SE 4dr [Leather/Tech Pack] 4d Specs & dimensions,2015,,1984.0,,147.0,270.0,1410.0,Front wheel drive,Manual,Turbocharged,Petrol,,,223.7,139.0,8.3,132.0,https://www.parkers.co.uk/audi/a4/saloon-2015/35-tfsi-se-4dr-[leathertech-pack]-4d/specs/
CAR_47421425,Audi,A4,35 tfsi se 4dr [leather] 4d,Audi A4 Saloon35 TFSI SE 4dr [Leather] 4d Specs & dimensions,2015,,1984.0,,147.0,270.0,1410.0,Front wheel drive,Manual,Turbocharged,Petrol,,,223.7,139.0,8.3,132.0,https://www.parkers.co.uk/audi/a4/saloon-2015/35-tfsi-se-4dr-[leather]-4d/specs/
