car_id,make,model,variant,raw_title,year_from,year_to,displacement_cc,cylinders,stock_hp,stock_torque_nm,weight_kg,drivetrain,transmission,engine_type,fuel_type,drag_coef,frontal_area_m2,top_speed_stock,top_speed_mph,zero_hundred_stock,co2_gkm,source_url
CAR_91E03531,Audi,100,18 4d (83),Audi 100 Saloon1.8 4d (83) Specs & dimensions,1982,,1781.0,,90.0,,,Front wheel drive,Manual,Naturally Aspirated,Petrol,,,,,,,https://www.parkers.co.uk/audi/100/saloon-1982/18-4d-(83)/specs/
CAR_52A1021A,Audi,100,18 5d,Audi 100 Avant1.8 5d Specs & dimensions,1983,,1781.0,,90.0,,,Front wheel drive,Manual,Naturally Aspirated,Petrol,,,,,,,https://www.parkers.co.uk/audi/100/avant-1983/18-5d/specs/
CAR_98F1457E,Audi,100,20e 4d,Audi 100 Saloon2.0E 4d Specs & dimensions,1991,,1984.0,,115.0,,,Front wheel drive,Manual,Naturally Aspirated,Petrol,,,,,,,https://www.parkers.co.uk/audi/100/saloon-1991/20e-4d/specs/
CAR_ACB05FD6,Audi,100,20e 5d,Audi 100 Avant2.0E 5d Specs & dimensions,1991,,1984.0,,115.0,,,Front wheel drive,Manual,Naturally Aspirated,Petrol,,,,,,,https://www.parkers.co.uk/audi/100/avant-1991/20e-5d/specs/
CAR_CDDE8F94,Audi,200,e 4d,Audi 200 SaloonE 4d Specs & dimensions,1980,,2226.0,,,,,Front wheel drive,Manual,Naturally Aspirated,Petrol,,,,,,,https://www.parkers.co.uk/audi/200/saloon-1980/e-4d/specs/
CAR_7DF23FB3,Audi,200,quattro turbo 5d,Audi 200 Avantquattro Turbo 5d Specs & dimensions,1987,,2144.0,,200.0,,,4 wheel drive,Manual,Turbocharged,Petrol,,,,,,,https://www.parkers.co.uk/audi/200/avant-1987/quattro-turbo-5d/specs/
CAR_AC37997A,Audi,80,16 4d,Audi 80 Saloon1.6 4d Specs & dimensions,1987,,1595.0,,75.0,,,Front wheel drive,Manual,Naturally Aspirated,Petrol,,,,,,,https://www.parkers.co.uk/audi/80/saloon-1987/16-4d/specs/
CAR_405B264D,Audi,80,16 4d,Audi 80 Saloon1.6 4d Specs & dimensions,1991,,1595.0,,100.0,,,Front wheel drive,Manual,Naturally Aspirated,Petrol,,,,,,,https://www.parkers.co.uk/audi/80/saloon-1991/16-4d/specs/
CAR_141E05F1,Audi,80,16 5d,Audi 80 Avant1.6 5d Specs & dimensions,1993,,1595.0,,100.0,,,Front wheel drive,Manual,Naturally Aspirated,Petrol,,,,,,,https://www.parkers.co.uk/audi/80/avant-1993/16-5d/specs/
CAR_1CE0A360,Audi,80,16 cl 4d,Audi 80 Saloon1.6 CL 4d Specs & dimensions,1982,,1595.0,,,,,Front wheel drive,Manual,Naturally Aspirated,Petrol,,,,,,,https://www.parkers.co.uk/audi/80/saloon-1982/16-cl-4d/specs/
CAR_35E0CCC0,Audi,90,20 4d,Audi 90 Saloon2.0 4d Specs & dimensions,1987,,1994.0,,115.0,,,Front wheel drive,Manual,Naturally Aspirated,Petrol,,,,,,,https://www.parkers.co.uk/audi/90/saloon-1987/20-4d/specs/
CAR_F90D1646,Audi,90,20 cd 4d,Audi 90 Saloon2.0 CD 4d Specs & dimensions,1984,,1994.0,,,,,Front wheel drive,Manual,Naturally Aspirated,Petrol,,,,,,,https://www.parkers.co.uk/audi/90/saloon-1984/20-cd-4d/specs/
CAR_8A2CC4C4,Audi,A1,25 tfsi black edition 5dr,Audi A1 Sportback25 TFSI Black Edition 5dr Specs & dimensions,2018,,999.0,3.0,93.0,175.0,1100.0,Front wheel drive,Manual,Turbocharged,Petrol,,,191.5,119.0,10.6,126.0,https://www.parkers.co.uk/audi/a1/sportback-2018/25-tfsi-black-edition-5dr/specs/
CAR_2CD923B6,Audi,A1,(technology pack) 30 tfsi 116ps 5d,Audi A1 Citycarver(Technology Pack) 30 TFSI 116PS 5d Specs & dimensions,2019,,999.0,3.0,114.0,200.0,1140.0,Front wheel drive,Manual,Turbocharged,Petrol,,,197.9,123.0,9.6,139.0,https://www.parkers.co.uk/audi/a1/citycarver-2019/(technology-pack)-30-tfsi-116ps-5d/specs/
CAR_F32FD119,Audi,A1,10 tfsi se 3d,Audi A1 Hatchback1.0 TFSI SE 3d Specs & dimensions,2010,,999.0,3.0,93.0,160.0,1035.0,Front wheel drive,Manual,Turbocharged,Petrol,,,186.7,116.0,10.6,114.0,https://www.parkers.co.uk/audi/a1/hatchback-2010/10-tfsi-se-3d/specs/
CAR_EB55F0B0,Audi,A1,10 tfsi se 5d,Audi A1 Sportback1.0 TFSI SE 5d Specs & dimensions,2012,,999.0,3.0,93.0,160.0,1060.0,Front wheel drive,Manual,Turbocharged,Petrol,,,186.7,116.0,10.7,114.0,https://www.parkers.co.uk/audi/a1/sportback-2012/10-tfsi-se-5d/specs/
CAR_6DEF0D98,Audi,A1,s1 tfsi quattro 3d,Audi A1 S1S1 TFSI Quattro 3d Specs & dimensions,2014,,1984.0,4.0,227.0,370.0,1315.0,4 wheel drive,Manual,Turbocharged,Petrol,,,249.4,155.0,5.6,162.0,https://www.parkers.co.uk/audi/a1/s1-2014/s1-tfsi-quattro-3d/specs/
CAR_BCA0C83E,Audi,A2,14 5d,Audi A2 Hatchback1.4 5d Specs & dimensions,2000,,1390.0,4.0,73.0,126.0,895.0,Front wheel drive,Manual,Naturally Aspirated,Petrol,,,172.2,107.0,11.6,144.0,https://www.parkers.co.uk/audi/a2/hatchback-2000/14-5d/specs/
CAR_12D05252,Audi,A3,12 tfsi (110bhp) s line 5d,Audi A3 Sportback1.2 TFSI (110bhp) S Line 5d Specs & dimensions,2013,,1197.0,4.0,108.0,175.0,1180.0,Front wheel drive,Manual,Turbocharged,Petrol,,,197.9,123.0,9.8,114.0,https://www.parkers.co.uk/audi/a3/sportback-2013/12-tfsi-(110bhp)-s-line-5d/specs/
CAR_9E57EE98,Audi,A3,14 tfsi (150bhp) s line (nav) 4d,Audi A3 Saloon1.4 TFSI (150bhp) S Line (Nav) 4d Specs & dimensions,2013,,1395.0,4.0,147.0,250.0,1240.0,Front wheel drive,Manual,Turbocharged,Petrol,,,223.7,139.0,7.9,112.0,https://www.parkers.co.uk/audi/a3/saloon-2013/14-tfsi-(150bhp)-s-line-(nav)-4d/specs/
CAR_C9C5FEC8,Audi,A3,14 tfsi (150bhp) s line (nav) 2d,Audi A3 Cabriolet1.4 TFSI (150bhp) S Line (Nav) 2d Specs & dimensions,2014,,1395.0,4.0,147.0,250.0,1365.0,Front wheel drive,Manual,Turbocharged,Petrol,,,222.1,138.0,8.6,118.0,https://www.parkers.co.uk/audi/a3/cabriolet-2014/14-tfsi-(150bhp)-s-line-(nav)-2d/specs/
CAR_494B50D3,Audi,A3,15 tfsi 116 s line 5dr,Audi A3 Sportback1.5 TFSI 116 S Line 5dr Specs & dimensions,2020,,1498.0,,114.0,220.0,1285.0,Front wheel drive,Manual,Turbocharged,Petrol,,,204.4,127.0,9.4,132.0,https://www.parkers.co.uk/audi/a3/sportback-2020/15-tfsi-116-s-line-5dr/specs/
CAR_A0F30475,Audi,A3,15 tfsi 116 s line 4dr,Audi A3 Saloon1.5 TFSI 116 S Line 4dr Specs & dimensions,2020,,1498.0,,114.0,220.0,1285.0,Front wheel drive,Manual,Turbocharged,Petrol,,,209.2,130.0,9.4,127.0,https://www.parkers.co.uk/audi/a3/saloon-2020/15-tfsi-116-s-line-4dr/specs/
CAR_53930883,Audi,A3,s3 tfsi black ed quattro 4dr s tronic [tech pro],Audi A3 S3S3 TFSI Black Ed Quattro 4dr S Tronic [Tech Pro] Specs & dimensions,2020,,1984.0,4.0,305.0,400.0,1505.0,4 wheel drive,Automatic,Turbocharged,Petrol,,,249.4,155.0,4.6,180.0,https://www.parkers.co.uk/audi/a3/s3-2020/s3-tfsi-black-ed-quattro-4dr-s-tronic-[tech-pro]/specs/
CAR_F1A92C37,Audi,A3,rs 3 tfsi qtro 400 carbon vorsprung 5dr s tronic,Audi A3 RS 3 SportbackRS 3 TFSI Qtro 400 Carbon Vorsprung 5dr S Tronic Specs & dimensions,2021,,2480.0,5.0,394.0,500.0,1565.0,4 wheel drive,Automatic,Turbocharged,Petrol,,,280.0,174.0,3.7,213.0,https://www.parkers.co.uk/audi/a3/rs-3-sportback-2021/rs-3-tfsi-qtro-400-carbon-vorsprung-5dr-s-tronic/specs/
CAR_0789D367,Audi,A3,rs 3 tfsi qtro 400 carbon vorsprung 4dr s tronic,Audi A3 RS 3 SaloonRS 3 TFSI Qtro 400 Carbon Vorsprung 4dr S Tronic Specs & dimensions,2021,,2480.0,5.0,394.0,500.0,1565.0,4 wheel drive,Automatic,Turbocharged,Petrol,,,280.0,174.0,3.7,209.0,https://www.parkers.co.uk/audi/a3/rs-3-saloon-2021/rs-3-tfsi-qtro-400-carbon-vorsprung-4dr-s-tronic/specs/
CAR_F134EEE2,Audi,A3,15 tfsi e 204 black ed 5dr s tronic [tech pack],Audi A3 Phev1.5 TFSI e 204 Black Ed 5dr S Tronic [Tech Pack] Specs & dimensions,2025,,1498.0,,201.0,350.0,1600.0,Front wheel drive,Automatic,Turbocharged,Petrol Parallel PHEV,,,225.3,140.0,7.2,29.0,https://www.parkers.co.uk/audi/a3/phev-2025/15-tfsi-e-204-black-ed-5dr-s-tronic-[tech-pack]/specs/
CAR_53F62B3B,Audi,A3,12 tfsi (start stop) 3d,Audi A3 Hatchback1.2 TFSI (Start Stop) 3d Specs & dimensions,2003,,1197.0,4.0,103.0,175.0,1205.0,Front wheel drive,Manual,Turbocharged,Petrol,,,191.5,119.0,10.6,127.0,https://www.parkers.co.uk/audi/a3/hatchback-2003/12-tfsi-(start-stop)-3d/specs/
CAR_5B863EC7,Audi,A3,12 t fsi (start stop) 5d,Audi A3 Sportback1.2 T FSI (Start Stop) 5d Specs & dimensions,2004,,1197.0,4.0,103.0,175.0,1245.0,Front wheel drive,Manual,Naturally Aspirated,Petrol,,,191.5,119.0,10.9,127.0,https://www.parkers.co.uk/audi/a3/sportback-2004/12-t-fsi-(start-stop)-5d/specs/
CAR_90415E34,Audi,A3,12 t fsi (start stop) 2d,Audi A3 Cabriolet1.2 T FSI (Start Stop) 2d Specs & dimensions,2008,,1197.0,4.0,103.0,175.0,1360.0,Front wheel drive,Manual,Naturally Aspirated,Petrol,,,189.9,118.0,11.8,132.0,https://www.parkers.co.uk/audi/a3/cabriolet-2008/12-t-fsi-(start-stop)-2d/specs/
CAR_971A669F,Audi,A3,s3 quattro (06) 3d,Audi A3 S3S3 Quattro (06) 3d Specs & dimensions,2006,,1984.0,4.0,261.0,350.0,1455.0,4 wheel drive,Manual,Naturally Aspirated,Petrol,,,249.4,155.0,5.5,217.0,https://www.parkers.co.uk/audi/a3/s3-2006/s3-quattro-(06)-3d/specs/
CAR_D9CBFA55,Audi,A3,25t fsi rs3 quattro 5d s tronic,Audi A3 RS3 Sportback2.5T FSI RS3 Quattro 5d S Tronic Specs & dimensions,2011,,2480.0,5.0,335.0,450.0,1650.0,4 wheel drive,Automatic,Naturally Aspirated,Petrol,,,249.4,155.0,4.5,212.0,https://www.parkers.co.uk/audi/a3/rs3-sportback-2011/25t-fsi-rs3-quattro-5d-s-tronic/specs/
CAR_89DF2F23,Audi,A3,12 tfsi (110bhp) s line 3d,Audi A3 Hatchback1.2 TFSI (110bhp) S Line 3d Specs & dimensions,2012,,1197.0,4.0,108.0,175.0,1150.0,Front wheel drive,Manual,Turbocharged,Petrol,,,197.9,123.0,9.6,114.0,https://www.parkers.co.uk/audi/a3/hatchback-2012/12-tfsi-(110bhp)-s-line-3d/specs/
CAR_ED14E8B1,Audi,A3,s3 cabriolet tfsi quattro 2d s tronic,Audi A3 S3S3 Cabriolet TFSI Quattro 2d S Tronic Specs & dimensions,2013,,1984.0,4.0,295.0,380.0,1620.0,4 wheel drive,Automatic,Turbocharged,Petrol,,,249.4,155.0,5.2,165.0,https://www.parkers.co.uk/audi/a3/s3-2013/s3-cabriolet-tfsi-quattro-2d-s-tronic/specs/
CAR_846B2C71,Audi,A3,25 tfsi rs 3 quattro (nav) 5d s tronic,Audi A3 RS3 Sportback2.5 TFSI RS 3 Quattro (Nav) 5d S Tronic Specs & dimensions,2015,,2480.0,5.0,361.0,465.0,1520.0,4 wheel drive,Automatic,Turbocharged,Petrol,,,249.4,155.0,4.2,189.0,https://www.parkers.co.uk/audi/a3/rs3-sportback-2015/25-tfsi-rs-3-quattro-(nav)-5d-s-tronic/specs/
CAR_B3AA93EE,Audi,A3,16 3d,Audi A3 Hatchback1.6 3d Specs & dimensions,1996,,1595.0,4.0,100.0,148.0,1090.0,Front wheel drive,Manual,Naturally Aspirated,Petrol,,,188.3,117.0,10.6,170.0,https://www.parkers.co.uk/audi/a3/hatchback-1996/16-3d/specs/
CAR_AFB64EAF,Audi,A4,14t fsi se 4d,Audi A4 Saloon1.4T FSI SE 4d Specs & dimensions,2015,,1395.0,4.0,147.0,250.0,1320.0,Front wheel drive,Manual,Naturally Aspirated,Petrol,,,209.2,130.0,8.4,126.0,https://www.parkers.co.uk/audi/a4/saloon-2015/14t-fsi-se-4d/specs/
CAR_7D2A3C99,Audi,A4,14t fsi se 5d,Audi A4 Avant1.4T FSI SE 5d Specs & dimensions,2015,,1395.0,4.0,147.0,250.0,1370.0,Front wheel drive,Manual,Naturally Aspirated,Petrol,,,209.2,130.0,8.7,131.0,https://www.parkers.co.uk/audi/a4/avant-2015/14t-fsi-se-5d/specs/
CAR_E22EBCFF,Audi,A4,20 tdi 190ps quattro s tronic auto (062017 on) 5d,Audi A4 Allroad2.0 TDI 190PS Quattro S Tronic auto (06/2017 on) 5d Specs & dimensions,2016,2017.0,1968.0,4.0,187.0,400.0,1640.0,4 wheel drive,Automatic,Diesel,Diesel,,,218.9,136.0,7.6,128.0,https://www.parkers.co.uk/audi/a4/allroad-2016/20-tdi-190ps-quattro-s-tronic-auto-(062017-on)-5d/specs/
CAR_FB848E81,Audi,A4,rs 4 (comfort and sound pack) 450ps tiptronic auto 5d,Audi A4 RS4 AvantRS 4 (Comfort and Sound Pack) 450PS Tiptronic auto 5d Specs & dimensions,2017,,2894.0,6.0,443.0,600.0,1745.0,4 wheel drive,Automatic,Turbocharged,Petrol,,,249.4,155.0,4.0,221.0,https://www.parkers.co.uk/audi/a4/rs4-avant-2017/rs-4-(comfort-and-sound-pack)-450ps-tiptronic-auto-5d/specs/
CAR_80CBDA93,Audi,A4,18t fsi (160bhp) black edition 4d,Audi A4 Saloon1.8T FSI (160bhp) Black Edition 4d Specs & dimensions,2008,,1798.0,4.0,157.0,250.0,1410.0,Front wheel drive,Manual,Naturally Aspirated,Petrol,,,225.3,140.0,8.3,164.0,https://www.parkers.co.uk/audi/a4/saloon-2008/18t-fsi-(160bhp)-black-edition-4d/specs/
CAR_C21F9A7E,Audi,A4,18t fsi (160bhp) black edition 5d,Audi A4 Avant1.8T FSI (160bhp) Black Edition 5d Specs & dimensions,2008,,1798.0,4.0,157.0,250.0,1470.0,Front wheel drive,Manual,Naturally Aspirated,Petrol,,,225.3,140.0,8.6,169.0,https://www.parkers.co.uk/audi/a4/avant-2008/18t-fsi-(160bhp)-black-edition-5d/specs/
CAR_16B6C33D,Audi,A4,20 tdi (190bhp) quattro 5d,Audi A4 Allroad2.0 TDI (190bhp) Quattro 5d Specs & dimensions,2009,,1968.0,4.0,187.0,400.0,1690.0,4 wheel drive,Manual,Diesel,Diesel,,,222.1,138.0,7.4,145.0,https://www.parkers.co.uk/audi/a4/allroad-2009/20-tdi-(190bhp)-quattro-5d/specs/
CAR_7D908350,Audi,A4,s4 quattro avant (2012) 5d s tronic,Audi A4 S4S4 Quattro Avant (2012) 5d S Tronic Specs & dimensions,2009,2012.0,2995.0,6.0,328.0,440.0,1750.0,4 wheel drive,Automatic,Naturally Aspirated,Petrol,,,249.4,155.0,4.9,180.0,https://www.parkers.co.uk/audi/a4/s4-2009/s4-quattro-avant-(2012)-5d-s-tronic/specs/
CAR_22D150BE,Audi,A4,42 fsi quattro 5d s tronic,Audi A4 RS4 Avant4.2 FSI Quattro 5d S Tronic Specs & dimensions,2012,,4163.0,8.0,443.0,430.0,1795.0,4 wheel drive,Automatic,Naturally Aspirated,Petrol,,,249.4,155.0,4.5,249.0,https://www.parkers.co.uk/audi/a4/rs4-avant-2012/42-fsi-quattro-5d-s-tronic/specs/
CAR_D2456324,Audi,A4,16 4d,Audi A4 Saloon1.6 4d Specs & dimensions,1995,,1595.0,4.0,101.0,140.0,1185.0,Front wheel drive,Manual,Naturally Aspirated,Petrol,,,191.5,119.0,11.5,197.0,https://www.parkers.co.uk/audi/a4/saloon-1995/16-4d/specs/
CAR_EFD5310F,Audi,A4,16 5d,Audi A4 Avant1.6 5d Specs & dimensions,1996,,1595.0,4.0,101.0,140.0,1200.0,Front wheel drive,Manual,Naturally Aspirated,Petrol,,,186.7,116.0,11.7,197.0,https://www.parkers.co.uk/audi/a4/avant-1996/16-5d/specs/
CAR_157CA3B5,Audi,A4,16 4d,Audi A4 Saloon1.6 4d Specs & dimensions,2000,,1595.0,4.0,100.0,148.0,1295.0,Front wheel drive,Manual,Naturally Aspirated,Petrol,,,188.3,117.0,12.2,187.0,https://www.parkers.co.uk/audi/a4/saloon-2000/16-4d/specs/
CAR_50B69C1D,Audi,A4,16 5d,Audi A4 Avant1.6 5d Specs & dimensions,2001,,1596.0,4.0,100.0,148.0,1350.0,Front wheel drive,Manual,Naturally Aspirated,Petrol,,,185.1,115.0,12.6,190.0,https://www.parkers.co.uk/audi/a4/avant-2001/16-5d/specs/
CAR_AF212CB6,Audi,A4,18t 2d,Audi A4 Cabriolet1.8T 2d Specs & dimensions,2001,,1781.0,4.0,160.0,225.0,1540.0,Front wheel drive,Manual,Naturally Aspirated,Petrol,,,225.3,140.0,9.1,208.0,https://www.parkers.co.uk/audi/a4/cabriolet-2001/18t-2d/specs/
CAR_CDB7F3C4,Audi,A4,16 4d,Audi A4 Saloon1.6 4d Specs & dimensions,2005,,1596.0,4.0,100.0,148.0,1300.0,Front wheel drive,Manual,Naturally Aspirated,Petrol,,,189.9,118.0,12.2,187.0,https://www.parkers.co.uk/audi/a4/saloon-2005/16-4d/specs/
CAR_53EA1310,Audi,A4,16 5d,Audi A4 Avant1.6 5d Specs & dimensions,2005,,1596.0,4.0,100.0,148.0,1360.0,Front wheel drive,Manual,Naturally Aspirated,Petrol,,,185.1,115.0,12.6,190.0,https://www.parkers.co.uk/audi/a4/avant-2005/16-5d/specs/
CAR_BEC2A0AE,Audi,A4,18t 2d,Audi A4 Cabriolet1.8T 2d Specs & dimensions,2006,,1781.0,4.0,160.0,225.0,1540.0,Front wheel drive,Manual,Naturally Aspirated,Petrol,,,225.3,140.0,9.1,199.0,https://www.parkers.co.uk/audi/a4/cabriolet-2006/18t-2d/specs/
CAR_E0B949C3,Audi,A4,42 fsi quattro 2d cabriolet,Audi A4 RS44.2 FSI quattro 2d Cabriolet Specs & dimensions,2005,,4163.0,8.0,414.0,430.0,1845.0,4 wheel drive,Manual,Naturally Aspirated,Petrol,,,249.4,155.0,4.7,336.0,https://www.parkers.co.uk/audi/a4/rs4-2005/42-fsi-quattro-2d-cabriolet/specs/
CAR_4CB462DD,Audi,A5,35 tdi black edition 2dr s tronic,Audi A5 Coupe35 TDI Black Edition 2dr S Tronic Specs & dimensions,2016,,1968.0,,160.0,370.0,1490.0,Front wheel drive,Automatic,Diesel,Diesel,,,228.5,142.0,7.9,137.0,https://www.parkers.co.uk/audi/a5/coupe-2016/35-tdi-black-edition-2dr-s-tronic/specs/
CAR_8B535CC7,Audi,A5,35 tdi black edition 5dr s tronic,Audi A5 Sportback35 TDI Black Edition 5dr S Tronic Specs & dimensions,2017,,1968.0,,160.0,370.0,1520.0,Front wheel drive,Automatic,Diesel,Diesel,,,225.3,140.0,8.1,139.0,https://www.parkers.co.uk/audi/a5/sportback-2017/35-tdi-black-edition-5dr-s-tronic/specs/
CAR_820D557A,Audi,A5,35 tfsi edition 1 2dr s tronic 2d,Audi A5 Cabriolet35 TFSI Edition 1 2dr S Tronic 2d Specs & dimensions,2017,,1984.0,,147.0,270.0,1665.0,Front wheel drive,Automatic,Turbocharged,Petrol,,,218.9,136.0,9.5,164.0,https://www.parkers.co.uk/audi/a5/cabriolet-2017/35-tfsi-edition-1-2dr-s-tronic-2d/specs/
CAR_6DDCDFC5,Audi,A5,20 tdi 204 black edition 4dr s tronic,Audi A5 Saloon2.0 TDI 204 Black Edition 4dr S tronic Specs & dimensions,2024,,1968.0,4.0,201.0,400.0,1820.0,Front wheel drive,Automatic,Diesel,Diesel,,,241.4,150.0,7.5,129.0,https://www.parkers.co.uk/audi/a5/saloon-2024/20-tdi-204-black-edition-4dr-s-tronic/specs/
CAR_3BB346E2,Audi,A5,20 tdi 204 black edition 5dr s tronic,Audi A5 Avant2.0 TDI 204 Black Edition 5dr S tronic Specs & dimensions,2024,,1968.0,4.0,201.0,400.0,1835.0,Front wheel drive,Automatic,Diesel,Diesel,,,239.8,149.0,7.5,131.0,https://www.parkers.co.uk/audi/a5/avant-2024/20-tdi-204-black-edition-5dr-s-tronic/specs/
CAR_13AB0444,Audi,A5,20 tfsi 299 e qtro edition1 4dr s tronic[19alloy],Audi A5 Hybrid2.0 TFSI 299 e Qtro Edition1 4dr S Tronic[19Alloy] Specs & dimensions,2025,,1984.0,4.0,294.0,450.0,2070.0,4 wheel drive,Automatic,Hybrid,Petrol Parallel PHEV,,,249.4,155.0,5.7,47.0,https://www.parkers.co.uk/audi/a5/hybrid-2025/20-tfsi-299-e-qtro-edition1-4dr-s-tronic[19alloy]/specs/
CAR_1A8C01F7,Audi,A5,18t fsi (160bhp) 2d,Audi A5 Coupe1.8T FSI (160bhp) 2d Specs & dimensions,2007,,1798.0,4.0,157.0,250.0,1420.0,Front wheel drive,Manual,Naturally Aspirated,Petrol,,,225.3,140.0,8.3,164.0,https://www.parkers.co.uk/audi/a5/coupe-2007/18t-fsi-(160bhp)-2d/specs/
CAR_E50AACB8,Audi,A5,18t fsi (177bhp) s line (nav) 2d,Audi A5 Cabriolet1.8T FSI (177bhp) S Line (Nav) 2d Specs & dimensions,2009,,1798.0,4.0,174.0,320.0,1620.0,Front wheel drive,Manual,Naturally Aspirated,Petrol,,,223.7,139.0,8.4,144.0,https://www.parkers.co.uk/audi/a5/cabriolet-2009/18t-fsi-(177bhp)-s-line-(nav)-2d/specs/
CAR_DA868313,Audi,A5,18t fsi (177bhp) black ed plus (5 seat) 5d multitronic,Audi A5 Sportback1.8T FSI (177bhp) Black Ed Plus (5 Seat) 5d Multitronic Specs & dimensions,2009,,1798.0,4.0,174.0,320.0,1525.0,Front wheel drive,Automatic,Naturally Aspirated,Petrol,,,220.5,137.0,8.1,149.0,https://www.parkers.co.uk/audi/a5/sportback-2009/18t-fsi-(177bhp)-black-ed-plus-(5-seat)-5d-multitronic/specs/
CAR_CE8A2B1D,Audi,A5,s5 quattro (2011) cabrio 2d s tronic,Audi A5 S5S5 Quattro (2011) Cabrio 2d S Tronic Specs & dimensions,2007,2011.0,2995.0,6.0,328.0,440.0,1675.0,4 wheel drive,Automatic,Naturally Aspirated,Petrol,,,249.4,155.0,4.7,184.0,https://www.parkers.co.uk/audi/a5/s5-2007/s5-quattro-(2011)-cabrio-2d-s-tronic/specs/
CAR_DD0E1FF4,Audi,A5,42 fsi cabriolet quattro 2d s tronic,Audi A5 RS54.2 FSI Cabriolet Quattro 2d S Tronic Specs & dimensions,2010,,4163.0,8.0,443.0,430.0,1920.0,4 wheel drive,Automatic,Naturally Aspirated,Petrol,,,249.4,155.0,4.5,249.0,https://www.parkers.co.uk/audi/a5/rs5-2010/42-fsi-cabriolet-quattro-2d-s-tronic/specs/
CAR_A7C96AC0,Audi,A6,30 tdi 272 quattro se executive 4dr s tronic tech 4d,Audi A6 Saloon3.0 TDI 272 Quattro SE Executive 4dr S Tronic Tech 4d Specs & dimensions,2018,,2967.0,6.0,268.0,580.0,1770.0,4 wheel drive,Automatic,Diesel,Diesel,,,249.4,155.0,5.3,133.0,https://www.parkers.co.uk/audi/a6/saloon-2018/30-tdi-272-quattro-se-executive-4dr-s-tronic-tech-4d/specs/
CAR_7A15EA6C,Audi,A6,30 tdi 272 quattro se executive s tronic tec 5d,Audi A6 Avant3.0 TDI 272 Quattro SE Executive S Tronic Tec 5d Specs & dimensions,2018,,2967.0,6.0,268.0,580.0,1835.0,4 wheel drive,Automatic,Diesel,Diesel,,,249.4,155.0,5.5,138.0,https://www.parkers.co.uk/audi/a6/avant-2018/30-tdi-272-quattro-se-executive-s-tronic-tec-5d/specs/
CAR_0E6A451B,Audi,A6,rs 6 (comfort and sound pack) 600ps tiptronic quattro auto 5d,Audi A6 RS6 AvantRS 6 (Comfort and Sound Pack) 600PS Tiptronic Quattro auto 5d Specs & dimensions,2020,,3996.0,8.0,591.0,800.0,2075.0,4 wheel drive,Automatic,Turbocharged,Petrol,,,249.4,155.0,3.5,283.0,https://www.parkers.co.uk/audi/a6/rs6-avant-2020/rs-6-(comfort-and-sound-pack)-600ps-tiptronic-quattro-auto-5d/specs/
CAR_761CFEFA,Audi,A6,45 tdi 245 quattro sport 5dr s tronic [cs pack],Audi A6 Allroad45 TDI 245 Quattro Sport 5dr S tronic [C+S Pack] Specs & dimensions,2019,,2967.0,6.0,241.0,500.0,1945.0,4 wheel drive,Automatic,Diesel,Diesel,,,249.4,155.0,6.4,176.0,https://www.parkers.co.uk/audi/a6/allroad-2019/45-tdi-245-quattro-sport-5dr-s-tronic-[cs-pack]/specs/
CAR_0CDE4795,Audi,A6,20 tdi quattro 204 edition 1 5dr s tronic,Audi A6 Avant2.0 TDI Quattro 204 Edition 1 5dr S Tronic Specs & dimensions,2025,,1968.0,,201.0,400.0,2000.0,4 wheel drive,Automatic,Diesel,Diesel,,,236.6,147.0,6.8,146.0,https://www.parkers.co.uk/audi/a6/avant-2025/20-tdi-quattro-204-edition-1-5dr-s-tronic/specs/
CAR_81ADBBB9,Audi,A6,20 tdi quattro 204 edition 1 5dr s tronic,Audi A6 Saloon2.0 TDI Quattro 204 Edition 1 5dr S Tronic Specs & dimensions,2025,,1968.0,,201.0,400.0,1980.0,4 wheel drive,Automatic,Diesel,Diesel,,,241.4,150.0,6.7,143.0,https://www.parkers.co.uk/audi/a6/saloon-2025/20-tdi-quattro-204-edition-1-5dr-s-tronic/specs/
CAR_8018D14E,Audi,A6,20 e hybrid qtro 299 edition 1 4dr s tronic [sv],Audi A6 e-Hybrid2.0 e-Hybrid Qtro 299 Edition 1 4dr S Tronic [S+V] Specs & dimensions,2025,,1984.0,,294.0,450.0,2130.0,4 wheel drive,Automatic,Hybrid,Petrol Parallel PHEV,,,249.4,155.0,5.8,56.0,https://www.parkers.co.uk/audi/a6/e-hybrid-2025/20-e-hybrid-qtro-299-edition-1-4dr-s-tronic-[sv]/specs/
CAR_E25F6553,Audi,A6,20 tdi (170bhp) 4d,Audi A6 Saloon2.0 TDI (170bhp) 4d Specs & dimensions,2004,,1968.0,4.0,167.0,350.0,1565.0,Front wheel drive,Manual,Diesel,Diesel,,,225.3,140.0,8.6,149.0,https://www.parkers.co.uk/audi/a6/saloon-2004/20-tdi-(170bhp)-4d/specs/
CAR_EAC41B02,Audi,A6,20 tdi (170bhp) 5d,Audi A6 Avant2.0 TDI (170bhp) 5d Specs & dimensions,2005,,1968.0,4.0,167.0,350.0,1635.0,Front wheel drive,Manual,Diesel,Diesel,,,220.5,137.0,8.9,152.0,https://www.parkers.co.uk/audi/a6/avant-2005/20-tdi-(170bhp)-5d/specs/
CAR_FBE34600,Audi,A6,52 fsi quattro 4d tip auto,Audi A6 S65.2 FSI quattro 4d Tip Auto Specs & dimensions,2006,,5204.0,10.0,428.0,540.0,1910.0,4 wheel drive,Automatic,Naturally Aspirated,Petrol,,,249.4,155.0,5.0,309.0,https://www.parkers.co.uk/audi/a6/s6-2006/52-fsi-quattro-4d-tip-auto/specs/
CAR_76618DAA,Audi,A6,50t fsi v10 rs6 plus quattro 4d tip auto,Audi A6 RS65.0T FSI V10 RS6 Plus Quattro 4d Tip Auto Specs & dimensions,2008,,4991.0,10.0,571.0,650.0,1985.0,4 wheel drive,Automatic,Naturally Aspirated,Petrol,,,249.4,155.0,4.4,331.0,https://www.parkers.co.uk/audi/a6/rs6-2008/50t-fsi-v10-rs6-plus-quattro-4d-tip-auto/specs/
CAR_B3348B86,Audi,A6,27 tdi quattro (1008) 5d tip auto,Audi A6 Allroad2.7 TDI Quattro (10/08) 5d Tip Auto Specs & dimensions,2006,,2698.0,6.0,187.0,450.0,1870.0,4 wheel drive,Automatic,Diesel,Diesel,,,217.3,135.0,8.5,199.0,https://www.parkers.co.uk/audi/a6/allroad-2006/27-tdi-quattro-(1008)-5d-tip-auto/specs/
CAR_F176D7C3,Audi,A6,20 tdi black edition 4d,Audi A6 Saloon2.0 TDI Black Edition 4d Specs & dimensions,2011,,1968.0,4.0,174.0,380.0,1575.0,Front wheel drive,Manual,Diesel,Diesel,,,226.9,141.0,8.4,129.0,https://www.parkers.co.uk/audi/a6/saloon-2011/20-tdi-black-edition-4d/specs/
CAR_759CC577,Audi,A6,20 tdi black edition 5d,Audi A6 Avant2.0 TDI Black Edition 5d Specs & dimensions,2011,,1968.0,4.0,174.0,380.0,1640.0,Front wheel drive,Manual,Diesel,Diesel,,,222.1,138.0,8.7,132.0,https://www.parkers.co.uk/audi/a6/avant-2011/20-tdi-black-edition-5d/specs/
CAR_12B59F95,Audi,A6,(technology pack) 30 bitdi 320ps quattro tiptronic auto 5d,Audi A6 Allroad(Technology Pack) 3.0 BiTDI 320PS Quattro Tiptronic auto 5d Specs & dimensions,2012,,2967.0,6.0,315.0,650.0,1955.0,4 wheel drive,Automatic,Diesel,Diesel,,,249.4,155.0,5.3,172.0,https://www.parkers.co.uk/audi/a6/allroad-2012/(technology-pack)-30-bitdi-320ps-quattro-tiptronic-auto-5d/specs/
CAR_43A74F85,Audi,A6,s6 tfsi quattro avant (1114 ) 5d s tronic,Audi A6 S6S6 TFSI Quattro Avant (11/14-) 5d S Tronic Specs & dimensions,2012,,3993.0,8.0,443.0,550.0,1960.0,4 wheel drive,Automatic,Turbocharged,Petrol,,,249.4,155.0,4.5,219.0,https://www.parkers.co.uk/audi/a6/s6-2012/s6-tfsi-quattro-avant-(1114-)-5d-s-tronic/specs/
CAR_78416B47,Audi,A6,40t fsi quattro rs6 5d tip auto,Audi A6 RS6 Avant4.0T FSI Quattro RS6 5d Tip Auto Specs & dimensions,2013,,3993.0,8.0,552.0,700.0,1950.0,4 wheel drive,Automatic,Naturally Aspirated,Petrol,,,249.4,155.0,3.8,223.0,https://www.parkers.co.uk/audi/a6/rs6-avant-2013/40t-fsi-quattro-rs6-5d-tip-auto/specs/
CAR_C581460F,Audi,A6,18 t 4d,Audi A6 Saloon1.8 T 4d Specs & dimensions,1997,,1781.0,4.0,147.0,210.0,1520.0,Front wheel drive,Manual,Naturally Aspirated,Petrol,,,215.7,134.0,9.4,206.0,https://www.parkers.co.uk/audi/a6/saloon-1997/18-t-4d/specs/
CAR_042A05E4,Audi,A6,18 t 5d,Audi A6 Avant1.8 T 5d Specs & dimensions,1998,,1781.0,4.0,147.0,210.0,1490.0,Front wheel drive,Manual,Naturally Aspirated,Petrol,,,214.0,133.0,9.6,206.0,https://www.parkers.co.uk/audi/a6/avant-1998/18-t-5d/specs/
CAR_36FFC3AF,Audi,A6,25 tdi quattro (163ps) 5d,Audi A6 Allroad2.5 TDI quattro (163ps) 5d Specs & dimensions,2000,,2496.0,6.0,160.0,310.0,1815.0,4 wheel drive,Manual,Diesel,Diesel,,,204.4,127.0,10.1,238.0,https://www.parkers.co.uk/audi/a6/allroad-2000/25-tdi-quattro-(163ps)-5d/specs/
CAR_83FA4918,Audi,A6,18 4d,Audi A6 Saloon1.8 4d Specs & dimensions,1994,,1781.0,4.0,125.0,,,Front wheel drive,Manual,Naturally Aspirated,Petrol,,,199.6,124.0,11.0,,https://www.parkers.co.uk/audi/a6/saloon-1994/18-4d/specs/
CAR_265FC7E3,Audi,A6,18 5d,Audi A6 Avant1.8 5d Specs & dimensions,1994,,1781.0,,125.0,,,Front wheel drive,Manual,Naturally Aspirated,Petrol,,,,,,204.0,https://www.parkers.co.uk/audi/a6/avant-1994/18-5d/specs/
CAR_6F85A1E3,Audi,A6 E Tron,210kw 83kwh black edition 5dr auto,Audi A6 e-tron Sportback210kW 83kWh Black Edition 5dr Auto Specs & dimensions,2024,,,,281.0,435.0,2100.0,Rear wheel drive,Automatic,EV,Electric,,,209.2,130.0,6.8,0.0,https://www.parkers.co.uk/audi/a6-e-tron/sportback-2024/210kw-83kwh-black-edition-5dr-auto/specs/
CAR_6CA3CB27,Audi,A6 E Tron,210kw 83kwh black edition 5dr auto,Audi A6 e-tron Avant210kW 83kWh Black Edition 5dr Auto Specs & dimensions,2024,,,,281.0,435.0,2110.0,Rear wheel drive,Automatic,EV,Electric,,,209.2,130.0,6.8,0.0,https://www.parkers.co.uk/audi/a6-e-tron/avant-2024/210kw-83kwh-black-edition-5dr-auto/specs/
CAR_FD321ABC,Audi,A7,40 tdi quattro black ed 5dr s tronic [tech pro],Audi A7 Sportback40 TDI Quattro Black Ed 5dr S Tronic [Tech pro] Specs & dimensions,2018,,1968.0,4.0,201.0,400.0,1765.0,4 wheel drive,Automatic,Diesel,Diesel,,,249.4,155.0,6.8,158.0,https://www.parkers.co.uk/audi/a7/sportback-2018/40-tdi-quattro-black-ed-5dr-s-tronic-[tech-pro]/specs/
CAR_E9C1F026,Audi,A7,rs 7 (comfort and sound pack) 600ps tiptronic quattro auto 5d,Audi A7 RS7 SportbackRS 7 (Comfort and Sound Pack) 600PS Tiptronic Quattro auto 5d Specs & dimensions,2020,,3996.0,8.0,591.0,800.0,2065.0,4 wheel drive,Automatic,Turbocharged,Petrol,,,249.4,155.0,3.5,278.0,https://www.parkers.co.uk/audi/a7/rs7-sportback-2020/rs-7-(comfort-and-sound-pack)-600ps-tiptronic-quattro-auto-5d/specs/
CAR_7B234F36,Audi,A7,28 fsi quattro s line (5 seat) 5d s tronic,Audi A7 Sportback2.8 FSI Quattro S Line (5 Seat) 5d S Tronic Specs & dimensions,2010,,2773.0,6.0,201.0,280.0,1730.0,4 wheel drive,Automatic,Naturally Aspirated,Petrol,,,235.0,146.0,8.0,187.0,https://www.parkers.co.uk/audi/a7/sportback-2010/28-fsi-quattro-s-line-(5-seat)-5d-s-tronic/specs/
CAR_B6340491,Audi,A7,s7 tfsi quattro (1014 ) 5d s tronic,Audi A7 S7S7 TFSI Quattro (10/14-) 5d S Tronic Specs & dimensions,2012,,3993.0,8.0,443.0,550.0,1955.0,4 wheel drive,Automatic,Turbocharged,Petrol,,,249.4,155.0,4.5,220.0,https://www.parkers.co.uk/audi/a7/s7-2012/s7-tfsi-quattro-(1014-)-5d-s-tronic/specs/
CAR_0A783ACB,Audi,A7,40t fsi v8 bi turbo rs7 quattro 5d tip auto,Audi A7 RS7 Sportback4.0T FSI V8 Bi-Turbo RS7 Quattro 5d Tip Auto Specs & dimensions,2013,,3993.0,8.0,552.0,700.0,1920.0,4 wheel drive,Automatic,Turbocharged,Petrol,,,249.4,155.0,3.8,229.0,https://www.parkers.co.uk/audi/a7/rs7-sportback-2013/40t-fsi-v8-bi-turbo-rs7-quattro-5d-tip-auto/specs/
CAR_52257EC8,Audi,A8,(comfort and sound pack) 50 tdi 286ps quattro tiptronic auto 4d,Audi A8 Saloon(Comfort and Sound Pack) 50 TDI 286PS Quattro Tiptronic auto 4d Specs & dimensions,2018,,2967.0,6.0,281.0,600.0,2050.0,4 wheel drive,Automatic,Diesel,Diesel,,,249.4,155.0,5.7,148.0,https://www.parkers.co.uk/audi/a8/saloon-2018/(comfort-and-sound-pack)-50-tdi-286ps-quattro-tiptronic-auto-4d/specs/
CAR_52F4C4FB,Audi,A8,28 fsi se 4d multitronic,Audi A8 Saloon2.8 FSI SE 4d Multitronic Specs & dimensions,2003,,2773.0,6.0,207.0,280.0,1690.0,Front wheel drive,Automatic,Naturally Aspirated,Petrol,,,236.6,147.0,7.7,199.0,https://www.parkers.co.uk/audi/a8/saloon-2003/28-fsi-se-4d-multitronic/specs/
CAR_051D44B0,Audi,A8,fsi quattro 4d tip auto (07),Audi A8 S8FSI Quattro 4d Tip Auto (07) Specs & dimensions,2006,,5204.0,10.0,443.0,540.0,1940.0,4 wheel drive,Automatic,Naturally Aspirated,Petrol,,,249.4,155.0,4.9,319.0,https://www.parkers.co.uk/audi/a8/s8-2006/fsi-quattro-4d-tip-auto-(07)/specs/
CAR_F50E0B53,Audi,A8,20 tfsi hybrid (14 ) 4d tip auto,Audi A8 Saloon2.0 TFSI Hybrid (14-) 4d Tip Auto Specs & dimensions,2010,,1984.0,4.0,241.0,350.0,1870.0,Front wheel drive,Automatic,EV,Petrol/Electric Hybrid,,,249.4,155.0,,144.0,https://www.parkers.co.uk/audi/a8/saloon-2010/20-tfsi-hybrid-(14-)-4d-tip-auto/specs/
CAR_519A8AD2,Audi,A8,s8 plus tfsi quattro 4d tip auto,Audi A8 S8S8 Plus TFSI Quattro 4d Tip Auto Specs & dimensions,2012,,3993.0,8.0,596.0,750.0,1990.0,4 wheel drive,Automatic,Turbocharged,Petrol,,,249.4,155.0,3.7,231.0,https://www.parkers.co.uk/audi/a8/s8-2012/s8-plus-tfsi-quattro-4d-tip-auto/specs/
CAR_4195FC49,Audi,A8,28 4d auto,Audi A8 Saloon2.8 4d Auto Specs & dimensions,1994,,2771.0,6.0,193.0,280.0,1560.0,Front wheel drive,Automatic,Naturally Aspirated,Petrol,,,233.4,145.0,9.9,259.0,https://www.parkers.co.uk/audi/a8/saloon-1994/28-4d-auto/specs/
CAR_1B5A654D,Audi,Cabriolet,18 2d,Audi Cabriolet Cabriolet1.8 2d Specs & dimensions,1992,,1781.0,4.0,125.0,168.0,1360.0,Front wheel drive,Manual,Naturally Aspirated,Petrol,,,194.7,121.0,11.1,216.0,https://www.parkers.co.uk/audi/cabriolet/cabriolet-1992/18-2d/specs/
CAR_C616533E,Audi,Cabriolet,18 2d,Audi Cabriolet Convertible1.8 2d Specs & dimensions,1997,,1781.0,4.0,125.0,168.0,,Front wheel drive,Manual,Naturally Aspirated,Petrol,,,194.7,121.0,11.1,216.0,https://www.parkers.co.uk/audi/cabriolet/convertible-1997/18-2d/specs/
CAR_90DB9ADF,Audi,Coupe,20 16v 3d,Audi Coupe Coupe2.0 16V 3d Specs & dimensions,1988,,1984.0,4.0,140.0,,,Front wheel drive,Manual,Naturally Aspirated,Petrol,,,,,,,https://www.parkers.co.uk/audi/coupe/coupe-1988/20-16v-3d/specs/
CAR_9889CDB7,Audi,Coupe,21 turbo 2d (82),Audi Coupe Coupe2.1 Turbo 2d (82) Specs & dimensions,1982,,2144.0,,200.0,,,4 wheel drive,Manual,Turbocharged,Petrol,,,,,,,https://www.parkers.co.uk/audi/coupe/coupe-1982/21-turbo-2d-(82)/specs/
CAR_A569CDC9,Audi,E Tron,(comfort and sound pack) 55 quattro auto 5d,Audi E-Tron SUV(Comfort and Sound Pack) 55 quattro auto 5d Specs & dimensions,2019,,,,402.0,664.0,2490.0,4 wheel drive,Automatic,EV,Electric,,,199.6,124.0,5.5,0.0,https://www.parkers.co.uk/audi/e-tron/suv-2019/(comfort-and-sound-pack)-55-quattro-auto-5d/specs/
CAR_8F7793EC,Audi,E Tron,230kw 50 qtro 71kwh black ed 5dr auto cs [22kwch],Audi E-Tron Sportback230kW 50 Qtro 71kWh Black Ed 5dr Auto C+S [22kWCh] Specs & dimensions,2020,,,,308.0,540.0,2370.0,4 wheel drive,Automatic,EV,Electric,,,189.9,118.0,6.6,0.0,https://www.parkers.co.uk/audi/e-tron/sportback-2020/230kw-50-qtro-71kwh-black-ed-5dr-auto-cs-[22kwch]/specs/
CAR_177EC72D,Audi,E Tron Gt,370kw 105kwh quattro 4dr auto,Audi E-Tron GT Saloon370kW 105kWh Quattro 4dr Auto Specs & dimensions,2021,,,,495.0,625.0,2280.0,4 wheel drive,Automatic,EV,Electric,,,244.6,152.0,4.1,0.0,https://www.parkers.co.uk/audi/e-tron-gt/saloon-2021/370kw-105kwh-quattro-4dr-auto/specs/
CAR_98CDB6BB,Audi,Q2,30 tdi s line 5dr,Audi Q2 SUV30 TDI S Line 5dr Specs & dimensions,2016,,1968.0,,114.0,250.0,1365.0,Front wheel drive,Manual,Diesel,Diesel,,,201.2,125.0,9.6,129.0,https://www.parkers.co.uk/audi/q2/suv-2016/30-tdi-s-line-5dr/specs/
CAR_A4E2B212,Audi,Q3,35 tdi black edition 5dr,Audi Q3 SUV35 TDI Black Edition 5dr Specs & dimensions,2018,,1968.0,4.0,147.0,340.0,1625.0,Front wheel drive,Manual,Diesel,Diesel,,,201.2,125.0,9.1,140.0,https://www.parkers.co.uk/audi/q3/suv-2018/35-tdi-black-edition-5dr/specs/
CAR_410050F8,Audi,Q3,35 tdi black edition 5dr,Audi Q3 Sportback35 TDI Black Edition 5dr Specs & dimensions,2019,,1968.0,4.0,147.0,340.0,1635.0,Front wheel drive,Manual,Diesel,Diesel,,,199.6,124.0,9.1,139.0,https://www.parkers.co.uk/audi/q3/sportback-2019/35-tdi-black-edition-5dr/specs/
CAR_6372D592,Audi,Q3,14 e hybrid edition 1 5dr s tronic,Audi Q3 SUV1.4 e-Hybrid Edition 1 5dr S Tronic Specs & dimensions,2025,,1498.0,,268.0,400.0,1825.0,Front wheel drive,Automatic,Hybrid,Petrol Parallel PHEV,,,215.7,134.0,6.8,47.0,https://www.parkers.co.uk/audi/q3/suv-2025/14-e-hybrid-edition-1-5dr-s-tronic/specs/
CAR_03A0CC4F,Audi,Q3,15 tfsi edition 1 5dr s tronic,Audi Q3 Sportback1.5 TFSI Edition 1 5dr S Tronic Specs & dimensions,2025,,1498.0,,147.0,250.0,1571.0,Front wheel drive,Automatic,Turbocharged,Petrol,,,207.6,129.0,9.1,148.0,https://www.parkers.co.uk/audi/q3/sportback-2025/15-tfsi-edition-1-5dr-s-tronic/specs/
CAR_A5421365,Audi,Q3,14t fsi s line (0315 ) 5d,Audi Q3 Estate1.4T FSI S Line (03/15-) 5d Specs & dimensions,2011,,1395.0,4.0,147.0,250.0,1385.0,Front wheel drive,Manual,Naturally Aspirated,Petrol,,,202.8,126.0,8.9,131.0,https://www.parkers.co.uk/audi/q3/estate-2011/14t-fsi-s-line-(0315-)-5d/specs/
CAR_806DF525,Audi,Q3,25t fsi quattro (0315 ) 5d s tronic,Audi Q3 RS2.5T FSI Quattro (03/15-) 5d S Tronic Specs & dimensions,2013,,2480.0,5.0,335.0,450.0,1655.0,4 wheel drive,Automatic,Naturally Aspirated,Petrol,,,249.4,155.0,4.6,203.0,https://www.parkers.co.uk/audi/q3/rs-2013/25t-fsi-quattro-(0315-)-5d-s-tronic/specs/
CAR_AF6EDFCE,Audi,Q4 E Tron,125kw 35 5552kwh edition 1 5dr auto,Audi Q4 E-Tron SUV125kW 35 55.52kWh Edition 1 5dr Auto Specs & dimensions,2021,,,,167.0,310.0,1890.0,Rear wheel drive,Automatic,EV,Electric,,,159.3,99.0,8.7,0.0,https://www.parkers.co.uk/audi/q4-e-tron/suv-2021/125kw-35-5552kwh-edition-1-5dr-auto/specs/
CAR_CA3672A8,Audi,Q4 E Tron,125kw 35 5552kwh edition 1 5dr auto,Audi Q4 E-Tron Sportback125kW 35 55.52kWh Edition 1 5dr Auto Specs & dimensions,2021,,,,167.0,310.0,1895.0,Rear wheel drive,Automatic,EV,Electric,,,159.3,99.0,8.7,0.0,https://www.parkers.co.uk/audi/q4-e-tron/sportback-2021/125kw-35-5552kwh-edition-1-5dr-auto/specs/
CAR_4084FCC8,Audi,Q5,40 tdi quattro black ed 5dr s tronic [tech pack],Audi Q5 SUV40 TDI Quattro Black Ed 5dr S Tronic [Tech Pack] Specs & dimensions,2016,,1968.0,,201.0,400.0,1805.0,4 wheel drive,Automatic,Diesel,Diesel,,,220.5,137.0,7.4,175.0,https://www.parkers.co.uk/audi/q5/suv-2016/40-tdi-quattro-black-ed-5dr-s-tronic-[tech-pack]/specs/
CAR_64B23DC3,Audi,Q5,40 tdi quattro black ed 5dr s tronic [tech pack],Audi Q5 Sportback40 TDI Quattro Black Ed 5dr S Tronic [Tech Pack] Specs & dimensions,2021,,1968.0,,201.0,400.0,1825.0,4 wheel drive,Automatic,Diesel,Diesel,,,220.5,137.0,7.4,175.0,https://www.parkers.co.uk/audi/q5/sportback-2021/40-tdi-quattro-black-ed-5dr-s-tronic-[tech-pack]/specs/
CAR_034A67C2,Audi,Q5,20 tdi quattro black edition 5dr s tronic,Audi Q5 SUV2.0 TDI Quattro Black Edition 5dr S Tronic Specs & dimensions,2024,,1968.0,4.0,201.0,400.0,1955.0,4 wheel drive,Automatic,Diesel,Diesel,,,225.3,140.0,7.2,166.0,https://www.parkers.co.uk/audi/q5/suv-2024/20-tdi-quattro-black-edition-5dr-s-tronic/specs/
CAR_5F74B9CF,Audi,Q5,20 tdi quattro black edition 5dr s tronic,Audi Q5 Sportback2.0 TDI Quattro Black Edition 5dr S Tronic Specs & dimensions,2025,,1968.0,4.0,201.0,400.0,1970.0,4 wheel drive,Automatic,Diesel,Diesel,,,225.3,140.0,7.2,165.0,https://www.parkers.co.uk/audi/q5/sportback-2025/20-tdi-quattro-black-edition-5dr-s-tronic/specs/
CAR_8E4A9351,Audi,Q5,20 tdi (143bhp) quattro (start stop) 5d,Audi Q5 Estate2.0 TDI (143bhp) Quattro (Start Stop) 5d Specs & dimensions,2008,,1968.0,4.0,140.0,320.0,1755.0,4 wheel drive,Manual,Diesel,Diesel,,,189.9,118.0,11.0,162.0,https://www.parkers.co.uk/audi/q5/estate-2008/20-tdi-(143bhp)-quattro-(start-stop)-5d/specs/
CAR_D6D71201,Audi,Q5,sq5 (326bhp) quattro 5d tip auto,Audi Q5 SQ5SQ5 (326bhp) Quattro 5d Tip Auto Specs & dimensions,2012,,2967.0,6.0,321.0,650.0,2000.0,4 wheel drive,Automatic,Unknown,Diesel,,,249.4,155.0,4.9,174.0,https://www.parkers.co.uk/audi/q5/sq5-2012/sq5-(326bhp)-quattro-5d-tip-auto/specs/
CAR_4DF36CE0,Audi,Q6 E Tron,185kw 83kwh black edition 5dr auto,Audi Q6 e-tron SUV185kW 83kWh Black Edition 5dr Auto Specs & dimensions,2024,,,,248.0,450.0,2125.0,Rear wheel drive,Automatic,EV,Electric,,,209.2,130.0,7.4,0.0,https://www.parkers.co.uk/audi/q6-e-tron/suv-2024/185kw-83kwh-black-edition-5dr-auto/specs/
CAR_8F65FF61,Audi,Q6 E Tron,185kw 83kwh black edition 5dr auto,Audi Q6 e-tron Sportback185kW 83kWh Black Edition 5dr Auto Specs & dimensions,2024,,,,248.0,450.0,2125.0,Rear wheel drive,Automatic,EV,Electric,,,209.2,130.0,7.4,0.0,https://www.parkers.co.uk/audi/q6-e-tron/sportback-2024/185kw-83kwh-black-edition-5dr-auto/specs/
CAR_163B04EA,Audi,Q7,30 tdi (218bhp) quattro s line 5d tip auto,Audi Q7 SUV3.0 TDI (218bhp) Quattro S Line 5d Tip Auto Specs & dimensions,2015,,2967.0,6.0,214.0,500.0,2060.0,4 wheel drive,Automatic,Diesel,Diesel,,,215.7,134.0,7.1,150.0,https://www.parkers.co.uk/audi/q7/suv-2015/30-tdi-(218bhp)-quattro-s-line-5d-tip-auto/specs/
CAR_1B821CAE,Audi,Q7,sq7 tfsi qtro 507 black ed 5dr tiptronic tech pro,Audi Q7 SQ7SQ7 TFSI Qtro 507 Black Ed 5dr Tiptronic Tech Pro Specs & dimensions,2016,,3996.0,,499.0,770.0,2265.0,4 wheel drive,Automatic,Turbocharged,Petrol,,,249.4,155.0,4.0,276.0,https://www.parkers.co.uk/audi/q7/sq7-2016/sq7-tfsi-qtro-507-black-ed-5dr-tiptronic-tech-pro/specs/
CAR_AEB75809,Audi,Q7,30 tdi (204bhp) quattro 5d tip auto,Audi Q7 SUV3.0 TDI (204bhp) Quattro 5d Tip Auto Specs & dimensions,2006,,2967.0,6.0,201.0,450.0,2300.0,4 wheel drive,Automatic,Diesel,Diesel,,,204.4,127.0,8.8,189.0,https://www.parkers.co.uk/audi/q7/suv-2006/30-tdi-(204bhp)-quattro-5d-tip-auto/specs/
CAR_FB6C87F4,Audi,Q8,30 tdi quattro 286 black ed 5dr tiptron tech pro,Audi Q8 SUV3.0 TDI Quattro 286 Black Ed 5dr Tiptron Tech Pro Specs & dimensions,2018,,2967.0,6.0,281.0,600.0,2160.0,4 wheel drive,Automatic,Diesel,Diesel,,,241.4,150.0,5.9,219.0,https://www.parkers.co.uk/audi/q8/suv-2018/30-tdi-quattro-286-black-ed-5dr-tiptron-tech-pro/specs/
CAR_982242D4,Audi,Q8,sq8 tfsi qtro 507 black ed 5dr tiptronic tech pro,Audi Q8 RS Q8SQ8 TFSI Qtro 507 Black Ed 5dr Tiptronic Tech Pro Specs & dimensions,2024,,3996.0,6.0,499.0,770.0,2240.0,4 wheel drive,Automatic,Turbocharged,Petrol,,,249.4,155.0,4.0,281.0,https://www.parkers.co.uk/audi/q8/rs-q8-2024/sq8-tfsi-qtro-507-black-ed-5dr-tiptronic-tech-pro/specs/
CAR_B02B1379,Audi,Q8 E Tron,250kw 50 qtro 95kwh black ed 5dr at tech pro 22kw,Audi Q8 e-tron SUV250kW 50 Qtro 95kWh Black Ed 5dr At Tech Pro 22kW Specs & dimensions,2023,,,,335.0,664.0,2510.0,4 wheel drive,Automatic,EV,Electric,,,199.6,124.0,5.8,0.0,https://www.parkers.co.uk/audi/q8-e-tron/suv-2023/250kw-50-qtro-95kwh-black-ed-5dr-at-tech-pro-22kw/specs/
CAR_10739AD9,Audi,Q8 E Tron,250kw 50 qtro 95kwh black ed 5dr at tech pro 22kw,Audi Q8 e-tron Sportback250kW 50 Qtro 95kWh Black Ed 5dr At Tech Pro 22kW Specs & dimensions,2023,,,,335.0,664.0,2510.0,4 wheel drive,Automatic,EV,Electric,,,199.6,124.0,5.8,0.0,https://www.parkers.co.uk/audi/q8-e-tron/sportback-2023/250kw-50-qtro-95kwh-black-ed-5dr-at-tech-pro-22kw/specs/
CAR_ADF97EC4,Audi,R8,52 570 v10 2dr s tronic performance ed carbon rwd,Audi R8 Coupe5.2 570 V10 2dr S Tronic Performance Ed Carbon RWD Specs & dimensions,2015,,5204.0,10.0,562.0,550.0,1590.0,Rear wheel drive,Automatic,Naturally Aspirated,Petrol,,,328.3,204.0,3.6,286.0,https://www.parkers.co.uk/audi/r8/coupe-2015/52-570-v10-2dr-s-tronic-performance-ed-carbon-rwd/specs/
CAR_F5A754FD,Audi,R8,52 570 v10 2dr s tronic performance ed carbon rwd,Audi R8 Spyder5.2 570 V10 2dr S Tronic Performance Ed Carbon RWD Specs & dimensions,2016,,5204.0,10.0,562.0,550.0,1695.0,Rear wheel drive,Automatic,Naturally Aspirated,Petrol,,,326.7,203.0,3.7,306.0,https://www.parkers.co.uk/audi/r8/spyder-2016/52-570-v10-2dr-s-tronic-performance-ed-carbon-rwd/specs/
CAR_E06000A1,Audi,R8,42 fsi (430bhp) quattro 2d,Audi R8 Coupe4.2 FSI (430bhp) Quattro 2d Specs & dimensions,2007,,4163.0,8.0,423.0,430.0,1560.0,4 wheel drive,Manual,Naturally Aspirated,Petrol,,,300.9,187.0,4.5,332.0,https://www.parkers.co.uk/audi/r8/coupe-2007/42-fsi-(430bhp)-quattro-2d/specs/
CAR_930CB332,Audi,R8,42 fsi quattro 2d,Audi R8 Spyder4.2 FSI Quattro 2d Specs & dimensions,2010,,4163.0,8.0,423.0,430.0,1660.0,4 wheel drive,Manual,Naturally Aspirated,Petrol,,,299.3,186.0,4.6,337.0,https://www.parkers.co.uk/audi/r8/spyder-2010/42-fsi-quattro-2d/specs/
CAR_9C48771E,Audi,R8,52 fsi quattro gt coupe 2d r tronic,Audi R8 GT Coupe5.2 FSI Quattro GT Coupe 2d R Tronic Specs & dimensions,2011,,5204.0,10.0,552.0,540.0,1525.0,4 wheel drive,Automatic,Naturally Aspirated,Petrol,,,320.3,199.0,3.5,323.0,https://www.parkers.co.uk/audi/r8/gt-coupe-2011/52-fsi-quattro-gt-coupe-2d-r-tronic/specs/
CAR_58A32975,Audi,R8,52 fsi quattro gt spyder 2d r tronic,Audi R8 GT Spyder5.2 FSI Quattro GT Spyder 2d R Tronic Specs & dimensions,2012,,5204.0,10.0,552.0,540.0,1640.0,4 wheel drive,Automatic,Naturally Aspirated,Petrol,,,317.0,197.0,3.7,332.0,https://www.parkers.co.uk/audi/r8/gt-spyder-2012/52-fsi-quattro-gt-spyder-2d-r-tronic/specs/
CAR_079A5E07,Audi,S6 E Tron,370kw s6 100kwh edition 1 5dr auto,Audi S6 e-tron Avant370kW S6 100kWh Edition 1 5dr Auto Specs & dimensions,2025,,,,495.0,580.0,2335.0,4 wheel drive,Automatic,EV,Electric,,,239.8,149.0,4.0,0.0,https://www.parkers.co.uk/audi/s6-e-tron/avant-2025/370kw-s6-100kwh-edition-1-5dr-auto/specs/
CAR_D6D1298C,Audi,S6 E Tron,370kw s6 100kwh edition 1 5dr auto,Audi S6 e-tron Sportback370kW S6 100kWh Edition 1 5dr Auto Specs & dimensions,2025,,,,495.0,580.0,2325.0,4 wheel drive,Automatic,EV,Electric,,,239.8,149.0,4.0,0.0,https://www.parkers.co.uk/audi/s6-e-tron/sportback-2025/370kw-s6-100kwh-edition-1-5dr-auto/specs/
CAR_A611CC2F,Audi,S8,s8 quattro black edition 4dr tiptronic,Audi S8 SaloonS8 Quattro Black Edition 4dr Tiptronic Specs & dimensions,2021,,3996.0,8.0,563.0,800.0,2220.0,4 wheel drive,Automatic,Naturally Aspirated,Petrol,,,249.4,155.0,3.7,260.0,https://www.parkers.co.uk/audi/s8/saloon-2021/s8-quattro-black-edition-4dr-tiptronic/specs/
CAR_BBB32357,Audi,Tt,18t fsi s line 2d,Audi TT Coupe1.8T FSI S Line 2d Specs & dimensions,2014,,1798.0,4.0,177.0,250.0,1210.0,Front wheel drive,Manual,Naturally Aspirated,Petrol,,,239.8,149.0,6.7,138.0,https://www.parkers.co.uk/audi/tt/coupe-2014/18t-fsi-s-line-2d/specs/
CAR_F3AED8BD,Audi,Tt,18t fsi s line 2d,Audi TT Roadster1.8T FSI S Line 2d Specs & dimensions,2015,,1798.0,4.0,177.0,250.0,1300.0,Front wheel drive,Manual,Naturally Aspirated,Petrol,,,236.6,147.0,7.0,142.0,https://www.parkers.co.uk/audi/tt/roadster-2015/18t-fsi-s-line-2d/specs/
CAR_69BF71AE,Audi,Tt,18t fsi s line 2d,Audi TT Coupe1.8T FSI S Line 2d Specs & dimensions,2006,,1798.0,4.0,157.0,250.0,1260.0,Front wheel drive,Manual,Naturally Aspirated,Petrol,,,225.3,140.0,7.1,149.0,https://www.parkers.co.uk/audi/tt/coupe-2006/18t-fsi-s-line-2d/specs/
CAR_DB7CA4D7,Audi,Tt,18t fsi (2011) 2d,Audi TT Roadster1.8T FSI (2011) 2d Specs & dimensions,2007,2011.0,1798.0,4.0,157.0,250.0,1285.0,Front wheel drive,Manual,Naturally Aspirated,Petrol,,,223.7,139.0,7.2,152.0,https://www.parkers.co.uk/audi/tt/roadster-2007/18t-fsi-(2011)-2d/specs/
CAR_ECB5FAFF,Audi,Tt,25t fsi tt rs plus quattro coupe 2d,Audi TT RS2.5T FSI TT RS Plus Quattro Coupe 2d Specs & dimensions,2009,,2480.0,5.0,354.0,465.0,1450.0,4 wheel drive,Manual,Turbocharged,Petrol,,,280.0,174.0,4.2,209.0,https://www.parkers.co.uk/audi/tt/rs-2009/25t-fsi-tt-rs-plus-quattro-coupe-2d/specs/
CAR_190110B4,Audi,Tt,18 s line (225ps) 2d,Audi TT Coupe1.8 S-Line (225ps) 2d Specs & dimensions,1999,,1781.0,4.0,225.0,280.0,1465.0,4 wheel drive,Manual,Naturally Aspirated,Petrol,,,243.0,151.0,6.4,226.0,https://www.parkers.co.uk/audi/tt/coupe-1999/18-s-line-(225ps)-2d/specs/
CAR_30855D90,Audi,Tt,18 t (150ps) 2d,Audi TT Roadster1.8 T (150ps) 2d Specs & dimensions,1999,,1781.0,4.0,147.0,210.0,1335.0,Front wheel drive,Manual,Naturally Aspirated,Petrol,,,215.7,134.0,8.6,199.0,https://www.parkers.co.uk/audi/tt/roadster-1999/18-t-(150ps)-2d/specs/
CAR_E71B8D08,Audi,V8,36 v8 4d auto,Audi V8 Saloon3.6 V8 4d Auto Specs & dimensions,1990,,3562.0,,250.0,,,4 wheel drive,Automatic,Naturally Aspirated,Petrol,,,,,,,https://www.parkers.co.uk/audi/v8/saloon-1990/36-v8-4d-auto/specs/
CAR_0BB6C8D8,Bmw,1 Series,116d m sport (plus pack and tech pack 1) 5d,BMW 1-Series Hatchback116d M Sport (Plus Pack and Tech Pack 1) 5d Specs & dimensions,2019,,1496.0,3.0,114.0,270.0,1375.0,Front wheel drive,Manual,Unknown,Diesel,,,199.6,124.0,10.0,123.0,https://www.parkers.co.uk/bmw/1-series/hatchback-2019/116d-m-sport-(plus-pack-and-tech-pack-1)-5d/specs/
CAR_172FB2A3,Bmw,1 Series,128ti 5dr step auto,BMW 1-Series 128ti128ti 5dr Step Auto Specs & dimensions,2020,,1998.0,4.0,261.0,400.0,1445.0,Front wheel drive,Automatic,Naturally Aspirated,Petrol,,,249.4,155.0,5.9,157.0,https://www.parkers.co.uk/bmw/1-series/128ti-2020/128ti-5dr-step-auto/specs/
CAR_55DCB3A3,Bmw,1 Series,m135i xdrive 5dr step auto [pro pack],BMW 1-Series M135iM135i xDrive 5dr Step Auto [Pro Pack] Specs & dimensions,2019,,1998.0,4.0,301.0,450.0,1525.0,4 wheel drive,Automatic,Naturally Aspirated,Petrol,,,249.4,155.0,4.6,168.0,https://www.parkers.co.uk/bmw/1-series/m135i-2019/m135i-xdrive-5dr-step-auto-[pro-pack]/specs/
CAR_081A8623,Bmw,1 Series,120 m sport 5dr step auto,BMW 1-Series Hatchback120 M Sport 5dr Step Auto Specs & dimensions,2024,,1499.0,3.0,153.0,280.0,1425.0,Front wheel drive,Automatic,Naturally Aspirated,Petrol,,,225.3,140.0,7.6,121.0,https://www.parkers.co.uk/bmw/1-series/hatchback-2024/120-m-sport-5dr-step-auto/specs/
CAR_ECA6C69C,Bmw,1 Series,m135 xdrive 5dr step auto,BMW 1-Series M135M135 xDrive 5dr Step Auto Specs & dimensions,2024,,1998.0,4.0,295.0,400.0,1550.0,4 wheel drive,Automatic,Naturally Aspirated,Petrol,,,249.4,155.0,4.7,173.0,https://www.parkers.co.uk/bmw/1-series/m135-2024/m135-xdrive-5dr-step-auto/specs/
CAR_8873A4D7,Bmw,1 Series,116d (dynamic) 3d,BMW 1-Series Hatchback116d (Dynamic) 3d Specs & dimensions,2004,,1995.0,4.0,114.0,260.0,1295.0,Rear wheel drive,Manual,Unknown,Diesel,,,199.6,124.0,9.9,118.0,https://www.parkers.co.uk/bmw/1-series/hatchback-2004/116d-(dynamic)-3d/specs/
CAR_4BCA8034,Bmw,1 Series,118d es (dynamic) 2d,BMW 1-Series Coupe118d ES (Dynamic) 2d Specs & dimensions,2007,,1995.0,4.0,140.0,300.0,1320.0,Rear wheel drive,Manual,Unknown,Diesel,,,209.2,130.0,8.7,119.0,https://www.parkers.co.uk/bmw/1-series/coupe-2007/118d-es-(dynamic)-2d/specs/
CAR_5DA3E774,Bmw,1 Series,118d es (dynamic) 2d,BMW 1-Series Convertible118d ES (Dynamic) 2d Specs & dimensions,2008,,1995.0,4.0,140.0,300.0,1475.0,Rear wheel drive,Manual,Unknown,Diesel,,,207.6,129.0,9.2,129.0,https://www.parkers.co.uk/bmw/1-series/convertible-2008/118d-es-(dynamic)-2d/specs/
CAR_895C0916,Bmw,1 Series,m 2d,BMW 1-Series M CoupeM 2d Specs & dimensions,2011,,2979.0,6.0,335.0,450.0,1495.0,Rear wheel drive,Manual,Naturally Aspirated,Petrol,,,249.4,155.0,4.7,224.0,https://www.parkers.co.uk/bmw/1-series/m-coupe-2011/m-2d/specs/
CAR_735DCC25,Bmw,1 Series,114d es (business media) 3d,BMW 1-Series Hatchback114d ES (Business Media) 3d Specs & dimensions,2011,,1598.0,4.0,93.0,235.0,1315.0,Rear wheel drive,Manual,Unknown,Diesel,,,185.1,115.0,11.8,109.0,https://www.parkers.co.uk/bmw/1-series/hatchback-2011/114d-es-(business-media)-3d/specs/
CAR_355B31A9,Bmw,2 Series,218d (150bhp) luxury (nav) 2d,BMW 2-Series Coupe218d (150bhp) Luxury (Nav) 2d Specs & dimensions,2014,,1995.0,4.0,147.0,320.0,1375.0,Rear wheel drive,Manual,Unknown,Diesel,,,212.4,132.0,8.1,116.0,https://www.parkers.co.uk/bmw/2-series/coupe-2014/218d-(150bhp)-luxury-(nav)-2d/specs/
CAR_7021EFDA,Bmw,2 Series,216d luxury (042018 on) 5d,BMW 2-Series Active Tourer216d Luxury (04/2018 on) 5d Specs & dimensions,2014,2018.0,1496.0,3.0,114.0,270.0,1425.0,Front wheel drive,Manual,Unknown,Diesel,,,194.7,121.0,10.7,123.0,https://www.parkers.co.uk/bmw/2-series/active-tourer-2014/216d-luxury-(042018-on)-5d/specs/
CAR_5E655513,Bmw,2 Series,216d luxury (042018 on) 5d,BMW 2-Series Gran Tourer216d Luxury (04/2018 on) 5d Specs & dimensions,2015,2018.0,1496.0,3.0,114.0,270.0,1530.0,Front wheel drive,Manual,Unknown,Diesel,,,191.5,119.0,11.4,130.0,https://www.parkers.co.uk/bmw/2-series/gran-tourer-2015/216d-luxury-(042018-on)-5d/specs/
CAR_C8629E8B,Bmw,2 Series,218d (150bhp) luxury (nav) 2d,BMW 2-Series Convertible218d (150bhp) Luxury (Nav) 2d Specs & dimensions,2015,,1995.0,4.0,147.0,320.0,1520.0,Rear wheel drive,Manual,Unknown,Diesel,,,207.6,129.0,8.6,124.0,https://www.parkers.co.uk/bmw/2-series/convertible-2015/218d-(150bhp)-luxury-(nav)-2d/specs/
CAR_E62A610F,Bmw,2 Series,218d m sport 4dr 4d,BMW 2-Series Gran Coupe218d M Sport 4dr 4d Specs & dimensions,2020,,1995.0,4.0,147.0,350.0,1425.0,Front wheel drive,Manual,Unknown,Diesel,,,222.1,138.0,8.3,122.0,https://www.parkers.co.uk/bmw/2-series/gran-coupe-2020/218d-m-sport-4dr-4d/specs/
CAR_7943353A,Bmw,2 Series,220d mht m sport 2dr step auto,BMW 2-Series Coupe220d MHT M Sport 2dr Step Auto Specs & dimensions,2021,,1995.0,4.0,187.0,400.0,1580.0,Rear wheel drive,Automatic,Unknown,Diesel,,,236.6,147.0,6.7,122.0,https://www.parkers.co.uk/bmw/2-series/coupe-2021/220d-mht-m-sport-2dr-step-auto/specs/
CAR_EEFC5855,Bmw,2 Series,218d luxury 5dr dct,BMW 2-Series Active Tourer218d Luxury 5dr DCT Specs & dimensions,2021,,1995.0,4.0,147.0,360.0,1545.0,Front wheel drive,Automatic,Unknown,Diesel,,,220.5,137.0,8.5,126.0,https://www.parkers.co.uk/bmw/2-series/active-tourer-2021/218d-luxury-5dr-dct/specs/
CAR_8D46CC2B,Bmw,2 Series,m2 2dr,BMW 2-Series M2M2 2dr Specs & dimensions,2022,,2993.0,6.0,453.0,550.0,1700.0,Rear wheel drive,Manual,Naturally Aspirated,Petrol,,,249.4,155.0,4.2,227.0,https://www.parkers.co.uk/bmw/2-series/m2-2022/m2-2dr/specs/
CAR_D4ACBEEC,Bmw,2 Series,220 m sport 4dr step auto,BMW 2-Series Gran Coupe220 M Sport 4dr Step Auto Specs & dimensions,2025,,1499.0,3.0,167.0,280.0,1450.0,Front wheel drive,Automatic,Naturally Aspirated,Petrol,,,230.1,143.0,7.6,120.0,https://www.parkers.co.uk/bmw/2-series/gran-coupe-2025/220-m-sport-4dr-step-auto/specs/
CAR_A7AE5FA9,Bmw,2 Series,220i m sport pro 2dr step auto,BMW 2-Series Coupe220i M Sport Pro 2dr Step Auto Specs & dimensions,2025,,1998.0,4.0,181.0,300.0,1490.0,Rear wheel drive,Automatic,Naturally Aspirated,Petrol,,,236.6,147.0,7.3,146.0,https://www.parkers.co.uk/bmw/2-series/coupe-2025/220i-m-sport-pro-2dr-step-auto/specs/
CAR_3EA78A62,Bmw,2 Series,m2 2d,BMW 2-Series M2M2 2d Specs & dimensions,2016,,2979.0,6.0,364.0,465.0,1495.0,Rear wheel drive,Manual,Naturally Aspirated,Petrol,,,249.4,155.0,4.4,199.0,https://www.parkers.co.uk/bmw/2-series/m2-2016/m2-2d/specs/
CAR_EB0010F2,Bmw,3 Series,318d (150bhp) luxury (business media) 5d,BMW 3-Series Gran Turismo318d (150bhp) Luxury (Business Media) 5d Specs & dimensions,2013,,1995.0,4.0,147.0,320.0,1570.0,Rear wheel drive,Manual,Unknown,Diesel,,,209.2,130.0,9.0,121.0,https://www.parkers.co.uk/bmw/3-series/gran-turismo-2013/318d-(150bhp)-luxury-(business-media)-5d/specs/
CAR_D14076C2,Bmw,3 Series,318d m sport (plus package and technology package) 4d,BMW 3-Series Saloon318d M Sport (Plus Package and Technology Package) 4d Specs & dimensions,2019,,1995.0,4.0,147.0,320.0,1445.0,Rear wheel drive,Manual,Unknown,Diesel,,,225.3,140.0,8.1,132.0,https://www.parkers.co.uk/bmw/3-series/saloon-2019/318d-m-sport-(plus-package-and-technology-package)-4d/specs/
CAR_DF9E5A3C,Bmw,3 Series,318d m sport (plus package and technology package) auto 5d,BMW 3-Series Touring318d M Sport (Plus Package and Technology Package) auto 5d Specs & dimensions,2019,,1995.0,4.0,147.0,320.0,1585.0,Rear wheel drive,Automatic,Unknown,Diesel,,,214.0,133.0,8.5,139.0,https://www.parkers.co.uk/bmw/3-series/touring-2019/318d-m-sport-(plus-package-and-technology-package)-auto-5d/specs/
CAR_944C994F,Bmw,3 Series,m3 cs 4dr step auto,BMW 3-Series M3M3 CS 4dr Step Auto Specs & dimensions,2020,,2993.0,6.0,543.0,650.0,1765.0,4 wheel drive,Automatic,Naturally Aspirated,Petrol,,,302.6,188.0,3.3,230.0,https://www.parkers.co.uk/bmw/3-series/m3-2020/m3-cs-4dr-step-auto/specs/
CAR_9C79E4FA,Bmw,3 Series,m3 cs xdrive 550 5dr step auto,BMW 3-Series M3 TouringM3 CS xDrive 550 5dr Step Auto Specs & dimensions,2022,,2993.0,6.0,543.0,650.0,1850.0,4 wheel drive,Automatic,Naturally Aspirated,Petrol,,,299.3,186.0,3.4,238.0,https://www.parkers.co.uk/bmw/3-series/m3-touring-2022/m3-cs-xdrive-550-5dr-step-auto/specs/
CAR_C2540201,Bmw,3 Series,316d es 4d,BMW 3-Series Saloon316d ES 4d Specs & dimensions,2005,,1995.0,4.0,114.0,260.0,1400.0,Rear wheel drive,Manual,Unknown,Diesel,,,197.9,123.0,10.6,118.0,https://www.parkers.co.uk/bmw/3-series/saloon-2005/316d-es-4d/specs/
CAR_306549F1,Bmw,3 Series,320d m sport (2010) 2d,BMW 3-Series Convertible320d M Sport (2010) 2d Specs & dimensions,2007,2010.0,1995.0,4.0,181.0,380.0,1655.0,Rear wheel drive,Manual,Unknown,Diesel,,,228.5,142.0,8.0,135.0,https://www.parkers.co.uk/bmw/3-series/convertible-2007/320d-m-sport-(2010)-2d/specs/
CAR_B7C06300,Bmw,3 Series,318d (143bhp) es 5d,BMW 3-Series Touring318d (143bhp) ES 5d Specs & dimensions,2005,,1995.0,4.0,140.0,300.0,1505.0,Rear wheel drive,Manual,Unknown,Diesel,,,209.2,130.0,9.3,125.0,https://www.parkers.co.uk/bmw/3-series/touring-2005/318d-(143bhp)-es-5d/specs/
CAR_94E51797,Bmw,3 Series,318i m sport 2d,BMW 3-Series Coupe318i M Sport 2d Specs & dimensions,2006,,1995.0,4.0,140.0,190.0,1360.0,Rear wheel drive,Manual,Naturally Aspirated,Petrol,,,209.2,130.0,8.8,146.0,https://www.parkers.co.uk/bmw/3-series/coupe-2006/318i-m-sport-2d/specs/
CAR_8B79BA90,Bmw,3 Series,m3 convertible (2010) 2d,BMW 3-Series M3M3 Convertible (2010) 2d Specs & dimensions,2007,2010.0,3999.0,8.0,414.0,400.0,1810.0,Rear wheel drive,Manual,Naturally Aspirated,Petrol,,,249.4,155.0,5.1,297.0,https://www.parkers.co.uk/bmw/3-series/m3-2007/m3-convertible-(2010)-2d/specs/
CAR_2E6E2698,Bmw,3 Series,316d es (business media) 4d,BMW 3-Series Saloon316d ES (Business Media) 4d Specs & dimensions,2012,,1995.0,4.0,114.0,270.0,1420.0,Rear wheel drive,Manual,Unknown,Diesel,,,204.4,127.0,10.4,109.0,https://www.parkers.co.uk/bmw/3-series/saloon-2012/316d-es-(business-media)-4d/specs/
CAR_402BC97D,Bmw,3 Series,316d es (business media) 5d,BMW 3-Series Touring316d ES (Business Media) 5d Specs & dimensions,2012,,1995.0,4.0,114.0,270.0,1495.0,Rear wheel drive,Manual,Unknown,Diesel,,,199.6,124.0,10.8,116.0,https://www.parkers.co.uk/bmw/3-series/touring-2012/316d-es-(business-media)-5d/specs/
CAR_E44F0783,Bmw,3 Series,m3 (0715 ) 4d,BMW 3-Series M3M3 (07/15-) 4d Specs & dimensions,2014,,2979.0,6.0,424.0,550.0,1560.0,Rear wheel drive,Manual,Naturally Aspirated,Petrol,,,249.4,155.0,4.2,209.0,https://www.parkers.co.uk/bmw/3-series/m3-2014/m3-(0715-)-4d/specs/
CAR_3302056E,Bmw,3 Series,316i 3d,BMW 3-Series Compact316i 3d Specs & dimensions,1994,,1596.0,4.0,102.0,150.0,1250.0,Rear wheel drive,Manual,Naturally Aspirated,Petrol,,,188.3,117.0,11.9,182.0,https://www.parkers.co.uk/bmw/3-series/compact-1994/316i-3d/specs/
CAR_627AE402,Bmw,3 Series,318i 2d,BMW 3-Series Convertible318i 2d Specs & dimensions,1993,,1796.0,4.0,115.0,168.0,1445.0,Rear wheel drive,Manual,Naturally Aspirated,Petrol,,,194.7,121.0,12.1,202.0,https://www.parkers.co.uk/bmw/3-series/convertible-1993/318i-2d/specs/
CAR_88F3206F,Bmw,3 Series,2d,BMW 3-Series M3 Convertible2d Specs & dimensions,1994,,2990.0,6.0,286.0,320.0,1615.0,Rear wheel drive,Manual,Naturally Aspirated,Petrol,,,249.4,155.0,6.0,,https://www.parkers.co.uk/bmw/3-series/m3-convertible-1994/2d/specs/
CAR_A54FB112,Bmw,3 Series,316i 16v 4d,BMW 3-Series Saloon316i 16v 4d Specs & dimensions,1998,,1796.0,4.0,114.0,175.0,1385.0,Rear wheel drive,Manual,Naturally Aspirated,Petrol,,,206.0,128.0,10.6,172.0,https://www.parkers.co.uk/bmw/3-series/saloon-1998/316i-16v-4d/specs/
CAR_D1EA0482,Bmw,3 Series,316ti 3d (01),BMW 3-Series Compact316ti 3d (01) Specs & dimensions,2001,,1796.0,4.0,115.0,175.0,1375.0,Rear wheel drive,Manual,Naturally Aspirated,Petrol,,,201.2,125.0,10.6,167.0,https://www.parkers.co.uk/bmw/3-series/compact-2001/316ti-3d-(01)/specs/
CAR_E2989628,Bmw,3 Series,316i se 16v 5d,BMW 3-Series Touring316i SE 16v 5d Specs & dimensions,1999,,1796.0,4.0,115.0,175.0,1465.0,Rear wheel drive,Manual,Naturally Aspirated,Petrol,,,199.6,124.0,10.8,177.0,https://www.parkers.co.uk/bmw/3-series/touring-1999/316i-se-16v-5d/specs/
CAR_78D0E871,Bmw,3 Series,318 ci 16v 2d,BMW 3-Series Coupe318 Ci 16V 2d Specs & dimensions,1999,,1995.0,4.0,143.0,200.0,1360.0,Rear wheel drive,Manual,Naturally Aspirated,Petrol,,,217.3,135.0,9.0,175.0,https://www.parkers.co.uk/bmw/3-series/coupe-1999/318-ci-16v-2d/specs/
CAR_6E510F12,Bmw,3 Series,318 ci 2d (01),BMW 3-Series Convertible318 Ci 2d (01) Specs & dimensions,2000,,1995.0,4.0,143.0,200.0,1540.0,Rear wheel drive,Manual,Naturally Aspirated,Petrol,,,206.0,128.0,9.9,187.0,https://www.parkers.co.uk/bmw/3-series/convertible-2000/318-ci-2d-(01)/specs/
CAR_8B46A6C9,Bmw,3 Series,2d,BMW 3-Series M3 Coupe2d Specs & dimensions,2001,,3246.0,6.0,338.0,365.0,1495.0,Rear wheel drive,Manual,Naturally Aspirated,Petrol,,,249.4,155.0,5.0,323.0,https://www.parkers.co.uk/bmw/3-series/m3-coupe-2001/2d/specs/
CAR_967D45A9,Bmw,3 Series,2d,BMW 3-Series M3 Convertible2d Specs & dimensions,2001,,3246.0,6.0,338.0,365.0,1655.0,Rear wheel drive,Manual,Naturally Aspirated,Petrol,,,249.4,155.0,5.3,328.0,https://www.parkers.co.uk/bmw/3-series/m3-convertible-2001/2d/specs/
CAR_90133E73,Bmw,3 Series,316 2d,BMW 3-Series Saloon316 2d Specs & dimensions,1983,,1766.0,,90.0,,,Rear wheel drive,Manual,Naturally Aspirated,Petrol,,,,,,,https://www.parkers.co.uk/bmw/3-series/saloon-1983/316-2d/specs/
CAR_CB0738BB,Bmw,3 Series,316i 5d,BMW 3-Series Touring316i 5d Specs & dimensions,1988,,1596.0,,102.0,,,Rear wheel drive,Manual,Naturally Aspirated,Petrol,,,,,,,https://www.parkers.co.uk/bmw/3-series/touring-1988/316i-5d/specs/
CAR_3F4F86D8,Bmw,3 Series,325i individual 2d,BMW 3-Series Coupe325i Individual 2d Specs & dimensions,1992,,2494.0,,192.0,,,Rear wheel drive,Manual,Naturally Aspirated,Petrol,,,,,,,https://www.parkers.co.uk/bmw/3-series/coupe-1992/325i-individual-2d/specs/
CAR_CF4B3B92,Bmw,3 Series,318i 2d,BMW 3-Series Convertible318i 2d Specs & dimensions,1986,,1796.0,,115.0,,,Rear wheel drive,Manual,Naturally Aspirated,Petrol,,,,,,,https://www.parkers.co.uk/bmw/3-series/convertible-1986/318i-2d/specs/
CAR_2B042DFE,Bmw,3 Series,316e 4d,BMW 3-Series Saloon316e 4d Specs & dimensions,1991,,1596.0,,100.0,,,Rear wheel drive,Manual,Naturally Aspirated,Petrol,,,,,,,https://www.parkers.co.uk/bmw/3-series/saloon-1991/316e-4d/specs/
CAR_AB5AA8EC,Bmw,3 Series,316i 5d,BMW 3-Series Touring316i 5d Specs & dimensions,1995,,1596.0,4.0,102.0,150.0,1355.0,Rear wheel drive,Manual,Naturally Aspirated,Petrol,,,191.5,119.0,12.8,191.0,https://www.parkers.co.uk/bmw/3-series/touring-1995/316i-5d/specs/
CAR_6F03D159,Bmw,3 Series,325i individual 2d auto,BMW 3-Series Coupe325i Individual 2d Auto Specs & dimensions,1992,,2494.0,,192.0,,,Rear wheel drive,Automatic,Naturally Aspirated,Petrol,,,,,,,https://www.parkers.co.uk/bmw/3-series/coupe-1992/325i-individual-2d-auto/specs/
CAR_66B15BF5,Bmw,3 Series,4d,BMW 3-Series M3 Saloon4d Specs & dimensions,1995,,2990.0,6.0,286.0,320.0,1930.0,Rear wheel drive,Manual,Naturally Aspirated,Petrol,,,249.4,155.0,5.8,,https://www.parkers.co.uk/bmw/3-series/m3-saloon-1995/4d/specs/
CAR_44AAE7A4,Bmw,3 Series,2d,BMW 3-Series M3 Coupe2d Specs & dimensions,1993,,2990.0,6.0,286.0,320.0,1930.0,Rear wheel drive,Manual,Naturally Aspirated,Petrol,,,249.4,155.0,5.8,,https://www.parkers.co.uk/bmw/3-series/m3-coupe-1993/2d/specs/
CAR_4205F5BB,Bmw,330E,330e 223 kwh m sport 4dr step auto,BMW 330e Hybrid330e 22.3 kWh M Sport 4dr Step Auto Specs & dimensions,2019,,1998.0,4.0,287.0,420.0,1835.0,Rear wheel drive,Automatic,Hybrid,Petrol Parallel PHEV,,,230.1,143.0,5.7,19.0,https://www.parkers.co.uk/bmw/330e/hybrid-2019/330e-223-kwh-m-sport-4dr-step-auto/specs/
CAR_647F9B14,Bmw,4 Series,418d luxury (professional media) 2d,BMW 4-Series Coupe418d Luxury (Professional Media) 2d Specs & dimensions,2013,,1995.0,4.0,147.0,320.0,1460.0,Rear wheel drive,Manual,Unknown,Diesel,,,215.7,134.0,8.3,118.0,https://www.parkers.co.uk/bmw/4-series/coupe-2013/418d-luxury-(professional-media)-2d/specs/
CAR_9E35F092,Bmw,4 Series,418d (150bhp) luxury (professional media) 5d,BMW 4-Series Gran Coupe418d (150bhp) Luxury (Professional Media) 5d Specs & dimensions,2014,,1995.0,4.0,147.0,320.0,1510.0,Rear wheel drive,Manual,Unknown,Diesel,,,212.4,132.0,8.7,118.0,https://www.parkers.co.uk/bmw/4-series/gran-coupe-2014/418d-(150bhp)-luxury-(professional-media)-5d/specs/
CAR_3A136766,Bmw,4 Series,420d (190bhp) luxury (professional media) 2d,BMW 4-Series Convertible420d (190bhp) Luxury (Professional Media) 2d Specs & dimensions,2014,,1995.0,4.0,187.0,400.0,1700.0,Rear wheel drive,Manual,Unknown,Diesel,,,235.0,146.0,7.8,134.0,https://www.parkers.co.uk/bmw/4-series/convertible-2014/420d-(190bhp)-luxury-(professional-media)-2d/specs/
CAR_70B66139,Bmw,4 Series,420d mht m sport 2dr step auto 2d,BMW 4-Series Coupe420d MHT M Sport 2dr Step Auto 2d Specs & dimensions,2020,,1995.0,4.0,187.0,400.0,1605.0,Rear wheel drive,Automatic,Unknown,Diesel,,,239.8,149.0,6.9,122.0,https://www.parkers.co.uk/bmw/4-series/coupe-2020/420d-mht-m-sport-2dr-step-auto-2d/specs/
CAR_8950F050,Bmw,4 Series,420d mht m sport 2dr step auto,BMW 4-Series Convertible420d MHT M Sport 2dr Step Auto Specs & dimensions,2021,,1995.0,4.0,187.0,400.0,1775.0,Rear wheel drive,Automatic,Unknown,Diesel,,,236.6,147.0,7.4,129.0,https://www.parkers.co.uk/bmw/4-series/convertible-2021/420d-mht-m-sport-2dr-step-auto/specs/
CAR_2BD65B95,Bmw,4 Series,m4 cs xdrive 550 2dr step auto,BMW 4-Series M4M4 CS xDrive 550 2dr Step Auto Specs & dimensions,2020,,2993.0,6.0,543.0,650.0,1760.0,4 wheel drive,Automatic,Naturally Aspirated,Petrol,,,302.6,188.0,3.3,232.0,https://www.parkers.co.uk/bmw/4-series/m4-2020/m4-cs-xdrive-550-2dr-step-auto/specs/
CAR_9E69456A,Bmw,4 Series,420d mht m sport 5dr step auto,BMW 4-Series Gran Coupe420d MHT M Sport 5dr Step Auto Specs & dimensions,2021,,1995.0,4.0,187.0,400.0,1705.0,Rear wheel drive,Automatic,Unknown,Diesel,,,235.0,146.0,7.1,130.0,https://www.parkers.co.uk/bmw/4-series/gran-coupe-2021/420d-mht-m-sport-5dr-step-auto/specs/
CAR_8A0A2BCB,Bmw,4 Series,m4 convertible 2d,BMW 4-Series M4M4 Convertible 2d Specs & dimensions,2014,,2979.0,6.0,424.0,550.0,1790.0,Rear wheel drive,Manual,Naturally Aspirated,Petrol,,,251.1,156.0,4.5,232.0,https://www.parkers.co.uk/bmw/4-series/m4-2014/m4-convertible-2d/specs/
CAR_A8BC72F2,Bmw,5 Series,518d m sport auto 4d,BMW 5-Series Saloon518d M Sport auto 4d Specs & dimensions,2017,,1995.0,4.0,147.0,350.0,1580.0,Rear wheel drive,Automatic,Unknown,Diesel,,,220.5,137.0,8.5,119.0,https://www.parkers.co.uk/bmw/5-series/saloon-2017/518d-m-sport-auto-4d/specs/
CAR_C1D30A6B,Bmw,5 Series,520d m sport (plus package and technology package) auto (1119 on) 5d,BMW 5-Series Touring520d M Sport (Plus Package and Technology Package) auto (11/19-on) 5d Specs & dimensions,2017,,1995.0,4.0,187.0,400.0,1740.0,Rear wheel drive,Automatic,Unknown,Diesel,,,225.3,140.0,7.3,139.0,https://www.parkers.co.uk/bmw/5-series/touring-2017/520d-m-sport-(plus-package-and-technology-package)-auto-(1119-on)-5d/specs/
CAR_99E06A38,Bmw,5 Series,m5 35 jahre edition m steptronic auto 4d,BMW 5-Series M5M5 35 Jahre Edition M Steptronic auto 4d Specs & dimensions,2018,,4395.0,8.0,616.0,750.0,,4 wheel drive,Automatic,Naturally Aspirated,Petrol,,,,,,241.0,https://www.parkers.co.uk/bmw/5-series/m5-2018/m5-35-jahre-edition-m-steptronic-auto-4d/specs/
CAR_3E6366E5,Bmw,5 Series,520i m sport 4dr auto,BMW 5-Series Saloon520i M Sport 4dr Auto Specs & dimensions,2024,,1998.0,4.0,205.0,330.0,1725.0,Rear wheel drive,Automatic,Naturally Aspirated,Petrol,,,230.1,143.0,7.3,131.0,https://www.parkers.co.uk/bmw/5-series/saloon-2024/520i-m-sport-4dr-auto/specs/
CAR_7CCF9EF4,Bmw,5 Series,520i m sport 5dr auto,BMW 5-Series Touring520i M Sport 5dr Auto Specs & dimensions,2024,,1998.0,4.0,205.0,330.0,1775.0,Rear wheel drive,Automatic,Naturally Aspirated,Petrol,,,222.1,138.0,7.6,139.0,https://www.parkers.co.uk/bmw/5-series/touring-2024/520i-m-sport-5dr-auto/specs/
CAR_B5424B86,Bmw,5 Series,m5 4dr dct,BMW 5-Series M5M5 4dr DCT Specs & dimensions,2024,,4395.0,8.0,716.0,1000.0,2440.0,4 wheel drive,Automatic,Unknown,Petrol Parallel PHEV,,,249.4,155.0,3.4,103.0,https://www.parkers.co.uk/bmw/5-series/m5-2024/m5-4dr-dct/specs/
CAR_CFB18A0B,Bmw,5 Series,520d (177bhp) m sport 4d,BMW 5-Series Saloon520d (177bhp) M Sport 4d Specs & dimensions,2003,,1995.0,4.0,174.0,350.0,1510.0,Rear wheel drive,Manual,Unknown,Diesel,,,231.7,144.0,8.0,136.0,https://www.parkers.co.uk/bmw/5-series/saloon-2003/520d-(177bhp)-m-sport-4d/specs/
CAR_39E53F93,Bmw,5 Series,520d (177bhp) m sport 5d,BMW 5-Series Touring520d (177bhp) M Sport 5d Specs & dimensions,2003,,1995.0,4.0,174.0,350.0,1600.0,Rear wheel drive,Manual,Unknown,Diesel,,,223.7,139.0,8.2,140.0,https://www.parkers.co.uk/bmw/5-series/touring-2003/520d-(177bhp)-m-sport-5d/specs/
CAR_E4CA1542,Bmw,5 Series,50 v10 saloon 4d smg,BMW 5-Series M55.0 V10 Saloon 4d SMG Specs & dimensions,2005,,4999.0,10.0,499.0,520.0,1830.0,Rear wheel drive,Automatic,Naturally Aspirated,Petrol,,,249.4,155.0,4.5,357.0,https://www.parkers.co.uk/bmw/5-series/m5-2005/50-v10-saloon-4d-smg/specs/
CAR_C5F2402E,Bmw,5 Series,520d luxury (euro 5) gt hatch 5d step auto,BMW 5-Series GT520d Luxury (Euro 5) GT Hatch 5d Step Auto Specs & dimensions,2009,,1995.0,4.0,181.0,380.0,1880.0,Rear wheel drive,Automatic,Unknown,Diesel,,,214.0,133.0,8.6,139.0,https://www.parkers.co.uk/bmw/5-series/gt-2009/520d-luxury-(euro-5)-gt-hatch-5d-step-auto/specs/
CAR_FFAF999B,Bmw,5 Series,30 activehybrid 5 4d step auto,BMW 5-Series Saloon3.0 ActiveHybrid 5 4d Step Auto Specs & dimensions,2010,,2979.0,6.0,335.0,400.0,1850.0,Rear wheel drive,Automatic,EV,Petrol/Electric Hybrid,,,249.4,155.0,5.7,149.0,https://www.parkers.co.uk/bmw/5-series/saloon-2010/30-activehybrid-5-4d-step-auto/specs/
CAR_F4A17D4B,Bmw,5 Series,518d (150bhp) luxury 5d,BMW 5-Series Touring518d (150bhp) Luxury 5d Specs & dimensions,2010,,1995.0,4.0,147.0,360.0,1720.0,Rear wheel drive,Manual,Unknown,Diesel,,,209.2,130.0,9.6,127.0,https://www.parkers.co.uk/bmw/5-series/touring-2010/518d-(150bhp)-luxury-5d/specs/
CAR_C9C37A58,Bmw,5 Series,m5 (0713 ) 4d dct,BMW 5-Series M5M5 (07/13-) 4d DCT Specs & dimensions,2011,,4395.0,8.0,552.0,680.0,1870.0,Rear wheel drive,Automatic,Naturally Aspirated,Petrol,,,249.4,155.0,4.2,231.0,https://www.parkers.co.uk/bmw/5-series/m5-2011/m5-(0713-)-4d-dct/specs/
CAR_5115A45A,Bmw,5 Series,520i 4d (00),BMW 5-Series Saloon520i 4d (00) Specs & dimensions,1996,,2171.0,6.0,170.0,210.0,1570.0,Rear wheel drive,Manual,Naturally Aspirated,Petrol,,,225.3,140.0,8.8,213.0,https://www.parkers.co.uk/bmw/5-series/saloon-1996/520i-4d-(00)/specs/
CAR_C89C7860,Bmw,5 Series,520i 5d (00),BMW 5-Series Touring520i 5d (00) Specs & dimensions,1997,,2171.0,6.0,170.0,210.0,1670.0,Rear wheel drive,Manual,Naturally Aspirated,Petrol,,,223.7,139.0,9.2,228.0,https://www.parkers.co.uk/bmw/5-series/touring-1997/520i-5d-(00)/specs/
CAR_FB963A8A,Bmw,5 Series,35 4d,BMW 5-Series Saloon3.5 4d Specs & dimensions,1988,,3535.0,,315.0,,,Rear wheel drive,Manual,Naturally Aspirated,Petrol,,,,,,,https://www.parkers.co.uk/bmw/5-series/saloon-1988/35-4d/specs/
CAR_10879923,Bmw,5 Series,518i 5d,BMW 5-Series Touring518i 5d Specs & dimensions,1992,,1796.0,4.0,115.0,168.0,1520.0,Rear wheel drive,Manual,Naturally Aspirated,Petrol,,,191.5,119.0,12.8,,https://www.parkers.co.uk/bmw/5-series/touring-1992/518i-5d/specs/
CAR_B0E57591,Bmw,5 Series,518i 4d,BMW 5-Series Saloon518i 4d Specs & dimensions,1981,,1766.0,,105.0,,,Rear wheel drive,Manual,Naturally Aspirated,Petrol,,,,,,,https://www.parkers.co.uk/bmw/5-series/saloon-1981/518i-4d/specs/
CAR_E18D7916,Bmw,6 Series,620d m sport auto 5d,BMW 6-Series Gran Turismo620d M Sport auto 5d Specs & dimensions,2017,,1995.0,4.0,187.0,400.0,1765.0,Rear wheel drive,Automatic,Unknown,Diesel,,,220.5,137.0,7.6,167.0,https://www.parkers.co.uk/bmw/6-series/gran-turismo-2017/620d-m-sport-auto-5d/specs/
CAR_BAF9EA03,Bmw,6 Series,630i (272bhp) 2d,BMW 6-Series Coupe630i (272bhp) 2d Specs & dimensions,2004,,2996.0,6.0,268.0,320.0,1530.0,Rear wheel drive,Manual,Naturally Aspirated,Petrol,,,249.4,155.0,6.0,188.0,https://www.parkers.co.uk/bmw/6-series/coupe-2004/630i-(272bhp)-2d/specs/
CAR_ABD0CFF6,Bmw,6 Series,630i (272bhp) 2d,BMW 6-Series Convertible630i (272bhp) 2d Specs & dimensions,2004,,2996.0,6.0,268.0,320.0,1740.0,Rear wheel drive,Manual,Naturally Aspirated,Petrol,,,249.4,155.0,6.5,198.0,https://www.parkers.co.uk/bmw/6-series/convertible-2004/630i-(272bhp)-2d/specs/
CAR_68818115,Bmw,6 Series,m6 (2010) 2d smg,BMW 6-Series M6M6 (2010) 2d SMG Specs & dimensions,2005,2010.0,4999.0,10.0,499.0,520.0,1710.0,Rear wheel drive,Automatic,Naturally Aspirated,Petrol,,,249.4,155.0,4.5,342.0,https://www.parkers.co.uk/bmw/6-series/m6-2005/m6-(2010)-2d-smg/specs/
CAR_287C6E2B,Bmw,6 Series,640d m sport 2d auto,BMW 6-Series Convertible640d M Sport 2d Auto Specs & dimensions,2011,,2993.0,6.0,308.0,630.0,1860.0,Rear wheel drive,Automatic,Unknown,Diesel,,,249.4,155.0,5.3,153.0,https://www.parkers.co.uk/bmw/6-series/convertible-2011/640d-m-sport-2d-auto/specs/
CAR_3F823BB7,Bmw,6 Series,640d m sport 2d auto,BMW 6-Series Coupe640d M Sport 2d Auto Specs & dimensions,2011,,2993.0,6.0,308.0,630.0,1740.0,Rear wheel drive,Automatic,Unknown,Diesel,,,249.4,155.0,5.1,147.0,https://www.parkers.co.uk/bmw/6-series/coupe-2011/640d-m-sport-2d-auto/specs/
CAR_E4FD19C1,Bmw,6 Series,640d m sport 4d auto,BMW 6-Series Gran Coupe640d M Sport 4d Auto Specs & dimensions,2012,,2993.0,6.0,308.0,630.0,1810.0,Rear wheel drive,Automatic,Unknown,Diesel,,,249.4,155.0,5.2,152.0,https://www.parkers.co.uk/bmw/6-series/gran-coupe-2012/640d-m-sport-4d-auto/specs/
CAR_88F4AA45,Bmw,6 Series,m6 coupe 2d dct,BMW 6-Series M6M6 Coupe 2d DCT Specs & dimensions,2012,,4395.0,8.0,552.0,680.0,1850.0,Rear wheel drive,Automatic,Naturally Aspirated,Petrol,,,249.4,155.0,4.1,231.0,https://www.parkers.co.uk/bmw/6-series/m6-2012/m6-coupe-2d-dct/specs/
CAR_DD1294B7,Bmw,6 Series,m6 convertible 2d dct,BMW 6-Series M6 ConvertibleM6 Convertible 2d DCT Specs & dimensions,2012,,4395.0,8.0,552.0,680.0,1980.0,Rear wheel drive,Automatic,Naturally Aspirated,Petrol,,,249.4,155.0,4.2,239.0,https://www.parkers.co.uk/bmw/6-series/m6-convertible-2012/m6-convertible-2d-dct/specs/
CAR_464F16ED,Bmw,6 Series,m6 gran coupe 4d dct,BMW 6-Series M6 Gran CoupeM6 Gran Coupe 4d DCT Specs & dimensions,2013,,4395.0,8.0,552.0,680.0,1910.0,Rear wheel drive,Automatic,Naturally Aspirated,Petrol,,,249.4,155.0,4.1,231.0,https://www.parkers.co.uk/bmw/6-series/m6-gran-coupe-2013/m6-gran-coupe-4d-dct/specs/
CAR_FAC2A6D6,Bmw,6 Series,628 csia 2d,BMW 6-Series Coupe628 CSiA 2d Specs & dimensions,1986,,2788.0,,184.0,,,Rear wheel drive,Automatic,Naturally Aspirated,Petrol,,,,,,,https://www.parkers.co.uk/bmw/6-series/coupe-1986/628-csia-2d/specs/
CAR_40CF1149,Bmw,7 Series,725ld exclusive auto 4d,BMW 7-Series Saloon725Ld Exclusive auto 4d Specs & dimensions,2015,,1995.0,4.0,227.0,500.0,1770.0,Rear wheel drive,Automatic,Unknown,Diesel,,,244.6,152.0,6.8,133.0,https://www.parkers.co.uk/bmw/7-series/saloon-2015/725ld-exclusive-auto-4d/specs/
CAR_F35B78C6,Bmw,7 Series,750e xdrive excellence 4dr auto,BMW 7-Series Saloon750e xDrive Excellence 4dr Auto Specs & dimensions,2022,,2998.0,6.0,482.0,700.0,2380.0,4 wheel drive,Automatic,Unknown,Petrol Parallel PHEV,,,249.4,155.0,4.6,23.0,https://www.parkers.co.uk/bmw/7-series/saloon-2022/750e-xdrive-excellence-4dr-auto/specs/
CAR_8D8F9516,Bmw,7 Series,730ld blueperformance m sport 4d auto,BMW 7-Series Saloon730Ld BluePerformance M Sport 4d Auto Specs & dimensions,2008,,2993.0,6.0,254.0,560.0,1875.0,Rear wheel drive,Automatic,Unknown,Diesel,,,249.4,155.0,6.0,148.0,https://www.parkers.co.uk/bmw/7-series/saloon-2008/730ld-blueperformance-m-sport-4d-auto/specs/
CAR_100F747C,Bmw,7 Series,728i 4d auto,BMW 7-Series Saloon728i 4d Auto Specs & dimensions,1994,,2793.0,6.0,193.0,280.0,1785.0,Rear wheel drive,Automatic,Naturally Aspirated,Petrol,,,225.3,140.0,9.3,272.0,https://www.parkers.co.uk/bmw/7-series/saloon-1994/728i-4d-auto/specs/
CAR_567EF511,Bmw,7 Series,730ld 4d auto,BMW 7-Series Saloon730Ld 4d Auto Specs & dimensions,2002,,2993.0,6.0,227.0,520.0,1940.0,Rear wheel drive,Automatic,Unknown,Diesel,,,238.2,148.0,7.6,216.0,https://www.parkers.co.uk/bmw/7-series/saloon-2002/730ld-4d-auto/specs/
CAR_39C501B9,Bmw,7 Series,30 v8 4d auto,BMW 7-Series Saloon3.0 V8 4d Auto Specs & dimensions,1987,,2997.0,,218.0,,,Rear wheel drive,Automatic,Naturally Aspirated,Petrol,,,,,,,https://www.parkers.co.uk/bmw/7-series/saloon-1987/30-v8-4d-auto/specs/
CAR_E0FC1D52,Bmw,7 Series,728i 4d,BMW 7-Series Saloon728i 4d Specs & dimensions,1982,,2788.0,,,,,Rear wheel drive,Manual,Naturally Aspirated,Petrol,,,,,,,https://www.parkers.co.uk/bmw/7-series/saloon-1982/728i-4d/specs/
CAR_2673C599,Bmw,8 Series,840d mht xdrive m sport 2dr auto,BMW 8-Series Coupe840d MHT xDrive M Sport 2dr Auto Specs & dimensions,2019,,2993.0,6.0,335.0,700.0,1915.0,4 wheel drive,Automatic,Unknown,Diesel,,,249.4,155.0,4.6,168.0,https://www.parkers.co.uk/bmw/8-series/coupe-2019/840d-mht-xdrive-m-sport-2dr-auto/specs/
CAR_A6EF0EA2,Bmw,8 Series,840d mht xdrive m sport 2dr auto,BMW 8-Series Convertible840d MHT xDrive M Sport 2dr Auto Specs & dimensions,2019,,2993.0,6.0,335.0,700.0,2030.0,4 wheel drive,Automatic,Unknown,Diesel,,,249.4,155.0,4.9,172.0,https://www.parkers.co.uk/bmw/8-series/convertible-2019/840d-mht-xdrive-m-sport-2dr-auto/specs/
CAR_3F86459D,Bmw,8 Series,840d mht xdrive m sport 4dr auto,BMW 8-Series Gran Coupe840d MHT xDrive M Sport 4dr Auto Specs & dimensions,2019,,2993.0,6.0,335.0,700.0,1995.0,4 wheel drive,Automatic,Unknown,Diesel,,,249.4,155.0,4.8,172.0,https://www.parkers.co.uk/bmw/8-series/gran-coupe-2019/840d-mht-xdrive-m-sport-4dr-auto/specs/
CAR_3CED9363,Bmw,8 Series,840 ci 2d,BMW 8-Series Coupe840 Ci 2d Specs & dimensions,1990,,3982.0,8.0,286.0,420.0,1895.0,Rear wheel drive,Manual,Naturally Aspirated,Petrol,,,249.4,155.0,6.7,,https://www.parkers.co.uk/bmw/8-series/coupe-1990/840-ci-2d/specs/
CAR_3BFC9585,Bmw,Alpina,b3 33 2d switch tronic,BMW Alpina CoupeB3 3.3 2d Switch-tronic Specs & dimensions,2000,,3346.0,6.0,295.0,362.0,1480.0,Rear wheel drive,Automatic,Naturally Aspirated,Petrol,,,265.5,165.0,6.2,278.0,https://www.parkers.co.uk/bmw/alpina/coupe-2000/b3-33-2d-switch-tronic/specs/
CAR_719E01FD,Bmw,Alpina,b3 33 2d switch tronic,BMW Alpina ConvertibleB3 3.3 2d Switch-tronic Specs & dimensions,2000,,3300.0,6.0,276.0,335.0,1645.0,Rear wheel drive,Automatic,Naturally Aspirated,Petrol,,,254.3,158.0,4.2,282.0,https://www.parkers.co.uk/bmw/alpina/convertible-2000/b3-33-2d-switch-tronic/specs/
CAR_FB57937D,Bmw,Alpina,b3 30 bi turbo 4d switch tronic,BMW Alpina SaloonB3 3.0 Bi Turbo 4d Switch-Tronic Specs & dimensions,2008,,2979.0,6.0,354.0,500.0,1570.0,Rear wheel drive,Automatic,Turbocharged,Petrol,,,284.9,177.0,4.6,224.0,https://www.parkers.co.uk/bmw/alpina/saloon-2008/b3-30-bi-turbo-4d-switch-tronic/specs/
CAR_BE13F396,Bmw,Alpina,b3 30 bi turbo 2d switch tronic,BMW Alpina CoupeB3 3.0 Bi Turbo 2d Switch-Tronic Specs & dimensions,2009,,2979.0,6.0,354.0,500.0,1560.0,Rear wheel drive,Automatic,Turbocharged,Petrol,,,284.9,177.0,4.6,224.0,https://www.parkers.co.uk/bmw/alpina/coupe-2009/b3-30-bi-turbo-2d-switch-tronic/specs/
CAR_3D80DC70,Bmw,Alpina,b3 30 bi turbo 5d switch tronic,BMW Alpina TouringB3 3.0 Bi-Turbo 5d Switch-Tronic Specs & dimensions,2008,,2979.0,6.0,354.0,500.0,1650.0,Rear wheel drive,Automatic,Turbocharged,Petrol,,,281.6,175.0,4.7,225.0,https://www.parkers.co.uk/bmw/alpina/touring-2008/b3-30-bi-turbo-5d-switch-tronic/specs/
CAR_DE526989,Bmw,Alpina,b3 30 bi turbo 2d switch tronic,BMW Alpina ConvertibleB3 3.0 Bi Turbo 2d Switch-Tronic Specs & dimensions,2008,,2979.0,6.0,354.0,500.0,1770.0,Rear wheel drive,Automatic,Turbocharged,Petrol,,,280.0,174.0,4.8,225.0,https://www.parkers.co.uk/bmw/alpina/convertible-2008/b3-30-bi-turbo-2d-switch-tronic/specs/
CAR_BB698954,Bmw,Alpina,b10 33 4d,BMW Alpina SaloonB10 3.3 4d Specs & dimensions,2000,,3300.0,6.0,276.0,335.0,1540.0,Rear wheel drive,Manual,Naturally Aspirated,Petrol,,,262.3,163.0,3.8,242.0,https://www.parkers.co.uk/bmw/alpina/saloon-2000/b10-33-4d/specs/
CAR_1CAA4159,Bmw,Alpina,b10 33 5d,BMW Alpina TouringB10 3.3 5d Specs & dimensions,2000,,3300.0,6.0,280.0,335.0,1640.0,Rear wheel drive,Manual,Naturally Aspirated,Petrol,,,255.9,159.0,4.0,244.0,https://www.parkers.co.uk/bmw/alpina/touring-2000/b10-33-5d/specs/
CAR_24C1277D,Bmw,I3,120ah atelier interior world auto 5d,BMW i3 Hatchback120Ah Atelier Interior World auto 5d Specs & dimensions,2013,,,,167.0,250.0,1270.0,Rear wheel drive,Automatic,EV,Electric,,,149.7,93.0,7.1,0.0,https://www.parkers.co.uk/bmw/i3/hatchback-2013/120ah-atelier-interior-world-auto-5d/specs/
CAR_AA9CEBE0,Bmw,I4,210kw edrive35 m sport 70kwh 5dr auto,BMW i4 Gran Coupe210kW eDrive35 M Sport 70kWh 5dr Auto Specs & dimensions,2021,,,,281.0,400.0,1995.0,Rear wheel drive,Automatic,EV,Electric,,,189.9,118.0,5.8,0.0,https://www.parkers.co.uk/bmw/i4/gran-coupe-2021/210kw-edrive35-m-sport-70kwh-5dr-auto/specs/
CAR_19580BCD,Bmw,I5,250kw edr40 m sport 84kwh 4dr auto techcmf22kw,BMW i5 Saloon250kW eDr40 M Sport 84kWh 4dr Auto Tech+/Cmf+/22kW Specs & dimensions,2023,,,,335.0,400.0,2120.0,Rear wheel drive,Automatic,EV,Electric,,,193.1,120.0,5.8,0.0,https://www.parkers.co.uk/bmw/i5/saloon-2023/250kw-edr40-m-sport-84kwh-4dr-auto-techcmf22kw/specs/
CAR_BD93F4ED,Bmw,I5,250kw edr40 m sport 84kwh 4dr auto techcmf22kw,BMW i5 Touring250kW eDr40 M Sport 84kWh 4dr Auto Tech+/Cmf+/22kW Specs & dimensions,2024,,,,335.0,400.0,2180.0,Rear wheel drive,Automatic,EV,Electric,,,193.1,120.0,5.9,0.0,https://www.parkers.co.uk/bmw/i5/touring-2024/250kw-edr40-m-sport-84kwh-4dr-auto-techcmf22kw/specs/
CAR_BFDA19AB,Bmw,I7,400kw xdrive60 excellence 1057kwh 4dr auto,BMW i7 Saloon400kW xDrive60 Excellence 105.7kWh 4dr Auto Specs & dimensions,2022,,,,536.0,745.0,2640.0,4 wheel drive,Automatic,EV,Electric,,,239.8,149.0,4.5,0.0,https://www.parkers.co.uk/bmw/i7/saloon-2022/400kw-xdrive60-excellence-1057kwh-4dr-auto/specs/
CAR_A84B201E,Bmw,I8,coupe 2d auto,BMW i8 CoupeCoupe 2d Auto Specs & dimensions,2014,,1499.0,3.0,356.0,570.0,1485.0,4 wheel drive,Automatic,Unknown,Petrol Parallel PHEV,,,249.4,155.0,4.3,49.0,https://www.parkers.co.uk/bmw/i8/coupe-2014/coupe-2d-auto/specs/
CAR_9D9FB48E,Bmw,I8,auto 2d,BMW i8 Roadsterauto 2d Specs & dimensions,2018,,1499.0,3.0,368.0,570.0,1595.0,4 wheel drive,Automatic,Unknown,Petrol Parallel PHEV,,,249.4,155.0,4.5,50.0,https://www.parkers.co.uk/bmw/i8/roadster-2018/auto-2d/specs/
CAR_CA48C4AD,Bmw,Ix,240kw xdr40 msport 766kwh 5dr auto techsky22kw,BMW iX SUV240kW xDr40 MSport 76.6kWh 5dr Auto Tech+/Sky/22kW Specs & dimensions,2021,,,,321.0,630.0,2365.0,4 wheel drive,Automatic,EV,Electric,,,199.6,124.0,5.9,0.0,https://www.parkers.co.uk/bmw/ix/suv-2021/240kw-xdr40-msport-766kwh-5dr-auto-techsky22kw/specs/
CAR_CBF1AB30,Bmw,Ix1,150kw edrive20 m sport 65kwh 5dr auto,BMW iX1 SUV150kW eDrive20 M Sport 65kWh 5dr Auto Specs & dimensions,2022,,,,201.0,250.0,1865.0,Front wheel drive,Automatic,EV,Electric,,,170.6,106.0,8.3,0.0,https://www.parkers.co.uk/bmw/ix1/suv-2022/150kw-edrive20-m-sport-65kwh-5dr-auto/specs/
CAR_96E49185,Bmw,Ix2,150kw edrive20 m sport 65kwh 5dr auto,BMW iX2 SUV150kW eDrive20 M Sport 65kWh 5dr Auto Specs & dimensions,2023,,,,201.0,250.0,1885.0,Front wheel drive,Automatic,EV,Electric,,,170.6,106.0,8.3,0.0,https://www.parkers.co.uk/bmw/ix2/suv-2023/150kw-edrive20-m-sport-65kwh-5dr-auto/specs/
CAR_0A472E4B,Bmw,Ix3,210kw m sport 80kwh 5dr auto,BMW iX3 SUV210kW M Sport 80kWh 5dr Auto Specs & dimensions,2021,,,,281.0,400.0,2180.0,Rear wheel drive,Automatic,EV,Electric,,,180.2,112.0,6.6,0.0,https://www.parkers.co.uk/bmw/ix3/suv-2021/210kw-m-sport-80kwh-5dr-auto/specs/
CAR_AA653464,Bmw,Ix3,345kw xdr50 m sport pro 113kwh 5dr auto tech22kw,BMW iX3 SUV345kW xDr50 M Sport Pro 113kWh 5dr Auto Tech+/22kW Specs & dimensions,2025,,,,462.0,645.0,2285.0,4 wheel drive,Automatic,EV,Electric,,,209.2,130.0,4.7,0.0,https://www.parkers.co.uk/bmw/ix3/suv-2025/345kw-xdr50-m-sport-pro-113kwh-5dr-auto-tech22kw/specs/
CAR_EEAC8298,Bmw,X1,sdrive 18d m sport (plus pack and tech pack ii) 5d,BMW X1 SUVsDrive 18d M Sport (Plus Pack and Tech Pack II) 5d Specs & dimensions,2015,,1995.0,4.0,147.0,350.0,1510.0,Front wheel drive,Manual,Unknown,Diesel,,,204.4,127.0,9.0,134.0,https://www.parkers.co.uk/bmw/x1/suv-2015/sdrive-18d-m-sport-(plus-pack-and-tech-pack-ii)-5d/specs/
CAR_459206D9,Bmw,X1,m35i xdrive 5dr step auto,BMW X1 SUVM35i xDrive 5dr Step Auto Specs & dimensions,2022,,1998.0,4.0,295.0,400.0,1665.0,4 wheel drive,Automatic,Naturally Aspirated,Petrol,,,249.4,155.0,5.2,175.0,https://www.parkers.co.uk/bmw/x1/suv-2022/m35i-xdrive-5dr-step-auto/specs/
CAR_7B4CFBA2,Bmw,X1,sdrive 16d se 5d,BMW X1 EstatesDrive 16d SE 5d Specs & dimensions,2009,,1995.0,4.0,114.0,260.0,1480.0,Rear wheel drive,Manual,Unknown,Diesel,,,189.9,118.0,11.1,128.0,https://www.parkers.co.uk/bmw/x1/estate-2009/sdrive-16d-se-5d/specs/
CAR_183C67EA,Bmw,X2,m35i sport automatic 5d,BMW X2 SUVM35i Sport Automatic 5d Specs & dimensions,2018,,1998.0,4.0,301.0,450.0,1615.0,4 wheel drive,Automatic,Naturally Aspirated,Petrol,,,249.4,155.0,4.7,177.0,https://www.parkers.co.uk/bmw/x2/suv-2018/m35i-sport-automatic-5d/specs/
CAR_4FC0AAA0,Bmw,X2,m35i xdrive 5dr step auto,BMW X2 SUVM35i xDrive 5dr Step Auto Specs & dimensions,2023,,1998.0,4.0,295.0,400.0,1695.0,4 wheel drive,Automatic,Naturally Aspirated,Petrol,,,249.4,155.0,5.2,174.0,https://www.parkers.co.uk/bmw/x2/suv-2023/m35i-xdrive-5dr-step-auto/specs/
CAR_C5AD5E3B,Bmw,X3,m40d sport automatic 5d,BMW X3 SUVM40d Sport Automatic 5d Specs & dimensions,2017,,2993.0,6.0,321.0,680.0,1895.0,4 wheel drive,Automatic,Unknown,Diesel,,,249.4,155.0,4.7,187.0,https://www.parkers.co.uk/bmw/x3/suv-2017/m40d-sport-automatic-5d/specs/
CAR_F7E8E32C,Bmw,X3,m competition (ultimate package) m steptronic auto 5d,BMW X3 MM Competition (Ultimate Package) M Steptronic auto 5d Specs & dimensions,2019,,2993.0,6.0,502.0,600.0,1995.0,4 wheel drive,Automatic,Naturally Aspirated,Petrol,,,249.4,155.0,4.0,261.0,https://www.parkers.co.uk/bmw/x3/m-2019/m-competition-(ultimate-package)-m-steptronic-auto-5d/specs/
CAR_6553F6B5,Bmw,X3,xdrive 30e m sport 5dr auto,BMW X3 SUVxDrive 30e M Sport 5dr Auto Specs & dimensions,2024,,1998.0,4.0,294.0,450.0,2065.0,4 wheel drive,Automatic,Unknown,Petrol Parallel PHEV,,,215.7,134.0,6.0,64.0,https://www.parkers.co.uk/bmw/x3/suv-2024/xdrive-30e-m-sport-5dr-auto/specs/
CAR_8BBAA95B,Bmw,X3,20d xdrive20d se (dynamic) 5d,BMW X3 Estate2.0D xDrive20d SE (Dynamic) 5d Specs & dimensions,2004,,1995.0,4.0,174.0,350.0,1740.0,4 wheel drive,Manual,Unknown,Diesel,,,206.0,128.0,8.6,172.0,https://www.parkers.co.uk/bmw/x3/estate-2004/20d-xdrive20d-se-(dynamic)-5d/specs/
CAR_D13FD8E8,Bmw,X3,sdrive18d m sport (business media) 5d,BMW X3 EstatesDrive18d M Sport (Business Media) 5d Specs & dimensions,2011,,1995.0,4.0,140.0,360.0,1660.0,Rear wheel drive,Manual,Unknown,Diesel,,,194.7,121.0,9.6,135.0,https://www.parkers.co.uk/bmw/x3/estate-2011/sdrive18d-m-sport-(business-media)-5d/specs/
CAR_D14A37EA,Bmw,X4,m competition (ultimate package) m steptronic auto 5d,BMW X4 SUVM Competition (Ultimate Package) M Steptronic auto 5d Specs & dimensions,2018,,2993.0,6.0,502.0,600.0,1995.0,4 wheel drive,Automatic,Naturally Aspirated,Petrol,,,249.4,155.0,4.0,258.0,https://www.parkers.co.uk/bmw/x4/suv-2018/m-competition-(ultimate-package)-m-steptronic-auto-5d/specs/
CAR_4E2831CE,Bmw,X4,xdrive20d m sport 5d,BMW X4 EstatexDrive20d M Sport 5d Specs & dimensions,2014,,1995.0,4.0,187.0,400.0,1730.0,4 wheel drive,Manual,Unknown,Diesel,,,212.4,132.0,7.7,143.0,https://www.parkers.co.uk/bmw/x4/estate-2014/xdrive20d-m-sport-5d/specs/
CAR_7FCF80A5,Bmw,X5,m50d sport automatic (third row seating) 5d,BMW X5 4x4M50d Sport Automatic (Third-row seating) 5d Specs & dimensions,2018,,2993.0,6.0,394.0,760.0,2350.0,4 wheel drive,Automatic,Unknown,Diesel,,,249.4,155.0,5.1,217.0,https://www.parkers.co.uk/bmw/x5/4x4-2018/m50d-sport-automatic-(third-row-seating)-5d/specs/
CAR_1D2DBCA5,Bmw,X5,xdrive x5 m competition 5dr step auto,BMW X5 MxDrive X5 M Competition 5dr Step Auto Specs & dimensions,2019,,4395.0,8.0,616.0,750.0,2400.0,4 wheel drive,Automatic,Naturally Aspirated,Petrol,,,249.4,155.0,3.8,289.0,https://www.parkers.co.uk/bmw/x5/m-2019/xdrive-x5-m-competition-5dr-step-auto/specs/
CAR_B54BDF1A,Bmw,X5,30 xdrive30i se(dynamic) 5d auto,BMW X5 Estate3.0 xDrive30i SE(Dynamic) 5d Auto Specs & dimensions,2007,,2996.0,6.0,268.0,315.0,2000.0,4 wheel drive,Automatic,Naturally Aspirated,Petrol,,,209.2,130.0,7.8,244.0,https://www.parkers.co.uk/bmw/x5/estate-2007/30-xdrive30i-se(dynamic)-5d-auto/specs/
CAR_E56FDEE4,Bmw,X5,sdrive25d (231bhp) m sport (7 seat) 5d auto,BMW X5 4x4sDrive25d (231bhp) M Sport (7 Seat) 5d Auto Specs & dimensions,2013,,1995.0,4.0,227.0,500.0,2030.0,Rear wheel drive,Automatic,Unknown,Diesel,,,218.9,136.0,7.5,141.0,https://www.parkers.co.uk/bmw/x5/4x4-2013/sdrive25d-(231bhp)-m-sport-(7-seat)-5d-auto/specs/
CAR_6E30D239,Bmw,X5,30d 5d (01),BMW X5 Estate3.0d 5d (01) Specs & dimensions,2000,,2926.0,6.0,184.0,410.0,2095.0,4 wheel drive,Manual,Unknown,Diesel,,,199.6,124.0,9.8,233.0,https://www.parkers.co.uk/bmw/x5/estate-2000/30d-5d-(01)/specs/
CAR_76D284D2,Bmw,X6,m50d sport automatic 5d,BMW X6 4x4M50d Sport Automatic 5d Specs & dimensions,2019,,2993.0,6.0,394.0,760.0,2260.0,4 wheel drive,Automatic,Unknown,Diesel,,,249.4,155.0,5.0,216.0,https://www.parkers.co.uk/bmw/x6/4x4-2019/m50d-sport-automatic-5d/specs/
CAR_F495917B,Bmw,X6,30d xdrive (dynamic) 5d step auto,BMW X6 Estate3.0d xDrive (Dynamic) 5d Step Auto Specs & dimensions,2008,,2993.0,6.0,231.0,520.0,2075.0,4 wheel drive,Automatic,Unknown,Diesel,,,220.5,137.0,7.7,217.0,https://www.parkers.co.uk/bmw/x6/estate-2008/30d-xdrive-(dynamic)-5d-step-auto/specs/
CAR_7E5D4395,Bmw,X6,xdrive m50d 5d auto,BMW X6 4x4xDrive M50d 5d Auto Specs & dimensions,2014,,2993.0,6.0,375.0,740.0,2185.0,4 wheel drive,Automatic,Unknown,Diesel,,,249.4,155.0,5.0,205.0,https://www.parkers.co.uk/bmw/x6/4x4-2014/xdrive-m50d-5d-auto/specs/
CAR_003D4E55,Bmw,X7,m50d (ultimate package) sport automatic (six seater) 5d,BMW X7 SUVM50d (Ultimate Package) Sport Automatic (Six-seater) 5d Specs & dimensions,2019,,2993.0,6.0,394.0,760.0,,4 wheel drive,Automatic,Unknown,Diesel,,,249.4,155.0,5.2,235.0,https://www.parkers.co.uk/bmw/x7/suv-2019/m50d-(ultimate-package)-sport-automatic-(six-seater)-5d/specs/
CAR_0AAF51C1,Bmw,Xm,50e 5dr auto,BMW XM SUV50e 5dr Auto Specs & dimensions,2022,,2998.0,6.0,469.0,700.0,2620.0,4 wheel drive,Automatic,Unknown,Petrol Parallel PHEV,,,249.4,155.0,4.9,100.0,https://www.parkers.co.uk/bmw/xm/suv-2022/50e-5dr-auto/specs/
CAR_D3B5FD5C,Bmw,Z1,25 2d (lhd),BMW Z1 Roadster2.5 2d (LHD) Specs & dimensions,1989,,2494.0,,170.0,,,Rear wheel drive,Manual,Naturally Aspirated,Petrol,,,,,,,https://www.parkers.co.uk/bmw/z1/roadster-1989/25-2d-(lhd)/specs/
CAR_C9B5FCAB,Bmw,Z3,18 2d,BMW Z3 Roadster1.8 2d Specs & dimensions,1996,,1895.0,4.0,118.0,180.0,1295.0,Rear wheel drive,Manual,Naturally Aspirated,Petrol,,,196.3,122.0,10.1,189.0,https://www.parkers.co.uk/bmw/z3/roadster-1996/18-2d/specs/
CAR_1B1A5AC7,Bmw,Z3,32 2d (01),BMW Z3 M Coupe3.2 2d (01) Specs & dimensions,1998,,3246.0,6.0,325.0,350.0,1450.0,Rear wheel drive,Manual,Naturally Aspirated,Petrol,,,249.4,155.0,5.1,268.0,https://www.parkers.co.uk/bmw/z3/m-coupe-1998/32-2d-(01)/specs/
CAR_EC552F89,Bmw,Z4,m40i (shadowline plus package and technology package) sport automatic 2d,BMW Z4 RoadsterM40i (Shadowline Plus Package and Technology Package) Sport Automatic 2d Specs & dimensions,2019,,2998.0,6.0,335.0,500.0,1565.0,Rear wheel drive,Automatic,Naturally Aspirated,Petrol,,,249.4,155.0,4.4,180.0,https://www.parkers.co.uk/bmw/z4/roadster-2019/m40i-(shadowline-plus-package-and-technology-package)-sport-automatic-2d/specs/
CAR_78038C89,Bmw,Z4,18i sdrive (nav) 2d,BMW Z4 Roadster18i sDrive (Nav) 2d Specs & dimensions,2009,,1997.0,4.0,153.0,240.0,1395.0,Rear wheel drive,Manual,Naturally Aspirated,Petrol,,,220.5,137.0,7.6,159.0,https://www.parkers.co.uk/bmw/z4/roadster-2009/18i-sdrive-(nav)-2d/specs/
CAR_6222E044,Bmw,Z4,20i 2d (05),BMW Z4 Roadster2.0i 2d (05) Specs & dimensions,2003,,1995.0,4.0,150.0,200.0,1220.0,Rear wheel drive,Manual,Naturally Aspirated,Petrol,,,220.5,137.0,7.9,181.0,https://www.parkers.co.uk/bmw/z4/roadster-2003/20i-2d-(05)/specs/
CAR_CE0669A4,Bmw,Z4,30si se 2d,BMW Z4 Coupe3.0si SE 2d Specs & dimensions,2006,,2996.0,6.0,261.0,315.0,1320.0,Rear wheel drive,Manual,Naturally Aspirated,Petrol,,,249.4,155.0,5.5,207.0,https://www.parkers.co.uk/bmw/z4/coupe-2006/30si-se-2d/specs/
CAR_A31F17DF,Bmw,Z4,32 coupe 2d,BMW Z4 M3.2 Coupé 2d Specs & dimensions,2006,,3246.0,6.0,338.0,365.0,1420.0,Rear wheel drive,Manual,Naturally Aspirated,Petrol,,,249.4,155.0,4.8,292.0,https://www.parkers.co.uk/bmw/z4/m-2006/32-coupe-2d/specs/
CAR_B3571601,Bmw,Z8,50 v8 2d (lhd),BMW Z8 Roadster5.0 V8 2d (LHD) Specs & dimensions,2000,,4941.0,8.0,400.0,500.0,1690.0,Rear wheel drive,Manual,Naturally Aspirated,Petrol,,,249.4,155.0,4.5,358.0,https://www.parkers.co.uk/bmw/z8/roadster-2000/50-v8-2d-(lhd)/specs/
CAR_AE24B5DA,Chevrolet,Aveo,12 ls 3d,Chevrolet Aveo Hatchback1.2 LS 3d Specs & dimensions,2008,,1206.0,4.0,83.0,114.0,1030.0,Front wheel drive,Manual,Naturally Aspirated,Petrol,,,170.6,106.0,12.4,132.0,https://www.parkers.co.uk/chevrolet/aveo/hatchback-2008/12-ls-3d/specs/
CAR_3A1CF862,Chevrolet,Aveo,12 ls (start stop) 5d,Chevrolet Aveo Hatchback1.2 LS (Start Stop) 5d Specs & dimensions,2011,,1229.0,4.0,84.0,115.0,1064.0,Front wheel drive,Manual,Naturally Aspirated,Petrol,,,172.2,107.0,13.2,111.0,https://www.parkers.co.uk/chevrolet/aveo/hatchback-2011/12-ls-(start-stop)-5d/specs/
CAR_58B25847,Chevrolet,Blazer,43 v6 4wd 5d,Chevrolet Blazer Station Wagon4.3 V6 4WD 5d Specs & dimensions,1998,,4300.0,,193.0,,,4 wheel drive,Manual,Naturally Aspirated,Petrol,,,159.3,99.0,9.8,334.0,https://www.parkers.co.uk/chevrolet/blazer/station-wagon-1998/43-v6-4wd-5d/specs/
CAR_67A8D7C7,Chevrolet,Camaro,62 v8 45th anniversary edition coupe 2d,Chevrolet Camaro Coupe6.2 V8 45th Anniversary Edition Coupe 2d Specs & dimensions,2012,,6162.0,8.0,425.0,569.0,1769.0,Rear wheel drive,Manual,Naturally Aspirated,Petrol,,,249.4,155.0,5.0,329.0,https://www.parkers.co.uk/chevrolet/camaro/coupe-2012/62-v8-45th-anniversary-edition-coupe-2d/specs/
CAR_8FA64B18,Chevrolet,Camaro,62 v8 45th anniversary edition convertible 2d,Chevrolet Camaro Convertible6.2 V8 45th Anniversary Edition Convertible 2d Specs & dimensions,2012,,6162.0,8.0,425.0,569.0,1890.0,Rear wheel drive,Manual,Naturally Aspirated,Petrol,,,249.4,155.0,5.2,329.0,https://www.parkers.co.uk/chevrolet/camaro/convertible-2012/62-v8-45th-anniversary-edition-convertible-2d/specs/
CAR_29E65196,Chevrolet,Camaro,38 v6 2d,Chevrolet Camaro Coupe3.8 V6 2d Specs & dimensions,1998,,3800.0,6.0,190.0,,1594.0,Rear wheel drive,Manual,Naturally Aspirated,Petrol,,,201.2,125.0,,275.0,https://www.parkers.co.uk/chevrolet/camaro/coupe-1998/38-v6-2d/specs/
CAR_27F38B1A,Chevrolet,Camaro,38 v6 2d,Chevrolet Camaro Convertible3.8 V6 2d Specs & dimensions,1998,,3800.0,6.0,190.0,,1651.0,Rear wheel drive,Manual,Naturally Aspirated,Petrol,,,201.2,125.0,,275.0,https://www.parkers.co.uk/chevrolet/camaro/convertible-1998/38-v6-2d/specs/
CAR_3605DCA0,Chevrolet,Captiva,20 cdti lt 5d,Chevrolet Captiva Estate2.0 CDTi LT 5d Specs & dimensions,2007,,1991.0,4.0,148.0,320.0,1820.0,4 wheel drive,Manual,Unknown,Diesel,,,178.6,111.0,11.1,197.0,https://www.parkers.co.uk/chevrolet/captiva/estate-2007/20-cdti-lt-5d/specs/
CAR_CD9ABE0E,Chevrolet,Corvette,62 v8 2lt 2dr auto,Chevrolet Corvette Stingray Coupe6.2 V8 2LT 2dr Auto Specs & dimensions,2021,,6162.0,8.0,475.0,613.0,1730.0,Rear wheel drive,Automatic,Turbocharged,Petrol,,,296.1,184.0,3.4,293.0,https://www.parkers.co.uk/chevrolet/corvette/stingray-coupe-2021/62-v8-2lt-2dr-auto/specs/
CAR_0D7ED264,Chevrolet,Corvette,62 v8 2lt 2dr auto,Chevrolet Corvette Stingray Convertible6.2 V8 2LT 2dr Auto Specs & dimensions,2021,,6162.0,8.0,475.0,613.0,1767.0,Rear wheel drive,Automatic,Turbocharged,Petrol,,,296.1,184.0,3.4,293.0,https://www.parkers.co.uk/chevrolet/corvette/stingray-convertible-2021/62-v8-2lt-2dr-auto/specs/
CAR_3CAD5DDD,Chevrolet,Corvette,55 v8 3lz 2dr auto,Chevrolet Corvette Z06 Coupe5.5 V8 3LZ 2dr Auto Specs & dimensions,2025,,5460.0,8.0,636.0,595.0,1789.0,Rear wheel drive,Automatic,Naturally Aspirated,Petrol,,,,,3.0,377.0,https://www.parkers.co.uk/chevrolet/corvette/z06-coupe-2025/55-v8-3lz-2dr-auto/specs/
CAR_CA42CEFB,Chevrolet,Corvette,55 v8 3lz 2dr auto,Chevrolet Corvette Z06 Convertible5.5 V8 3LZ 2dr Auto Specs & dimensions,2025,,5460.0,8.0,636.0,595.0,1833.0,Rear wheel drive,Automatic,Naturally Aspirated,Petrol,,,,,3.0,377.0,https://www.parkers.co.uk/chevrolet/corvette/z06-convertible-2025/55-v8-3lz-2dr-auto/specs/
CAR_915BC480,Chevrolet,Corvette,62 v8 hev 3lz 2dr auto eawd,Chevrolet Corvette E-Ray Coupe6.2 V8 HEV 3LZ 2dr Auto eAWD Specs & dimensions,2025,,6162.0,8.0,634.0,613.0,1907.0,4 wheel drive,Automatic,EV,Petrol/Electric Hybrid,,,296.1,184.0,2.8,289.0,https://www.parkers.co.uk/chevrolet/corvette/e-ray-coupe-2025/62-v8-hev-3lz-2dr-auto-eawd/specs/
CAR_2A778B65,Chevrolet,Corvette,62 v8 hev 3lz 2dr auto eawd,Chevrolet Corvette E-Ray Convertible6.2 V8 HEV 3LZ 2dr Auto eAWD Specs & dimensions,2025,,6162.0,8.0,634.0,613.0,1944.0,4 wheel drive,Automatic,EV,Petrol/Electric Hybrid,,,296.1,184.0,2.8,289.0,https://www.parkers.co.uk/chevrolet/corvette/e-ray-convertible-2025/62-v8-hev-3lz-2dr-auto-eawd/specs/
CAR_3248F7FB,Chevrolet,Corvette,57 v8 2d,Chevrolet Corvette Coupe5.7 V8 2d Specs & dimensions,1998,,5666.0,8.0,344.0,,1538.0,Rear wheel drive,Manual,Naturally Aspirated,Petrol,,,273.6,170.0,4.5,314.0,https://www.parkers.co.uk/chevrolet/corvette/coupe-1998/57-v8-2d/specs/
CAR_567CC465,Chevrolet,Corvette,57 v8 2d,Chevrolet Corvette Convertible5.7 V8 2d Specs & dimensions,1998,,5666.0,8.0,344.0,,1538.0,Rear wheel drive,Manual,Naturally Aspirated,Petrol,,,273.6,170.0,4.5,314.0,https://www.parkers.co.uk/chevrolet/corvette/convertible-1998/57-v8-2d/specs/
CAR_897AAC9A,Chevrolet,Cruze,16 (124bhp) ls 4d,Chevrolet Cruze Saloon1.6 (124bhp) LS 4d Specs & dimensions,2009,,1598.0,4.0,122.0,154.0,1285.0,Front wheel drive,Manual,Naturally Aspirated,Petrol,,,189.9,118.0,10.6,153.0,https://www.parkers.co.uk/chevrolet/cruze/saloon-2009/16-(124bhp)-ls-4d/specs/
CAR_A1C312EE,Chevrolet,Cruze,14 ls 5d,Chevrolet Cruze Hatchback1.4 LS 5d Specs & dimensions,2011,,1398.0,4.0,98.0,130.0,1305.0,Front wheel drive,Manual,Naturally Aspirated,Petrol,,,175.4,109.0,13.6,125.0,https://www.parkers.co.uk/chevrolet/cruze/hatchback-2011/14-ls-5d/specs/
CAR_21ADC13D,Chevrolet,Cruze,14 ls 5d,Chevrolet Cruze Station Wagon1.4 LS 5d Specs & dimensions,2012,,1398.0,4.0,98.0,130.0,1340.0,Front wheel drive,Manual,Naturally Aspirated,Petrol,,,178.6,111.0,14.1,134.0,https://www.parkers.co.uk/chevrolet/cruze/station-wagon-2012/14-ls-5d/specs/
CAR_E296847F,Chevrolet,Epica,20 ls 4d,Chevrolet Epica Saloon2.0 LS 4d Specs & dimensions,2008,,1993.0,6.0,140.0,195.0,1460.0,Front wheel drive,Manual,Naturally Aspirated,Petrol,,,207.6,129.0,9.6,199.0,https://www.parkers.co.uk/chevrolet/epica/saloon-2008/20-ls-4d/specs/
CAR_7B07B6F8,Chevrolet,Kalos,12 s 3d,Chevrolet Kalos Hatchback1.2 S 3d Specs & dimensions,2005,,1150.0,4.0,70.0,104.0,990.0,Front wheel drive,Manual,Naturally Aspirated,Petrol,,,157.7,98.0,13.3,153.0,https://www.parkers.co.uk/chevrolet/kalos/hatchback-2005/12-s-3d/specs/
CAR_18119D8A,Chevrolet,Lacetti,14 se 5d,Chevrolet Lacetti Hatchback1.4 SE 5d Specs & dimensions,2005,,1399.0,4.0,94.0,131.0,1170.0,Front wheel drive,Manual,Naturally Aspirated,Petrol,,,175.4,109.0,11.2,165.0,https://www.parkers.co.uk/chevrolet/lacetti/hatchback-2005/14-se-5d/specs/
CAR_C227C4C9,Chevrolet,Lacetti,16 sx 5d,Chevrolet Lacetti Station Wagon1.6 SX 5d Specs & dimensions,2005,,1598.0,4.0,108.0,150.0,1250.0,Front wheel drive,Manual,Naturally Aspirated,Petrol,,,186.7,116.0,11.0,181.0,https://www.parkers.co.uk/chevrolet/lacetti/station-wagon-2005/16-sx-5d/specs/
CAR_A06D04BB,Chevrolet,Lacetti,16 sx 4d,Chevrolet Lacetti Saloon1.6 SX 4d Specs & dimensions,2005,,1598.0,4.0,108.0,150.0,1180.0,Front wheel drive,Manual,Naturally Aspirated,Petrol,,,186.7,116.0,10.4,178.0,https://www.parkers.co.uk/chevrolet/lacetti/saloon-2005/16-sx-4d/specs/
CAR_DDA2ABC7,Chevrolet,Matiz,10 le 5d,Chevrolet Matiz Hatchback1.0 LE 5d Specs & dimensions,2005,,995.0,4.0,62.0,87.0,796.0,Front wheel drive,Manual,Naturally Aspirated,Petrol,,,151.3,94.0,12.5,158.0,https://www.parkers.co.uk/chevrolet/matiz/hatchback-2005/10-le-5d/specs/
CAR_02C7FFB9,Chevrolet,Matiz,10 se 5d,Chevrolet Matiz Hatchback1.0 SE 5d Specs & dimensions,2005,,995.0,4.0,62.0,87.0,796.0,Front wheel drive,Manual,Naturally Aspirated,Petrol,,,151.3,94.0,12.5,158.0,https://www.parkers.co.uk/chevrolet/matiz/hatchback-2005/10-se-5d/specs/
CAR_1E1D577E,Chevrolet,Orlando,14t ls (start stop) 5d,Chevrolet Orlando Estate1.4T LS (Start Stop) 5d Specs & dimensions,2011,,1362.0,4.0,138.0,200.0,1539.0,Front wheel drive,Manual,Naturally Aspirated,Petrol,,,199.6,124.0,10.6,149.0,https://www.parkers.co.uk/chevrolet/orlando/estate-2011/14t-ls-(start-stop)-5d/specs/
CAR_BB44A19C,Chevrolet,Spark,10i (non ac) 5d,Chevrolet Spark Hatchback1.0i + (Non AC) 5d Specs & dimensions,2010,,995.0,4.0,67.0,93.0,864.0,Front wheel drive,Manual,Naturally Aspirated,Petrol,,,154.5,96.0,15.0,119.0,https://www.parkers.co.uk/chevrolet/spark/hatchback-2010/10i-(non-ac)-5d/specs/
CAR_57EAE308,Chevrolet,Tacuma,16 sx 5d,Chevrolet Tacuma Estate1.6 SX 5d Specs & dimensions,2005,,1598.0,4.0,105.0,145.0,1272.0,Front wheel drive,Manual,Naturally Aspirated,Petrol,,,167.4,104.0,11.8,191.0,https://www.parkers.co.uk/chevrolet/tacuma/estate-2005/16-sx-5d/specs/
CAR_01E171F8,Chevrolet,Trax,14t lt 5d,Chevrolet Trax Hatchback1.4T LT 5d Specs & dimensions,2013,,1364.0,4.0,138.0,200.0,1319.0,Front wheel drive,Manual,Naturally Aspirated,Petrol,,,196.3,122.0,9.2,139.0,https://www.parkers.co.uk/chevrolet/trax/hatchback-2013/14t-lt-5d/specs/
CAR_9F9DE15D,Chevrolet,Volt,volt (sat nav) 5d auto,Chevrolet Volt HatchbackVolt (Sat Nav) 5d Auto Specs & dimensions,2012,,,,148.0,370.0,1732.0,Front wheel drive,Automatic,EV,Electric,,,159.3,99.0,8.7,0.0,https://www.parkers.co.uk/chevrolet/volt/hatchback-2012/volt-(sat-nav)-5d-auto/specs/
CAR_3808F1C3,Citroen,2Cv6,bamboo 4d,Citroën 2CV6 SaloonBamboo 4d Specs & dimensions,1981,,602.0,,,,,Front wheel drive,Manual,Naturally Aspirated,Petrol,,,,,,,https://www.parkers.co.uk/citroen/2cv6/saloon-1981/bamboo-4d/specs/
CAR_9E5206A4,Citroen,Ami,6kw ami 54kwh 2dr auto,Citroën Ami Coupe6kW Ami 5.4kWh 2dr Auto Specs & dimensions,2022,,,,,,483.0,Front wheel drive,Automatic,EV,Electric,,,,,,0.0,https://www.parkers.co.uk/citroen/ami/coupe-2022/6kw-ami-54kwh-2dr-auto/specs/
CAR_B5CD404F,Citroen,Ax,10 cascade 3d,Citroën AX Hatchback1.0 Cascade 3d Specs & dimensions,1987,,954.0,4.0,50.0,,,Front wheel drive,Manual,Naturally Aspirated,Petrol,,,149.7,93.0,13.5,,https://www.parkers.co.uk/citroen/ax/hatchback-1987/10-cascade-3d/specs/
CAR_6E9DB032,Citroen,Berlingo,12 110 plus m 5dr,Citroën Berlingo MPV1.2 110 Plus M 5dr Specs & dimensions,2018,,1199.0,3.0,109.0,205.0,1401.0,Front wheel drive,Manual,Naturally Aspirated,Petrol,,,178.6,111.0,11.2,143.0,https://www.parkers.co.uk/citroen/berlingo/mpv-2018/12-110-plus-m-5dr/specs/
CAR_4C4B2418,Citroen,Berlingo,14i 3d,Citroën Berlingo Estate1.4i 3d Specs & dimensions,1998,,1360.0,4.0,75.0,,1125.0,Front wheel drive,Manual,Naturally Aspirated,Petrol,,,149.7,93.0,14.1,178.0,https://www.parkers.co.uk/citroen/berlingo/estate-1998/14i-3d/specs/
CAR_FA1FF13E,Citroen,Berlingo Multispace,12 puretech feel 5d,Citroën Berlingo Multispace Estate1.2 PureTech Feel 5d Specs & dimensions,2008,,1199.0,3.0,108.0,205.0,1490.0,Front wheel drive,Manual,Naturally Aspirated,Petrol,,,180.2,112.0,11.8,119.0,https://www.parkers.co.uk/citroen/berlingo-multispace/estate-2008/12-puretech-feel-5d/specs/
CAR_B4AE3669,Citroen,Bx,19 d meteor 5d,Citroën BX Hatchback19 D Meteor 5d Specs & dimensions,1984,,1905.0,,71.0,,,Front wheel drive,Manual,Unknown,Diesel,,,,,,,https://www.parkers.co.uk/citroen/bx/hatchback-1984/19-d-meteor-5d/specs/
CAR_2BCD0F8E,Citroen,Bx,19 d meteor 5d,Citroën BX Estate19 D Meteor 5d Specs & dimensions,1986,,1905.0,,71.0,,,Front wheel drive,Manual,Unknown,Diesel,,,,,,,https://www.parkers.co.uk/citroen/bx/estate-1986/19-d-meteor-5d/specs/
CAR_F08F54B5,Citroen,C Crosser,22 hdi code 5d,Citroën C-Crosser Estate2.2 HDi Code 5d Specs & dimensions,2007,,2179.0,4.0,156.0,380.0,1750.0,4 wheel drive,Manual,Unknown,Diesel,,,199.6,124.0,9.6,191.0,https://www.parkers.co.uk/citroen/c-crosser/estate-2007/22-hdi-code-5d/specs/
CAR_70138831,Citroen,C Zero,electric 5d auto,Citroën C-Zero HatchbackElectric 5d Auto Specs & dimensions,2011,,,,66.0,180.0,1120.0,Rear wheel drive,Automatic,EV,Electric,,,130.4,81.0,15.4,0.0,https://www.parkers.co.uk/citroen/c-zero/hatchback-2011/electric-5d-auto/specs/
CAR_1CC685EF,Citroen,C1,10 vti 72 jcc 5d,Citroën C1 Hatchback1.0 VTi 72 JCC+ 5d Specs & dimensions,2014,,998.0,3.0,70.0,93.0,840.0,Front wheel drive,Manual,Naturally Aspirated,Petrol,,,159.3,99.0,13.6,110.0,https://www.parkers.co.uk/citroen/c1/hatchback-2014/10-vti-72-jcc-5d/specs/
CAR_EF1360F1,Citroen,C1,10i airplay 3d,Citroën C1 Hatchback1.0i Airplay 3d Specs & dimensions,2005,,998.0,3.0,68.0,94.0,790.0,Front wheel drive,Manual,Naturally Aspirated,Petrol,,,157.7,98.0,13.3,109.0,https://www.parkers.co.uk/citroen/c1/hatchback-2005/10i-airplay-3d/specs/
CAR_CD600C84,Citroen,C2,11i airplay 3d,Citroën C2 Hatchback1.1i Airplay + 3d Specs & dimensions,2003,,1124.0,4.0,61.0,94.0,932.0,Front wheel drive,Manual,Naturally Aspirated,Petrol,,,157.7,98.0,13.9,138.0,https://www.parkers.co.uk/citroen/c2/hatchback-2003/11i-airplay-3d/specs/
CAR_488FE131,Citroen,C2,16i 16v 3d,Citroën C2 GT1.6i 16V 3d Specs & dimensions,2003,,1587.0,4.0,110.0,146.0,1055.0,Front wheel drive,Manual,Naturally Aspirated,Petrol,,,194.7,121.0,9.2,158.0,https://www.parkers.co.uk/citroen/c2/gt-2003/16i-16v-3d/specs/
CAR_9BABAEFA,Citroen,C2,14 hdi vts 3d,Citroën C2 VTS1.4 HDi VTS 3d Specs & dimensions,2004,,1398.0,4.0,70.0,160.0,991.0,Front wheel drive,Manual,Unknown,Diesel,,,165.8,103.0,13.1,113.0,https://www.parkers.co.uk/citroen/c2/vts-2004/14-hdi-vts-3d/specs/
CAR_AE379D80,Citroen,C3,12 puretech 110 c series edition 5dr eat6,Citroën C3 Hatchback1.2 PureTech 110 C-Series Edition 5dr EAT6 Specs & dimensions,2017,,1199.0,3.0,108.0,205.0,1090.0,Front wheel drive,Automatic,Naturally Aspirated,Petrol,,,193.1,120.0,9.8,134.0,https://www.parkers.co.uk/citroen/c3/hatchback-2017/12-puretech-110-c-series-edition-5dr-eat6/specs/
CAR_CA54511A,Citroen,C3,12 hybrid [110] collection 5dr e dcs6,Citroën C3 Hatchback1.2 Hybrid [110] Collection 5dr e-DCS6 Specs & dimensions,2024,,1199.0,3.0,107.0,205.0,1252.0,Front wheel drive,Automatic,Hybrid,Petrol,,,159.3,99.0,9.5,108.0,https://www.parkers.co.uk/citroen/c3/hatchback-2024/12-hybrid-[110]-collection-5dr-e-dcs6/specs/
CAR_754EFFE9,Citroen,C3,10i vtr 3d,Citroën C3 Hatchback1.0i VTR+ 3d Specs & dimensions,2002,,998.0,3.0,68.0,94.0,800.0,Front wheel drive,Manual,Naturally Aspirated,Petrol,,,157.7,98.0,13.3,106.0,https://www.parkers.co.uk/citroen/c3/hatchback-2002/10i-vtr-3d/specs/
CAR_9823A333,Citroen,C3,10 puretech edition 5d,Citroën C3 Hatchback1.0 PureTech Edition 5d Specs & dimensions,2010,,999.0,3.0,68.0,95.0,973.0,Front wheel drive,Manual,Naturally Aspirated,Petrol,,,162.5,101.0,13.7,104.0,https://www.parkers.co.uk/citroen/c3/hatchback-2010/10-puretech-edition-5d/specs/
CAR_7F53EEB4,Citroen,C3 Aircross,12 puretech 110 c series 5dr,Citroën C3 Aircross SUV1.2 PureTech 110 C-Series 5dr Specs & dimensions,2017,,1199.0,3.0,108.0,205.0,1179.0,Front wheel drive,Manual,Naturally Aspirated,Petrol,,,183.5,114.0,9.8,134.0,https://www.parkers.co.uk/citroen/c3-aircross/suv-2017/12-puretech-110-c-series-5dr/specs/
CAR_125EC07A,Citroen,C3 Aircross,12 hybrid [136] max 5dr e dcs6,Citroën C3 Aircross SUV1.2 Hybrid [136] Max 5dr e-DCS6 Specs & dimensions,2025,,1199.0,3.0,134.0,230.0,1348.0,Front wheel drive,Automatic,Hybrid,Petrol,,,201.2,125.0,8.8,121.0,https://www.parkers.co.uk/citroen/c3-aircross/suv-2025/12-hybrid-[136]-max-5dr-e-dcs6/specs/
CAR_9D632EC1,Citroen,C3 Picasso,12 puretech edition 5d,Citroën C3 Picasso Estate1.2 PureTech Edition 5d Specs & dimensions,2009,,1199.0,3.0,110.0,205.0,1380.0,Front wheel drive,Manual,Naturally Aspirated,Petrol,,,186.7,116.0,11.4,115.0,https://www.parkers.co.uk/citroen/c3-picasso/estate-2009/12-puretech-edition-5d/specs/
CAR_180ADA7B,Citroen,C3 Pluriel,14hdi 3d,Citroën C3 Pluriel Convertible1.4HDi 3d Specs & dimensions,2003,,1398.0,4.0,70.0,149.0,1186.0,Front wheel drive,Manual,Unknown,Diesel,,,157.7,98.0,15.6,125.0,https://www.parkers.co.uk/citroen/c3-pluriel/convertible-2003/14hdi-3d/specs/
CAR_BA15BAD2,Citroen,C3 Xtr,14 hdi 16v xtr 5d,Citroën C3 XTR Hatchback1.4 HDi 16V XTR 5d Specs & dimensions,2004,,1398.0,4.0,92.0,199.0,1072.0,Front wheel drive,Manual,Unknown,Diesel,,,177.0,110.0,11.3,112.0,https://www.parkers.co.uk/citroen/c3-xtr/hatchback-2004/14-hdi-16v-xtr-5d/specs/
CAR_89AA331F,Citroen,C4,12 hybrid you 5dr e dcs6,Citroën C4 Hatchback1.2 Hybrid You 5dr e-DCS6 Specs & dimensions,2021,,1199.0,3.0,99.0,,1324.0,Front wheel drive,Automatic,Hybrid,Petrol,,,191.5,119.0,,107.0,https://www.parkers.co.uk/citroen/c4/hatchback-2021/12-hybrid-you-5dr-e-dcs6/specs/
CAR_C37EAAA3,Citroen,C4,14i 16v cool 5d,Citroën C4 Hatchback1.4i 16V Cool 5d Specs & dimensions,2004,,1360.0,4.0,90.0,133.0,1182.0,Front wheel drive,Manual,Naturally Aspirated,Petrol,,,181.9,113.0,12.4,153.0,https://www.parkers.co.uk/citroen/c4/hatchback-2004/14i-16v-cool-5d/specs/
CAR_D1A159A1,Citroen,C4,14i 16v vt 3d,Citroën C4 Coupe1.4i 16V VT 3d Specs & dimensions,2004,,1360.0,4.0,90.0,133.0,1181.0,Front wheel drive,Manual,Naturally Aspirated,Petrol,,,181.9,113.0,12.4,153.0,https://www.parkers.co.uk/citroen/c4/coupe-2004/14i-16v-vt-3d/specs/
CAR_95B064FE,Citroen,C4,12 puretech (130bhp) flair (plus pack) 5d,Citroën C4 Hatchback1.2 PureTech (130bhp) Flair (Plus Pack) 5d Specs & dimensions,2011,,1199.0,3.0,128.0,230.0,1205.0,Front wheel drive,Manual,Naturally Aspirated,Petrol,,,199.6,124.0,10.5,114.0,https://www.parkers.co.uk/citroen/c4/hatchback-2011/12-puretech-(130bhp)-flair-(plus-pack)-5d/specs/
CAR_C1528E10,Citroen,C4 Cactus,feel bluehdi 100 ss (062018 on) 5d,Citroën C4 Cactus HatchbackFeel BlueHDi 100 S&S (06/2018 on) 5d Specs & dimensions,2018,2018.0,1499.0,4.0,100.0,250.0,1085.0,Front wheel drive,Manual,Unknown,Diesel,,,189.9,118.0,9.7,98.0,https://www.parkers.co.uk/citroen/c4-cactus/hatchback-2018/feel-bluehdi-100-ss-(062018-on)-5d/specs/
CAR_204C5973,Citroen,C4 Cactus,12 puretech (110bhp) feel 5d,Citroën C4 Cactus Hatchback1.2 PureTech (110bhp) Feel 5d Specs & dimensions,2014,,1199.0,3.0,108.0,205.0,1020.0,Front wheel drive,Manual,Naturally Aspirated,Petrol,,,188.3,117.0,9.0,100.0,https://www.parkers.co.uk/citroen/c4-cactus/hatchback-2014/12-puretech-(110bhp)-feel-5d/specs/
CAR_D4CE4D15,Citroen,C4 Picasso,16 16v vti lx (5 seat) 5d,Citroën C4 Picasso Estate1.6 16V VTi LX (5 Seat) 5d Specs & dimensions,2007,,1598.0,4.0,120.0,160.0,1458.0,Front wheel drive,Manual,Naturally Aspirated,Petrol,,,186.7,116.0,11.7,174.0,https://www.parkers.co.uk/citroen/c4-picasso/estate-2007/16-16v-vti-lx-(5-seat)-5d/specs/
CAR_CDDB8134,Citroen,C4 Picasso,12 puretech vtr 5d,Citroën C4 Picasso Estate1.2 PureTech VTR 5d Specs & dimensions,2013,,1199.0,3.0,129.0,230.0,1280.0,Front wheel drive,Manual,Naturally Aspirated,Petrol,,,201.2,125.0,,115.0,https://www.parkers.co.uk/citroen/c4-picasso/estate-2013/12-puretech-vtr-5d/specs/
CAR_1AA44894,Citroen,C4 Spacetourer,feel bluehdi 120 ss 5d,Citroën C4 SpaceTourer MPVFeel BlueHDi 120 S&S 5d Specs & dimensions,2018,,1560.0,4.0,118.0,300.0,1320.0,Front wheel drive,Manual,Unknown,Diesel,,,188.3,117.0,10.9,100.0,https://www.parkers.co.uk/citroen/c4-spacetourer/mpv-2018/feel-bluehdi-120-ss-5d/specs/
CAR_A20D909E,Citroen,C4X,12 hybrid [136] max 5dr e dcs6,Citroën C4X Saloon1.2 Hybrid [136] Max 5dr e-DCS6 Specs & dimensions,2022,,1199.0,3.0,134.0,230.0,1336.0,Front wheel drive,Automatic,Hybrid,Petrol,,,206.0,128.0,7.8,106.0,https://www.parkers.co.uk/citroen/c4x/saloon-2022/12-hybrid-[136]-max-5dr-e-dcs6/specs/
CAR_2E085448,Citroen,C5,12 hybrid 136 c series edition 5dr e dsc6,Citroën C5 Aircross1.2 Hybrid 136 C-Series Edition 5dr e-DSC6 Specs & dimensions,2018,,1199.0,3.0,134.0,,,Front wheel drive,Automatic,Hybrid,Petrol,,,,,,130.0,https://www.parkers.co.uk/citroen/c5/aircross-2018/12-hybrid-136-c-series-edition-5dr-e-dsc6/specs/
CAR_B3DF4964,Citroen,C5,12 hybrid 145 max 5dr auto,Citroën C5 Aircross1.2 Hybrid 145 Max 5dr Auto Specs & dimensions,2025,,1199.0,3.0,142.0,230.0,1554.0,Front wheel drive,Automatic,Hybrid,Petrol,,,201.2,125.0,10.8,122.0,https://www.parkers.co.uk/citroen/c5/aircross-2025/12-hybrid-145-max-5dr-auto/specs/
CAR_AADCB4F1,Citroen,C5,16 hdi 16v vtr (115bhp) (techno pack) 4d,Citroën C5 Saloon1.6 HDI 16V VTR (115bhp) (Techno Pack) 4d Specs & dimensions,2008,,1560.0,4.0,115.0,240.0,1506.0,Front wheel drive,Manual,Unknown,Diesel,,,189.9,118.0,11.2,120.0,https://www.parkers.co.uk/citroen/c5/saloon-2008/16-hdi-16v-vtr-(115bhp)-(techno-pack)-4d/specs/
CAR_B58CD19B,Citroen,C5,16 hdi 16v vtr (115bhp) (techno pack) 5d,Citroën C5 Tourer1.6 HDI 16V VTR (115bhp) (Techno Pack) 5d Specs & dimensions,2008,,1560.0,4.0,115.0,240.0,1538.0,Front wheel drive,Manual,Unknown,Diesel,,,186.7,116.0,11.5,120.0,https://www.parkers.co.uk/citroen/c5/tourer-2008/16-hdi-16v-vtr-(115bhp)-(techno-pack)-5d/specs/
CAR_EBC2EEC8,Citroen,C5,18i 16v lx 5d,Citroën C5 Hatchback1.8i 16V LX 5d Specs & dimensions,2001,,1749.0,4.0,117.0,160.0,1290.0,Front wheel drive,Manual,Naturally Aspirated,Petrol,,,196.3,122.0,10.7,182.0,https://www.parkers.co.uk/citroen/c5/hatchback-2001/18i-16v-lx-5d/specs/
CAR_E4EF987A,Citroen,C5,18i 16v lx 5d,Citroën C5 Estate1.8i 16V LX 5d Specs & dimensions,2001,,1749.0,4.0,117.0,160.0,1371.0,Front wheel drive,Manual,Naturally Aspirated,Petrol,,,193.1,120.0,11.1,187.0,https://www.parkers.co.uk/citroen/c5/estate-2001/18i-16v-lx-5d/specs/
CAR_62BDCA86,Citroen,C5,16 hdi 16v design 5d,Citroën C5 Hatchback1.6 HDi 16V Design 5d Specs & dimensions,2004,,1560.0,4.0,110.0,240.0,1424.0,Front wheel drive,Manual,Unknown,Diesel,,,189.9,118.0,10.9,139.0,https://www.parkers.co.uk/citroen/c5/hatchback-2004/16-hdi-16v-design-5d/specs/
CAR_E54A7D9F,Citroen,C5,16 hdi 16v design 5d,Citroën C5 Estate1.6 HDi 16V Design 5d Specs & dimensions,2004,,1560.0,4.0,110.0,240.0,1442.0,Front wheel drive,Manual,Unknown,Diesel,,,186.7,116.0,11.1,145.0,https://www.parkers.co.uk/citroen/c5/estate-2004/16-hdi-16v-design-5d/specs/
CAR_8A2D2820,Citroen,C5 X,12 hybrid 136 max 5dr e dcs6,Citroën C5 X Estate1.2 Hybrid 136 Max 5dr e-DCS6 Specs & dimensions,2022,,1199.0,3.0,134.0,230.0,1516.0,Front wheel drive,Automatic,Hybrid,Petrol,,,210.8,131.0,9.4,116.0,https://www.parkers.co.uk/citroen/c5-x/estate-2022/12-hybrid-136-max-5dr-e-dcs6/specs/
CAR_042DC2E5,Citroen,C6,22 hdi 16v 4d,Citroën C6 Saloon2.2 HDi 16V 4d Specs & dimensions,2006,,2179.0,4.0,173.0,370.0,1820.0,Front wheel drive,Manual,Unknown,Diesel,,,217.3,135.0,9.2,175.0,https://www.parkers.co.uk/citroen/c6/saloon-2006/22-hdi-16v-4d/specs/
CAR_B7928F47,Citroen,C8,20 hdi 16v excl 5d auto,Citroën C8 Estate2.0 HDi 16V Excl. 5d Auto Specs & dimensions,2003,,1997.0,4.0,110.0,270.0,1710.0,Front wheel drive,Automatic,Unknown,Diesel,,,167.4,104.0,16.1,210.0,https://www.parkers.co.uk/citroen/c8/estate-2003/20-hdi-16v-excl-5d-auto/specs/
CAR_CF08DE9F,Citroen,Cx,20 familiale 5d,Citroën CX Estate20 Familiale 5d Specs & dimensions,1986,,1995.0,,106.0,,,Front wheel drive,Manual,Naturally Aspirated,Petrol,,,,,,,https://www.parkers.co.uk/citroen/cx/estate-1986/20-familiale-5d/specs/
CAR_444BFEF4,Citroen,Cx,20 4d,Citroën CX Saloon20 4d Specs & dimensions,1983,,1995.0,,106.0,,,Front wheel drive,Manual,Naturally Aspirated,Petrol,,,,,,,https://www.parkers.co.uk/citroen/cx/saloon-1983/20-4d/specs/
CAR_1FF7E670,Citroen,Dispatch Combi,16 hdi (95bhp) l2 6dr (6 seat) 6d,Citroën Dispatch Combi Hatchback1.6 HDi (95bhp) L2 6dr (6 Seat) 6d Specs & dimensions,2007,,1997.0,4.0,93.0,260.0,1923.0,Front wheel drive,Manual,Unknown,Diesel,,,154.5,96.0,15.8,169.0,https://www.parkers.co.uk/citroen/dispatch-combi/hatchback-2007/16-hdi-(95bhp)-l2-6dr-(6-seat)-6d/specs/
CAR_586EFFB9,Citroen,Dispatch Combi,15 bluehdi 100 xs 6dr 6d,Citroën Dispatch Combi Hatchback1.5 BlueHDi 100 XS 6dr 6d Specs & dimensions,2016,,1499.0,4.0,100.0,270.0,1646.0,Front wheel drive,Manual,Unknown,Diesel,,,144.8,90.0,13.1,137.0,https://www.parkers.co.uk/citroen/dispatch-combi/hatchback-2016/15-bluehdi-100-xs-6dr-6d/specs/
CAR_4AA4AC24,Citroen,Ds3,12 pure tech dstyle 3d,Citroën DS3 Hatchback1.2 Pure Tech DStyle 3d Specs & dimensions,2010,,1199.0,3.0,110.0,205.0,1070.0,Front wheel drive,Manual,Naturally Aspirated,Petrol,,,189.9,118.0,9.3,107.0,https://www.parkers.co.uk/citroen/ds3/hatchback-2010/12-pure-tech-dstyle-3d/specs/
CAR_6A3F64D2,Citroen,Ds3,16 thp 16v racing black 3d,Citroën DS3 Racing1.6 THP 16V Racing Black 3d Specs & dimensions,2011,,1598.0,4.0,207.0,275.0,,Front wheel drive,Manual,Naturally Aspirated,Petrol,,,235.0,146.0,6.3,149.0,https://www.parkers.co.uk/citroen/ds3/racing-2011/16-thp-16v-racing-black-3d/specs/
CAR_346F7049,Citroen,Ds3,12 puretech (110bhp) dstyle 2d,Citroën DS3 Cabrio1.2 PureTech (110bhp) DStyle 2d Specs & dimensions,2013,,1199.0,3.0,110.0,205.0,1220.0,Front wheel drive,Manual,Naturally Aspirated,Petrol,,,189.9,118.0,9.5,107.0,https://www.parkers.co.uk/citroen/ds3/cabrio-2013/12-puretech-(110bhp)-dstyle-2d/specs/
CAR_BAE78249,Citroen,Ds4,12 puretech dstyle nav 5d,Citroën DS4 Hatchback1.2 PureTech DStyle Nav 5d Specs & dimensions,2011,,1199.0,4.0,128.0,,,Front wheel drive,Manual,Naturally Aspirated,Petrol,,,,,9.7,120.0,https://www.parkers.co.uk/citroen/ds4/hatchback-2011/12-puretech-dstyle-nav-5d/specs/
CAR_8948D2C8,Citroen,Ds5,16 hdi dsign 5d egs,Citroën DS5 Hatchback1.6 HDi DSign 5d EGS Specs & dimensions,2012,,1560.0,4.0,108.0,270.0,,Front wheel drive,Automatic,Unknown,Diesel,,,191.5,119.0,11.6,114.0,https://www.parkers.co.uk/citroen/ds5/hatchback-2012/16-hdi-dsign-5d-egs/specs/
CAR_A55FBA95,Citroen,E Berlingo,100kw feel m 50kwh 5dr auto,Citroën e-Berlingo MPV100kW Feel M 50kWh 5dr Auto Specs & dimensions,2021,,,,134.0,260.0,1664.0,Front wheel drive,Automatic,EV,Electric,,,135.2,84.0,11.1,0.0,https://www.parkers.co.uk/citroen/e-berlingo/mpv-2021/100kw-feel-m-50kwh-5dr-auto/specs/
CAR_F01CD971,Citroen,E C3,83kw collection 44kwh 5dr auto,Citroën e-C3 Hatchback83kW Collection 44kWh 5dr Auto Specs & dimensions,2024,,,,111.0,125.0,1416.0,Front wheel drive,Automatic,EV,Electric,,,132.0,82.0,10.1,0.0,https://www.parkers.co.uk/citroen/e-c3/hatchback-2024/83kw-collection-44kwh-5dr-auto/specs/
CAR_ABF7C265,Citroen,E C3,83kw extended range collection 54kwh 5dr auto,Citroën e-C3 Aircross83kW Extended Range Collection 54kWh 5dr Auto Specs & dimensions,2025,,,,111.0,125.0,1533.0,Front wheel drive,Automatic,EV,Electric,,,143.2,89.0,12.6,0.0,https://www.parkers.co.uk/citroen/e-c3/aircross-2025/83kw-extended-range-collection-54kwh-5dr-auto/specs/
CAR_DB51715B,Citroen,E C4,100kw c series edition 50kwh 5dr auto,Citroën e-C4 Hatchback100kW C-Series Edition 50kWh 5dr Auto Specs & dimensions,2021,,,,134.0,260.0,1561.0,Front wheel drive,Automatic,EV,Electric,,,149.7,93.0,9.7,0.0,https://www.parkers.co.uk/citroen/e-c4/hatchback-2021/100kw-c-series-edition-50kwh-5dr-auto/specs/
CAR_A25942C8,Citroen,E C4 X,100kw e series 50kwh 5dr auto,Citroën e-C4 X Saloon100kW E-Series 50kWh 5dr Auto Specs & dimensions,2022,,,,134.0,260.0,1584.0,Front wheel drive,Automatic,EV,Electric,,,149.7,93.0,9.7,0.0,https://www.parkers.co.uk/citroen/e-c4-x/saloon-2022/100kw-e-series-50kwh-5dr-auto/specs/
CAR_676ED602,Citroen,E C5 Aircross,157kw max 73kwh 5dr auto,Citroën e-C5 Aircross SUV157kW Max 73kWh 5dr Auto Specs & dimensions,2025,,,,210.0,343.0,2109.0,Front wheel drive,Automatic,EV,Electric,,,170.6,106.0,8.6,0.0,https://www.parkers.co.uk/citroen/e-c5-aircross/suv-2025/157kw-max-73kwh-5dr-auto/specs/
CAR_CDA5FE9A,Citroen,E Spacetourer,100kw bus lounge m 50kwh 5dr auto [11kwch],Citroën e-SpaceTourer MPV100kW Bus Lounge M 50kWh 5dr Auto [11kWCh] Specs & dimensions,2020,,,,134.0,260.0,1894.0,Front wheel drive,Automatic,EV,Electric,,,130.4,81.0,12.7,0.0,https://www.parkers.co.uk/citroen/e-spacetourer/mpv-2020/100kw-bus-lounge-m-50kwh-5dr-auto-[11kwch]/specs/
CAR_891F740A,Citroen,Grand C4 Picasso,16 16v vti lx 5d,Citroën Grand C4 Picasso Estate1.6 16V VTi LX 5d Specs & dimensions,2007,,1598.0,4.0,120.0,163.0,1486.0,Front wheel drive,Manual,Naturally Aspirated,Petrol,,,186.7,116.0,12.0,174.0,https://www.parkers.co.uk/citroen/grand-c4-picasso/estate-2007/16-16v-vti-lx-5d/specs/
CAR_A43B779F,Citroen,Grand C4 Picasso,12 puretech vtr 5d,Citroën Grand C4 Picasso Estate1.2 PureTech VTR 5d Specs & dimensions,2014,,1199.0,3.0,129.0,230.0,1297.0,Front wheel drive,Manual,Naturally Aspirated,Petrol,,,201.2,125.0,,115.0,https://www.parkers.co.uk/citroen/grand-c4-picasso/estate-2014/12-puretech-vtr-5d/specs/
CAR_28C94801,Citroen,Grand C4 Spacetourer,12 puretech 130 live 5dr,Citroën Grand C4 SpaceTourer MPV1.2 PureTech 130 Live 5dr Specs & dimensions,2018,,1199.0,3.0,129.0,230.0,1320.0,Front wheel drive,Manual,Naturally Aspirated,Petrol,,,199.6,124.0,9.5,139.0,https://www.parkers.co.uk/citroen/grand-c4-spacetourer/mpv-2018/12-puretech-130-live-5dr/specs/
CAR_3BAABC14,Citroen,Holidays,20 bluehdi max m 5dr eat8,Citroën Holidays Campervan2.0 BlueHDi Max M 5dr EAT8 Specs & dimensions,2024,,1997.0,,174.0,400.0,2365.0,Front wheel drive,Automatic,Unknown,Diesel,,,170.6,106.0,10.3,208.0,https://www.parkers.co.uk/citroen/holidays/campervan-2024/20-bluehdi-max-m-5dr-eat8/specs/
CAR_B95E9741,Citroen,Nemo Multispace,13 hdi (non startstop) 5d,Citroën Nemo Multispace Estate1.3 HDi (non Start/Stop) 5d Specs & dimensions,2009,,1248.0,4.0,73.0,190.0,,Front wheel drive,Manual,Unknown,Diesel,,,154.5,96.0,16.1,119.0,https://www.parkers.co.uk/citroen/nemo-multispace/estate-2009/13-hdi-(non-startstop)-5d/specs/
CAR_61D0E0D7,Citroen,Saxo,10i east coast 3d,Citroën Saxo Hatchback1.0i East Coast 3d Specs & dimensions,1996,,954.0,4.0,60.0,,805.0,Front wheel drive,Manual,Turbocharged,Petrol,,,162.5,101.0,12.4,159.0,https://www.parkers.co.uk/citroen/saxo/hatchback-1996/10i-east-coast-3d/specs/
CAR_FB5D4C25,Citroen,Spacetourer,15 bluehdi 120 business xs 5d,Citroën SpaceTourer MPV1.5 BlueHDi 120 Business XS 5d Specs & dimensions,2016,,1499.0,4.0,118.0,,,Front wheel drive,Manual,Unknown,Diesel,,,,,,,https://www.parkers.co.uk/citroen/spacetourer/mpv-2016/15-bluehdi-120-business-xs-5d/specs/
CAR_EEF770CA,Citroen,Spacetourer,20 bluehdi 180 business lounge m [8 st] 5dr eat8,Citroën SpaceTourer MPV2.0 BlueHDi 180 Business Lounge M [8 St] 5dr EAT8 Specs & dimensions,2023,,1997.0,4.0,174.0,400.0,1764.0,Front wheel drive,Automatic,Unknown,Diesel,,,185.1,115.0,10.3,180.0,https://www.parkers.co.uk/citroen/spacetourer/mpv-2023/20-bluehdi-180-business-lounge-m-[8-st]-5dr-eat8/specs/
CAR_BD177E6C,Citroen,Synergie,19 td desire 5d (7 seat),Citroën Synergie Estate1.9 TD Desire 5d (7 Seat) Specs & dimensions,1995,,1905.0,4.0,90.0,,1565.0,Front wheel drive,Manual,Unknown,Diesel,,,159.3,99.0,13.5,215.0,https://www.parkers.co.uk/citroen/synergie/estate-1995/19-td-desire-5d-(7-seat)/specs/
CAR_5579FCEC,Citroen,Visa,16 gti 5d,Citroën Visa Hatchback1.6 GTi 5d Specs & dimensions,1983,,1580.0,,115.0,,,Front wheel drive,Manual,Turbocharged,Petrol,,,,,,,https://www.parkers.co.uk/citroen/visa/hatchback-1983/16-gti-5d/specs/
CAR_EE2D0E66,Citroen,Visa,11 re 4d,Citroën Visa Convertible1.1 RE 4d Specs & dimensions,1983,,1124.0,,,,,Front wheel drive,Manual,Naturally Aspirated,Petrol,,,,,,,https://www.parkers.co.uk/citroen/visa/convertible-1983/11-re-4d/specs/
CAR_B11C47F0,Citroen,Xantia,16i 5d,Citroën Xantia Hatchback1.6i 5d Specs & dimensions,1993,,1580.0,4.0,90.0,,1170.0,Front wheel drive,Manual,Naturally Aspirated,Petrol,,,175.4,109.0,12.4,,https://www.parkers.co.uk/citroen/xantia/hatchback-1993/16i-5d/specs/
CAR_A89EB35E,Citroen,Xantia,18i 16v forte 5d,Citroën Xantia Estate1.8i 16V Forte 5d Specs & dimensions,1995,,1761.0,4.0,112.0,,1312.0,Front wheel drive,Manual,Naturally Aspirated,Petrol,,,188.3,117.0,10.7,198.0,https://www.parkers.co.uk/citroen/xantia/estate-1995/18i-16v-forte-5d/specs/
CAR_F0315712,Citroen,Xm,20 5d,Citroën XM Hatchback2.0 5d Specs & dimensions,1989,,1998.0,,115.0,,,Front wheel drive,Manual,Naturally Aspirated,Petrol,,,,,,,https://www.parkers.co.uk/citroen/xm/hatchback-1989/20-5d/specs/
CAR_0229E03F,Citroen,Xm,20 si 5d,Citroën XM Estate2.0 Si 5d Specs & dimensions,1991,,1998.0,,130.0,,,Front wheel drive,Manual,Naturally Aspirated,Petrol,,,,,,,https://www.parkers.co.uk/citroen/xm/estate-1991/20-si-5d/specs/
CAR_EA4BA317,Citroen,Xsara,14i forte 5d,Citroën Xsara Hatchback1.4i Forte 5d Specs & dimensions,1997,,1360.0,4.0,75.0,,1030.0,Front wheel drive,Manual,Naturally Aspirated,Petrol,,,175.4,109.0,11.6,170.0,https://www.parkers.co.uk/citroen/xsara/hatchback-1997/14i-forte-5d/specs/
CAR_DAB4151E,Citroen,Xsara,14i lx 5d,Citroën Xsara Estate1.4i LX 5d Specs & dimensions,1998,,1360.0,4.0,75.0,,1080.0,Front wheel drive,Manual,Naturally Aspirated,Petrol,,,175.4,109.0,12.1,170.0,https://www.parkers.co.uk/citroen/xsara/estate-1998/14i-lx-5d/specs/
CAR_9FA87001,Citroen,Xsara,14i west coast 3d,Citroën Xsara Coupe1.4i West Coast 3d Specs & dimensions,1998,,1360.0,4.0,75.0,,1030.0,Front wheel drive,Manual,Turbocharged,Petrol,,,175.4,109.0,11.6,170.0,https://www.parkers.co.uk/citroen/xsara/coupe-1998/14i-west-coast-3d/specs/
CAR_A1EF176D,Citroen,Xsara,14 hdi desire 5d,Citroën Xsara Hatchback1.4 HDi Desire 5d Specs & dimensions,2000,,1398.0,4.0,70.0,160.0,1202.0,Front wheel drive,Manual,Unknown,Diesel,,,164.2,102.0,13.8,120.0,https://www.parkers.co.uk/citroen/xsara/hatchback-2000/14-hdi-desire-5d/specs/
CAR_6C524195,Citroen,Xsara,14i l 5d,Citroën Xsara Estate1.4i L 5d Specs & dimensions,2000,,1360.0,4.0,75.0,,1162.0,Front wheel drive,Manual,Naturally Aspirated,Petrol,,,175.4,109.0,12.8,159.0,https://www.parkers.co.uk/citroen/xsara/estate-2000/14i-l-5d/specs/
CAR_10DBCC5C,Citroen,Xsara,16i 16v vtr 3d,Citroën Xsara Coupe1.6i 16V VTR 3d Specs & dimensions,2000,,1587.0,4.0,110.0,149.0,1134.0,Front wheel drive,Manual,Naturally Aspirated,Petrol,,,196.3,122.0,9.3,160.0,https://www.parkers.co.uk/citroen/xsara/coupe-2000/16i-16v-vtr-3d/specs/
CAR_4394BF1E,Citroen,Xsara Picasso,16 hdi (92bhp) vtx 5d,Citroën Xsara Picasso Estate1.6 HDi (92bhp) VTX 5d Specs & dimensions,2000,,1560.0,4.0,92.0,216.0,1300.0,Front wheel drive,Manual,Unknown,Diesel,,,175.4,109.0,13.4,135.0,https://www.parkers.co.uk/citroen/xsara-picasso/estate-2000/16-hdi-(92bhp)-vtx-5d/specs/
CAR_F99C5293,Citroen,Zx,14i aura 5d,Citroën ZX Hatchback1.4i Aura 5d Specs & dimensions,1991,,1360.0,4.0,75.0,,945.0,Front wheel drive,Manual,Naturally Aspirated,Petrol,,,173.8,108.0,10.7,,https://www.parkers.co.uk/citroen/zx/hatchback-1991/14i-aura-5d/specs/
CAR_B584F776,Citroen,Zx,14i avantage 5d,Citroën ZX Estate1.4i Avantage 5d Specs & dimensions,1994,,1360.0,4.0,75.0,,1020.0,Front wheel drive,Manual,Naturally Aspirated,Petrol,,,165.8,103.0,12.6,,https://www.parkers.co.uk/citroen/zx/estate-1994/14i-avantage-5d/specs/
CAR_04CA2219,Ford,B Max,10 ecoboost (120bhp) titanium 5d,Ford B-MAX Estate1.0 EcoBoost (120bhp) Titanium 5d Specs & dimensions,2012,,998.0,,118.0,,1279.0,Front wheel drive,Manual,Turbocharged,Petrol,,,188.3,117.0,10.8,114.0,https://www.parkers.co.uk/ford/b-max/estate-2012/10-ecoboost-(120bhp)-titanium-5d/specs/
CAR_642AB5EF,Ford,C Max,10 ecoboost (125bhp) titanium (0515 ) 5d,Ford C-MAX Estate1.0 EcoBoost (125bhp) Titanium (05/15-) 5d Specs & dimensions,2010,,999.0,3.0,123.0,200.0,1316.0,Front wheel drive,Manual,Turbocharged,Petrol,,,186.7,116.0,10.6,131.0,https://www.parkers.co.uk/ford/c-max/estate-2010/10-ecoboost-(125bhp)-titanium-(0515-)-5d/specs/
CAR_71412C94,Ford,Capri,125kw premium 52kwh 5dr auto,Ford Capri SUV125kW Premium 52kWh 5dr Auto Specs & dimensions,2024,,,,167.0,310.0,1914.0,Rear wheel drive,Automatic,EV,Electric,,,159.3,99.0,8.4,0.0,https://www.parkers.co.uk/ford/capri/suv-2024/125kw-premium-52kwh-5dr-auto/specs/
CAR_31AD6F94,Ford,Capri,16 laser 3d,Ford Capri Hatchback1.6 Laser 3d Specs & dimensions,1984,,1593.0,,73.0,,,Rear wheel drive,Manual,Naturally Aspirated,Petrol,,,,,,,https://www.parkers.co.uk/ford/capri/hatchback-1984/16-laser-3d/specs/
CAR_D13408EA,Ford,Cougar,20 16v 3d,Ford Cougar Coupe2.0 16V 3d Specs & dimensions,1998,,1989.0,4.0,128.0,178.0,1291.0,Front wheel drive,Manual,Naturally Aspirated,Petrol,,,209.2,130.0,9.6,204.0,https://www.parkers.co.uk/ford/cougar/coupe-1998/20-16v-3d/specs/
CAR_490B1650,Ford,Ecosport,10 ecoboost (140bhp) titanium s 5d,Ford EcoSport 4x41.0 EcoBoost (140bhp) Titanium S 5d Specs & dimensions,2014,,999.0,3.0,138.0,180.0,1137.0,Front wheel drive,Manual,Turbocharged,Petrol,,,185.1,115.0,11.4,125.0,https://www.parkers.co.uk/ford/ecosport/4x4-2014/10-ecoboost-(140bhp)-titanium-s-5d/specs/
CAR_F0D0ED31,Ford,Edge,20 tdci (180bhp) sport (lux pack) 5d,Ford Edge 4x42.0 TDCi (180bhp) Sport (Lux Pack) 5d Specs & dimensions,2015,,1997.0,4.0,177.0,400.0,,4 wheel drive,Manual,Diesel,Diesel,,,199.6,124.0,9.6,152.0,https://www.parkers.co.uk/ford/edge/4x4-2015/20-tdci-(180bhp)-sport-(lux-pack)-5d/specs/
CAR_63D52078,Ford,Escort,13 3d,Ford Escort Hatchback1.3 3d Specs & dimensions,1990,,1297.0,,60.0,,,Front wheel drive,Manual,Naturally Aspirated,Petrol,,,,,,,https://www.parkers.co.uk/ford/escort/hatchback-1990/13-3d/specs/
CAR_BDCF0B9E,Ford,Escort,13 encore 5d,Ford Escort Estate1.3 Encore 5d Specs & dimensions,1990,,1299.0,4.0,59.0,101.0,1045.0,Front wheel drive,Manual,Naturally Aspirated,Petrol,,,154.5,96.0,17.0,169.0,https://www.parkers.co.uk/ford/escort/estate-1990/13-encore-5d/specs/
CAR_88138252,Ford,Escort,11 bonus (90ps) 3d,Ford Escort Hatchback1.1 Bonus (90ps) 3d Specs & dimensions,1980,,1117.0,,50.0,,,Front wheel drive,Manual,Naturally Aspirated,Petrol,,,,,,,https://www.parkers.co.uk/ford/escort/hatchback-1980/11-bonus-(90ps)-3d/specs/
CAR_E263A57B,Ford,Escort,11 popular 3d,Ford Escort Estate1.1 Popular 3d Specs & dimensions,1980,,1117.0,,50.0,,,Front wheel drive,Manual,Naturally Aspirated,Petrol,,,,,,,https://www.parkers.co.uk/ford/escort/estate-1980/11-popular-3d/specs/
CAR_4F02BBAC,Ford,Escort,16i all blue 2d,Ford Escort Cabriolet1.6i All Blue 2d Specs & dimensions,1985,,1596.0,,108.0,,,Front wheel drive,Manual,Naturally Aspirated,Petrol,,,,,,,https://www.parkers.co.uk/ford/escort/cabriolet-1985/16i-all-blue-2d/specs/
CAR_F5ED3430,Ford,Escort,14 cl 4d,Ford Escort Saloon1.4 CL 4d Specs & dimensions,1991,,1391.0,4.0,73.0,,1064.0,Front wheel drive,Manual,Naturally Aspirated,Petrol,,,169.0,105.0,14.0,192.0,https://www.parkers.co.uk/ford/escort/saloon-1991/14-cl-4d/specs/
CAR_91C6DC0F,Ford,Escort,14 dash 2d,Ford Escort Cabriolet1.4 Dash 2d Specs & dimensions,1990,,1392.0,,71.0,,,Front wheel drive,Manual,Naturally Aspirated,Petrol,,,,,,,https://www.parkers.co.uk/ford/escort/cabriolet-1990/14-dash-2d/specs/
CAR_7C2ED464,Ford,Escort,13 laser ii 5d,Ford Escort Estate1.3 Laser II 5d Specs & dimensions,1985,,1295.0,,,,,Front wheel drive,Manual,Naturally Aspirated,Petrol,,,,,,,https://www.parkers.co.uk/ford/escort/estate-1985/13-laser-ii-5d/specs/
CAR_8F1E3286,Ford,Escort,16 2d,Ford Escort Cabriolet1.6 2d Specs & dimensions,1984,,1597.0,,69.0,,,Front wheel drive,Manual,Naturally Aspirated,Petrol,,,,,,,https://www.parkers.co.uk/ford/escort/cabriolet-1984/16-2d/specs/
CAR_A4476802,Ford,Explorer,125kw premium 52kwh 5dr auto,Ford Explorer SUV125kW Premium 52kWh 5dr Auto Specs & dimensions,2024,,,,167.0,310.0,1920.0,Rear wheel drive,Automatic,EV,Electric,,,159.3,99.0,8.4,0.0,https://www.parkers.co.uk/ford/explorer/suv-2024/125kw-premium-52kwh-5dr-auto/specs/
CAR_871EC859,Ford,Explorer,40 5d auto,Ford Explorer Estate4.0 5d Auto Specs & dimensions,1997,,4012.0,6.0,203.0,340.0,2080.0,4 wheel drive,Automatic,Naturally Aspirated,Petrol,,,170.6,106.0,10.6,350.0,https://www.parkers.co.uk/ford/explorer/estate-1997/40-5d-auto/specs/
CAR_BAC5C064,Ford,Fiesta,10 ecoboost 100 st line edition 3dr,Ford Fiesta Hatchback1.0 EcoBoost 100 ST-Line Edition 3dr Specs & dimensions,2017,,998.0,3.0,98.0,170.0,,Front wheel drive,Manual,Turbocharged,Petrol,,,180.2,112.0,10.5,120.0,https://www.parkers.co.uk/ford/fiesta/hatchback-2017/10-ecoboost-100-st-line-edition-3dr/specs/
CAR_3138D4CA,Ford,Fiesta,1 (navigation) 10t ecoboost 100ps 5d,Ford Fiesta Active1 (Navigation) 1.0T EcoBoost 100PS 5d Specs & dimensions,2018,,998.0,3.0,98.0,170.0,1163.0,Front wheel drive,Manual,Turbocharged,Petrol,,,181.9,113.0,10.3,113.0,https://www.parkers.co.uk/ford/fiesta/active-2018/1-(navigation)-10t-ecoboost-100ps-5d/specs/
CAR_9B1521AD,Ford,Fiesta,15 ecoboost st 2 3dr,Ford Fiesta ST1.5 EcoBoost ST-2 3dr Specs & dimensions,2018,,1499.0,,197.0,320.0,1262.0,Front wheel drive,Manual,Turbocharged,Petrol,,,230.1,143.0,6.3,145.0,https://www.parkers.co.uk/ford/fiesta/st-2018/15-ecoboost-st-2-3dr/specs/
CAR_39916282,Ford,Fiesta,10 ecoboost active x 5dr,Ford Fiesta Active1.0 EcoBoost Active X 5dr Specs & dimensions,2022,,999.0,,98.0,170.0,1151.0,Front wheel drive,Manual,Turbocharged,Petrol,,,180.2,112.0,10.5,125.0,https://www.parkers.co.uk/ford/fiesta/active-2022/10-ecoboost-active-x-5dr/specs/
CAR_324342F1,Ford,Fiesta,10 ecoboost (125bhp) titanium 3d,Ford Fiesta Hatchback1.0 EcoBoost (125bhp) Titanium 3d Specs & dimensions,2008,,998.0,3.0,123.0,200.0,1016.0,Front wheel drive,Manual,Turbocharged,Petrol,,,196.3,122.0,9.1,99.0,https://www.parkers.co.uk/ford/fiesta/hatchback-2008/10-ecoboost-(125bhp)-titanium-3d/specs/
CAR_6319FBA0,Ford,Fiesta,16 ecoboost st 3d,Ford Fiesta ST1.6 EcoBoost ST 3d Specs & dimensions,2012,,1596.0,4.0,179.0,240.0,1088.0,Front wheel drive,Manual,Turbocharged,Petrol,,,223.7,139.0,6.7,138.0,https://www.parkers.co.uk/ford/fiesta/st-2012/16-ecoboost-st-3d/specs/
CAR_BCA11207,Ford,Fiesta,125 black 3d,Ford Fiesta Hatchback1.25 Black 3d Specs & dimensions,1999,,1242.0,4.0,73.0,110.0,922.0,Front wheel drive,Manual,Naturally Aspirated,Petrol,,,167.4,104.0,12.7,161.0,https://www.parkers.co.uk/ford/fiesta/hatchback-1999/125-black-3d/specs/
CAR_563ADFE8,Ford,Fiesta,125 finesse 3d,Ford Fiesta Hatchback1.25 Finesse 3d Specs & dimensions,2002,,1242.0,4.0,73.0,110.0,1045.0,Front wheel drive,Manual,Naturally Aspirated,Petrol,,,162.5,101.0,14.0,148.0,https://www.parkers.co.uk/ford/fiesta/hatchback-2002/125-finesse-3d/specs/
CAR_D6864351,Ford,Fiesta,20 st (1105 ) 3d,Ford Fiesta ST2.0 ST (11/05-) 3d Specs & dimensions,2005,,1999.0,4.0,147.0,190.0,1165.0,Front wheel drive,Manual,Turbocharged,Petrol,,,207.6,129.0,7.9,177.0,https://www.parkers.co.uk/ford/fiesta/st-2005/20-st-(1105-)-3d/specs/
CAR_35C2957E,Ford,Fiesta,10 bonus 3d,Ford Fiesta Hatchback1.0 Bonus 3d Specs & dimensions,1989,,999.0,,45.0,,,Front wheel drive,Manual,Naturally Aspirated,Petrol,,,,,,,https://www.parkers.co.uk/ford/fiesta/hatchback-1989/10-bonus-3d/specs/
CAR_ED70B444,Ford,Fiesta,125 chicane 3d,Ford Fiesta Hatchback1.25 Chicane 3d Specs & dimensions,1995,,1242.0,4.0,73.0,110.0,,Front wheel drive,Manual,Naturally Aspirated,Petrol,,,170.6,106.0,11.9,161.0,https://www.parkers.co.uk/ford/fiesta/hatchback-1995/125-chicane-3d/specs/
CAR_4238BF7C,Ford,Fiesta,11 dash 3d,Ford Fiesta Hatchback1.1 Dash 3d Specs & dimensions,1977,,1117.0,,,,,Front wheel drive,Manual,Naturally Aspirated,Petrol,,,,,,,https://www.parkers.co.uk/ford/fiesta/hatchback-1977/11-dash-3d/specs/
CAR_7FAA4E5A,Ford,Focus,10 ecoboost 125 st line edition 5dr,Ford Focus Hatchback1.0 EcoBoost 125 ST-Line Edition 5dr Specs & dimensions,2018,,999.0,,123.0,200.0,1280.0,Front wheel drive,Manual,Turbocharged,Petrol,,,199.6,124.0,9.7,124.0,https://www.parkers.co.uk/ford/focus/hatchback-2018/10-ecoboost-125-st-line-edition-5dr/specs/
CAR_6920D039,Ford,Focus,10 ecoboost 125 st line edition 5dr,Ford Focus Estate1.0 EcoBoost 125 ST-Line Edition 5dr Specs & dimensions,2018,,999.0,,123.0,200.0,1383.0,Front wheel drive,Manual,Turbocharged,Petrol,,,197.9,123.0,10.0,124.0,https://www.parkers.co.uk/ford/focus/estate-2018/10-ecoboost-125-st-line-edition-5dr/specs/
CAR_0B59ECE7,Ford,Focus,10 ecoboost 125 active edition 5dr,Ford Focus Active Hatchback1.0 EcoBoost 125 Active Edition 5dr Specs & dimensions,2018,,999.0,,123.0,200.0,1280.0,Front wheel drive,Manual,Turbocharged,Petrol,,,199.6,124.0,9.7,124.0,https://www.parkers.co.uk/ford/focus/active-hatchback-2018/10-ecoboost-125-active-edition-5dr/specs/
CAR_66986BE3,Ford,Focus,10 ecoboost 125 active edition 5dr,Ford Focus Active Estate1.0 EcoBoost 125 Active Edition 5dr Specs & dimensions,2018,,999.0,,123.0,200.0,1383.0,Front wheel drive,Manual,Turbocharged,Petrol,,,197.9,123.0,10.0,124.0,https://www.parkers.co.uk/ford/focus/active-estate-2018/10-ecoboost-125-active-edition-5dr/specs/
CAR_81F6D987,Ford,Focus,23 ecoboost st 5dr,Ford Focus ST2.3 EcoBoost ST 5dr Specs & dimensions,2019,,2300.0,,276.0,420.0,1623.0,Front wheel drive,Manual,Turbocharged,Petrol,,,249.4,155.0,5.5,183.0,https://www.parkers.co.uk/ford/focus/st-2019/23-ecoboost-st-5dr/specs/
CAR_4356B3ED,Ford,Focus,14 lx 3d,Ford Focus Hatchback1.4 LX 3d Specs & dimensions,2005,,1388.0,4.0,78.0,124.0,,Front wheel drive,Manual,Naturally Aspirated,Petrol,,,164.2,102.0,13.6,157.0,https://www.parkers.co.uk/ford/focus/hatchback-2005/14-lx-3d/specs/
CAR_5FD559A2,Ford,Focus,25 st 3d,Ford Focus ST2.5 ST 3d Specs & dimensions,2006,,2522.0,5.0,221.0,320.0,1317.0,Front wheel drive,Manual,Turbocharged,Petrol,,,244.6,152.0,6.6,224.0,https://www.parkers.co.uk/ford/focus/st-2006/25-st-3d/specs/
CAR_6068A508,Ford,Focus,25 rs 3d,Ford Focus RS2.5 RS 3d Specs & dimensions,2009,,2522.0,5.0,300.0,440.0,1467.0,Front wheel drive,Manual,Turbocharged,Petrol,,,262.3,163.0,5.7,225.0,https://www.parkers.co.uk/ford/focus/rs-2009/25-rs-3d/specs/
CAR_2ADFA23A,Ford,Focus,16 cc 1 2d,Ford Focus Coupe Cabriolet1.6 CC-1 2d Specs & dimensions,2006,,1596.0,4.0,98.0,150.0,1472.0,Front wheel drive,Manual,Naturally Aspirated,Petrol,,,181.9,113.0,13.2,169.0,https://www.parkers.co.uk/ford/focus/coupe-cabriolet-2006/16-cc-1-2d/specs/
CAR_5B03694C,Ford,Focus,16 ghia (115ps) 5d,Ford Focus Estate1.6 Ghia (115ps) 5d Specs & dimensions,2005,,1596.0,4.0,113.0,155.0,,Front wheel drive,Manual,Naturally Aspirated,Petrol,,,189.9,118.0,10.6,157.0,https://www.parkers.co.uk/ford/focus/estate-2005/16-ghia-(115ps)-5d/specs/
CAR_7920B50B,Ford,Focus,10 (125bhp) ecoboost titanium 5d,Ford Focus Hatchback1.0 (125bhp) EcoBoost Titanium 5d Specs & dimensions,2011,,998.0,3.0,123.0,200.0,1279.0,Front wheel drive,Manual,Turbocharged,Petrol,,,193.1,120.0,10.9,114.0,https://www.parkers.co.uk/ford/focus/hatchback-2011/10-(125bhp)-ecoboost-titanium-5d/specs/
CAR_764CF9D8,Ford,Focus,10 (125bhp) ecoboost titanium 5d,Ford Focus Estate1.0 (125bhp) EcoBoost Titanium 5d Specs & dimensions,2011,,998.0,3.0,123.0,200.0,1276.0,Front wheel drive,Manual,Turbocharged,Petrol,,,185.1,115.0,11.1,117.0,https://www.parkers.co.uk/ford/focus/estate-2011/10-(125bhp)-ecoboost-titanium-5d/specs/
CAR_DB180D7D,Ford,Focus,20 tdci (185bhp) st 1 estate 5d,Ford Focus ST2.0 TDCi (185bhp) ST-1 Estate 5d Specs & dimensions,2012,,1997.0,4.0,182.0,400.0,1488.0,Front wheel drive,Manual,Diesel,Diesel,,,217.3,135.0,8.0,110.0,https://www.parkers.co.uk/ford/focus/st-2012/20-tdci-(185bhp)-st-1-estate-5d/specs/
CAR_B217839D,Ford,Focus,14 cl 3d (00),Ford Focus Hatchback1.4 CL 3d (00) Specs & dimensions,1998,,1388.0,4.0,73.0,123.0,1059.0,Front wheel drive,Manual,Naturally Aspirated,Petrol,,,170.6,106.0,13.6,158.0,https://www.parkers.co.uk/ford/focus/hatchback-1998/14-cl-3d-(00)/specs/
CAR_1388E1F2,Ford,Focus,20 rs 3d,Ford Focus RS2.0 RS 3d Specs & dimensions,2002,,1989.0,4.0,215.0,310.0,,Front wheel drive,Manual,Turbocharged,Petrol,,,231.7,144.0,6.2,237.0,https://www.parkers.co.uk/ford/focus/rs-2002/20-rs-3d/specs/
CAR_652E0A55,Ford,Focus,16 ghia 4d (01),Ford Focus Saloon1.6 Ghia 4d (01) Specs & dimensions,1998,,1596.0,4.0,98.0,145.0,1206.0,Front wheel drive,Manual,Naturally Aspirated,Petrol,,,185.1,115.0,10.6,165.0,https://www.parkers.co.uk/ford/focus/saloon-1998/16-ghia-4d-(01)/specs/
CAR_C5B05DE2,Ford,Focus,16 cl 5d (101),Ford Focus Estate1.6 CL 5d (1/01) Specs & dimensions,1998,,1596.0,4.0,98.0,145.0,,Front wheel drive,Manual,Naturally Aspirated,Petrol,,,185.1,115.0,10.4,163.0,https://www.parkers.co.uk/ford/focus/estate-1998/16-cl-5d-(101)/specs/
CAR_DFD23F06,Ford,Focus,16 ghia (115ps) 4d,Ford Focus Saloon1.6 Ghia (115ps) 4d Specs & dimensions,2005,,1596.0,4.0,113.0,,,Front wheel drive,Manual,Naturally Aspirated,Petrol,,,194.7,121.0,10.6,157.0,https://www.parkers.co.uk/ford/focus/saloon-2005/16-ghia-(115ps)-4d/specs/
CAR_7EA8195F,Ford,Focus C Max,16 lx (115ps) 5d,Ford Focus C-MAX Estate1.6 LX (115ps) 5d Specs & dimensions,2003,,1596.0,4.0,111.0,155.0,1335.0,Front wheel drive,Manual,Naturally Aspirated,Petrol,,,175.4,109.0,11.5,160.0,https://www.parkers.co.uk/ford/focus-c-max/estate-2003/16-lx-(115ps)-5d/specs/
CAR_EF49D4FC,Ford,Fusion,14 5d (05),Ford Fusion Estate1.4 + 5d (05) Specs & dimensions,2002,,1388.0,4.0,78.0,124.0,1167.0,Front wheel drive,Manual,Naturally Aspirated,Petrol,,,162.5,101.0,13.6,154.0,https://www.parkers.co.uk/ford/fusion/estate-2002/14-5d-(05)/specs/
CAR_66E31157,Ford,Galaxy,15 ecoboost titanium 5d,Ford Galaxy Estate1.5 EcoBoost Titanium 5d Specs & dimensions,2015,,1498.0,4.0,157.0,240.0,1633.0,Front wheel drive,Manual,Turbocharged,Petrol,,,199.6,124.0,9.7,149.0,https://www.parkers.co.uk/ford/galaxy/estate-2015/15-ecoboost-titanium-5d/specs/
CAR_A920355E,Ford,Galaxy,16 ecoboost titanium (start stop) 5d,Ford Galaxy Estate1.6 EcoBoost Titanium (Start Stop) 5d Specs & dimensions,2006,,1596.0,4.0,157.0,240.0,1734.0,Front wheel drive,Manual,Turbocharged,Petrol,,,201.2,125.0,9.6,167.0,https://www.parkers.co.uk/ford/galaxy/estate-2006/16-ecoboost-titanium-(start-stop)-5d/specs/
CAR_D1545F8D,Ford,Galaxy,19 td aspen 5d (5 seat),Ford Galaxy Estate1.9 TD Aspen 5d (5 Seat) Specs & dimensions,1995,,1896.0,4.0,88.0,202.0,1650.0,Front wheel drive,Manual,Unknown,Diesel,,,159.3,99.0,15.4,,https://www.parkers.co.uk/ford/galaxy/estate-1995/19-td-aspen-5d-(5-seat)/specs/
CAR_C2149A06,Ford,Galaxy,19 td ghia (115ps) 5d,Ford Galaxy Estate1.9 TD Ghia (115ps) 5d Specs & dimensions,2000,,1896.0,4.0,113.0,310.0,1724.0,Front wheel drive,Manual,Unknown,Diesel,,,181.9,113.0,13.7,178.0,https://www.parkers.co.uk/ford/galaxy/estate-2000/19-td-ghia-(115ps)-5d/specs/
CAR_38E12C8A,Ford,Granada,18 gl 5d,Ford Granada Hatchback1.8 GL 5d Specs & dimensions,1985,,1796.0,,90.0,,,Rear wheel drive,Manual,Naturally Aspirated,Petrol,,,,,,,https://www.parkers.co.uk/ford/granada/hatchback-1985/18-gl-5d/specs/
CAR_6A9FF7F8,Ford,Granada,20i executive 4d,Ford Granada Saloon2.0i Executive 4d Specs & dimensions,1990,,1998.0,,120.0,,,Rear wheel drive,Manual,Naturally Aspirated,Petrol,,,,,,,https://www.parkers.co.uk/ford/granada/saloon-1990/20i-executive-4d/specs/
CAR_AE9B0163,Ford,Granada,20i executive 5d,Ford Granada Estate2.0i Executive 5d Specs & dimensions,1992,,1998.0,,120.0,,,Rear wheel drive,Manual,Naturally Aspirated,Petrol,,,,,,,https://www.parkers.co.uk/ford/granada/estate-1992/20i-executive-5d/specs/
CAR_F83D185F,Ford,Granada,20 l 4d,Ford Granada Saloon2.0 L 4d Specs & dimensions,1981,,1993.0,,,,,Rear wheel drive,Manual,Naturally Aspirated,Petrol,,,,,,,https://www.parkers.co.uk/ford/granada/saloon-1981/20-l-4d/specs/
CAR_6C08105D,Ford,Granada,20 l 5d,Ford Granada Estate2.0 L 5d Specs & dimensions,1981,,1993.0,,,,,Rear wheel drive,Manual,Naturally Aspirated,Petrol,,,,,,,https://www.parkers.co.uk/ford/granada/estate-1981/20-l-5d/specs/
CAR_3E411CA3,Ford,Grand C Max,10 ecoboost (125bhp) titanium (0515 ) 5d,Ford Grand C-MAX Estate1.0 EcoBoost (125bhp) Titanium (05/15-) 5d Specs & dimensions,2010,,999.0,3.0,123.0,200.0,1418.0,Front wheel drive,Manual,Turbocharged,Petrol,,,185.1,115.0,11.2,136.0,https://www.parkers.co.uk/ford/grand-c-max/estate-2010/10-ecoboost-(125bhp)-titanium-(0515-)-5d/specs/
CAR_0A73900B,Ford,Grand Tourneo Connect,15 ecoblue 120 active 5dr,Ford Grand Tourneo Connect Estate1.5 EcoBlue 120 Active 5dr Specs & dimensions,2013,,1498.0,,118.0,270.0,1725.0,Front wheel drive,Manual,Unknown,Diesel,,,170.6,106.0,12.3,150.0,https://www.parkers.co.uk/ford/grand-tourneo-connect/estate-2013/15-ecoblue-120-active-5dr/specs/
CAR_D8049DDA,Ford,Grand Tourneo Connect,15 ecoboost 115 titanium 5dr auto,Ford Grand Tourneo Connect MPV1.5 EcoBoost 115 Titanium 5dr Auto Specs & dimensions,2022,,1498.0,4.0,113.0,,1647.0,Front wheel drive,Automatic,Turbocharged,Petrol,,,,,,156.0,https://www.parkers.co.uk/ford/grand-tourneo-connect/mpv-2022/15-ecoboost-115-titanium-5dr-auto/specs/
CAR_2FA480B3,Ford,Ka,12 digital (start stop) 3d,Ford Ka Hatchback1.2 Digital (Start Stop) 3d Specs & dimensions,2009,,1242.0,4.0,68.0,102.0,907.0,Front wheel drive,Manual,Naturally Aspirated,Petrol,,,159.3,99.0,12.9,115.0,https://www.parkers.co.uk/ford/ka/hatchback-2009/12-digital-(start-stop)-3d/specs/
CAR_1F783233,Ford,Ka,black edition 12 ti vct 85ps 5d,Ford Ka PlusBlack Edition 1.2 Ti-VCT 85PS 5d Specs & dimensions,2016,,1198.0,4.0,83.0,112.0,1013.0,Front wheel drive,Manual,Naturally Aspirated,Petrol,,,169.0,105.0,12.9,114.0,https://www.parkers.co.uk/ford/ka/plus-2016/black-edition-12-ti-vct-85ps-5d/specs/
CAR_02EF1DCD,Ford,Ka,12 ti vct 85ps 5d,Ford Ka Plus Active1.2 Ti-VCT 85PS 5d Specs & dimensions,2018,,1194.0,3.0,83.0,115.0,,Front wheel drive,Manual,Naturally Aspirated,Petrol,,,169.0,105.0,13.1,129.0,https://www.parkers.co.uk/ford/ka/plus-active-2018/12-ti-vct-85ps-5d/specs/
CAR_DBED8C97,Ford,Ka,13i (70ps) 3d,Ford Ka Hatchback1.3i (70ps) 3d Specs & dimensions,1996,,1297.0,4.0,69.0,106.0,871.0,Front wheel drive,Manual,Naturally Aspirated,Petrol,,,167.4,104.0,14.1,147.0,https://www.parkers.co.uk/ford/ka/hatchback-1996/13i-(70ps)-3d/specs/
CAR_DAD2537C,Ford,Kuga,15 ecoboost (120bhp) zetec (nav) 2wd 5d,Ford Kuga Estate1.5 EcoBoost (120bhp) Zetec (Nav) 2WD 5d Specs & dimensions,2012,,1498.0,4.0,118.0,240.0,1504.0,Front wheel drive,Manual,Turbocharged,Petrol,,,180.2,112.0,12.1,143.0,https://www.parkers.co.uk/ford/kuga/estate-2012/15-ecoboost-(120bhp)-zetec-(nav)-2wd-5d/specs/
CAR_2ED3570F,Ford,Kuga,15 ecoblue st line edition 5d,Ford Kuga SUV1.5 EcoBlue ST-Line Edition 5d Specs & dimensions,2020,,1498.0,4.0,118.0,300.0,,Front wheel drive,Manual,Unknown,Diesel,,,180.2,112.0,11.3,124.0,https://www.parkers.co.uk/ford/kuga/suv-2020/15-ecoblue-st-line-edition-5d/specs/
CAR_688BF68A,Ford,Kuga,20 tdci (140bhp) titanium 2wd 5d,Ford Kuga Estate2.0 TDCi (140bhp) Titanium 2WD 5d Specs & dimensions,2008,,1997.0,4.0,138.0,320.0,1584.0,Front wheel drive,Manual,Diesel,Diesel,,,186.7,116.0,,154.0,https://www.parkers.co.uk/ford/kuga/estate-2008/20-tdci-(140bhp)-titanium-2wd-5d/specs/
CAR_9D5EBE84,Ford,Maverick,20 xlt 5d,Ford Maverick Station Wagon2.0 XLT 5d Specs & dimensions,2001,,1988.0,4.0,122.0,175.0,1465.0,4 wheel drive,Manual,Naturally Aspirated,Petrol,,,165.8,103.0,11.6,228.0,https://www.parkers.co.uk/ford/maverick/station-wagon-2001/20-xlt-5d/specs/
CAR_0DA8D578,Ford,Maverick,24 gls 3d,Ford Maverick Station Wagon2.4 GLS 3d Specs & dimensions,1993,,2389.0,4.0,114.0,191.0,1630.0,4 wheel drive,Manual,Naturally Aspirated,Petrol,,,159.3,99.0,14.4,294.0,https://www.parkers.co.uk/ford/maverick/station-wagon-1993/24-gls-3d/specs/
CAR_01016672,Ford,Mondeo,10 ecoboost zetec (nav) 5d,Ford Mondeo Hatchback1.0 EcoBoost Zetec (Nav) 5d Specs & dimensions,2014,,998.0,3.0,123.0,170.0,1455.0,Front wheel drive,Manual,Turbocharged,Petrol,,,199.6,124.0,11.6,119.0,https://www.parkers.co.uk/ford/mondeo/hatchback-2014/10-ecoboost-zetec-(nav)-5d/specs/
CAR_E75EBF62,Ford,Mondeo,20 ecoboost vignale 4d auto,Ford Mondeo Saloon2.0 EcoBoost Vignale 4d Auto Specs & dimensions,2014,,1999.0,4.0,236.0,340.0,1564.0,Front wheel drive,Automatic,Turbocharged,Petrol,,,239.8,149.0,7.6,171.0,https://www.parkers.co.uk/ford/mondeo/saloon-2014/20-ecoboost-vignale-4d-auto/specs/
CAR_8356D300,Ford,Mondeo,10 ecoboost zetec (nav) 5d,Ford Mondeo Estate1.0 EcoBoost Zetec (Nav) 5d Specs & dimensions,2014,,998.0,3.0,123.0,170.0,1476.0,Front wheel drive,Manual,Turbocharged,Petrol,,,194.7,121.0,11.7,120.0,https://www.parkers.co.uk/ford/mondeo/estate-2014/10-ecoboost-zetec-(nav)-5d/specs/
CAR_BB286D78,Ford,Mondeo,16 ecoboost edge (start stop) 5d,Ford Mondeo Hatchback1.6 EcoBoost Edge (Start Stop) 5d Specs & dimensions,2007,,1596.0,4.0,157.0,270.0,1498.0,Front wheel drive,Manual,Turbocharged,Petrol,,,215.7,134.0,9.0,149.0,https://www.parkers.co.uk/ford/mondeo/hatchback-2007/16-ecoboost-edge-(start-stop)-5d/specs/
CAR_787C5373,Ford,Mondeo,16 edge 4d,Ford Mondeo Saloon1.6 Edge 4d Specs & dimensions,2007,,1596.0,4.0,123.0,160.0,1435.0,Front wheel drive,Manual,Naturally Aspirated,Petrol,,,194.7,121.0,11.9,177.0,https://www.parkers.co.uk/ford/mondeo/saloon-2007/16-edge-4d/specs/
CAR_C8DBB7C2,Ford,Mondeo,16 ecoboost edge (start stop) 5d,Ford Mondeo Estate1.6 EcoBoost Edge (Start Stop) 5d Specs & dimensions,2007,,1596.0,4.0,157.0,270.0,1501.0,Front wheel drive,Manual,Turbocharged,Petrol,,,209.2,130.0,9.3,149.0,https://www.parkers.co.uk/ford/mondeo/estate-2007/16-ecoboost-edge-(start-stop)-5d/specs/
CAR_79A7255C,Ford,Mondeo,16 verona 5d,Ford Mondeo Hatchback1.6 Verona 5d Specs & dimensions,1993,,1598.0,4.0,93.0,142.0,1283.0,Front wheel drive,Manual,Naturally Aspirated,Petrol,,,185.1,115.0,11.9,178.0,https://www.parkers.co.uk/ford/mondeo/hatchback-1993/16-verona-5d/specs/
CAR_1B09045F,Ford,Mondeo,16i 4d,Ford Mondeo Saloon1.6i 4d Specs & dimensions,1993,,1598.0,,90.0,,,Front wheel drive,Manual,Naturally Aspirated,Petrol,,,,,,,https://www.parkers.co.uk/ford/mondeo/saloon-1993/16i-4d/specs/
CAR_1A9B0390,Ford,Mondeo,16i aspen 5d (94),Ford Mondeo Estate1.6i Aspen 5d (94) Specs & dimensions,1993,,1598.0,,90.0,,,Front wheel drive,Manual,Naturally Aspirated,Petrol,,,,,,,https://www.parkers.co.uk/ford/mondeo/estate-1993/16i-aspen-5d-(94)/specs/
CAR_B5EF8125,Ford,Mondeo,18 edge 5d,Ford Mondeo Hatchback1.8 Edge 5d Specs & dimensions,2000,,1798.0,,123.0,,,Front wheel drive,Manual,Naturally Aspirated,Petrol,,,204.4,127.0,,182.0,https://www.parkers.co.uk/ford/mondeo/hatchback-2000/18-edge-5d/specs/
CAR_BE18D7AC,Ford,Mondeo,18 lx 4d (00),Ford Mondeo Saloon1.8 LX 4d (00) Specs & dimensions,2000,,1798.0,4.0,123.0,170.0,1373.0,Front wheel drive,Manual,Naturally Aspirated,Petrol,,,204.4,127.0,10.5,182.0,https://www.parkers.co.uk/ford/mondeo/saloon-2000/18-lx-4d-(00)/specs/
CAR_41F4FBBB,Ford,Mondeo,18 edge 5d,Ford Mondeo Estate1.8 Edge 5d Specs & dimensions,2000,,1798.0,,123.0,,,Front wheel drive,Manual,Naturally Aspirated,Petrol,,,199.6,124.0,,186.0,https://www.parkers.co.uk/ford/mondeo/estate-2000/18-edge-5d/specs/
CAR_B50ADBD6,Ford,Mustang,23 ecoboost (042018 on) 2d,Ford Mustang Coupe2.3 EcoBoost (04/2018 on) 2d Specs & dimensions,2015,2018.0,2300.0,,285.0,440.0,1737.0,Rear wheel drive,Manual,Turbocharged,Petrol,,,,,,199.0,https://www.parkers.co.uk/ford/mustang/coupe-2015/23-ecoboost-(042018-on)-2d/specs/
CAR_28AE5ACB,Ford,Mustang,23 ecoboost (042018 on) 2d,Ford Mustang Convertible2.3 EcoBoost (04/2018 on) 2d Specs & dimensions,2015,2018.0,2300.0,,285.0,440.0,1799.0,Rear wheel drive,Manual,Turbocharged,Petrol,,,,,,200.0,https://www.parkers.co.uk/ford/mustang/convertible-2015/23-ecoboost-(042018-on)-2d/specs/
CAR_81C42463,Ford,Mustang,50 v8 dark horse 2dr,Ford Mustang Coupe5.0 V8 Dark Horse 2dr Specs & dimensions,2024,,5038.0,8.0,446.0,540.0,1817.0,Rear wheel drive,Manual,Naturally Aspirated,Petrol,,,262.3,163.0,5.0,241.0,https://www.parkers.co.uk/ford/mustang/coupe-2024/50-v8-dark-horse-2dr/specs/
CAR_82700B2D,Ford,Mustang,50 v8 gt 2dr,Ford Mustang Convertible5.0 V8 GT 2dr Specs & dimensions,2024,,5038.0,8.0,439.0,540.0,1868.0,Rear wheel drive,Manual,Naturally Aspirated,Petrol,,,249.4,155.0,5.2,235.0,https://www.parkers.co.uk/ford/mustang/convertible-2024/50-v8-gt-2dr/specs/
CAR_B24DE97E,Ford,Mustang Mach E,190kw standard range 75kwh awd 5dr auto,Ford Mustang Mach-E SUV190kW Standard Range 75kWh AWD 5dr Auto Specs & dimensions,2020,,,,265.0,580.0,,4 wheel drive,Automatic,EV,Electric,,,178.6,111.0,6.1,0.0,https://www.parkers.co.uk/ford/mustang-mach-e/suv-2020/190kw-standard-range-75kwh-awd-5dr-auto/specs/
CAR_536F4832,Ford,Orion,13 classic 4d,Ford Orion Saloon1.3 Classic 4d Specs & dimensions,1983,,1297.0,,63.0,,,Front wheel drive,Manual,Naturally Aspirated,Petrol,,,,,,,https://www.parkers.co.uk/ford/orion/saloon-1983/13-classic-4d/specs/
CAR_EC9F8A49,Ford,Orion,13 glx 4d,Ford Orion Saloon1.3 GLX 4d Specs & dimensions,1990,,1297.0,,60.0,,,Front wheel drive,Manual,Naturally Aspirated,Petrol,,,,,,,https://www.parkers.co.uk/ford/orion/saloon-1990/13-glx-4d/specs/
CAR_EBB4639F,Ford,Probe,20i 16v 3d,Ford Probe Coupe2.0i 16V 3d Specs & dimensions,1994,,1991.0,4.0,113.0,170.0,1215.0,Front wheel drive,Manual,Naturally Aspirated,Petrol,,,204.4,127.0,10.6,198.0,https://www.parkers.co.uk/ford/probe/coupe-1994/20i-16v-3d/specs/
CAR_421C73EB,Ford,Puma,10 ecoboost hb mhev 155 bluecruise ed dct 5dr,Ford Puma SUV1.0 EcoBoost HB mHEV 155 BlueCruise Ed DCT 5dr Specs & dimensions,2019,,999.0,3.0,152.0,240.0,,Front wheel drive,Automatic,Turbocharged,Petrol,,,199.6,124.0,8.4,128.0,https://www.parkers.co.uk/ford/puma/suv-2019/10-ecoboost-hb-mhev-155-bluecruise-ed-dct-5dr/specs/
CAR_E37D4E71,Ford,Puma,10 ecoboost hybrid mhev st 5dr dct,Ford Puma ST1.0 EcoBoost Hybrid mHEV ST 5dr DCT Specs & dimensions,2020,,999.0,3.0,167.0,248.0,1283.0,Front wheel drive,Automatic,Hybrid,Petrol,,,209.2,130.0,7.2,144.0,https://www.parkers.co.uk/ford/puma/st-2020/10-ecoboost-hybrid-mhev-st-5dr-dct/specs/
CAR_B1FFEC2E,Ford,Puma,14i 16v 3d,Ford Puma Coupe1.4i 16V 3d Specs & dimensions,1997,,1388.0,4.0,88.0,125.0,1035.0,Front wheel drive,Manual,Naturally Aspirated,Petrol,,,180.2,112.0,10.8,171.0,https://www.parkers.co.uk/ford/puma/coupe-1997/14i-16v-3d/specs/
CAR_16467438,Ford,Puma Gen E,123kw sound edition 43kwh 5dr auto,Ford Puma Gen-E SUV123kW Sound Edition 43kWh 5dr Auto Specs & dimensions,2025,,,,164.0,290.0,,Front wheel drive,Automatic,EV,Electric,,,159.3,99.0,7.7,0.0,https://www.parkers.co.uk/ford/puma-gen-e/suv-2025/123kw-sound-edition-43kwh-5dr-auto/specs/
CAR_F78CF5E6,Ford,S Max,15 ecoboost titanium (x pack) 5d,Ford S-MAX Estate1.5 EcoBoost Titanium (X Pack) 5d Specs & dimensions,2015,,1498.0,4.0,157.0,240.0,1570.0,Front wheel drive,Manual,Turbocharged,Petrol,,,199.6,124.0,9.6,149.0,https://www.parkers.co.uk/ford/s-max/estate-2015/15-ecoboost-titanium-(x-pack)-5d/specs/
CAR_68E3106E,Ford,S Max,16 ecoboost titanium (start stop) 5d,Ford S-MAX Estate1.6 EcoBoost Titanium (Start Stop) 5d Specs & dimensions,2006,,1596.0,4.0,157.0,240.0,1602.0,Front wheel drive,Manual,Turbocharged,Petrol,,,202.8,126.0,9.6,159.0,https://www.parkers.co.uk/ford/s-max/estate-2006/16-ecoboost-titanium-(start-stop)-5d/specs/
CAR_47FCA956,Ford,Scorpio,20 16v executive 4d,Ford Scorpio Saloon2.0 16V Executive 4d Specs & dimensions,1995,,1998.0,4.0,134.0,175.0,1471.0,Rear wheel drive,Manual,Naturally Aspirated,Petrol,,,207.6,129.0,10.4,,https://www.parkers.co.uk/ford/scorpio/saloon-1995/20-16v-executive-4d/specs/
CAR_B6B35FA1,Ford,Scorpio,20 16v executive 5d,Ford Scorpio Estate2.0 16V Executive 5d Specs & dimensions,1995,,1998.0,4.0,134.0,175.0,1532.0,Rear wheel drive,Manual,Naturally Aspirated,Petrol,,,199.6,124.0,10.7,,https://www.parkers.co.uk/ford/scorpio/estate-1995/20-16v-executive-5d/specs/
CAR_1B5B8A65,Ford,Sierra,13 5d,Ford Sierra Hatchback1.3 5d Specs & dimensions,1982,,1294.0,,60.0,,,Rear wheel drive,Manual,Naturally Aspirated,Petrol,,,,,,,https://www.parkers.co.uk/ford/sierra/hatchback-1982/13-5d/specs/
CAR_15B933A7,Ford,Sierra,16 5d,Ford Sierra Estate1.6 5d Specs & dimensions,1982,,1593.0,,75.0,,,Rear wheel drive,Manual,Naturally Aspirated,Petrol,,,,,,,https://www.parkers.co.uk/ford/sierra/estate-1982/16-5d/specs/
CAR_0CEA55D5,Ford,Sierra Sapphire,16 4d,Ford Sierra Sapphire Saloon1.6 4d Specs & dimensions,1987,,1593.0,,75.0,,,Rear wheel drive,Manual,Naturally Aspirated,Petrol,,,,,,,https://www.parkers.co.uk/ford/sierra-sapphire/saloon-1987/16-4d/specs/
CAR_3D4F3ECE,Ford,Streetka,16i 2d,Ford StreetKa Roadster1.6i 2d Specs & dimensions,2003,,1597.0,4.0,93.0,135.0,1136.0,Front wheel drive,Manual,Naturally Aspirated,Petrol,,,172.2,107.0,11.7,189.0,https://www.parkers.co.uk/ford/streetka/roadster-2003/16i-2d/specs/
CAR_FD4D8CD9,Ford,Tourneo Connect,10 ecoboost style 5d,Ford Tourneo Connect Estate1.0 EcoBoost Style 5d Specs & dimensions,2013,,998.0,,98.0,170.0,1429.0,Front wheel drive,Manual,Turbocharged,Petrol,,,165.8,103.0,13.6,129.0,https://www.parkers.co.uk/ford/tourneo-connect/estate-2013/10-ecoboost-style-5d/specs/
CAR_0DA68F90,Ford,Tourneo Connect,15 ecoboost 115 titanium 5dr auto,Ford Tourneo Connect MPV1.5 EcoBoost 115 Titanium 5dr Auto Specs & dimensions,2022,,1498.0,4.0,113.0,,1571.0,Front wheel drive,Automatic,Turbocharged,Petrol,,,,,,152.0,https://www.parkers.co.uk/ford/tourneo-connect/mpv-2022/15-ecoboost-115-titanium-5dr-auto/specs/
CAR_06EEBEAD,Ford,Tourneo Courier,10 ecoboost titanium 5d,Ford Tourneo Courier MPV1.0 EcoBoost Titanium 5d Specs & dimensions,2018,,998.0,,98.0,170.0,,Front wheel drive,Manual,Turbocharged,Petrol,,,278.4,173.0,13.6,131.0,https://www.parkers.co.uk/ford/tourneo-courier/mpv-2018/10-ecoboost-titanium-5d/specs/
CAR_1798DF8E,Ford,Tourneo Courier,10 ecoboost active 5dr,Ford Tourneo Courier MPV1.0 EcoBoost Active 5dr Specs & dimensions,2023,,998.0,3.0,123.0,200.0,1373.0,Front wheel drive,Manual,Turbocharged,Petrol,,,175.4,109.0,12.6,154.0,https://www.parkers.co.uk/ford/tourneo-courier/mpv-2023/10-ecoboost-active-5dr/specs/
CAR_B4A2CF2A,Ford,Tourneo Courier,100kw active 43kwh 5dr auto,Ford Tourneo Courier EV100kW Active 43kWh 5dr Auto Specs & dimensions,2024,,,,134.0,290.0,1649.0,Front wheel drive,Automatic,EV,Electric,,,144.8,90.0,10.1,0.0,https://www.parkers.co.uk/ford/tourneo-courier/ev-2024/100kw-active-43kwh-5dr-auto/specs/
CAR_2DF6EC9E,Ford,Transit Courier Kombi,15 tdci 6dr [6 speed] 6d,Ford Transit Courier Kombi MPV1.5 TDCi 6dr [6 Speed] 6d Specs & dimensions,2018,,1498.0,4.0,73.0,190.0,1347.0,Front wheel drive,Manual,Diesel,Diesel,,,,,,117.0,https://www.parkers.co.uk/ford/transit-courier-kombi/mpv-2018/15-tdci-6dr-[6-speed]-6d/specs/
CAR_08537A6B,Ford,Transit Custom,20 ecoblue 150 l1 nugget 4dr,Ford Transit Custom MPV2.0 EcoBlue 150 L1 Nugget 4dr Specs & dimensions,2020,,1997.0,4.0,147.0,,2045.0,Front wheel drive,Manual,Unknown,Diesel,,,,,,204.0,https://www.parkers.co.uk/ford/transit-custom/mpv-2020/20-ecoblue-150-l1-nugget-4dr/specs/
CAR_D3D21CA7,Ford,Transit Custom,20 ecoblue 170 l1 nugget active 4dr awd auto,Ford Transit Custom MPV2.0 EcoBlue 170 L1 Nugget Active 4dr AWD Auto Specs & dimensions,2024,,1997.0,4.0,167.0,,,4 wheel drive,Automatic,Unknown,Diesel,,,,,,237.0,https://www.parkers.co.uk/ford/transit-custom/mpv-2024/20-ecoblue-170-l1-nugget-active-4dr-awd-auto/specs/
CAR_1DCFC9D4,Honda,Accord,20 i vtec es 4d,Honda Accord Saloon2.0 i-VTEC ES 4d Specs & dimensions,2008,,1997.0,4.0,153.0,192.0,1501.0,Front wheel drive,Manual,Naturally Aspirated,Petrol,,,215.7,134.0,9.1,159.0,https://www.parkers.co.uk/honda/accord/saloon-2008/20-i-vtec-es-4d/specs/
CAR_0B86D11C,Honda,Accord,20 i vtec es 5d,Honda Accord Tourer2.0 i-VTEC ES 5d Specs & dimensions,2008,,1997.0,4.0,153.0,192.0,1565.0,Front wheel drive,Manual,Naturally Aspirated,Petrol,,,212.4,132.0,9.4,163.0,https://www.parkers.co.uk/honda/accord/tourer-2008/20-i-vtec-es-5d/specs/
CAR_D3BCE8BD,Honda,Accord,18i vtec s 5d (01),Honda Accord Hatchback1.8i VTEC S 5d (01) Specs & dimensions,1999,,1850.0,4.0,134.0,175.0,1385.0,Front wheel drive,Manual,Naturally Aspirated,Petrol,,,204.4,127.0,10.6,189.0,https://www.parkers.co.uk/honda/accord/hatchback-1999/18i-vtec-s-5d-(01)/specs/
CAR_9D3131F7,Honda,Accord,18i es 4d,Honda Accord Saloon1.8i ES 4d Specs & dimensions,1998,,1850.0,4.0,134.0,175.0,1406.0,Front wheel drive,Manual,Naturally Aspirated,Petrol,,,204.4,127.0,10.1,200.0,https://www.parkers.co.uk/honda/accord/saloon-1998/18i-es-4d/specs/
CAR_56F9F8B3,Honda,Accord,20i es 2d,Honda Accord Coupe2.0i ES 2d Specs & dimensions,1998,,1997.0,4.0,144.0,184.0,1370.0,Front wheel drive,Manual,Naturally Aspirated,Petrol,,,207.6,129.0,9.7,215.0,https://www.parkers.co.uk/honda/accord/coupe-1998/20i-es-2d/specs/
CAR_2BA3174F,Honda,Accord,20 i vtec ex 4d,Honda Accord Saloon2.0 i-VTEC EX 4d Specs & dimensions,2003,,1998.0,4.0,152.0,190.0,1365.0,Front wheel drive,Manual,Naturally Aspirated,Petrol,,,217.3,135.0,9.0,189.0,https://www.parkers.co.uk/honda/accord/saloon-2003/20-i-vtec-ex-4d/specs/
CAR_8023B78B,Honda,Accord,20 i vtec ex 5d,Honda Accord Tourer2.0 i-VTEC EX 5d Specs & dimensions,2003,,1998.0,4.0,152.0,190.0,1473.0,Front wheel drive,Manual,Naturally Aspirated,Petrol,,,204.4,127.0,9.6,204.0,https://www.parkers.co.uk/honda/accord/tourer-2003/20-i-vtec-ex-5d/specs/
CAR_F4517C5F,Honda,Accord,20i 5d,Honda Accord Hatchback2.0i 5d Specs & dimensions,1991,,1997.0,,133.0,,,Front wheel drive,Manual,Naturally Aspirated,Petrol,,,,,,,https://www.parkers.co.uk/honda/accord/hatchback-1991/20i-5d/specs/
CAR_6E29ED8F,Honda,Accord,16 dx 4d,Honda Accord Saloon1.6 DX 4d Specs & dimensions,1982,,1602.0,,,,,Front wheel drive,Manual,Naturally Aspirated,Petrol,,,,,,,https://www.parkers.co.uk/honda/accord/saloon-1982/16-dx-4d/specs/
CAR_DB8F861B,Honda,Accord,20i 2d,Honda Accord Coupe2.0i 2d Specs & dimensions,1992,,1997.0,,133.0,,,Front wheel drive,Manual,Naturally Aspirated,Petrol,,,,,,,https://www.parkers.co.uk/honda/accord/coupe-1992/20i-2d/specs/
CAR_3CA726CB,Honda,Accord,18i 4d,Honda Accord Saloon1.8i 4d Specs & dimensions,1993,,1849.0,4.0,113.0,158.0,1278.0,Front wheel drive,Manual,Naturally Aspirated,Petrol,,,194.7,121.0,10.6,,https://www.parkers.co.uk/honda/accord/saloon-1993/18i-4d/specs/
CAR_3C83E14A,Honda,Accord,20i es 5d,Honda Accord Aerodeck2.0i ES 5d Specs & dimensions,1994,,1997.0,4.0,136.0,198.0,,Front wheel drive,Manual,Naturally Aspirated,Petrol,,,,,,,https://www.parkers.co.uk/honda/accord/aerodeck-1994/20i-es-5d/specs/
CAR_86842E24,Honda,Accord,20i ls 2d,Honda Accord Coupe2.0i LS 2d Specs & dimensions,1994,,1997.0,4.0,136.0,184.0,1313.0,Front wheel drive,Manual,Naturally Aspirated,Petrol,,,,,,,https://www.parkers.co.uk/honda/accord/coupe-1994/20i-ls-2d/specs/
CAR_22A30E9E,Honda,Accord,16 dx 3d,Honda Accord Hatchback1.6 DX 3d Specs & dimensions,1982,,1602.0,,,,,Front wheel drive,Manual,Naturally Aspirated,Petrol,,,,,,,https://www.parkers.co.uk/honda/accord/hatchback-1982/16-dx-3d/specs/
CAR_ECFFFC8E,Honda,Accord,20 ex 3d,Honda Accord Aerodeck2.0 EX 3d Specs & dimensions,1985,,1955.0,,106.0,,,Front wheel drive,Manual,Naturally Aspirated,Petrol,,,,,,,https://www.parkers.co.uk/honda/accord/aerodeck-1985/20-ex-3d/specs/
CAR_C3C1156D,Honda,Ballade,15 ex 4d,Honda Ballade Saloon1.5 EX 4d Specs & dimensions,1986,,1488.0,,85.0,,,Front wheel drive,Manual,Naturally Aspirated,Petrol,,,,,,,https://www.parkers.co.uk/honda/ballade/saloon-1986/15-ex-4d/specs/
CAR_B307F6C7,Honda,Civic,10 vtec turbo ex  sport line 5d,Honda Civic Hatchback1.0 VTEC Turbo EX - Sport Line 5d Specs & dimensions,2017,,988.0,3.0,124.0,200.0,1281.0,Front wheel drive,Manual,Turbocharged,Petrol,,,204.4,127.0,10.8,141.0,https://www.parkers.co.uk/honda/civic/hatchback-2017/10-vtec-turbo-ex--sport-line-5d/specs/
CAR_B67449A3,Honda,Civic,ex 120ps 16i dtec 4d,Honda Civic SaloonEX 120PS 1.6i-DTEC 4d Specs & dimensions,2018,,1597.0,4.0,118.0,300.0,1314.0,Front wheel drive,Manual,Unknown,Diesel,,,201.2,125.0,9.8,91.0,https://www.parkers.co.uk/honda/civic/saloon-2018/ex-120ps-16i-dtec-4d/specs/
CAR_DF50CA23,Honda,Civic,20 vtec turbo type r limited edition 5dr,Honda Civic Type-R2.0 VTEC Turbo Type R Limited Edition 5dr Specs & dimensions,2017,,1996.0,4.0,315.0,400.0,1358.0,Front wheel drive,Manual,Turbocharged,Petrol,,,270.4,168.0,5.5,191.0,https://www.parkers.co.uk/honda/civic/type-r-2017/20-vtec-turbo-type-r-limited-edition-5dr/specs/
CAR_6B1E85EB,Honda,Civic,20 ehev advance 5dr cvt,Honda Civic Hatchback2.0 eHEV Advance 5dr CVT Specs & dimensions,2022,,1993.0,4.0,140.0,186.0,1500.0,Front wheel drive,Automatic,EV,Petrol/Electric Hybrid,,,178.6,111.0,7.8,114.0,https://www.parkers.co.uk/honda/civic/hatchback-2022/20-ehev-advance-5dr-cvt/specs/
CAR_31D3B274,Honda,Civic,20 vtec turbo type r 5dr,Honda Civic Type-R2.0 VTEC Turbo Type R 5dr Specs & dimensions,2023,,1996.0,4.0,324.0,420.0,1429.0,Front wheel drive,Manual,Turbocharged,Petrol,,,275.2,171.0,5.2,189.0,https://www.parkers.co.uk/honda/civic/type-r-2023/20-vtec-turbo-type-r-5dr/specs/
CAR_EF66A9F6,Honda,Civic,14 i dsi s 5d,Honda Civic Hatchback1.4 i-Dsi S 5d Specs & dimensions,2006,,1339.0,4.0,80.0,119.0,1180.0,Front wheel drive,Manual,Naturally Aspirated,Petrol,,,170.6,106.0,14.1,139.0,https://www.parkers.co.uk/honda/civic/hatchback-2006/14-i-dsi-s-5d/specs/
CAR_C4B670B7,Honda,Civic,14 i dsi es ima 4d cvt auto,Honda Civic Hybrid Saloon1.4 i-Dsi ES IMA 4d CVT Auto Specs & dimensions,2006,,1339.0,4.0,113.0,225.0,1297.0,Front wheel drive,Automatic,EV,Petrol/Electric Hybrid,,,185.1,115.0,11.7,109.0,https://www.parkers.co.uk/honda/civic/hybrid-saloon-2006/14-i-dsi-es-ima-4d-cvt-auto/specs/
CAR_5A90EF8F,Honda,Civic,20 i vtec 3d,Honda Civic Type-R2.0 i-VTEC 3d Specs & dimensions,2007,,1998.0,4.0,198.0,193.0,1267.0,Front wheel drive,Manual,Naturally Aspirated,Petrol,,,235.0,146.0,6.4,215.0,https://www.parkers.co.uk/honda/civic/type-r-2007/20-i-vtec-3d/specs/
CAR_D6EA6A39,Honda,Civic,14 i vtec s (0315 ) 5d,Honda Civic Hatchback1.4 i-VTEC S (03/15-) 5d Specs & dimensions,2012,,1339.0,4.0,98.0,127.0,1184.0,Front wheel drive,Manual,Naturally Aspirated,Petrol,,,186.7,116.0,13.0,129.0,https://www.parkers.co.uk/honda/civic/hatchback-2012/14-i-vtec-s-(0315-)-5d/specs/
CAR_56F5C952,Honda,Civic,16 i dtec black edition 5d,Honda Civic Tourer1.6 i-DTEC Black Edition 5d Specs & dimensions,2014,,1597.0,4.0,118.0,300.0,1337.0,Front wheel drive,Manual,Unknown,Diesel,,,194.7,121.0,9.8,99.0,https://www.parkers.co.uk/honda/civic/tourer-2014/16-i-dtec-black-edition-5d/specs/
CAR_66D2F72B,Honda,Civic,20 i vtec type r 5d,Honda Civic Type-R2.0 i-VTEC Type R 5d Specs & dimensions,2015,,1996.0,4.0,305.0,400.0,1382.0,Front wheel drive,Manual,Turbocharged,Petrol,,,270.4,168.0,5.5,170.0,https://www.parkers.co.uk/honda/civic/type-r-2015/20-i-vtec-type-r-5d/specs/
CAR_AF9C2ADF,Honda,Civic,14i (90bhp) 5d (97),Honda Civic Hatchback1.4i (90bhp) 5d (97) Specs & dimensions,1995,,1396.0,4.0,90.0,117.0,1090.0,Front wheel drive,Manual,Naturally Aspirated,Petrol,,,175.4,109.0,12.9,178.0,https://www.parkers.co.uk/honda/civic/hatchback-1995/14i-(90bhp)-5d-(97)/specs/
CAR_7B93B509,Honda,Civic,15i ls 5d,Honda Civic Estate1.5i LS 5d Specs & dimensions,1998,,1493.0,4.0,112.0,135.0,1176.0,Front wheel drive,Manual,Naturally Aspirated,Petrol,,,189.9,118.0,11.7,161.0,https://www.parkers.co.uk/honda/civic/estate-1998/15i-ls-5d/specs/
CAR_D690004E,Honda,Civic,16 lsi se 2d,Honda Civic Coupe1.6 LSi SE 2d Specs & dimensions,1996,,1595.0,4.0,101.0,133.0,,Front wheel drive,Manual,Naturally Aspirated,Petrol,,,,,,,https://www.parkers.co.uk/honda/civic/coupe-1996/16-lsi-se-2d/specs/
CAR_4CB43F7F,Honda,Civic,14i e 3d,Honda Civic Hatchback1.4i E 3d Specs & dimensions,2000,,1396.0,4.0,88.0,130.0,1126.0,Front wheel drive,Manual,Naturally Aspirated,Petrol,,,177.0,110.0,11.2,150.0,https://www.parkers.co.uk/honda/civic/hatchback-2000/14i-e-3d/specs/
CAR_B73199ED,Honda,Civic,20i vtec 30th anniversary 3d,Honda Civic Type-R2.0i VTEC 30th Anniversary 3d Specs & dimensions,2001,,1998.0,4.0,197.0,196.0,1204.0,Front wheel drive,Manual,Naturally Aspirated,Petrol,,,235.0,146.0,6.6,212.0,https://www.parkers.co.uk/honda/civic/type-r-2001/20i-vtec-30th-anniversary-3d/specs/
CAR_5BE32EBD,Honda,Civic,13i vtec executive 4d,Honda Civic IMA Saloon1.3i VTEC Executive 4d Specs & dimensions,2003,,1339.0,4.0,88.0,159.0,1189.0,Front wheel drive,Manual,EV,Petrol/Electric Hybrid,,,178.6,111.0,12.4,116.0,https://www.parkers.co.uk/honda/civic/ima-saloon-2003/13i-vtec-executive-4d/specs/
CAR_86FD817D,Honda,Civic,17 vtec 2d,Honda Civic Coupe1.7 VTEC 2d Specs & dimensions,2001,,1668.0,4.0,123.0,153.0,1162.0,Front wheel drive,Manual,Naturally Aspirated,Petrol,,,202.8,126.0,9.3,159.0,https://www.parkers.co.uk/honda/civic/coupe-2001/17-vtec-2d/specs/
CAR_B2C9E86B,Honda,Civic,16i vtec 3d,Honda Civic Hatchback1.6i VTEC 3d Specs & dimensions,1987,,1595.0,,150.0,,,Front wheel drive,Manual,Naturally Aspirated,Petrol,,,,,,,https://www.parkers.co.uk/honda/civic/hatchback-1987/16i-vtec-3d/specs/
CAR_0D1029D5,Honda,Civic,gl 4d,Honda Civic SaloonGL 4d Specs & dimensions,1990,,1396.0,,90.0,,,Front wheel drive,Manual,Naturally Aspirated,Petrol,,,,,,,https://www.parkers.co.uk/honda/civic/saloon-1990/gl-4d/specs/
CAR_93687EDF,Honda,Civic,14 gl 5d,Honda Civic Estate1.4 GL 5d Specs & dimensions,1988,,1396.0,,90.0,,,Front wheel drive,Manual,Naturally Aspirated,Petrol,,,,,,,https://www.parkers.co.uk/honda/civic/estate-1988/14-gl-5d/specs/
CAR_CB23C39B,Honda,Civic,bali 3d (93),Honda Civic HatchbackBali 3d (93) Specs & dimensions,1991,,1343.0,,74.0,,,Front wheel drive,Manual,Naturally Aspirated,Petrol,,,,,,,https://www.parkers.co.uk/honda/civic/hatchback-1991/bali-3d-(93)/specs/
CAR_56316CFA,Honda,Civic,bali 4d,Honda Civic SaloonBali 4d Specs & dimensions,1991,,1493.0,,89.0,,,Front wheel drive,Manual,Naturally Aspirated,Petrol,,,,,,,https://www.parkers.co.uk/honda/civic/saloon-1991/bali-4d/specs/
CAR_2E453F51,Honda,Civic,15 2d,Honda Civic Coupe1.5 2d Specs & dimensions,1994,,1493.0,4.0,101.0,133.0,,Front wheel drive,Manual,Naturally Aspirated,Petrol,,,,,,,https://www.parkers.co.uk/honda/civic/coupe-1994/15-2d/specs/
CAR_6FF69B11,Honda,Civic,15i ls 4d,Honda Civic Saloon1.5i LS 4d Specs & dimensions,1996,,1493.0,4.0,112.0,134.0,1136.0,Front wheel drive,Manual,Naturally Aspirated,Petrol,,,191.5,119.0,10.1,153.0,https://www.parkers.co.uk/honda/civic/saloon-1996/15i-ls-4d/specs/
CAR_02C43266,Honda,Civic,13 dl 3d,Honda Civic Hatchback1.3 DL 3d Specs & dimensions,1984,,1342.0,,71.0,,,Front wheel drive,Manual,Naturally Aspirated,Petrol,,,,,,,https://www.parkers.co.uk/honda/civic/hatchback-1984/13-dl-3d/specs/
CAR_221ADD0D,Honda,Civic,15 4wd 5d,Honda Civic Estate1.5 4WD 5d Specs & dimensions,1984,,1488.0,,85.0,,,4 wheel drive,Manual,Naturally Aspirated,Petrol,,,,,,,https://www.parkers.co.uk/honda/civic/estate-1984/15-4wd-5d/specs/
CAR_CEE9739B,Honda,Concerto,16 ex 4d,Honda Concerto Saloon1.6 EX 4d Specs & dimensions,1990,,1590.0,,106.0,,,Front wheel drive,Manual,Naturally Aspirated,Petrol,,,,,,,https://www.parkers.co.uk/honda/concerto/saloon-1990/16-ex-4d/specs/
CAR_787FEF84,Honda,Concerto,14 gl 5d,Honda Concerto Hatchback1.4 GL 5d Specs & dimensions,1989,,1396.0,,90.0,,,Front wheel drive,Manual,Naturally Aspirated,Petrol,,,,,,,https://www.parkers.co.uk/honda/concerto/hatchback-1989/14-gl-5d/specs/
CAR_B2D80F85,Honda,Cr V,20 i mmd hybrid sport line 2wd 5dr ecvt,Honda CR-V SUV2.0 i-MMD Hybrid Sport Line 2WD 5dr eCVT Specs & dimensions,2018,,1993.0,4.0,181.0,315.0,1614.0,Front wheel drive,Automatic,EV,Petrol/Electric Hybrid,,,180.2,112.0,8.3,151.0,https://www.parkers.co.uk/honda/cr-v/suv-2018/20-i-mmd-hybrid-sport-line-2wd-5dr-ecvt/specs/
CAR_932CA621,Honda,Cr V,20 ehev advance 5dr ecvt,Honda CR-V SUV2.0 eHEV Advance 5dr eCVT Specs & dimensions,2023,,1993.0,4.0,181.0,335.0,1822.0,4 wheel drive,Automatic,EV,Petrol/Electric Hybrid,,,185.1,115.0,9.0,151.0,https://www.parkers.co.uk/honda/cr-v/suv-2023/20-ehev-advance-5dr-ecvt/specs/
CAR_4CDD2472,Honda,Cr V,20 i vtec es (09) 5d,Honda CR-V Estate2.0 i-VTEC ES (09) 5d Specs & dimensions,2007,,1997.0,4.0,147.0,192.0,1607.0,4 wheel drive,Manual,Naturally Aspirated,Petrol,,,189.9,118.0,9.9,190.0,https://www.parkers.co.uk/honda/cr-v/estate-2007/20-i-vtec-es-(09)-5d/specs/
CAR_9732FCAA,Honda,Cr V,16 i dtec black edition 5d,Honda CR-V Hatchback1.6 i-DTEC Black Edition 5d Specs & dimensions,2012,,1597.0,4.0,157.0,350.0,1630.0,4 wheel drive,Manual,Unknown,Diesel,,,201.2,125.0,9.3,129.0,https://www.parkers.co.uk/honda/cr-v/hatchback-2012/16-i-dtec-black-edition-5d/specs/
CAR_B330645B,Honda,Cr V,20i es 5d (ac),Honda CR-V Estate2.0i ES 5d (AC) Specs & dimensions,1997,,1973.0,4.0,144.0,182.0,,4 wheel drive,Manual,Naturally Aspirated,Petrol,,,177.0,110.0,10.2,229.0,https://www.parkers.co.uk/honda/cr-v/estate-1997/20i-es-5d-(ac)/specs/
CAR_4EF2C381,Honda,Cr V,20 i vtec executive 5d (03),Honda CR-V Estate2.0 i-VTEC Executive 5d (03) Specs & dimensions,2001,,1998.0,4.0,148.0,192.0,1493.0,4 wheel drive,Manual,Naturally Aspirated,Petrol,,,177.0,110.0,9.8,216.0,https://www.parkers.co.uk/honda/cr-v/estate-2001/20-i-vtec-executive-5d-(03)/specs/
CAR_4DFFB433,Honda,Cr Z,15 ima (137bhp) gt hybrid 3d,Honda CR-Z Hatchback1.5 IMA (137bhp) GT Hybrid 3d Specs & dimensions,2010,,1497.0,4.0,135.0,190.0,1159.0,Front wheel drive,Manual,EV,Petrol/Electric Hybrid,,,199.6,124.0,9.2,122.0,https://www.parkers.co.uk/honda/cr-z/hatchback-2010/15-ima-(137bhp)-gt-hybrid-3d/specs/
CAR_790ECCBB,Honda,Crx,15 sports 3d,Honda CRX Coupe1.5 Sports 3d Specs & dimensions,1984,,1493.0,,,,,Front wheel drive,Manual,Naturally Aspirated,Petrol,,,,,,,https://www.parkers.co.uk/honda/crx/coupe-1984/15-sports-3d/specs/
CAR_8A2B4621,Honda,Crx,16 esi 2d,Honda CRX Convertible1.6 ESi 2d Specs & dimensions,1992,,1590.0,4.0,123.0,142.0,1050.0,Front wheel drive,Manual,Naturally Aspirated,Petrol,,,189.9,118.0,9.3,,https://www.parkers.co.uk/honda/crx/convertible-1992/16-esi-2d/specs/
CAR_F1F6E869,Honda,Eny1,150kw advance 69kwh 5dr auto,Honda e:Ny1 SUV150kW Advance 69kWh 5dr Auto Specs & dimensions,2023,,,,201.0,310.0,1756.0,Front wheel drive,Automatic,EV,Electric,,,159.3,99.0,7.4,0.0,https://www.parkers.co.uk/honda/eny1/suv-2023/150kw-advance-69kwh-5dr-auto/specs/
CAR_1FB07F3B,Honda,Fr V,17 se 5d,Honda FR-V Hatchback1.7 SE 5d Specs & dimensions,2004,,1668.0,4.0,123.0,154.0,1397.0,Front wheel drive,Manual,Naturally Aspirated,Petrol,,,180.2,112.0,11.9,179.0,https://www.parkers.co.uk/honda/fr-v/hatchback-2004/17-se-5d/specs/
CAR_152A535C,Honda,Hr V,15 vtec turbo sport 5d,Honda HR-V 4x41.5 VTEC Turbo Sport 5d Specs & dimensions,2015,,1498.0,4.0,179.0,240.0,1341.0,Front wheel drive,Manual,Turbocharged,Petrol,,,215.7,134.0,7.6,151.0,https://www.parkers.co.uk/honda/hr-v/4x4-2015/15-vtec-turbo-sport-5d/specs/
CAR_03FF8BB0,Honda,Hr V,15 ehev advance 5dr cvt,Honda HR-V SUV1.5 eHEV Advance 5dr CVT Specs & dimensions,2021,,1498.0,4.0,129.0,253.0,1380.0,Front wheel drive,Automatic,EV,Petrol/Electric Hybrid,,,170.6,106.0,10.4,122.0,https://www.parkers.co.uk/honda/hr-v/suv-2021/15-ehev-advance-5dr-cvt/specs/
CAR_A2FB3E71,Honda,Hr V,16 2wd 3d,Honda HR-V Estate1.6 2WD 3d Specs & dimensions,1999,,1590.0,,,,1202.0,Front wheel drive,Manual,Naturally Aspirated,Petrol,,,,,,194.0,https://www.parkers.co.uk/honda/hr-v/estate-1999/16-2wd-3d/specs/
CAR_C926AD08,Honda,Insight,13 ima es hybrid 5d cvt,Honda Insight Hatchback1.3 IMA ES Hybrid 5d CVT Specs & dimensions,2009,,1339.0,4.0,96.0,167.0,1240.0,Front wheel drive,Automatic,EV,Petrol/Electric Hybrid,,,181.9,113.0,12.1,105.0,https://www.parkers.co.uk/honda/insight/hatchback-2009/13-ima-es-hybrid-5d-cvt/specs/
CAR_444C63C3,Honda,Insight,10i hybrid electric 3d,Honda Insight Coupe1.0i Hybrid Electric 3d Specs & dimensions,2000,,995.0,3.0,66.0,113.0,850.0,Front wheel drive,Manual,EV,Petrol/Electric Hybrid,,,180.2,112.0,12.1,80.0,https://www.parkers.co.uk/honda/insight/coupe-2000/10i-hybrid-electric-3d/specs/
CAR_2FDA6736,Honda,Integra,15 dx 5d,Honda Integra Hatchback1.5 DX 5d Specs & dimensions,1986,,1488.0,,85.0,,,Front wheel drive,Manual,Naturally Aspirated,Petrol,,,,,,,https://www.parkers.co.uk/honda/integra/hatchback-1986/15-dx-5d/specs/
CAR_52F6365A,Honda,Integra Type R,18 type r 2d,Honda Integra Type-R Coupe1.8 Type-R 2d Specs & dimensions,1997,,1797.0,4.0,187.0,178.0,1140.0,Front wheel drive,Manual,Naturally Aspirated,Petrol,,,233.4,145.0,6.5,208.0,https://www.parkers.co.uk/honda/integra-type-r/coupe-1997/18-type-r-2d/specs/
CAR_E27211D5,Honda,Jazz,13 ex 5d,Honda Jazz Hatchback1.3 EX 5d Specs & dimensions,2015,,1318.0,4.0,100.0,123.0,1066.0,Front wheel drive,Manual,Naturally Aspirated,Petrol,,,189.9,118.0,11.1,120.0,https://www.parkers.co.uk/honda/jazz/hatchback-2015/13-ex-5d/specs/
CAR_9279E8B9,Honda,Jazz,15 i mmd hybrid advance 5dr ecvt,Honda Jazz Hatchback1.5 i-MMD Hybrid Advance 5dr eCVT Specs & dimensions,2020,,1498.0,4.0,120.0,253.0,1230.0,Front wheel drive,Automatic,EV,Petrol/Electric Hybrid,,,175.4,109.0,9.3,104.0,https://www.parkers.co.uk/honda/jazz/hatchback-2020/15-i-mmd-hybrid-advance-5dr-ecvt/specs/
CAR_3C61B0F4,Honda,Jazz,15 i mmd hybrid ex ecvt auto 5d,Honda Jazz Crosstar1.5 i-MMD Hybrid EX eCVT auto 5d Specs & dimensions,2020,,1498.0,4.0,107.0,253.0,1253.0,Front wheel drive,Automatic,EV,Petrol/Electric Hybrid,,,173.8,108.0,9.6,109.0,https://www.parkers.co.uk/honda/jazz/crosstar-2020/15-i-mmd-hybrid-ex-ecvt-auto-5d/specs/
CAR_1DFAB64B,Honda,Jazz,12 i vtec s (ac) 5d,Honda Jazz Hatchback1.2 i-VTEC S (AC) 5d Specs & dimensions,2008,,1198.0,4.0,88.0,114.0,1047.0,Front wheel drive,Manual,Naturally Aspirated,Petrol,,,177.0,110.0,12.1,123.0,https://www.parkers.co.uk/honda/jazz/hatchback-2008/12-i-vtec-s-(ac)-5d/specs/
CAR_9A4773D2,Honda,Jazz,12 i dsi s 5d,Honda Jazz Hatchback1.2 i-DSI S 5d Specs & dimensions,2002,,1246.0,4.0,75.0,110.0,1015.0,Front wheel drive,Manual,Naturally Aspirated,Petrol,,,170.6,106.0,13.3,129.0,https://www.parkers.co.uk/honda/jazz/hatchback-2002/12-i-dsi-s-5d/specs/
CAR_DA9C806F,Honda,Legend,32 v6 4d auto,Honda Legend Saloon3.2 V6 4d Auto Specs & dimensions,1991,,3206.0,6.0,201.0,293.0,1610.0,Front wheel drive,Automatic,Naturally Aspirated,Petrol,,,,,,,https://www.parkers.co.uk/honda/legend/saloon-1991/32-v6-4d-auto/specs/
CAR_E4F8F68A,Honda,Legend,35i vtec ex 4d auto,Honda Legend Saloon3.5i VTEC EX 4d Auto Specs & dimensions,2006,,3471.0,6.0,290.0,351.0,1864.0,4 wheel drive,Automatic,Naturally Aspirated,Petrol,,,249.4,155.0,7.1,282.0,https://www.parkers.co.uk/honda/legend/saloon-2006/35i-vtec-ex-4d-auto/specs/
CAR_29E0B858,Honda,Legend,25 v6 4d,Honda Legend Saloon2.5 V6 4d Specs & dimensions,1986,,2493.0,,172.0,,,Front wheel drive,Manual,Naturally Aspirated,Petrol,,,,,,,https://www.parkers.co.uk/honda/legend/saloon-1986/25-v6-4d/specs/
CAR_3A12D709,Honda,Legend,27 v6 2d,Honda Legend Coupe2.7 V6 2d Specs & dimensions,1987,,2675.0,,177.0,,,Front wheel drive,Manual,Naturally Aspirated,Petrol,,,,,,,https://www.parkers.co.uk/honda/legend/coupe-1987/27-v6-2d/specs/
CAR_54ADDD20,Honda,Legend,32 v6 2d auto,Honda Legend Coupe3.2 V6 2d Auto Specs & dimensions,1991,,3206.0,6.0,201.0,293.0,1600.0,Front wheel drive,Automatic,Naturally Aspirated,Petrol,,,,,,,https://www.parkers.co.uk/honda/legend/coupe-1991/32-v6-2d-auto/specs/
CAR_9D135C22,Honda,Logo,13l 3d,Honda Logo Hatchback1.3L 3d Specs & dimensions,2000,,1343.0,4.0,64.0,,935.0,Front wheel drive,Manual,Naturally Aspirated,Petrol,,,151.3,94.0,14.0,150.0,https://www.parkers.co.uk/honda/logo/hatchback-2000/13l-3d/specs/
CAR_D988B0F8,Honda,Nsx,35 v6 twin turbo sport hybrid auto 2d,Honda NSX Coupe3.5 V6 Twin-Turbo Sport Hybrid auto 2d Specs & dimensions,2016,,3493.0,6.0,572.0,645.0,1776.0,4 wheel drive,Automatic,EV,Petrol/Electric Hybrid,,,307.4,191.0,,242.0,https://www.parkers.co.uk/honda/nsx/coupe-2016/35-v6-twin-turbo-sport-hybrid-auto-2d/specs/
CAR_4799BEEA,Honda,Nsx,30 v6 2d,Honda NSX Coupe3.0 V6 2d Specs & dimensions,1990,,2977.0,6.0,256.0,284.0,1430.0,Rear wheel drive,Manual,Naturally Aspirated,Petrol,,,260.7,162.0,7.3,285.0,https://www.parkers.co.uk/honda/nsx/coupe-1990/30-v6-2d/specs/
CAR_74438489,Honda,Nsx,30 v6 2d,Honda NSX Targa3.0 V6 2d Specs & dimensions,1995,,2977.0,6.0,256.0,284.0,1430.0,Rear wheel drive,Manual,Naturally Aspirated,Petrol,,,260.7,162.0,7.3,283.0,https://www.parkers.co.uk/honda/nsx/targa-1995/30-v6-2d/specs/
CAR_E1678656,Honda,Prelude,20 ehev advance 3dr cvt,Honda Prelude Coupe2.0 eHEV Advance 3dr CVT Specs & dimensions,2025,,1993.0,4.0,140.0,186.0,1474.0,Front wheel drive,Automatic,EV,Petrol/Electric Hybrid,,,188.3,117.0,7.9,117.0,https://www.parkers.co.uk/honda/prelude/coupe-2025/20-ehev-advance-3dr-cvt/specs/
CAR_18118659,Honda,Prelude,20i 2000 sport 2d,Honda Prelude Coupe2.0i 2000 Sport 2d Specs & dimensions,1996,2000.0,1997.0,4.0,132.0,179.0,1240.0,Front wheel drive,Manual,Naturally Aspirated,Petrol,,,201.2,125.0,8.9,220.0,https://www.parkers.co.uk/honda/prelude/coupe-1996/20i-2000-sport-2d/specs/
CAR_D0E4FE90,Honda,Prelude,18 executive fh 2d,Honda Prelude Coupe1.8 Executive FH 2d Specs & dimensions,1983,,1829.0,,106.0,,,Front wheel drive,Manual,Naturally Aspirated,Petrol,,,,,,,https://www.parkers.co.uk/honda/prelude/coupe-1983/18-executive-fh-2d/specs/
CAR_67414A21,Honda,Prelude,20 2d,Honda Prelude Coupe2.0 2d Specs & dimensions,1992,,1997.0,4.0,131.0,209.0,,Front wheel drive,Manual,Naturally Aspirated,Petrol,,,,,,220.0,https://www.parkers.co.uk/honda/prelude/coupe-1992/20-2d/specs/
CAR_516A3042,Honda,S2000,20i 2d,Honda S2000 Roadster2.0i 2d Specs & dimensions,1999,,1997.0,4.0,240.0,,1260.0,Rear wheel drive,Manual,Naturally Aspirated,Petrol,,,241.4,150.0,6.0,235.0,https://www.parkers.co.uk/honda/s2000/roadster-1999/20i-2d/specs/
CAR_020EF4B5,Honda,Shuttle,22i es 5d auto,Honda Shuttle Estate2.2i ES 5d Auto Specs & dimensions,1995,,2156.0,4.0,150.0,,,Front wheel drive,Automatic,Naturally Aspirated,Petrol,,,,,,262.0,https://www.parkers.co.uk/honda/shuttle/estate-1995/22i-es-5d-auto/specs/
CAR_4B67AED9,Honda,Stream,17 vtec s 5d,Honda Stream Estate1.7 VTEC S 5d Specs & dimensions,2001,,1668.0,4.0,123.0,154.0,1373.0,Front wheel drive,Manual,Naturally Aspirated,Petrol,,,189.9,118.0,10.7,183.0,https://www.parkers.co.uk/honda/stream/estate-2001/17-vtec-s-5d/specs/
CAR_FD5BB7D1,Honda,Zr V,20 ehev advance 5dr cvt,Honda ZR-V SUV2.0 eHEV Advance 5dr CVT Specs & dimensions,2023,,1993.0,4.0,181.0,315.0,1639.0,Front wheel drive,Automatic,EV,Petrol/Electric Hybrid,,,173.8,108.0,7.7,132.0,https://www.parkers.co.uk/honda/zr-v/suv-2023/20-ehev-advance-5dr-cvt/specs/
CAR_E1F752A9,Mazda,121,125 16v zxi 3d,Mazda 121 Hatchback1.25 16V ZXi 3d Specs & dimensions,1996,,1242.0,4.0,75.0,113.0,1057.0,Front wheel drive,Manual,Naturally Aspirated,Petrol,,,172.2,107.0,11.8,,https://www.parkers.co.uk/mazda/121/hatchback-1996/125-16v-zxi-3d/specs/
CAR_FFF8B877,Mazda,121,11 l 3d,Mazda 121 Hatchback1.1 L 3d Specs & dimensions,1988,,1139.0,,56.0,,,Front wheel drive,Manual,Naturally Aspirated,Petrol,,,,,,,https://www.parkers.co.uk/mazda/121/hatchback-1988/11-l-3d/specs/
CAR_F1711442,Mazda,121,13i glx 4d (canvas top),Mazda 121 Saloon1.3i GLX 4d (Canvas Top) Specs & dimensions,1991,,1324.0,,74.0,,,Front wheel drive,Manual,Naturally Aspirated,Petrol,,,,,,,https://www.parkers.co.uk/mazda/121/saloon-1991/13i-glx-4d-(canvas-top)/specs/
CAR_B33F42D6,Mazda,323,13 aegean 5d,Mazda 323 Hatchback1.3 Aegean 5d Specs & dimensions,1998,,1324.0,4.0,73.0,108.0,1072.0,Front wheel drive,Manual,Naturally Aspirated,Petrol,,,167.4,104.0,13.7,185.0,https://www.parkers.co.uk/mazda/323/hatchback-1998/13-aegean-5d/specs/
CAR_58E0EB87,Mazda,323,13 se 3d,Mazda 323 Hatchback1.3 SE 3d Specs & dimensions,1989,,1324.0,,73.0,,,Front wheel drive,Manual,Naturally Aspirated,Petrol,,,,,,,https://www.parkers.co.uk/mazda/323/hatchback-1989/13-se-3d/specs/
CAR_A14B33CE,Mazda,323,13 se 4d,Mazda 323 Saloon1.3 SE 4d Specs & dimensions,1989,,1324.0,,73.0,,,Front wheel drive,Manual,Naturally Aspirated,Petrol,,,,,,,https://www.parkers.co.uk/mazda/323/saloon-1989/13-se-4d/specs/
CAR_1552F559,Mazda,323,16 se 5d,Mazda 323 Fastback1.6 SE 5d Specs & dimensions,1989,,1598.0,,86.0,,,Front wheel drive,Manual,Naturally Aspirated,Petrol,,,,,,,https://www.parkers.co.uk/mazda/323/fastback-1989/16-se-5d/specs/
CAR_20BD2013,Mazda,323,15 glx 5d,Mazda 323 Estate1.5 GLX 5d Specs & dimensions,1987,,1498.0,,83.0,,,Front wheel drive,Manual,Naturally Aspirated,Petrol,,,,,,,https://www.parkers.co.uk/mazda/323/estate-1987/15-glx-5d/specs/
CAR_A13D5CA9,Mazda,323,13 lxi 3d,Mazda 323 Hatchback1.3 LXi 3d Specs & dimensions,1994,,1324.0,4.0,75.0,110.0,1002.0,Front wheel drive,Manual,Naturally Aspirated,Petrol,,,165.8,103.0,12.9,175.0,https://www.parkers.co.uk/mazda/323/hatchback-1994/13-lxi-3d/specs/
CAR_F6497248,Mazda,323,15 gxi 4d,Mazda 323 Saloon1.5 GXi 4d Specs & dimensions,1994,,1489.0,4.0,90.0,134.0,1108.0,Front wheel drive,Manual,Naturally Aspirated,Petrol,,,177.0,110.0,11.4,176.0,https://www.parkers.co.uk/mazda/323/saloon-1994/15-gxi-4d/specs/
CAR_AB4F8155,Mazda,323,15 atlantis 5d,Mazda 323 Fastback1.5 Atlantis 5d Specs & dimensions,1994,,1498.0,,,,,Front wheel drive,Manual,Naturally Aspirated,Petrol,,,,,,,https://www.parkers.co.uk/mazda/323/fastback-1994/15-atlantis-5d/specs/
CAR_762EE06B,Mazda,323,1100 3d,Mazda 323 Hatchback1100 3d Specs & dimensions,1981,,1071.0,,,,,Front wheel drive,Manual,Naturally Aspirated,Petrol,,,,,,,https://www.parkers.co.uk/mazda/323/hatchback-1981/1100-3d/specs/
CAR_ED8738C4,Mazda,323,1300 4d,Mazda 323 Saloon1300 4d Specs & dimensions,1981,,1296.0,,,,,Front wheel drive,Manual,Naturally Aspirated,Petrol,,,,,,,https://www.parkers.co.uk/mazda/323/saloon-1981/1300-4d/specs/
CAR_23E4ADF4,Mazda,323,1500 5d,Mazda 323 Estate1500 5d Specs & dimensions,1982,,1490.0,,,,,Front wheel drive,Manual,Naturally Aspirated,Petrol,,,,,,,https://www.parkers.co.uk/mazda/323/estate-1982/1500-5d/specs/
CAR_1529DE39,Mazda,323,13 javelin 3d,Mazda 323 Hatchback1.3 Javelin 3d Specs & dimensions,1985,,1323.0,,66.0,,,Front wheel drive,Manual,Naturally Aspirated,Petrol,,,,,,,https://www.parkers.co.uk/mazda/323/hatchback-1985/13-javelin-3d/specs/
CAR_D7B75A54,Mazda,323,13 special 4d,Mazda 323 Saloon1.3 Special 4d Specs & dimensions,1985,,1296.0,,,,,Front wheel drive,Manual,Naturally Aspirated,Petrol,,,,,,,https://www.parkers.co.uk/mazda/323/saloon-1985/13-special-4d/specs/
CAR_23FD2C14,Mazda,323,1500 glx 5d,Mazda 323 Estate1500 GLX 5d Specs & dimensions,1986,,1490.0,,74.0,,,Front wheel drive,Manual,Naturally Aspirated,Petrol,,,,,,,https://www.parkers.co.uk/mazda/323/estate-1986/1500-glx-5d/specs/
CAR_F1813C74,Mazda,626,18 5d,Mazda 626 Hatchback1.8 5d Specs & dimensions,1997,,1840.0,4.0,90.0,145.0,1216.0,Front wheel drive,Manual,Naturally Aspirated,Petrol,,,180.2,112.0,12.3,204.0,https://www.parkers.co.uk/mazda/626/hatchback-1997/18-5d/specs/
CAR_04BAEC3E,Mazda,626,20 gxi 4d,Mazda 626 Saloon2.0 GXi 4d Specs & dimensions,1997,,1991.0,4.0,115.0,170.0,1205.0,Front wheel drive,Manual,Naturally Aspirated,Petrol,,,199.6,124.0,9.6,206.0,https://www.parkers.co.uk/mazda/626/saloon-1997/20-gxi-4d/specs/
CAR_B8183DC6,Mazda,626,20 gsi 5d,Mazda 626 Estate2.0 GSi 5d Specs & dimensions,1998,,1991.0,4.0,134.0,178.0,1336.0,Front wheel drive,Manual,Naturally Aspirated,Petrol,,,201.2,125.0,10.2,222.0,https://www.parkers.co.uk/mazda/626/estate-1998/20-gsi-5d/specs/
CAR_F9690FBE,Mazda,626,18 atlantis 5d,Mazda 626 Hatchback1.8 Atlantis 5d Specs & dimensions,1999,,1840.0,4.0,98.0,112.0,1241.0,Front wheel drive,Manual,Naturally Aspirated,Petrol,,,181.9,113.0,11.4,184.0,https://www.parkers.co.uk/mazda/626/hatchback-1999/18-atlantis-5d/specs/
CAR_C980D6A2,Mazda,626,20 gxi 4d,Mazda 626 Saloon2.0 GXi 4d Specs & dimensions,2000,,1991.0,4.0,113.0,170.0,1270.0,Front wheel drive,Manual,Naturally Aspirated,Petrol,,,197.9,123.0,9.6,189.0,https://www.parkers.co.uk/mazda/626/saloon-2000/20-gxi-4d/specs/
CAR_F8898B34,Mazda,626,20 gxi 5d,Mazda 626 Estate2.0 GXi 5d Specs & dimensions,2000,,1991.0,4.0,113.0,170.0,1316.0,Front wheel drive,Manual,Naturally Aspirated,Petrol,,,191.5,119.0,10.3,189.0,https://www.parkers.co.uk/mazda/626/estate-2000/20-gxi-5d/specs/
CAR_7EA3EA80,Mazda,626,18 glx 5d,Mazda 626 Hatchback1.8 GLX 5d Specs & dimensions,1987,,1789.0,,90.0,,,Front wheel drive,Manual,Naturally Aspirated,Petrol,,,,,,,https://www.parkers.co.uk/mazda/626/hatchback-1987/18-glx-5d/specs/
CAR_4B884E6B,Mazda,626,18 glx 4d,Mazda 626 Saloon1.8 GLX 4d Specs & dimensions,1987,,1789.0,,90.0,,,Front wheel drive,Manual,Naturally Aspirated,Petrol,,,,,,,https://www.parkers.co.uk/mazda/626/saloon-1987/18-glx-4d/specs/
CAR_B5D42996,Mazda,626,20 glx 5d,Mazda 626 Estate2.0 GLX 5d Specs & dimensions,1988,,1998.0,,109.0,,,Front wheel drive,Manual,Naturally Aspirated,Petrol,,,,,,,https://www.parkers.co.uk/mazda/626/estate-1988/20-glx-5d/specs/
CAR_561B3E18,Mazda,626,20i gt 2d,Mazda 626 Coupe2.0i GT 2d Specs & dimensions,1987,,1998.0,,148.0,,,Front wheel drive,Manual,Naturally Aspirated,Petrol,,,,,,,https://www.parkers.co.uk/mazda/626/coupe-1987/20i-gt-2d/specs/
CAR_D86FDC3F,Mazda,626,18 atlantis 5d,Mazda 626 Hatchback1.8 Atlantis 5d Specs & dimensions,1992,,1840.0,,105.0,,,Front wheel drive,Manual,Naturally Aspirated,Petrol,,,,,,,https://www.parkers.co.uk/mazda/626/hatchback-1992/18-atlantis-5d/specs/
CAR_C029A4E3,Mazda,626,18i glx 4d,Mazda 626 Saloon1.8i GLX 4d Specs & dimensions,1992,,1840.0,,105.0,,,Front wheel drive,Manual,Naturally Aspirated,Petrol,,,,,,,https://www.parkers.co.uk/mazda/626/saloon-1992/18i-glx-4d/specs/
CAR_C339662D,Mazda,626,20i 5d,Mazda 626 Estate2.0i 5d Specs & dimensions,1992,,1991.0,,115.0,,,Front wheel drive,Manual,Naturally Aspirated,Petrol,,,,,,,https://www.parkers.co.uk/mazda/626/estate-1992/20i-5d/specs/
CAR_5A221955,Mazda,626,16 lx 5d,Mazda 626 Hatchback1.6 LX 5d Specs & dimensions,1983,,1586.0,,,,,Front wheel drive,Manual,Naturally Aspirated,Petrol,,,,,,,https://www.parkers.co.uk/mazda/626/hatchback-1983/16-lx-5d/specs/
CAR_B985890F,Mazda,626,16 4d,Mazda 626 Saloon1.6 4d Specs & dimensions,1983,,1587.0,,,,,Front wheel drive,Manual,Naturally Aspirated,Petrol,,,,,,,https://www.parkers.co.uk/mazda/626/saloon-1983/16-4d/specs/
CAR_B75D5826,Mazda,626,20 fi 2d,Mazda 626 Coupe2.0 Fi 2d Specs & dimensions,1983,,1998.0,,,,,Front wheel drive,Manual,Naturally Aspirated,Petrol,,,,,,,https://www.parkers.co.uk/mazda/626/coupe-1983/20-fi-2d/specs/
CAR_4AD5DB55,Mazda,6E,190kw takumi 78kwh 5dr auto,Mazda 6e Saloon190kW Takumi 78kWh 5dr Auto Specs & dimensions,2025,,,,254.0,290.0,2015.0,Rear wheel drive,Automatic,EV,Electric,,,175.4,109.0,7.6,0.0,https://www.parkers.co.uk/mazda/6e/saloon-2025/190kw-takumi-78kwh-5dr-auto/specs/
CAR_5026B494,Mazda,929,20 l 5d,Mazda 929 Estate2.0 L 5d Specs & dimensions,1981,,1970.0,,,,,Rear wheel drive,Manual,Naturally Aspirated,Petrol,,,,,,,https://www.parkers.co.uk/mazda/929/estate-1981/20-l-5d/specs/
CAR_F8F54B5C,Mazda,Cx 3,15d se 5d,Mazda CX-3 4x41.5d SE 5d Specs & dimensions,2015,,1499.0,4.0,103.0,270.0,1125.0,Front wheel drive,Manual,Unknown,Diesel,,,177.0,110.0,9.8,105.0,https://www.parkers.co.uk/mazda/cx-3/4x4-2015/15d-se-5d/specs/
CAR_E661C3F9,Mazda,Cx 30,20 skyactiv x mhev 100th anniversary edition 5d,Mazda CX-30 SUV2.0 Skyactiv-X MHEV 100th Anniversary Edition 5d Specs & dimensions,2019,,1998.0,4.0,177.0,224.0,1392.0,Front wheel drive,Manual,Naturally Aspirated,Petrol,,,204.4,127.0,8.2,133.0,https://www.parkers.co.uk/mazda/cx-30/suv-2019/20-skyactiv-x-mhev-100th-anniversary-edition-5d/specs/
CAR_C37C689C,Mazda,Cx 5,20 100th anniversary edition 5dr,Mazda CX-5 SUV2.0 100th Anniversary Edition 5dr Specs & dimensions,2017,,1998.0,4.0,162.0,213.0,1573.0,Front wheel drive,Manual,Naturally Aspirated,Petrol,,,201.2,125.0,10.0,153.0,https://www.parkers.co.uk/mazda/cx-5/suv-2017/20-100th-anniversary-edition-5dr/specs/
CAR_0066B515,Mazda,Cx 5,25 e skyactiv g mhev centre line 5dr auto,Mazda CX-5 SUV2.5 e-Skyactiv G MHEV Centre-Line 5dr Auto Specs & dimensions,2026,,2488.0,4.0,139.0,238.0,1629.0,Front wheel drive,Automatic,Naturally Aspirated,Petrol,,,186.7,116.0,10.2,157.0,https://www.parkers.co.uk/mazda/cx-5/suv-2026/25-e-skyactiv-g-mhev-centre-line-5dr-auto/specs/
CAR_82219F21,Mazda,Cx 5,20 se l 5d,Mazda CX-5 Estate2.0 SE-L 5d Specs & dimensions,2012,,1998.0,4.0,162.0,210.0,1350.0,Front wheel drive,Manual,Naturally Aspirated,Petrol,,,199.6,124.0,8.9,139.0,https://www.parkers.co.uk/mazda/cx-5/estate-2012/20-se-l-5d/specs/
CAR_6C7FAED7,Mazda,Cx 60,25 phev exclusive line 5dr auto,Mazda CX-60 SUV2.5 PHEV Exclusive Line 5dr Auto Specs & dimensions,2022,,2488.0,4.0,322.0,500.0,1995.0,4 wheel drive,Automatic,Unknown,Petrol Parallel PHEV,,,199.6,124.0,5.6,32.0,https://www.parkers.co.uk/mazda/cx-60/suv-2022/25-phev-exclusive-line-5dr-auto/specs/
CAR_4CC884FE,Mazda,Cx 7,22d sport tech 5d,Mazda CX-7 Estate2.2d Sport Tech 5d Specs & dimensions,2007,,2184.0,4.0,170.0,400.0,1865.0,4 wheel drive,Manual,Unknown,Diesel,,,199.6,124.0,10.9,199.0,https://www.parkers.co.uk/mazda/cx-7/estate-2007/22d-sport-tech-5d/specs/
CAR_F318B2F2,Mazda,Cx 80,25 phev exclusive line 5dr auto awd,Mazda CX-80 SUV2.5 PHEV Exclusive-Line 5dr Auto AWD Specs & dimensions,2024,,2488.0,4.0,322.0,500.0,2169.0,4 wheel drive,Automatic,Unknown,Petrol Parallel PHEV,,,,,,35.0,https://www.parkers.co.uk/mazda/cx-80/suv-2024/25-phev-exclusive-line-5dr-auto-awd/specs/
CAR_5616BF89,Mazda,Demio,13 5d,Mazda Demio Estate1.3 5d Specs & dimensions,1998,,1323.0,4.0,70.0,105.0,950.0,Front wheel drive,Manual,Naturally Aspirated,Petrol,,,157.7,98.0,12.8,187.0,https://www.parkers.co.uk/mazda/demio/estate-1998/13-5d/specs/
CAR_0323F655,Mazda,Mpv,20 5d (02),Mazda MPV Estate2.0 5d (02) Specs & dimensions,1999,,1998.0,4.0,134.0,310.0,1875.0,Front wheel drive,Manual,Unknown,Diesel,,,177.0,110.0,12.8,188.0,https://www.parkers.co.uk/mazda/mpv/estate-1999/20-5d-(02)/specs/
CAR_8ACEB9B8,Mazda,Mx 3,16i 3d,Mazda MX-3 Coupe1.6i 3d Specs & dimensions,1991,,1598.0,4.0,109.0,137.0,1060.0,Front wheel drive,Manual,Naturally Aspirated,Petrol,,,180.2,112.0,10.2,196.0,https://www.parkers.co.uk/mazda/mx-3/coupe-1991/16i-3d/specs/
CAR_3251FB07,Mazda,Mx 30,107kw 100th anniversary edition 355kwh 5dr auto,Mazda MX-30 SUV107kW 100th Anniversary Edition 35.5kWh 5dr Auto Specs & dimensions,2020,,,,142.0,271.0,1645.0,Front wheel drive,Automatic,EV,Electric,,,140.0,87.0,9.4,0.0,https://www.parkers.co.uk/mazda/mx-30/suv-2020/107kw-100th-anniversary-edition-355kwh-5dr-auto/specs/
CAR_5D7FB3CE,Mazda,Mx 30,125kw r ev edition r 5dr auto,Mazda MX-30 R-EV125kW R-EV Edition R 5dr Auto Specs & dimensions,2023,,,,167.0,260.0,1778.0,Front wheel drive,Automatic,Unknown,Petrol Series PHEV,,,140.0,87.0,8.8,0.0,https://www.parkers.co.uk/mazda/mx-30/r-ev-2023/125kw-r-ev-edition-r-5dr-auto/specs/
CAR_1E9B1271,Mazda,Mx 5,15 se 2d,Mazda MX-5 Convertible1.5 SE 2d Specs & dimensions,2015,,1496.0,4.0,129.0,150.0,1015.0,Rear wheel drive,Manual,Naturally Aspirated,Petrol,,,204.4,127.0,8.0,139.0,https://www.parkers.co.uk/mazda/mx-5/convertible-2015/15-se-2d/specs/
CAR_7AAC88E1,Mazda,Mx 5,15 [132] exclusive line 2dr,Mazda MX-5 RF1.5 [132] Exclusive-Line 2dr Specs & dimensions,2017,,1496.0,4.0,130.0,152.0,1039.0,Rear wheel drive,Manual,Naturally Aspirated,Petrol,,,202.8,126.0,8.4,140.0,https://www.parkers.co.uk/mazda/mx-5/rf-2017/15-[132]-exclusive-line-2dr/specs/
CAR_95F00ACC,Mazda,Mx 5,18i 20th anniversary 2d,Mazda MX-5 Convertible1.8i 20th Anniversary 2d Specs & dimensions,2005,,1798.0,4.0,124.0,167.0,1080.0,Rear wheel drive,Manual,Naturally Aspirated,Petrol,,,194.7,121.0,9.6,167.0,https://www.parkers.co.uk/mazda/mx-5/convertible-2005/18i-20th-anniversary-2d/specs/
CAR_BF49F160,Mazda,Mx 5,16i 2d (01),Mazda MX-5 Convertible1.6i 2d (01) Specs & dimensions,1990,,1597.0,4.0,108.0,134.0,1035.0,Rear wheel drive,Manual,Naturally Aspirated,Petrol,,,191.5,119.0,9.4,188.0,https://www.parkers.co.uk/mazda/mx-5/convertible-1990/16i-2d-(01)/specs/
CAR_13D83223,Mazda,Mx 6,25 v6 gt 2d,Mazda MX-6 Coupe2.5 V6 GT 2d Specs & dimensions,1992,,2497.0,6.0,164.0,221.0,1245.0,Front wheel drive,Manual,Naturally Aspirated,Petrol,,,222.1,138.0,8.2,,https://www.parkers.co.uk/mazda/mx-6/coupe-1992/25-v6-gt-2d/specs/
CAR_36ACDA04,Mazda,Premacy,18 atlantis 5d,Mazda Premacy Estate1.8 Atlantis 5d Specs & dimensions,1999,,1839.0,4.0,98.0,152.0,1318.0,Front wheel drive,Manual,Naturally Aspirated,Petrol,,,175.4,109.0,11.4,198.0,https://www.parkers.co.uk/mazda/premacy/estate-1999/18-atlantis-5d/specs/
CAR_6AD03AAE,Mazda,Rx 7,fh 22 2d,Mazda RX-7 CoupeFH 2+2 2d Specs & dimensions,1979,,1308.0,,148.0,,,Rear wheel drive,Manual,Naturally Aspirated,Petrol,,,,,,,https://www.parkers.co.uk/mazda/rx-7/coupe-1979/fh-22-2d/specs/
CAR_51B8FD3B,Mazda,Rx 7,turbo 2d,Mazda RX-7 CabrioletTurbo 2d Specs & dimensions,1989,,1308.0,,197.0,,,Rear wheel drive,Manual,Turbocharged,Petrol,,,,,,,https://www.parkers.co.uk/mazda/rx-7/cabriolet-1989/turbo-2d/specs/
CAR_2336E8FC,Mazda,Rx 7,fh 22 2d,Mazda RX-7 CoupeFH 2+2 2d Specs & dimensions,1986,,1308.0,,,,,Rear wheel drive,Manual,Naturally Aspirated,Petrol,,,,,,,https://www.parkers.co.uk/mazda/rx-7/coupe-1986/fh-22-2d/specs/
CAR_A0370A1F,Mazda,Rx 8,(192ps) 4d,Mazda RX-8 Coupe(192ps) 4d Specs & dimensions,2003,,1308.0,,189.0,220.0,1390.0,Rear wheel drive,Manual,Naturally Aspirated,Petrol,,,223.7,139.0,7.0,267.0,https://www.parkers.co.uk/mazda/rx-8/coupe-2003/(192ps)-4d/specs/
CAR_870D3163,Mazda,Tribute,20 gsi 4wd 5d,Mazda Tribute Station Wagon2.0 GSI 4WD 5d Specs & dimensions,2001,,1989.0,4.0,122.0,175.0,1435.0,4 wheel drive,Manual,Naturally Aspirated,Petrol,,,165.8,103.0,13.3,231.0,https://www.parkers.co.uk/mazda/tribute/station-wagon-2001/20-gsi-4wd-5d/specs/
CAR_C2518188,Mazda,Xedos 6,16i 4d,Mazda Xedos 6 Saloon1.6i 4d Specs & dimensions,1992,,1598.0,4.0,107.0,140.0,1140.0,Front wheel drive,Manual,Naturally Aspirated,Petrol,,,183.5,114.0,11.5,,https://www.parkers.co.uk/mazda/xedos-6/saloon-1992/16i-4d/specs/
CAR_5C3A8C6B,Mazda,Xedos 9,23i miller 4d auto,Mazda Xedos 9 Saloon2.3i Miller 4d Auto Specs & dimensions,1994,,2255.0,6.0,208.0,290.0,1546.0,Front wheel drive,Automatic,Naturally Aspirated,Petrol,,,230.1,143.0,9.2,245.0,https://www.parkers.co.uk/mazda/xedos-9/saloon-1994/23i-miller-4d-auto/specs/
CAR_489F7EBC,Mercedes Amg,A 35,a 35 4matic 7g dct auto 5d,Mercedes-AMG A 35 HatchbackA 35 4Matic 7G-DCT auto 5d Specs & dimensions,2019,,1991.0,4.0,301.0,400.0,1555.0,4 wheel drive,Automatic,Naturally Aspirated,Petrol,,,249.4,155.0,4.5,167.0,https://www.parkers.co.uk/mercedes-amg/a-35/hatchback-2019/a-35-4matic-7g-dct-auto-5d/specs/
CAR_D052484B,Mercedes Amg,A 35,a 35 4matic 7g dct auto 4d,Mercedes-AMG A 35 SaloonA 35 4Matic 7G-DCT auto 4d Specs & dimensions,2019,,1991.0,4.0,301.0,400.0,1570.0,4 wheel drive,Automatic,Naturally Aspirated,Petrol,,,249.4,155.0,4.6,164.0,https://www.parkers.co.uk/mercedes-amg/a-35/saloon-2019/a-35-4matic-7g-dct-auto-4d/specs/
CAR_FCF11249,Mercedes Amg,A 45,a 45 s 4matic 8g dct auto 5d,Mercedes-AMG A 45 HatchbackA 45 S 4Matic+ 8G-DCT auto 5d Specs & dimensions,2019,,1991.0,4.0,415.0,500.0,1660.0,4 wheel drive,Automatic,Naturally Aspirated,Petrol,,,270.4,168.0,3.8,203.0,https://www.parkers.co.uk/mercedes-amg/a-45/hatchback-2019/a-45-s-4matic-8g-dct-auto-5d/specs/
CAR_BC8FE768,Mercedes Amg,C Class,c43 4matic premium 4dr 9g tronic,Mercedes-AMG C-Class SaloonC43 4Matic Premium 4dr 9G-Tronic Specs & dimensions,2022,,1991.0,4.0,402.0,500.0,1840.0,4 wheel drive,Automatic,Naturally Aspirated,Petrol,,,249.4,155.0,4.5,202.0,https://www.parkers.co.uk/mercedes-amg/c-class/saloon-2022/c43-4matic-premium-4dr-9g-tronic/specs/
CAR_A949DE81,Mercedes Amg,C Class,c43 4matic premium 5dr 9g tronic,Mercedes-AMG C-Class EstateC43 4Matic Premium 5dr 9G-Tronic Specs & dimensions,2022,,1991.0,4.0,402.0,500.0,1885.0,4 wheel drive,Automatic,Naturally Aspirated,Petrol,,,249.4,155.0,4.5,204.0,https://www.parkers.co.uk/mercedes-amg/c-class/estate-2022/c43-4matic-premium-5dr-9g-tronic/specs/
CAR_3B21A368,Mercedes Amg,Cla,cla 35 4matic 7g dct auto 4d,Mercedes-AMG CLA CoupeCLA 35 4Matic 7G-DCT auto 4d Specs & dimensions,2019,,1991.0,4.0,301.0,400.0,1615.0,4 wheel drive,Automatic,Naturally Aspirated,Petrol,,,249.4,155.0,4.7,184.0,https://www.parkers.co.uk/mercedes-amg/cla/coupe-2019/cla-35-4matic-7g-dct-auto-4d/specs/
CAR_BE84B8AA,Mercedes Amg,Cla,cla 35 premium 4matic 5dr tip auto,Mercedes-AMG CLA Shooting BrakeCLA 35 Premium 4Matic 5dr Tip Auto Specs & dimensions,2019,,1991.0,4.0,301.0,400.0,1705.0,4 wheel drive,Automatic,Naturally Aspirated,Petrol,,,249.4,155.0,4.7,194.0,https://www.parkers.co.uk/mercedes-amg/cla/shooting-brake-2019/cla-35-premium-4matic-5dr-tip-auto/specs/
CAR_B0395535,Mercedes Amg,Cle,cle 53 4matic amg limited edition 2dr 9g tronic,Mercedes-AMG CLE CoupeCLE 53 4Matic+ AMG Limited Edition 2dr 9G-Tronic Specs & dimensions,2024,,2999.0,6.0,442.0,560.0,2000.0,4 wheel drive,Automatic,Naturally Aspirated,Petrol,,,249.4,155.0,4.1,215.0,https://www.parkers.co.uk/mercedes-amg/cle/coupe-2024/cle-53-4matic-amg-limited-edition-2dr-9g-tronic/specs/
CAR_CF873F4A,Mercedes Amg,Cle,cle 53 4matic amg limited edition 2dr 9g tronic,Mercedes-AMG CLE CabrioletCLE 53 4Matic+ AMG Limited Edition 2dr 9G-Tronic Specs & dimensions,2024,,2999.0,6.0,442.0,560.0,2110.0,4 wheel drive,Automatic,Naturally Aspirated,Petrol,,,249.4,155.0,4.3,218.0,https://www.parkers.co.uk/mercedes-amg/cle/cabriolet-2024/cle-53-4matic-amg-limited-edition-2dr-9g-tronic/specs/
CAR_59ED1B96,Mercedes Amg,E Class,e63 s 4matic final edition prem 4dr tct,Mercedes-AMG E-Class SaloonE63 S 4Matic+ Final Edition Prem+ 4dr TCT Specs & dimensions,2022,,3982.0,8.0,603.0,850.0,2010.0,4 wheel drive,Automatic,Naturally Aspirated,Petrol,,,249.4,155.0,3.3,276.0,https://www.parkers.co.uk/mercedes-amg/e-class/saloon-2022/e63-s-4matic-final-edition-prem-4dr-tct/specs/
CAR_99EA42EB,Mercedes Amg,E Class,e53 4matic edition 1 5dr tct,Mercedes-AMG E-Class EstateE53 4Matic+ Edition 1 5dr TCT Specs & dimensions,2022,,2999.0,6.0,576.0,750.0,2583.0,4 wheel drive,Automatic,Unknown,Petrol Parallel PHEV,,,249.4,155.0,3.8,23.0,https://www.parkers.co.uk/mercedes-amg/e-class/estate-2022/e53-4matic-edition-1-5dr-tct/specs/
CAR_8B3CF5C5,Mercedes Amg,E Class,e53 4matic edition 1 4dr tct,Mercedes-AMG E-Class SaloonE53 4Matic+ Edition 1 4dr TCT Specs & dimensions,2024,,2999.0,6.0,576.0,750.0,2546.0,4 wheel drive,Automatic,Unknown,Petrol Parallel PHEV,,,249.4,155.0,3.7,22.0,https://www.parkers.co.uk/mercedes-amg/e-class/saloon-2024/e53-4matic-edition-1-4dr-tct/specs/
CAR_3AF2FFE7,Mercedes Amg,Eqe,e53 4matic 460kw edition midnight 91kwh 4dr auto,Mercedes-AMG EQE SaloonE53 4Matic+ 460kW Edition Midnight 91kWh 4dr Auto Specs & dimensions,2022,,,,616.0,950.0,2540.0,4 wheel drive,Automatic,EV,Electric,,,220.5,137.0,3.4,0.0,https://www.parkers.co.uk/mercedes-amg/eqe/saloon-2022/e53-4matic-460kw-edition-midnight-91kwh-4dr-auto/specs/
CAR_FD2EEAC1,Mercedes Amg,Eqe,e53 4matic 460kw night ed premium 91kwh 5dr auto,Mercedes-AMG EQE SUVE53 4Matic+ 460kW Night Ed Premium 91kWh 5dr Auto Specs & dimensions,2023,,,,616.0,950.0,2690.0,4 wheel drive,Automatic,EV,Electric,,,220.5,137.0,3.6,0.0,https://www.parkers.co.uk/mercedes-amg/eqe/suv-2023/e53-4matic-460kw-night-ed-premium-91kwh-5dr-auto/specs/
CAR_E490CF23,Mercedes Amg,Eqs,eqs 53 4m 484kw night ed perform 108kwh 4dr auto,Mercedes-AMG EQS SaloonEQS 53 4M+ 484kW Night Ed Perform 108kWh 4dr Auto Specs & dimensions,2022,,,,648.0,950.0,2715.0,4 wheel drive,Automatic,EV,Electric,,,220.5,137.0,3.7,0.0,https://www.parkers.co.uk/mercedes-amg/eqs/saloon-2022/eqs-53-4m-484kw-night-ed-perform-108kwh-4dr-auto/specs/
CAR_6BE2E0FB,Mercedes Amg,G Class,g 63 amg speedshift plus 9g tronic auto 5d,Mercedes-AMG G-Class SUVG 63 AMG Speedshift Plus 9G-Tronic auto 5d Specs & dimensions,2018,,3982.0,8.0,576.0,850.0,2595.0,4 wheel drive,Automatic,Naturally Aspirated,Petrol,,,220.5,137.0,4.4,369.0,https://www.parkers.co.uk/mercedes-amg/g-class/suv-2018/g-63-amg-speedshift-plus-9g-tronic-auto-5d/specs/
CAR_6C9229FF,Mercedes Amg,Gla,gla 35 4matic auto 5d,Mercedes-AMG GLA SUVGLA 35 4Matic Auto 5d Specs & dimensions,2020,,1991.0,4.0,301.0,400.0,1680.0,4 wheel drive,Automatic,Naturally Aspirated,Petrol,,,249.4,155.0,5.0,196.0,https://www.parkers.co.uk/mercedes-amg/gla/suv-2020/gla-35-4matic-auto-5d/specs/
CAR_D055DA05,Mercedes Amg,Glb,glb 35 4matic premium 5dr 8g tronic,Mercedes-AMG GLB SUVGLB 35 4Matic Premium 5dr 8G-Tronic Specs & dimensions,2019,,1991.0,4.0,301.0,400.0,1755.0,4 wheel drive,Automatic,Naturally Aspirated,Petrol,,,249.4,155.0,5.0,188.0,https://www.parkers.co.uk/mercedes-amg/glb/suv-2019/glb-35-4matic-premium-5dr-8g-tronic/specs/
CAR_CFCB383D,Mercedes Amg,Glc,glc 43 4matic edition midnight 5dr,Mercedes-AMG GLC SUVGLC 43 4Matic Edition Midnight 5dr Specs & dimensions,2023,,1991.0,4.0,415.0,500.0,2110.0,4 wheel drive,Automatic,Naturally Aspirated,Petrol,,,249.4,155.0,4.4,236.0,https://www.parkers.co.uk/mercedes-amg/glc/suv-2023/glc-43-4matic-edition-midnight-5dr/specs/
CAR_3223D7C8,Mercedes Amg,Glc,glc 43 4matic amg night edition premium 5dr mct,Mercedes-AMG GLC CoupeGLC 43 4Matic AMG Night Edition Premium + 5dr MCT Specs & dimensions,2023,,1991.0,4.0,415.0,500.0,2120.0,4 wheel drive,Automatic,Naturally Aspirated,Petrol,,,249.4,155.0,4.4,232.0,https://www.parkers.co.uk/mercedes-amg/glc/coupe-2023/glc-43-4matic-amg-night-edition-premium-5dr-mct/specs/
CAR_8A4048E9,Mercedes Amg,Gle,gle 53 4matic 9g tronic [7 seats] 5d,Mercedes-AMG GLE SUVGLE 53 4Matic+ 9G-Tronic [7 Seats] 5d Specs & dimensions,2019,,2987.0,6.0,428.0,520.0,2305.0,4 wheel drive,Automatic,Naturally Aspirated,Petrol,,,249.4,155.0,5.1,212.0,https://www.parkers.co.uk/mercedes-amg/gle/suv-2019/gle-53-4matic-9g-tronic-[7-seats]-5d/specs/
CAR_249C42C8,Mercedes Amg,Gle,gle 53 4matic hybrid night ed premium 5dr tct,Mercedes-AMG GLE CoupeGLE 53 4Matic+ Hybrid Night Ed Premium+ 5dr TCT Specs & dimensions,2023,,2999.0,6.0,536.0,560.0,2886.0,4 wheel drive,Automatic,Hybrid,Petrol Parallel PHEV,,,249.4,155.0,4.5,88.0,https://www.parkers.co.uk/mercedes-amg/gle/coupe-2023/gle-53-4matic-hybrid-night-ed-premium-5dr-tct/specs/
CAR_354D89DB,Mercedes Amg,Gls,gls 63 4matic night edition amg speedshift tct auto 5d,Mercedes-AMG GLS SUVGLS 63 4Matic+ Night Edition AMG Speedshift TCT auto 5d Specs & dimensions,2020,,3982.0,8.0,602.0,850.0,2630.0,4 wheel drive,Automatic,Naturally Aspirated,Petrol,,,249.4,155.0,4.1,291.0,https://www.parkers.co.uk/mercedes-amg/gls/suv-2020/gls-63-4matic-night-edition-amg-speedshift-tct-auto-5d/specs/
CAR_7495B7C5,Mercedes Amg,Gt,gt 63 4matic amg speedshift mct auto 4d,Mercedes-AMG GT 4-Door CoupeGT 63 4Matic+ AMG Speedshift MCT auto 4d Specs & dimensions,2019,,3982.0,8.0,576.0,800.0,2100.0,4 wheel drive,Automatic,Naturally Aspirated,Petrol,,,310.6,193.0,3.3,256.0,https://www.parkers.co.uk/mercedes-amg/gt/4-door-coupe-2019/gt-63-4matic-amg-speedshift-mct-auto-4d/specs/
CAR_0C499714,Mercedes Amg,Gt,gt 43 4matic premium 2dr auto,Mercedes-AMG GT CoupeGT 43 4Matic Premium 2dr Auto Specs & dimensions,2024,,1991.0,4.0,415.0,500.0,1790.0,Rear wheel drive,Automatic,Naturally Aspirated,Petrol,,,280.0,174.0,4.5,235.0,https://www.parkers.co.uk/mercedes-amg/gt/coupe-2024/gt-43-4matic-premium-2dr-auto/specs/
CAR_E0352303,Mercedes Amg,Purespeed,purespeed 2dr 9g tronic,Mercedes-AMG PureSpeed ConvertiblePureSpeed 2dr 9G-Tronic Specs & dimensions,2025,,3982.0,8.0,568.0,800.0,1960.0,4 wheel drive,Automatic,Naturally Aspirated,Petrol,,,315.4,196.0,3.5,312.0,https://www.parkers.co.uk/mercedes-amg/purespeed/convertible-2025/purespeed-2dr-9g-tronic/specs/
CAR_C0305D33,Mercedes Amg,S Class,s63 4matic amg e performance night edition 4dr mct,Mercedes-AMG S-Class SaloonS63 4Matic AMG E Performance Night Edition 4dr MCT Specs & dimensions,2023,,3982.0,8.0,790.0,1430.0,2595.0,4 wheel drive,Automatic,Unknown,Petrol Parallel PHEV,,,249.4,155.0,3.2,179.0,https://www.parkers.co.uk/mercedes-amg/s-class/saloon-2023/s63-4matic-amg-e-performance-night-edition-4dr-mct/specs/
CAR_B8662781,Mercedes Amg,Sl,maybach sl 680 monogram series 2dr auto,Mercedes-AMG SL RoadsterMaybach SL 680 Monogram Series 2dr Auto Specs & dimensions,2022,,3982.0,8.0,576.0,800.0,2050.0,4 wheel drive,Automatic,Naturally Aspirated,Petrol,,,260.7,162.0,4.0,309.0,https://www.parkers.co.uk/mercedes-amg/sl/roadster-2022/maybach-sl-680-monogram-series-2dr-auto/specs/
CAR_97F94F2E,Mercedes Benz,190 Series,18 le 4d auto,Mercedes-Benz 190 Series Saloon1.8 LE 4d Auto Specs & dimensions,1983,,1797.0,,118.0,,,Rear wheel drive,Automatic,Naturally Aspirated,Petrol,,,,,,,https://www.parkers.co.uk/mercedes-benz/190-series/saloon-1983/18-le-4d-auto/specs/
CAR_44B80A2D,Mercedes Benz,200 300 W123 Series,200 4d (w123),Mercedes-Benz 200-300 W123 Series Saloon200 4d (W123) Specs & dimensions,1976,,1998.0,,,,,Rear wheel drive,Manual,Naturally Aspirated,Petrol,,,,,,,https://www.parkers.co.uk/mercedes-benz/200-300-w123-series/saloon-1976/200-4d-(w123)/specs/
CAR_C52F2141,Mercedes Benz,200 300 W123 Series,200 t 5d,Mercedes-Benz 200-300 W123 Series Estate200 T 5d Specs & dimensions,1979,,1998.0,,,,,Rear wheel drive,Manual,Naturally Aspirated,Petrol,,,,,,,https://www.parkers.co.uk/mercedes-benz/200-300-w123-series/estate-1979/200-t-5d/specs/
CAR_FC5F3BA2,Mercedes Benz,A Class,a 180 amg line 5d,Mercedes-Benz A-Class HatchbackA 180 AMG Line 5d Specs & dimensions,2018,,1332.0,4.0,134.0,200.0,1350.0,Front wheel drive,Manual,Naturally Aspirated,Petrol,,,215.7,134.0,8.9,136.0,https://www.parkers.co.uk/mercedes-benz/a-class/hatchback-2018/a-180-amg-line-5d/specs/
CAR_1472C147,Mercedes Benz,A Class,a 180 amg line 4d,Mercedes-Benz A-Class SaloonA 180 AMG Line 4d Specs & dimensions,2019,,1332.0,4.0,134.0,200.0,1365.0,Front wheel drive,Manual,Naturally Aspirated,Petrol,,,215.7,134.0,9.0,135.0,https://www.parkers.co.uk/mercedes-benz/a-class/saloon-2019/a-180-amg-line-4d/specs/
CAR_75D54FF8,Mercedes Benz,A Class,a150 avantgarde se 3d,Mercedes-Benz A-Class HatchbackA150 Avantgarde SE 3d Specs & dimensions,2005,,1498.0,4.0,95.0,140.0,1195.0,Front wheel drive,Manual,Naturally Aspirated,Petrol,,,175.4,109.0,12.2,148.0,https://www.parkers.co.uk/mercedes-benz/a-class/hatchback-2005/a150-avantgarde-se-3d/specs/
CAR_70309B0A,Mercedes Benz,A Class,a 160 amg line 5d,Mercedes-Benz A-Class HatchbackA 160 AMG Line 5d Specs & dimensions,2013,,1595.0,4.0,100.0,180.0,1370.0,Front wheel drive,Manual,Naturally Aspirated,Petrol,,,189.9,118.0,10.3,126.0,https://www.parkers.co.uk/mercedes-benz/a-class/hatchback-2013/a-160-amg-line-5d/specs/
CAR_640F9DA4,Mercedes Benz,A Class,a45 (map pilot) 5d 4matic,Mercedes-Benz A-Class AMGA45 (Map Pilot) 5d 4Matic Specs & dimensions,2013,,1991.0,4.0,354.0,450.0,1555.0,4 wheel drive,Automatic,Naturally Aspirated,Petrol,,,249.4,155.0,4.5,161.0,https://www.parkers.co.uk/mercedes-benz/a-class/amg-2013/a45-(map-pilot)-5d-4matic/specs/
CAR_9239538D,Mercedes Benz,A Class,a140 a 5d,Mercedes-Benz A-Class HatchbackA140 A+ 5d Specs & dimensions,1998,,1397.0,4.0,82.0,130.0,1105.0,Front wheel drive,Manual,Naturally Aspirated,Petrol,,,170.6,106.0,12.5,170.0,https://www.parkers.co.uk/mercedes-benz/a-class/hatchback-1998/a140-a-5d/specs/
CAR_26B419D4,Mercedes Benz,Amg Gt,amg speedshift dct auto 2d,Mercedes-Benz AMG GT CoupeAMG Speedshift DCT auto 2d Specs & dimensions,2015,,3982.0,8.0,469.0,630.0,1650.0,Rear wheel drive,Automatic,Naturally Aspirated,Petrol,,,304.2,189.0,3.9,261.0,https://www.parkers.co.uk/mercedes-benz/amg-gt/coupe-2015/amg-speedshift-dct-auto-2d/specs/
CAR_7044629D,Mercedes Benz,Amg Gt,amg speedshift dct auto 2d,Mercedes-Benz AMG GT RoadsterAMG Speedshift DCT auto 2d Specs & dimensions,2017,,3982.0,8.0,469.0,630.0,1690.0,Rear wheel drive,Automatic,Naturally Aspirated,Petrol,,,302.6,188.0,3.9,261.0,https://www.parkers.co.uk/mercedes-benz/amg-gt/roadster-2017/amg-speedshift-dct-auto-2d/specs/
CAR_5063A638,Mercedes Benz,B Class,b 180 amg line 5d,Mercedes-Benz B-Class MPVB 180 AMG Line 5d Specs & dimensions,2019,,1332.0,4.0,134.0,200.0,1385.0,Front wheel drive,Manual,Naturally Aspirated,Petrol,,,212.4,132.0,9.1,127.0,https://www.parkers.co.uk/mercedes-benz/b-class/mpv-2019/b-180-amg-line-5d/specs/
CAR_DF02FB92,Mercedes Benz,B Class,b150 5d,Mercedes-Benz B-Class HatchbackB150 5d Specs & dimensions,2005,,1498.0,,95.0,,,Front wheel drive,Manual,Naturally Aspirated,Petrol,,,173.8,108.0,12.8,158.0,https://www.parkers.co.uk/mercedes-benz/b-class/hatchback-2005/b150-5d/specs/
CAR_9296D840,Mercedes Benz,B Class,b 180 exclusive edition 5d,Mercedes-Benz B-Class EstateB 180 Exclusive Edition 5d Specs & dimensions,2012,,1595.0,4.0,120.0,200.0,1395.0,Front wheel drive,Manual,Naturally Aspirated,Petrol,,,199.6,124.0,8.7,153.0,https://www.parkers.co.uk/mercedes-benz/b-class/estate-2012/b-180-exclusive-edition-5d/specs/
CAR_16AB21A1,Mercedes Benz,C Class,c 180 amg line (062018 on) 4d,Mercedes-Benz C-Class SaloonC 180 AMG Line (06/2018 on) 4d Specs & dimensions,2014,2018.0,1595.0,4.0,153.0,250.0,1365.0,Rear wheel drive,Manual,Naturally Aspirated,Petrol,,,225.3,140.0,7.9,134.0,https://www.parkers.co.uk/mercedes-benz/c-class/saloon-2014/c-180-amg-line-(062018-on)-4d/specs/
CAR_A2CB37E1,Mercedes Benz,C Class,c 180 amg line (062018 on) 5d,Mercedes-Benz C-Class EstateC 180 AMG Line (06/2018 on) 5d Specs & dimensions,2014,2018.0,1595.0,4.0,153.0,250.0,1420.0,Rear wheel drive,Manual,Naturally Aspirated,Petrol,,,223.7,139.0,8.1,136.0,https://www.parkers.co.uk/mercedes-benz/c-class/estate-2014/c-180-amg-line-(062018-on)-5d/specs/
CAR_6CE25CB6,Mercedes Benz,C Class,c 180 amg line (092018 on) 2d,Mercedes-Benz C-Class CoupeC 180 AMG Line (09/2018 on) 2d Specs & dimensions,2015,2018.0,1595.0,4.0,153.0,250.0,1430.0,Rear wheel drive,Manual,Naturally Aspirated,Petrol,,,225.3,140.0,8.2,134.0,https://www.parkers.co.uk/mercedes-benz/c-class/coupe-2015/c-180-amg-line-(092018-on)-2d/specs/
CAR_8B64F5D5,Mercedes Benz,C Class,c 180 amg line (092018 on) 2d,Mercedes-Benz C-Class CabrioletC 180 AMG Line (09/2018 on) 2d Specs & dimensions,2016,2018.0,1595.0,4.0,153.0,250.0,1575.0,Rear wheel drive,Manual,Naturally Aspirated,Petrol,,,222.1,138.0,8.6,149.0,https://www.parkers.co.uk/mercedes-benz/c-class/cabriolet-2016/c-180-amg-line-(092018-on)-2d/specs/
CAR_59B3897C,Mercedes Benz,C Class,c200 amg line 4dr 9g tronic,Mercedes-Benz C-Class SaloonC200 AMG Line 4dr 9G-Tronic Specs & dimensions,2021,,1496.0,4.0,201.0,300.0,1818.0,Rear wheel drive,Automatic,Naturally Aspirated,Petrol,,,246.2,153.0,7.1,140.0,https://www.parkers.co.uk/mercedes-benz/c-class/saloon-2021/c200-amg-line-4dr-9g-tronic/specs/
CAR_212BAF3A,Mercedes Benz,C Class,c200 amg line 5dr 9g tronic,Mercedes-Benz C-Class EstateC200 AMG Line 5dr 9G-Tronic Specs & dimensions,2021,,1496.0,4.0,201.0,300.0,1887.0,Rear wheel drive,Automatic,Naturally Aspirated,Petrol,,,239.8,149.0,7.3,145.0,https://www.parkers.co.uk/mercedes-benz/c-class/estate-2021/c200-amg-line-5dr-9g-tronic/specs/
CAR_1C5C9900,Mercedes Benz,C Class,c180 amg sport (comand) 4d,Mercedes-Benz C-Class SaloonC180 AMG Sport (Comand) 4d Specs & dimensions,2007,,1595.0,4.0,153.0,250.0,1470.0,Rear wheel drive,Manual,Naturally Aspirated,Petrol,,,225.3,140.0,8.2,142.0,https://www.parkers.co.uk/mercedes-benz/c-class/saloon-2007/c180-amg-sport-(comand)-4d/specs/
CAR_4EA1E37F,Mercedes Benz,C Class,c180 amg sport (comand) 5d,Mercedes-Benz C-Class EstateC180 AMG Sport (Comand) 5d Specs & dimensions,2008,,1595.0,4.0,153.0,250.0,1505.0,Rear wheel drive,Manual,Naturally Aspirated,Petrol,,,217.3,135.0,8.4,144.0,https://www.parkers.co.uk/mercedes-benz/c-class/estate-2008/c180-amg-sport-(comand)-5d/specs/
CAR_7612E2C3,Mercedes Benz,C Class,c63 (performance pack plus) estate 5d auto,Mercedes-Benz C-Class AMGC63 (Performance Pack Plus) Estate 5d Auto Specs & dimensions,2008,,6208.0,8.0,480.0,600.0,1795.0,Rear wheel drive,Automatic,Naturally Aspirated,Petrol,,,249.4,155.0,4.4,316.0,https://www.parkers.co.uk/mercedes-benz/c-class/amg-2008/c63-(performance-pack-plus)-estate-5d-auto/specs/
CAR_0285EF60,Mercedes Benz,C Class,c63 coupe (performance pack plus) 2d auto,Mercedes-Benz C-Class AMGC63 Coupe (Performance Pack Plus) 2d Auto Specs & dimensions,2011,,6208.0,8.0,480.0,600.0,1730.0,Rear wheel drive,Automatic,Naturally Aspirated,Petrol,,,249.4,155.0,4.3,280.0,https://www.parkers.co.uk/mercedes-benz/c-class/amg-2011/c63-coupe-(performance-pack-plus)-2d-auto/specs/
CAR_D8A5F48E,Mercedes Benz,C Class,c180 (16) amg sport (comand) 2d,Mercedes-Benz C-Class CoupeC180 (1.6) AMG Sport (Comand) 2d Specs & dimensions,2011,,1595.0,4.0,153.0,250.0,1490.0,Rear wheel drive,Manual,Naturally Aspirated,Petrol,,,225.3,140.0,8.2,149.0,https://www.parkers.co.uk/mercedes-benz/c-class/coupe-2011/c180-(16)-amg-sport-(comand)-2d/specs/
CAR_0EAB3B76,Mercedes Benz,C Class,c63 coupe 2d auto,Mercedes-Benz C-Class AMGC63 Coupe 2d Auto Specs & dimensions,2015,,3982.0,8.0,469.0,650.0,1785.0,Rear wheel drive,Automatic,Naturally Aspirated,Petrol,,,249.4,155.0,3.9,200.0,https://www.parkers.co.uk/mercedes-benz/c-class/amg-2015/c63-coupe-2d-auto/specs/
CAR_69900D90,Mercedes Benz,C Class,c180 classic 4d,Mercedes-Benz C-Class SaloonC180 Classic 4d Specs & dimensions,1993,,1799.0,4.0,122.0,170.0,1350.0,Rear wheel drive,Manual,Naturally Aspirated,Petrol,,,193.1,120.0,11.6,218.0,https://www.parkers.co.uk/mercedes-benz/c-class/saloon-1993/c180-classic-4d/specs/
CAR_46555D54,Mercedes Benz,C Class,c180 classic 5d,Mercedes-Benz C-Class EstateC180 Classic 5d Specs & dimensions,1996,,1799.0,4.0,122.0,170.0,1350.0,Rear wheel drive,Manual,Naturally Aspirated,Petrol,,,189.9,118.0,11.6,218.0,https://www.parkers.co.uk/mercedes-benz/c-class/estate-1996/c180-classic-5d/specs/
CAR_E4126E54,Mercedes Benz,C Class,c180 avantgarde 4d,Mercedes-Benz C-Class SaloonC180 Avantgarde 4d Specs & dimensions,2000,,1998.0,4.0,129.0,190.0,1455.0,Rear wheel drive,Manual,Naturally Aspirated,Petrol,,,210.8,131.0,10.6,225.0,https://www.parkers.co.uk/mercedes-benz/c-class/saloon-2000/c180-avantgarde-4d/specs/
CAR_9F44DF89,Mercedes Benz,C Class,c180 avantgarde 5d,Mercedes-Benz C-Class EstateC180 Avantgarde 5d Specs & dimensions,2000,,1998.0,4.0,129.0,190.0,1505.0,Rear wheel drive,Manual,Naturally Aspirated,Petrol,,,206.0,128.0,10.9,230.0,https://www.parkers.co.uk/mercedes-benz/c-class/estate-2000/c180-avantgarde-5d/specs/
CAR_2487CAF9,Mercedes Benz,C Class,c160 3d,Mercedes-Benz C-Class Sports CoupeC160 3d Specs & dimensions,2001,,1796.0,4.0,120.0,190.0,1465.0,Rear wheel drive,Manual,Naturally Aspirated,Petrol,,,206.0,128.0,11.0,183.0,https://www.parkers.co.uk/mercedes-benz/c-class/sports-coupe-2001/c160-3d/specs/
CAR_A0618A4A,Mercedes Benz,Ce Class,220 ce 2d,Mercedes-Benz CE-Class Coupe220 CE 2d Specs & dimensions,1977,,2199.0,,150.0,,,Rear wheel drive,Manual,Naturally Aspirated,Petrol,,,,,,,https://www.parkers.co.uk/mercedes-benz/ce-class/coupe-1977/220-ce-2d/specs/
CAR_26E71085,Mercedes Benz,Ce Class,320 ce 2d,Mercedes-Benz CE-Class Cabriolet320 CE 2d Specs & dimensions,1992,,3199.0,,220.0,,,Rear wheel drive,Manual,Naturally Aspirated,Petrol,,,,,,,https://www.parkers.co.uk/mercedes-benz/ce-class/cabriolet-1992/320-ce-2d/specs/
CAR_E2718A93,Mercedes Benz,Cl,cl 500 (amg sports pack) 2d auto,Mercedes-Benz CL CoupeCL 500 (AMG Sports Pack) 2d Auto Specs & dimensions,2007,,5461.0,8.0,382.0,530.0,1995.0,Rear wheel drive,Automatic,Naturally Aspirated,Petrol,,,249.4,155.0,5.3,288.0,https://www.parkers.co.uk/mercedes-benz/cl/coupe-2007/cl-500-(amg-sports-pack)-2d-auto/specs/
CAR_9B707349,Mercedes Benz,Cl,cl 63 2d auto,Mercedes-Benz CL AMGCL 63 2d Auto Specs & dimensions,2007,,6208.0,8.0,517.0,630.0,2085.0,Rear wheel drive,Automatic,Naturally Aspirated,Petrol,,,249.4,155.0,4.5,346.0,https://www.parkers.co.uk/mercedes-benz/cl/amg-2007/cl-63-2d-auto/specs/
CAR_4FF29A5A,Mercedes Benz,Cl,cl500 2d auto (00),Mercedes-Benz CL CoupeCL500 2d Auto (00) Specs & dimensions,2000,,4966.0,8.0,306.0,470.0,2080.0,Rear wheel drive,Automatic,Naturally Aspirated,Petrol,,,249.4,155.0,7.1,320.0,https://www.parkers.co.uk/mercedes-benz/cl/coupe-2000/cl500-2d-auto-(00)/specs/
CAR_31BA30CE,Mercedes Benz,Cl,500 sec 2d auto,Mercedes-Benz CL Coupe500 SEC 2d Auto Specs & dimensions,1992,,4973.0,,308.0,,,Rear wheel drive,Automatic,Naturally Aspirated,Petrol,,,,,,,https://www.parkers.co.uk/mercedes-benz/cl/coupe-1992/500-sec-2d-auto/specs/
CAR_5F0058F6,Mercedes Benz,Cla,cla 180 amg line executive 5dr tip auto,Mercedes-Benz CLA Shooting BrakeCLA 180 AMG Line Executive 5dr Tip Auto Specs & dimensions,2019,,1332.0,4.0,134.0,200.0,1475.0,Front wheel drive,Automatic,Naturally Aspirated,Petrol,,,215.7,134.0,8.9,140.0,https://www.parkers.co.uk/mercedes-benz/cla/shooting-brake-2019/cla-180-amg-line-executive-5dr-tip-auto/specs/
CAR_9D721DC9,Mercedes Benz,Cla,cla 180 amg line 7g dct auto 4d,Mercedes-Benz CLA CoupeCLA 180 AMG Line 7G-DCT auto 4d Specs & dimensions,2019,,1332.0,4.0,134.0,200.0,1425.0,Front wheel drive,Automatic,Naturally Aspirated,Petrol,,,215.7,134.0,8.7,138.0,https://www.parkers.co.uk/mercedes-benz/cla/coupe-2019/cla-180-amg-line-7g-dct-auto-4d/specs/
CAR_9ECD82C3,Mercedes Benz,Cla,cla 180 amg line executive 4dr auto,Mercedes-Benz CLA CoupeCLA 180 AMG Line Executive 4dr Auto Specs & dimensions,2025,,1499.0,4.0,134.0,200.0,1695.0,Front wheel drive,Automatic,Naturally Aspirated,Petrol,,,217.3,135.0,8.5,115.0,https://www.parkers.co.uk/mercedes-benz/cla/coupe-2025/cla-180-amg-line-executive-4dr-auto/specs/
CAR_FE075DAA,Mercedes Benz,Cla Electric,cla 250 200kw eq amg line prem ed 85kwh 4dr auto,Mercedes-Benz CLA Electric CoupeCLA 250+ 200kW EQ AMG Line Prem Ed 85kWh 4dr Auto Specs & dimensions,2025,,,,268.0,,2055.0,Rear wheel drive,Automatic,EV,Electric,,,209.2,130.0,6.5,0.0,https://www.parkers.co.uk/mercedes-benz/cla-electric/coupe-2025/cla-250-200kw-eq-amg-line-prem-ed-85kwh-4dr-auto/specs/
CAR_4E57EC08,Mercedes Benz,Cla Electric,cla 200 165kw amg line executive 58kwh 5dr auto,Mercedes-Benz CLA Electric Shooting BrakeCLA 200 165kW AMG Line Executive 58kWh 5dr Auto Specs & dimensions,2025,,,,220.0,,2065.0,Rear wheel drive,Automatic,EV,Electric,,,209.2,130.0,7.4,0.0,https://www.parkers.co.uk/mercedes-benz/cla-electric/shooting-brake-2025/cla-200-165kw-amg-line-executive-58kwh-5dr-auto/specs/
CAR_34A801CC,Mercedes Benz,Cla Class,cla (180bhp) amg sport (comand) 4d tip auto,Mercedes-Benz CLA-Class CoupeCLA (180bhp) AMG Sport (Comand) 4d Tip Auto Specs & dimensions,2013,,1595.0,4.0,120.0,200.0,1430.0,Front wheel drive,Automatic,Naturally Aspirated,Petrol,,,209.2,130.0,8.4,122.0,https://www.parkers.co.uk/mercedes-benz/cla-class/coupe-2013/cla-(180bhp)-amg-sport-(comand)-4d-tip-auto/specs/
CAR_0D6434BE,Mercedes Benz,Cla Class,cla 45 (381bhp) 4matic (comand) 4d tip auto,Mercedes-Benz CLA-Class AMGCLA 45 (381bhp) 4Matic (Comand) 4d Tip Auto Specs & dimensions,2013,,1991.0,4.0,375.0,475.0,1585.0,4 wheel drive,Automatic,Naturally Aspirated,Petrol,,,249.4,155.0,4.1,171.0,https://www.parkers.co.uk/mercedes-benz/cla-class/amg-2013/cla-45-(381bhp)-4matic-(comand)-4d-tip-auto/specs/
CAR_1BFE0CFB,Mercedes Benz,Cla Class,cla 180 amg line (comand) (0616 on) 5d,Mercedes-Benz CLA-Class Shooting BrakeCLA 180 AMG Line (Comand) (06/16 on) 5d Specs & dimensions,2015,,1595.0,4.0,120.0,200.0,1430.0,Front wheel drive,Manual,Naturally Aspirated,Petrol,,,209.2,130.0,8.8,134.0,https://www.parkers.co.uk/mercedes-benz/cla-class/shooting-brake-2015/cla-180-amg-line-(comand)-(0616-on)-5d/specs/
CAR_D99F8AFD,Mercedes Benz,Clc,160 blueefficiency se 3d,Mercedes-Benz CLC Coupe160 BlueEFFICIENCY SE 3d Specs & dimensions,2008,,1597.0,4.0,127.0,220.0,1470.0,Rear wheel drive,Manual,Naturally Aspirated,Petrol,,,209.2,130.0,10.8,156.0,https://www.parkers.co.uk/mercedes-benz/clc/coupe-2008/160-blueefficiency-se-3d/specs/
CAR_9968645A,Mercedes Benz,Cle,cle 200 amg line 2dr 9g tronic,Mercedes-Benz CLE CoupeCLE 200 AMG Line 2dr 9G-Tronic Specs & dimensions,2023,,1999.0,4.0,201.0,320.0,1795.0,Rear wheel drive,Automatic,Naturally Aspirated,Petrol,,,239.8,149.0,7.2,148.0,https://www.parkers.co.uk/mercedes-benz/cle/coupe-2023/cle-200-amg-line-2dr-9g-tronic/specs/
CAR_6B33F7BB,Mercedes Benz,Cle,cle 200 amg line 2dr 9g tronic,Mercedes-Benz CLE CabrioletCLE 200 AMG Line 2dr 9G-Tronic Specs & dimensions,2024,,1999.0,4.0,201.0,320.0,1930.0,Rear wheel drive,Automatic,Naturally Aspirated,Petrol,,,236.6,147.0,7.6,154.0,https://www.parkers.co.uk/mercedes-benz/cle/cabriolet-2024/cle-200-amg-line-2dr-9g-tronic/specs/
CAR_44F3A339,Mercedes Benz,Clk,200 avantgarde 2d,Mercedes-Benz CLK Coupe200 Avantgarde 2d Specs & dimensions,1997,,1998.0,4.0,136.0,190.0,1375.0,Rear wheel drive,Manual,Naturally Aspirated,Petrol,,,207.6,129.0,10.6,222.0,https://www.parkers.co.uk/mercedes-benz/clk/coupe-1997/200-avantgarde-2d/specs/
CAR_18591661,Mercedes Benz,Clk,200k avantgarde 2d,Mercedes-Benz CLK Cabriolet200K Avantgarde 2d Specs & dimensions,1998,,1998.0,4.0,163.0,230.0,1415.0,Rear wheel drive,Manual,Naturally Aspirated,Petrol,,,218.9,136.0,9.6,233.0,https://www.parkers.co.uk/mercedes-benz/clk/cabriolet-1998/200k-avantgarde-2d/specs/
CAR_29648516,Mercedes Benz,Clk,200k avantgarde (184bhp) 2d,Mercedes-Benz CLK Coupe200K Avantgarde (184bhp) 2d Specs & dimensions,2002,,1796.0,4.0,181.0,250.0,,Rear wheel drive,Manual,Naturally Aspirated,Petrol,,,236.6,147.0,8.5,207.0,https://www.parkers.co.uk/mercedes-benz/clk/coupe-2002/200k-avantgarde-(184bhp)-2d/specs/
CAR_E4955A3B,Mercedes Benz,Clk,200k avantgarde (184bhp) 2d,Mercedes-Benz CLK Cabriolet200K Avantgarde (184bhp) 2d Specs & dimensions,2003,,1796.0,4.0,181.0,250.0,,Rear wheel drive,Manual,Naturally Aspirated,Petrol,,,231.7,144.0,9.0,212.0,https://www.parkers.co.uk/mercedes-benz/clk/cabriolet-2003/200k-avantgarde-(184bhp)-2d/specs/
CAR_C11FFFE7,Mercedes Benz,Clk,clk55 cabriolet 2d tip auto (03),Mercedes-Benz CLK AMGCLK55 Cabriolet 2d Tip Auto (03) Specs & dimensions,2002,,5439.0,8.0,367.0,510.0,1820.0,Rear wheel drive,Automatic,Naturally Aspirated,Petrol,,,249.4,155.0,5.2,290.0,https://www.parkers.co.uk/mercedes-benz/clk/amg-2002/clk55-cabriolet-2d-tip-auto-(03)/specs/
CAR_5592AF32,Mercedes Benz,Cls,cls 300d 4matic amg line 4dr 9g tronic 4d,Mercedes-Benz CLS CoupeCLS 300d 4Matic AMG Line 4dr 9G-Tronic 4d Specs & dimensions,2018,,1950.0,4.0,241.0,500.0,1825.0,Rear wheel drive,Automatic,Unknown,Diesel,,,249.4,155.0,6.2,162.0,https://www.parkers.co.uk/mercedes-benz/cls/coupe-2018/cls-300d-4matic-amg-line-4dr-9g-tronic-4d/specs/
CAR_41CD9372,Mercedes Benz,Cls,cls 320 cdi (0408 0609) 4d tip auto,Mercedes-Benz CLS CoupeCLS 320 CDI (04/08-06/09) 4d Tip Auto Specs & dimensions,2005,,2987.0,6.0,220.0,540.0,,Rear wheel drive,Automatic,Diesel,Diesel,,,246.2,153.0,6.8,200.0,https://www.parkers.co.uk/mercedes-benz/cls/coupe-2005/cls-320-cdi-(0408-0609)-4d-tip-auto/specs/
CAR_6CB210F3,Mercedes Benz,Cls,cls 63 (comand) 4d tip auto,Mercedes-Benz CLS AMGCLS 63 (Comand) 4d Tip Auto Specs & dimensions,2005,,6208.0,8.0,506.0,630.0,1815.0,Rear wheel drive,Automatic,Naturally Aspirated,Petrol,,,249.4,155.0,4.4,345.0,https://www.parkers.co.uk/mercedes-benz/cls/amg-2005/cls-63-(comand)-4d-tip-auto/specs/
CAR_4F67022C,Mercedes Benz,Cls,cls 220 bluetec amg line 4d 7g tronic,Mercedes-Benz CLS CoupeCLS 220 BlueTEC AMG Line 4d 7G-Tronic Specs & dimensions,2011,,2143.0,4.0,174.0,400.0,1790.0,Rear wheel drive,Automatic,Unknown,Diesel,,,222.1,138.0,8.2,129.0,https://www.parkers.co.uk/mercedes-benz/cls/coupe-2011/cls-220-bluetec-amg-line-4d-7g-tronic/specs/
CAR_10EA882A,Mercedes Benz,Cls,cls 63 (557bhp) 4d tip auto,Mercedes-Benz CLS AMGCLS 63 (557bhp) 4d Tip Auto Specs & dimensions,2011,,5461.0,8.0,549.0,720.0,1870.0,Rear wheel drive,Automatic,Naturally Aspirated,Petrol,,,249.4,155.0,4.1,231.0,https://www.parkers.co.uk/mercedes-benz/cls/amg-2011/cls-63-(557bhp)-4d-tip-auto/specs/
CAR_C5E55104,Mercedes Benz,Cls,cls 220 bluetec amg line 5d 7g tronic,Mercedes-Benz CLS Shooting BrakeCLS 220 BlueTEC AMG Line 5d 7G-Tronic Specs & dimensions,2012,,2143.0,4.0,174.0,400.0,1845.0,Rear wheel drive,Automatic,Unknown,Diesel,,,214.0,133.0,8.5,132.0,https://www.parkers.co.uk/mercedes-benz/cls/shooting-brake-2012/cls-220-bluetec-amg-line-5d-7g-tronic/specs/
CAR_B13DC575,Mercedes Benz,E Class,e 200 amg line 9g tronic plus auto 4d,Mercedes-Benz E-Class SaloonE 200 AMG Line 9G-Tronic Plus auto 4d Specs & dimensions,2016,,1991.0,4.0,181.0,300.0,1615.0,Rear wheel drive,Automatic,Naturally Aspirated,Petrol,,,239.8,149.0,7.5,163.0,https://www.parkers.co.uk/mercedes-benz/e-class/saloon-2016/e-200-amg-line-9g-tronic-plus-auto-4d/specs/
CAR_2A2E8672,Mercedes Benz,E Class,e 200 amg line 9g tronic plus auto 5d,Mercedes-Benz E-Class EstateE 200 AMG Line 9G-Tronic Plus auto 5d Specs & dimensions,2016,,1991.0,4.0,181.0,300.0,1725.0,Rear wheel drive,Automatic,Naturally Aspirated,Petrol,,,231.7,144.0,7.8,172.0,https://www.parkers.co.uk/mercedes-benz/e-class/estate-2016/e-200-amg-line-9g-tronic-plus-auto-5d/specs/
CAR_52DC74CF,Mercedes Benz,E Class,e 350 d 4matic all terrain edition 9g tronic plus auto 5d,Mercedes-Benz E-Class All-TerrainE 350 d 4Matic All-Terrain Edition 9G-Tronic Plus auto 5d Specs & dimensions,2017,,2987.0,6.0,254.0,620.0,2010.0,4 wheel drive,Automatic,Unknown,Diesel,,,249.4,155.0,6.0,179.0,https://www.parkers.co.uk/mercedes-benz/e-class/all-terrain-2017/e-350-d-4matic-all-terrain-edition-9g-tronic-plus-auto-5d/specs/
CAR_EC67E974,Mercedes Benz,E Class,e 220 d 4matic amg line 9g tronic plus auto 2d,Mercedes-Benz E-Class CabrioletE 220 d 4Matic AMG Line 9G-Tronic Plus auto 2d Specs & dimensions,2017,,1950.0,4.0,191.0,400.0,1900.0,4 wheel drive,Automatic,Unknown,Diesel,,,233.4,145.0,7.6,142.0,https://www.parkers.co.uk/mercedes-benz/e-class/cabriolet-2017/e-220-d-4matic-amg-line-9g-tronic-plus-auto-2d/specs/
CAR_F249D96D,Mercedes Benz,E Class,e 220 d 4matic amg line 9g tronic plus auto 2d,Mercedes-Benz E-Class CoupeE 220 d 4Matic AMG Line 9G-Tronic Plus auto 2d Specs & dimensions,2017,,1950.0,4.0,191.0,400.0,1805.0,4 wheel drive,Automatic,Unknown,Diesel,,,239.8,149.0,7.4,141.0,https://www.parkers.co.uk/mercedes-benz/e-class/coupe-2017/e-220-d-4matic-amg-line-9g-tronic-plus-auto-2d/specs/
CAR_22CF1E03,Mercedes Benz,E Class,e200 amg line 4dr 9g tronic,Mercedes-Benz E-Class SaloonE200 AMG Line 4dr 9G-Tronic Specs & dimensions,2023,,1999.0,4.0,201.0,320.0,1937.0,Rear wheel drive,Automatic,Naturally Aspirated,Petrol,,,239.8,149.0,7.3,148.0,https://www.parkers.co.uk/mercedes-benz/e-class/saloon-2023/e200-amg-line-4dr-9g-tronic/specs/
CAR_FAD8B113,Mercedes Benz,E Class,e200 amg line 5dr 9g tronic,Mercedes-Benz E-Class EstateE200 AMG Line 5dr 9G-Tronic Specs & dimensions,2023,,1999.0,4.0,201.0,320.0,2029.0,Rear wheel drive,Automatic,Naturally Aspirated,Petrol,,,231.7,144.0,7.6,155.0,https://www.parkers.co.uk/mercedes-benz/e-class/estate-2023/e200-amg-line-5dr-9g-tronic/specs/
CAR_92907D0A,Mercedes Benz,E Class,e200 amg line 4d tip auto,Mercedes-Benz E-Class SaloonE200 AMG Line 4d Tip Auto Specs & dimensions,2009,,1991.0,4.0,181.0,300.0,1655.0,Rear wheel drive,Automatic,Naturally Aspirated,Petrol,,,233.4,145.0,7.6,142.0,https://www.parkers.co.uk/mercedes-benz/e-class/saloon-2009/e200-amg-line-4d-tip-auto/specs/
CAR_7D2978B3,Mercedes Benz,E Class,e200 amg line 2d 7g tronic,Mercedes-Benz E-Class CoupeE200 AMG Line 2d 7G-Tronic Specs & dimensions,2009,,1991.0,4.0,181.0,300.0,1615.0,Rear wheel drive,Automatic,Naturally Aspirated,Petrol,,,239.8,149.0,7.6,142.0,https://www.parkers.co.uk/mercedes-benz/e-class/coupe-2009/e200-amg-line-2d-7g-tronic/specs/
CAR_C2675FED,Mercedes Benz,E Class,e200 blueeff avantgarde (7speed) 5d tip auto,Mercedes-Benz E-Class EstateE200 BlueEFF Avantgarde (7Speed) 5d Tip Auto Specs & dimensions,2010,,1796.0,4.0,181.0,270.0,1735.0,Rear wheel drive,Automatic,Naturally Aspirated,Petrol,,,223.7,139.0,8.2,162.0,https://www.parkers.co.uk/mercedes-benz/e-class/estate-2010/e200-blueeff-avantgarde-(7speed)-5d-tip-auto/specs/
CAR_2DB33CEB,Mercedes Benz,E Class,e63 estate (0413 ) 5d auto,Mercedes-Benz E-Class AMGE63 Estate (04/13-) 5d Auto Specs & dimensions,2009,,5461.0,8.0,549.0,720.0,1945.0,Rear wheel drive,Automatic,Naturally Aspirated,Petrol,,,249.4,155.0,4.2,237.0,https://www.parkers.co.uk/mercedes-benz/e-class/amg-2009/e63-estate-(0413-)-5d-auto/specs/
CAR_69BB401F,Mercedes Benz,E Class,e200 amg line 2d 7g tronic,Mercedes-Benz E-Class CabrioletE200 AMG Line 2d 7G-Tronic Specs & dimensions,2010,,1991.0,4.0,181.0,300.0,1735.0,Rear wheel drive,Automatic,Naturally Aspirated,Petrol,,,235.0,146.0,7.9,150.0,https://www.parkers.co.uk/mercedes-benz/e-class/cabriolet-2010/e200-amg-line-2d-7g-tronic/specs/
CAR_CA51A809,Mercedes Benz,E Class,e200 avantgarde 4d,Mercedes-Benz E-Class SaloonE200 Avantgarde 4d Specs & dimensions,1995,,1998.0,4.0,136.0,190.0,1440.0,Rear wheel drive,Manual,Naturally Aspirated,Petrol,,,199.6,124.0,10.9,215.0,https://www.parkers.co.uk/mercedes-benz/e-class/saloon-1995/e200-avantgarde-4d/specs/
CAR_AD7F12CC,Mercedes Benz,E Class,e200 avantgarde 5d,Mercedes-Benz E-Class EstateE200 Avantgarde 5d Specs & dimensions,1996,,1998.0,4.0,136.0,190.0,1560.0,Rear wheel drive,Manual,Naturally Aspirated,Petrol,,,199.6,124.0,11.8,229.0,https://www.parkers.co.uk/mercedes-benz/e-class/estate-1996/e200-avantgarde-5d/specs/
CAR_B0927248,Mercedes Benz,E Class,e200k avantgarde 4d,Mercedes-Benz E-Class SaloonE200K Avantgarde 4d Specs & dimensions,2002,,1796.0,4.0,160.0,240.0,1570.0,Rear wheel drive,Manual,Naturally Aspirated,Petrol,,,230.1,143.0,9.3,206.0,https://www.parkers.co.uk/mercedes-benz/e-class/saloon-2002/e200k-avantgarde-4d/specs/
CAR_4619BB96,Mercedes Benz,E Class,e200k avantgarde 5d,Mercedes-Benz E-Class EstateE200K Avantgarde 5d Specs & dimensions,2003,,1796.0,4.0,160.0,240.0,1720.0,Rear wheel drive,Manual,Naturally Aspirated,Petrol,,,220.5,137.0,9.8,212.0,https://www.parkers.co.uk/mercedes-benz/e-class/estate-2003/e200k-avantgarde-5d/specs/
CAR_B4B9E08B,Mercedes Benz,E Class,e55k 4d tip auto saloon,Mercedes-Benz E-Class AMGE55K 4d Tip Auto Saloon Specs & dimensions,2002,,5439.0,8.0,469.0,700.0,1835.0,Rear wheel drive,Automatic,Naturally Aspirated,Petrol,,,249.4,155.0,4.5,310.0,https://www.parkers.co.uk/mercedes-benz/e-class/amg-2002/e55k-4d-tip-auto-saloon/specs/
CAR_848D3D32,Mercedes Benz,E Class,200 4d (w124),Mercedes-Benz E-Class Saloon200 4d (W124) Specs & dimensions,1985,,1997.0,,109.0,,,Rear wheel drive,Manual,Naturally Aspirated,Petrol,,,,,,,https://www.parkers.co.uk/mercedes-benz/e-class/saloon-1985/200-4d-(w124)/specs/
CAR_D6098185,Mercedes Benz,E Class,200 t 5d (w124),Mercedes-Benz E-Class Estate200 T 5d (W124) Specs & dimensions,1986,,1997.0,,109.0,,,Rear wheel drive,Manual,Naturally Aspirated,Petrol,,,,,,,https://www.parkers.co.uk/mercedes-benz/e-class/estate-1986/200-t-5d-(w124)/specs/
CAR_590E3F41,Mercedes Benz,Eqa,eqa 250 140kw amg line 665kwh 5dr auto,Mercedes-Benz EQA SUVEQA 250 140kW AMG Line 66.5kWh 5dr Auto Specs & dimensions,2021,,,,187.0,370.0,2040.0,Front wheel drive,Automatic,EV,Electric,,,159.3,99.0,8.6,0.0,https://www.parkers.co.uk/mercedes-benz/eqa/suv-2021/eqa-250-140kw-amg-line-665kwh-5dr-auto/specs/
CAR_842A3ACE,Mercedes Benz,Eqb,eqb 250 140kw amg line executive 705kwh 5dr auto,Mercedes-Benz EQB SUVEQB 250+ 140kW AMG Line Executive 70.5kWh 5dr Auto Specs & dimensions,2022,,,,187.0,385.0,2105.0,Front wheel drive,Automatic,EV,Electric,,,159.3,99.0,8.6,0.0,https://www.parkers.co.uk/mercedes-benz/eqb/suv-2022/eqb-250-140kw-amg-line-executive-705kwh-5dr-auto/specs/
CAR_2B5ED5AA,Mercedes Benz,Eqc,eqc 400 300kw amg line edition 80kwh 5dr auto,Mercedes-Benz EQC SUVEQC 400 300kW AMG Line Edition 80kWh 5dr Auto Specs & dimensions,2019,,,,402.0,760.0,2495.0,4 wheel drive,Automatic,EV,Electric,,,180.2,112.0,4.9,0.0,https://www.parkers.co.uk/mercedes-benz/eqc/suv-2019/eqc-400-300kw-amg-line-edition-80kwh-5dr-auto/specs/
CAR_D0C18329,Mercedes Benz,Eqe,eqe 300 180kw amg line 89kwh 4dr auto,Mercedes-Benz EQE SaloonEQE 300 180kW AMG Line 89kWh 4dr Auto Specs & dimensions,2022,,,,241.0,550.0,2405.0,Rear wheel drive,Automatic,EV,Electric,,,209.2,130.0,7.1,0.0,https://www.parkers.co.uk/mercedes-benz/eqe/saloon-2022/eqe-300-180kw-amg-line-89kwh-4dr-auto/specs/
CAR_67FB1260,Mercedes Benz,Eqe,350 4m 215kw amg line night ed prem 91kwh 5dr auto,Mercedes-Benz EQE SUV350 4M 215kW AMG Line Night Ed Prem 91kWh 5dr Auto Specs & dimensions,2023,,,,287.0,765.0,2560.0,4 wheel drive,Automatic,EV,Electric,,,209.2,130.0,6.4,0.0,https://www.parkers.co.uk/mercedes-benz/eqe/suv-2023/350-4m-215kw-amg-line-night-ed-prem-91kwh-5dr-auto/specs/
CAR_44FCDECD,Mercedes Benz,Eqs,eqs 350 215kw amg line premium 96kwh 4dr auto,Mercedes-Benz EQS SaloonEQS 350 215kW AMG Line Premium 96kWh 4dr Auto Specs & dimensions,2021,,,,287.0,565.0,2612.0,Rear wheel drive,Automatic,EV,Electric,,,209.2,130.0,6.5,0.0,https://www.parkers.co.uk/mercedes-benz/eqs/saloon-2021/eqs-350-215kw-amg-line-premium-96kwh-4dr-auto/specs/
CAR_4823B61A,Mercedes Benz,Eqs,eqs 450 4m 265kw amg line premium 108kwh 5dr auto,Mercedes-Benz EQS SUVEQS 450 4M 265kW AMG Line Premium+ 108kWh 5dr Auto Specs & dimensions,2022,,,,354.0,800.0,2805.0,4 wheel drive,Automatic,EV,Electric,,,209.2,130.0,5.8,0.0,https://www.parkers.co.uk/mercedes-benz/eqs/suv-2022/eqs-450-4m-265kw-amg-line-premium-108kwh-5dr-auto/specs/
CAR_FA03F169,Mercedes Benz,Eqv,eqv 300 150 kw executive extra long 90 kwh 5dr at,Mercedes-Benz EQV MPVEQV 300 150 kW Executive Extra Long 90 kWh 5dr At Specs & dimensions,2020,,,,201.0,366.0,2635.0,Front wheel drive,Automatic,EV,Electric,,,157.7,98.0,11.7,0.0,https://www.parkers.co.uk/mercedes-benz/eqv/mpv-2020/eqv-300-150-kw-executive-extra-long-90-kwh-5dr-at/specs/
CAR_62D02CBB,Mercedes Benz,G Class,g 350 d amg line 9g tronic auto 5d,Mercedes-Benz G-Class SUVG 350 d AMG Line 9G-Tronic auto 5d Specs & dimensions,2018,,2925.0,6.0,281.0,600.0,2453.0,4 wheel drive,Automatic,Unknown,Diesel,,,199.6,124.0,7.2,288.0,https://www.parkers.co.uk/mercedes-benz/g-class/suv-2018/g-350-d-amg-line-9g-tronic-auto-5d/specs/
CAR_1574D45D,Mercedes Benz,G Class,g350 cdi 5d tip auto,Mercedes-Benz G-Class EstateG350 CDI 5d Tip Auto Specs & dimensions,1997,,2987.0,6.0,207.0,540.0,2445.0,4 wheel drive,Automatic,Diesel,Diesel,,,173.8,108.0,8.8,295.0,https://www.parkers.co.uk/mercedes-benz/g-class/estate-1997/g350-cdi-5d-tip-auto/specs/
CAR_C558588C,Mercedes Benz,G Class,g55 5d tip auto,Mercedes-Benz G-Class AMGG55 5d Tip Auto Specs & dimensions,2005,,5439.0,8.0,499.0,700.0,2550.0,4 wheel drive,Automatic,Naturally Aspirated,Petrol,,,209.2,130.0,5.3,372.0,https://www.parkers.co.uk/mercedes-benz/g-class/amg-2005/g55-5d-tip-auto/specs/
CAR_427288D7,Mercedes Benz,G Class,g 350 d night edition 7g tronic plus auto 5d,Mercedes-Benz G-Class EstateG 350 d Night Edition 7G-Tronic Plus auto 5d Specs & dimensions,2012,,2987.0,6.0,241.0,600.0,2612.0,4 wheel drive,Automatic,Unknown,Diesel,,,191.5,119.0,8.5,261.0,https://www.parkers.co.uk/mercedes-benz/g-class/estate-2012/g-350-d-night-edition-7g-tronic-plus-auto-5d/specs/
CAR_3821ED5F,Mercedes Benz,G Class,g63 (571bhp) 5d tip auto,Mercedes-Benz G-Class AMGG63 (571bhp) 5d Tip Auto Specs & dimensions,2012,,5461.0,8.0,563.0,760.0,2555.0,4 wheel drive,Automatic,Naturally Aspirated,Petrol,,,209.2,130.0,5.2,322.0,https://www.parkers.co.uk/mercedes-benz/g-class/amg-2012/g63-(571bhp)-5d-tip-auto/specs/
CAR_BEF40695,Mercedes Benz,G Wagen,230 ge 3d,Mercedes-Benz G-Wagen Station Wagon230 GE 3d Specs & dimensions,1981,,2299.0,,125.0,,,4 wheel drive,Manual,Naturally Aspirated,Petrol,,,,,,,https://www.parkers.co.uk/mercedes-benz/g-wagen/station-wagon-1981/230-ge-3d/specs/
CAR_7D92F75E,Mercedes Benz,G580 Eq,g 580 432kw eq tech amg line prem 116kwh 5dr auto,Mercedes-Benz G580 EQ SUVG 580 432kW EQ Tech AMG Line Prem+ 116kWh 5dr Auto Specs & dimensions,2024,,,,578.0,1164.0,3085.0,4 wheel drive,Automatic,EV,Electric,,,180.2,112.0,4.5,0.0,https://www.parkers.co.uk/mercedes-benz/g580-eq/suv-2024/g-580-432kw-eq-tech-amg-line-prem-116kwh-5dr-auto/specs/
CAR_52EA6D2B,Mercedes Benz,Gl Class,gl320 cdi 5d tip auto,Mercedes-Benz GL-Class EstateGL320 CDI 5d Tip Auto Specs & dimensions,2006,,2987.0,6.0,220.0,510.0,,4 wheel drive,Automatic,Diesel,Diesel,,,209.2,130.0,9.2,257.0,https://www.parkers.co.uk/mercedes-benz/gl-class/estate-2006/gl320-cdi-5d-tip-auto/specs/
CAR_A18C3C9C,Mercedes Benz,Gl Class,gl350 bluetec amg sport 5d tip auto,Mercedes-Benz GL-Class EstateGL350 BlueTEC AMG Sport 5d Tip Auto Specs & dimensions,2013,,2987.0,6.0,254.0,620.0,2455.0,4 wheel drive,Automatic,Unknown,Diesel,,,220.5,137.0,7.6,205.0,https://www.parkers.co.uk/mercedes-benz/gl-class/estate-2013/gl350-bluetec-amg-sport-5d-tip-auto/specs/
CAR_E5419215,Mercedes Benz,Gl Class,gl63 amg 5d tip auto,Mercedes-Benz GL-Class AMGGL63 AMG 5d Tip Auto Specs & dimensions,2013,,5461.0,8.0,549.0,760.0,2580.0,4 wheel drive,Automatic,Naturally Aspirated,Petrol,,,249.4,155.0,4.7,288.0,https://www.parkers.co.uk/mercedes-benz/gl-class/amg-2013/gl63-amg-5d-tip-auto/specs/
CAR_A99E8254,Mercedes Benz,Gla Class,gla 180 amg line edition 5d,Mercedes-Benz GLA-Class EstateGLA 180 AMG Line Edition 5d Specs & dimensions,2014,,1595.0,4.0,120.0,200.0,1405.0,Front wheel drive,Manual,Naturally Aspirated,Petrol,,,199.6,124.0,8.7,159.0,https://www.parkers.co.uk/mercedes-benz/gla-class/estate-2014/gla-180-amg-line-edition-5d/specs/
CAR_94146703,Mercedes Benz,Gla Class,gla 180 amg line auto 5d,Mercedes-Benz GLA-Class EstateGLA 180 AMG Line Auto 5d Specs & dimensions,2020,,1332.0,4.0,134.0,200.0,1480.0,Front wheel drive,Automatic,Naturally Aspirated,Petrol,,,199.6,124.0,9.3,153.0,https://www.parkers.co.uk/mercedes-benz/gla-class/estate-2020/gla-180-amg-line-auto-5d/specs/
CAR_E8CCAFCE,Mercedes Benz,Gla Class,gla 45 (381bhp) 4matic (premium) 5d auto,Mercedes-Benz GLA-Class AMGGLA 45 (381bhp) 4Matic (Premium) 5d Auto Specs & dimensions,2014,,1991.0,4.0,375.0,475.0,1585.0,4 wheel drive,Automatic,Naturally Aspirated,Petrol,,,249.4,155.0,4.3,172.0,https://www.parkers.co.uk/mercedes-benz/gla-class/amg-2014/gla-45-(381bhp)-4matic-(premium)-5d-auto/specs/
CAR_57D8B61C,Mercedes Benz,Glb,glb 200 amg line (7 seats) 7g tronic auto 5d,Mercedes-Benz GLB SUVGLB 200 AMG Line (7 seats) 7G-Tronic auto 5d Specs & dimensions,2019,,1332.0,4.0,160.0,250.0,1555.0,Front wheel drive,Automatic,Naturally Aspirated,Petrol,,,207.6,129.0,8.8,162.0,https://www.parkers.co.uk/mercedes-benz/glb/suv-2019/glb-200-amg-line-(7-seats)-7g-tronic-auto-5d/specs/
CAR_24F875FB,Mercedes Benz,Glb,glb 180 amg line executive 5dr 8g tronic,Mercedes-Benz GLB SUVGLB 180 AMG Line Executive 5dr 8G-Tronic Specs & dimensions,2026,,1499.0,4.0,134.0,200.0,1840.0,Front wheel drive,Automatic,Naturally Aspirated,Petrol,,,193.1,120.0,9.4,137.0,https://www.parkers.co.uk/mercedes-benz/glb/suv-2026/glb-180-amg-line-executive-5dr-8g-tronic/specs/
CAR_A0BED03E,Mercedes Benz,Glb Electric,glb 250 200kw amg line exec 85kwh 5dr auto,Mercedes-Benz GLB Electric SUVGLB 250+ 200kW AMG Line Exec 85kWh 5dr Auto Specs & dimensions,2026,,,,268.0,335.0,2195.0,Rear wheel drive,Automatic,EV,Electric,,,209.2,130.0,7.2,0.0,https://www.parkers.co.uk/mercedes-benz/glb-electric/suv-2026/glb-250-200kw-amg-line-exec-85kwh-5dr-auto/specs/
CAR_3A155D50,Mercedes Benz,Glc,glc 220d 4matic amg line 5dr 9g tronic,Mercedes-Benz GLC SUVGLC 220d 4Matic AMG Line 5dr 9G-Tronic Specs & dimensions,2022,,1993.0,4.0,194.0,440.0,2040.0,4 wheel drive,Automatic,Unknown,Diesel,,,218.9,136.0,7.7,140.0,https://www.parkers.co.uk/mercedes-benz/glc/suv-2022/glc-220d-4matic-amg-line-5dr-9g-tronic/specs/
CAR_CDFA2CE1,Mercedes Benz,Glc,glc 220d 4matic amg line 5dr 9g tronic,Mercedes-Benz GLC CoupeGLC 220d 4Matic AMG Line 5dr 9G-Tronic Specs & dimensions,2023,,1993.0,4.0,194.0,440.0,2057.0,4 wheel drive,Automatic,Unknown,Diesel,,,225.3,140.0,7.8,138.0,https://www.parkers.co.uk/mercedes-benz/glc/coupe-2023/glc-220d-4matic-amg-line-5dr-9g-tronic/specs/
CAR_A51A280C,Mercedes Benz,Glc Electric,glc 400 4m 360kw amg line premium 94kwh 5dr auto,Mercedes-Benz GLC Electric SUVGLC 400 4M 360kW AMG Line Premium 94kWh 5dr Auto Specs & dimensions,2025,,,,482.0,800.0,2673.0,4 wheel drive,Automatic,EV,Electric,,,209.2,130.0,4.2,0.0,https://www.parkers.co.uk/mercedes-benz/glc-electric/suv-2025/glc-400-4m-360kw-amg-line-premium-94kwh-5dr-auto/specs/
CAR_AD727688,Mercedes Benz,Glc Class,glc 220 d 4matic amg line 9g tronic plus auto 5d,Mercedes-Benz GLC-Class 4x4GLC 220 d 4Matic AMG Line 9G-Tronic Plus auto 5d Specs & dimensions,2015,,1950.0,4.0,191.0,400.0,1760.0,4 wheel drive,Automatic,Unknown,Diesel,,,215.7,134.0,7.5,166.0,https://www.parkers.co.uk/mercedes-benz/glc-class/4x4-2015/glc-220-d-4matic-amg-line-9g-tronic-plus-auto-5d/specs/
CAR_80D6BF94,Mercedes Benz,Glc Class,glc 220 d 4matic amg line 9g tronic plus auto (0916 ) 5d,Mercedes-Benz GLC-Class CoupeGLC 220 d 4Matic AMG Line 9G-Tronic Plus auto (09/16-) 5d Specs & dimensions,2016,,2143.0,4.0,167.0,400.0,1865.0,4 wheel drive,Automatic,Unknown,Diesel,,,209.2,130.0,8.0,163.0,https://www.parkers.co.uk/mercedes-benz/glc-class/coupe-2016/glc-220-d-4matic-amg-line-9g-tronic-plus-auto-(0916-)-5d/specs/
CAR_29B840CB,Mercedes Benz,Gle,gle 300 d 4matic amg line 5 seats 9g tronic auto 5d,Mercedes-Benz GLE SUVGLE 300 d 4Matic AMG Line 5 seats 9G-Tronic auto 5d Specs & dimensions,2019,,1950.0,4.0,241.0,500.0,2165.0,4 wheel drive,Automatic,Unknown,Diesel,,,225.3,140.0,7.0,199.0,https://www.parkers.co.uk/mercedes-benz/gle/suv-2019/gle-300-d-4matic-amg-line-5-seats-9g-tronic-auto-5d/specs/
CAR_BB2C708F,Mercedes Benz,Gle,gle 350de 4matic amg line premium 5dr 9g tronic,Mercedes-Benz GLE CoupeGLE 350de 4Matic AMG Line Premium + 5dr 9G-Tronic Specs & dimensions,2020,,1950.0,4.0,315.0,700.0,2690.0,4 wheel drive,Automatic,Unknown,Diesel Parallel PHEV,,,209.2,130.0,6.7,21.0,https://www.parkers.co.uk/mercedes-benz/gle/coupe-2020/gle-350de-4matic-amg-line-premium-5dr-9g-tronic/specs/
CAR_A4B2BF33,Mercedes Benz,Gle Class,gle 350 d 4matic amg line 5d 9g tronic,Mercedes-Benz GLE-Class CoupeGLE 350 d 4Matic AMG Line 5d 9G-Tronic Specs & dimensions,2015,,2987.0,6.0,254.0,620.0,2275.0,4 wheel drive,Automatic,Unknown,Diesel,,,225.3,140.0,6.8,187.0,https://www.parkers.co.uk/mercedes-benz/gle-class/coupe-2015/gle-350-d-4matic-amg-line-5d-9g-tronic/specs/
CAR_0CD4259F,Mercedes Benz,Gle Class,gle 250 d 4matic amg line 5d 9g tronic,Mercedes-Benz GLE-Class 4x4GLE 250 d 4Matic AMG Line 5d 9G-Tronic Specs & dimensions,2015,,2143.0,4.0,201.0,500.0,2165.0,4 wheel drive,Automatic,Unknown,Diesel,,,209.2,130.0,8.3,156.0,https://www.parkers.co.uk/mercedes-benz/gle-class/4x4-2015/gle-250-d-4matic-amg-line-5d-9g-tronic/specs/
CAR_725C8F08,Mercedes Benz,Gle Class,gle 63 s 4matic 4x4 estate 5d 7g tronic,Mercedes-Benz GLE-Class AMGGLE 63 S 4Matic 4x4 Estate 5d 7G-Tronic Specs & dimensions,2015,,5461.0,8.0,576.0,760.0,2345.0,4 wheel drive,Automatic,Naturally Aspirated,Petrol,,,249.4,155.0,4.1,276.0,https://www.parkers.co.uk/mercedes-benz/gle-class/amg-2015/gle-63-s-4matic-4x4-estate-5d-7g-tronic/specs/
CAR_4F2D064E,Mercedes Benz,Gls,gls 400 d 4matic amg line premium 9g tronic auto 5d,Mercedes-Benz GLS SUVGLS 400 d 4Matic AMG Line Premium 9G-Tronic auto 5d Specs & dimensions,2019,,2925.0,6.0,325.0,700.0,2505.0,4 wheel drive,Automatic,Unknown,Diesel,,,238.2,148.0,6.1,231.0,https://www.parkers.co.uk/mercedes-benz/gls/suv-2019/gls-400-d-4matic-amg-line-premium-9g-tronic-auto-5d/specs/
CAR_B35FBC27,Mercedes Benz,Gls Class,gls 350 d 4matic grand edition 9g tronic auto 5d,Mercedes-Benz GLS-Class SUVGLS 350 d 4Matic Grand Edition 9G-Tronic auto 5d Specs & dimensions,2016,,2987.0,6.0,254.0,620.0,2455.0,4 wheel drive,Automatic,Unknown,Diesel,,,222.1,138.0,7.6,210.0,https://www.parkers.co.uk/mercedes-benz/gls-class/suv-2016/gls-350-d-4matic-grand-edition-9g-tronic-auto-5d/specs/
CAR_0AE032D4,Mercedes Benz,Gls Class,gls 63 4matic 5d 7g tronic,Mercedes-Benz GLS-Class AMGGLS 63 4Matic 5d 7G-Tronic Specs & dimensions,2016,,5461.0,8.0,576.0,760.0,2580.0,4 wheel drive,Automatic,Naturally Aspirated,Petrol,,,249.4,155.0,4.5,320.0,https://www.parkers.co.uk/mercedes-benz/gls-class/amg-2016/gls-63-4matic-5d-7g-tronic/specs/
CAR_A89CF2BD,Mercedes Benz,M Class,ml280 cdi 5d tip auto,Mercedes-Benz M-Class HatchbackML280 CDI 5d Tip Auto Specs & dimensions,2005,,2987.0,6.0,187.0,440.0,2185.0,4 wheel drive,Automatic,Diesel,Diesel,,,204.4,127.0,9.5,254.0,https://www.parkers.co.uk/mercedes-benz/m-class/hatchback-2005/ml280-cdi-5d-tip-auto/specs/
CAR_B3310373,Mercedes Benz,M Class,ml63 5d tip auto,Mercedes-Benz M-Class AMGML63 5d Tip Auto Specs & dimensions,2006,,6208.0,8.0,502.0,630.0,2310.0,4 wheel drive,Automatic,Naturally Aspirated,Petrol,,,249.4,155.0,4.8,392.0,https://www.parkers.co.uk/mercedes-benz/m-class/amg-2006/ml63-5d-tip-auto/specs/
CAR_BE8D1EF6,Mercedes Benz,M Class,ml250 22 cdi bluetec sport (comand) 5d auto,Mercedes-Benz M-Class EstateML250 2.2 CDi BlueTEC Sport (Comand) 5d Auto Specs & dimensions,2012,,2143.0,4.0,201.0,500.0,2150.0,4 wheel drive,Automatic,Diesel,Diesel,,,209.2,130.0,8.7,165.0,https://www.parkers.co.uk/mercedes-benz/m-class/estate-2012/ml250-22-cdi-bluetec-sport-(comand)-5d-auto/specs/
CAR_748389D3,Mercedes Benz,M Class,ml63 amg (premium) 5d auto,Mercedes-Benz M-Class AMGML63 AMG (Premium) 5d Auto Specs & dimensions,2012,,5461.0,8.0,517.0,700.0,2345.0,4 wheel drive,Automatic,Naturally Aspirated,Petrol,,,249.4,155.0,4.6,276.0,https://www.parkers.co.uk/mercedes-benz/m-class/amg-2012/ml63-amg-(premium)-5d-auto/specs/
CAR_D0F52114,Mercedes Benz,M Class,ml270 cdi 5d (04),Mercedes-Benz M-Class Station WagonML270 CDI 5d (04) Specs & dimensions,1998,,2685.0,5.0,163.0,370.0,2175.0,4 wheel drive,Manual,Diesel,Diesel,,,185.1,115.0,11.8,248.0,https://www.parkers.co.uk/mercedes-benz/m-class/station-wagon-1998/ml270-cdi-5d-(04)/specs/
CAR_A6A71343,Mercedes Benz,R Class,r280 cdi 5d auto,Mercedes-Benz R-Class EstateR280 CDI 5d Auto Specs & dimensions,2006,,2987.0,6.0,187.0,440.0,2220.0,4 wheel drive,Automatic,Diesel,Diesel,,,209.2,130.0,9.6,246.0,https://www.parkers.co.uk/mercedes-benz/r-class/estate-2006/r280-cdi-5d-auto/specs/
CAR_53E7F185,Mercedes Benz,S Class,s 300 h amg line l executive premium 7g tronic plus auto 4d,Mercedes-Benz S-Class SaloonS 300 h AMG Line L Executive Premium 7G-Tronic Plus auto 4d Specs & dimensions,2013,,2143.0,4.0,227.0,500.0,2035.0,Rear wheel drive,Automatic,EV,Diesel/Electric Hybrid,,,239.8,149.0,7.4,120.0,https://www.parkers.co.uk/mercedes-benz/s-class/saloon-2013/s-300-h-amg-line-l-executive-premium-7g-tronic-plus-auto-4d/specs/
CAR_9B905381,Mercedes Benz,S Class,s 500 night edition 9g tronic auto 2d,Mercedes-Benz S-Class CoupeS 500 Night Edition 9G-Tronic auto 2d Specs & dimensions,2014,,4663.0,8.0,448.0,700.0,2030.0,Rear wheel drive,Automatic,Naturally Aspirated,Petrol,,,249.4,155.0,4.5,204.0,https://www.parkers.co.uk/mercedes-benz/s-class/coupe-2014/s-500-night-edition-9g-tronic-auto-2d/specs/
CAR_5661E1C2,Mercedes Benz,S Class,s 500 amg line 9g tronic plus auto 2d auto,Mercedes-Benz S-Class CabrioletS 500 AMG Line 9G-Tronic Plus auto 2d auto Specs & dimensions,2016,,4663.0,8.0,448.0,700.0,2115.0,Rear wheel drive,Automatic,Naturally Aspirated,Petrol,,,249.4,155.0,4.5,204.0,https://www.parkers.co.uk/mercedes-benz/s-class/cabriolet-2016/s-500-amg-line-9g-tronic-plus-auto-2d-auto/specs/
CAR_BA305210,Mercedes Benz,S Class,maybach 1st class night series s580 4matic 4dr 9g,Mercedes-Benz S-Class SaloonMaybach 1st Class Night Series S580 4Matic 4dr 9G Specs & dimensions,2020,,3982.0,8.0,495.0,700.0,2310.0,4 wheel drive,Automatic,Turbocharged,Petrol,,,249.4,155.0,4.6,242.0,https://www.parkers.co.uk/mercedes-benz/s-class/saloon-2020/maybach-1st-class-night-series-s580-4matic-4dr-9g/specs/
CAR_8196E883,Mercedes Benz,S Class,s280 4d auto,Mercedes-Benz S-Class SaloonS280 4d Auto Specs & dimensions,2006,,2996.0,6.0,227.0,300.0,1880.0,Rear wheel drive,Automatic,Naturally Aspirated,Petrol,,,246.2,153.0,7.1,237.0,https://www.parkers.co.uk/mercedes-benz/s-class/saloon-2006/s280-4d-auto/specs/
CAR_E25452DC,Mercedes Benz,S Class,s63 4d auto,Mercedes-Benz S-Class AMGS63 4d Auto Specs & dimensions,2007,,6208.0,8.0,517.0,630.0,2070.0,Rear wheel drive,Automatic,Naturally Aspirated,Petrol,,,249.4,155.0,4.5,355.0,https://www.parkers.co.uk/mercedes-benz/s-class/amg-2007/s63-4d-auto/specs/
CAR_98129D57,Mercedes Benz,S Class,s63 coupe 2d auto,Mercedes-Benz S-Class AMGS63 Coupe 2d Auto Specs & dimensions,2013,,5461.0,8.0,576.0,900.0,2070.0,Rear wheel drive,Automatic,Naturally Aspirated,Petrol,,,249.4,155.0,4.1,237.0,https://www.parkers.co.uk/mercedes-benz/s-class/amg-2013/s63-coupe-2d-auto/specs/
CAR_54DA7139,Mercedes Benz,S Class,s280 4d auto (02),Mercedes-Benz S-Class SaloonS280 4d Auto (02) Specs & dimensions,1999,,2799.0,6.0,197.0,270.0,1790.0,Rear wheel drive,Automatic,Naturally Aspirated,Petrol,,,231.7,144.0,9.4,266.0,https://www.parkers.co.uk/mercedes-benz/s-class/saloon-1999/s280-4d-auto-(02)/specs/
CAR_95CA31E8,Mercedes Benz,S Class,280 se 4d auto,Mercedes-Benz S-Class Saloon280 SE 4d Auto Specs & dimensions,1980,,2746.0,,,,,Rear wheel drive,Automatic,Naturally Aspirated,Petrol,,,,,,,https://www.parkers.co.uk/mercedes-benz/s-class/saloon-1980/280-se-4d-auto/specs/
CAR_5C56B3B2,Mercedes Benz,S Class,300 se 4d auto (4),Mercedes-Benz S-Class Saloon300 SE 4d Auto (4) Specs & dimensions,1991,,3199.0,,231.0,,,Front wheel drive,Automatic,Naturally Aspirated,Petrol,,,,,,,https://www.parkers.co.uk/mercedes-benz/s-class/saloon-1991/300-se-4d-auto-(4)/specs/
CAR_397DF371,Mercedes Benz,Sec,380 sec fh 2d auto,Mercedes-Benz SEC Coupe380 SEC FH 2d Auto Specs & dimensions,1981,,3839.0,,,,,Rear wheel drive,Automatic,Naturally Aspirated,Petrol,,,,,,,https://www.parkers.co.uk/mercedes-benz/sec/coupe-1981/380-sec-fh-2d-auto/specs/
CAR_669569F4,Mercedes Benz,Sl Class,sl 350 (amg sport pack) 2d auto,Mercedes-Benz SL-Class ConvertibleSL 350 (AMG Sport Pack) 2d Auto Specs & dimensions,2012,,3498.0,6.0,301.0,370.0,1685.0,Rear wheel drive,Automatic,Naturally Aspirated,Petrol,,,249.4,155.0,5.7,169.0,https://www.parkers.co.uk/mercedes-benz/sl-class/convertible-2012/sl-350-(amg-sport-pack)-2d-auto/specs/
CAR_8567818F,Mercedes Benz,Sl Class,sl 300 2d tip auto,Mercedes-Benz SL-Class ConvertibleSL 300 2d Tip Auto Specs & dimensions,2002,,2996.0,6.0,227.0,300.0,1815.0,Rear wheel drive,Automatic,Naturally Aspirated,Petrol,,,249.4,155.0,7.6,217.0,https://www.parkers.co.uk/mercedes-benz/sl-class/convertible-2002/sl-300-2d-tip-auto/specs/
CAR_08D434FF,Mercedes Benz,Sl Class,sl 55 amg (517bhp) 2d tip auto,Mercedes-Benz SL-Class AMGSL 55 AMG (517bhp) 2d Tip Auto Specs & dimensions,2002,,5439.0,8.0,509.0,720.0,1960.0,Rear wheel drive,Automatic,Naturally Aspirated,Petrol,,,249.4,155.0,4.4,324.0,https://www.parkers.co.uk/mercedes-benz/sl-class/amg-2002/sl-55-amg-(517bhp)-2d-tip-auto/specs/
CAR_BC7EF2AB,Mercedes Benz,Sl Class,300 sl 2d auto,Mercedes-Benz SL-Class Convertible300 SL 2d Auto Specs & dimensions,1989,,2960.0,,190.0,,,Rear wheel drive,Automatic,Naturally Aspirated,Petrol,,,,,,,https://www.parkers.co.uk/mercedes-benz/sl-class/convertible-1989/300-sl-2d-auto/specs/
CAR_FD9F66A1,Mercedes Benz,Sl Class,280 sl 2d auto,Mercedes-Benz SL-Class Roadster280 SL 2d Auto Specs & dimensions,1980,,2746.0,,185.0,,,Rear wheel drive,Automatic,Naturally Aspirated,Petrol,,,,,,,https://www.parkers.co.uk/mercedes-benz/sl-class/roadster-1980/280-sl-2d-auto/specs/
CAR_2DB44009,Mercedes Benz,Slc Class,slc 180 amg line 2d,Mercedes-Benz SLC-Class ConvertibleSLC 180 AMG Line 2d Specs & dimensions,2016,,1595.0,4.0,153.0,250.0,1435.0,Rear wheel drive,Manual,Naturally Aspirated,Petrol,,,225.3,140.0,7.6,147.0,https://www.parkers.co.uk/mercedes-benz/slc-class/convertible-2016/slc-180-amg-line-2d/specs/
CAR_93AC87A3,Mercedes Benz,Slc Class,slc 43 9g tronic plus auto 2d,Mercedes-Benz SLC-Class AMGSLC 43 9G-Tronic Plus auto 2d Specs & dimensions,2016,,2996.0,6.0,361.0,520.0,1595.0,Rear wheel drive,Automatic,Naturally Aspirated,Petrol,,,249.4,155.0,4.5,178.0,https://www.parkers.co.uk/mercedes-benz/slc-class/amg-2016/slc-43-9g-tronic-plus-auto-2d/specs/
CAR_929B71D9,Mercedes Benz,Slk,200k (2008) 2d,Mercedes-Benz SLK Roadster200K (2008) 2d Specs & dimensions,2004,2008.0,1796.0,4.0,181.0,250.0,1390.0,Rear wheel drive,Manual,Naturally Aspirated,Petrol,,,236.6,147.0,7.4,184.0,https://www.parkers.co.uk/mercedes-benz/slk/roadster-2004/200k-(2008)-2d/specs/
CAR_C08AF0CD,Mercedes Benz,Slk,55 2d tip auto,Mercedes-Benz SLK AMG55 2d Tip Auto Specs & dimensions,2004,,5439.0,8.0,354.0,510.0,1540.0,Rear wheel drive,Automatic,Naturally Aspirated,Petrol,,,249.4,155.0,4.7,288.0,https://www.parkers.co.uk/mercedes-benz/slk/amg-2004/55-2d-tip-auto/specs/
CAR_025EF61D,Mercedes Benz,Slk,200 2d,Mercedes-Benz SLK Roadster200 2d Specs & dimensions,2011,,1796.0,4.0,181.0,250.0,1435.0,Rear wheel drive,Manual,Naturally Aspirated,Petrol,,,239.8,149.0,7.1,158.0,https://www.parkers.co.uk/mercedes-benz/slk/roadster-2011/200-2d/specs/
CAR_C0619B2F,Mercedes Benz,Slk,slk 55 2d tip auto,Mercedes-Benz SLK AMGSLK 55 2d Tip Auto Specs & dimensions,2012,,5461.0,8.0,415.0,540.0,1610.0,Rear wheel drive,Automatic,Naturally Aspirated,Petrol,,,249.4,155.0,4.5,195.0,https://www.parkers.co.uk/mercedes-benz/slk/amg-2012/slk-55-2d-tip-auto/specs/
CAR_5B58CFB8,Mercedes Benz,Slk,200k 2d (00),Mercedes-Benz SLK Roadster200K 2d (00) Specs & dimensions,1996,,1998.0,4.0,163.0,230.0,1365.0,Rear wheel drive,Manual,Naturally Aspirated,Petrol,,,222.1,138.0,7.9,237.0,https://www.parkers.co.uk/mercedes-benz/slk/roadster-1996/200k-2d-(00)/specs/
CAR_23C7E8BB,Mercedes Benz,Sls Class,sls 63 (2011) 2d auto,Mercedes-Benz SLS-Class AMGSLS 63 (2011) 2d Auto Specs & dimensions,2010,2011.0,6208.0,8.0,563.0,650.0,1735.0,Rear wheel drive,Automatic,Naturally Aspirated,Petrol,,,317.0,197.0,3.7,308.0,https://www.parkers.co.uk/mercedes-benz/sls-class/amg-2010/sls-63-(2011)-2d-auto/specs/
CAR_A3886A85,Mercedes Benz,V Class,v 220 d amg line 7g tronic plus auto 5d,Mercedes-Benz V-Class EstateV 220 d AMG Line 7G-Tronic Plus auto 5d Specs & dimensions,2014,,2143.0,4.0,160.0,380.0,2100.0,Rear wheel drive,Automatic,Unknown,Diesel,,,194.7,121.0,11.4,177.0,https://www.parkers.co.uk/mercedes-benz/v-class/estate-2014/v-220-d-amg-line-7g-tronic-plus-auto-5d/specs/
CAR_AA585311,Mercedes Benz,V Class,v 220 d marco polo amg line long 7g tronic plus 4d,Mercedes-Benz V-Class Marco PoloV 220 d Marco Polo AMG Line Long 7G-Tronic Plus 4d Specs & dimensions,2017,,2143.0,4.0,160.0,380.0,2435.0,Rear wheel drive,Automatic,Unknown,Diesel,,,193.1,120.0,11.9,182.0,https://www.parkers.co.uk/mercedes-benz/v-class/marco-polo-2017/v-220-d-marco-polo-amg-line-long-7g-tronic-plus-4d/specs/
CAR_93370997,Mercedes Benz,V Class,v220 cdi ambiente 5d,Mercedes-Benz V-Class EstateV220 CDI Ambiente 5d Specs & dimensions,1996,,2151.0,4.0,122.0,300.0,2011.0,Front wheel drive,Manual,Diesel,Diesel,,,165.8,103.0,16.9,199.0,https://www.parkers.co.uk/mercedes-benz/v-class/estate-1996/v220-cdi-ambiente-5d/specs/
CAR_BE63AE14,Mercedes Benz,Vaneo,16 ambiente (102bhp) 5d,Mercedes-Benz Vaneo Estate1.6 Ambiente (102bhp) 5d Specs & dimensions,2002,,1598.0,4.0,102.0,150.0,1365.0,Front wheel drive,Manual,Naturally Aspirated,Petrol,,,167.4,104.0,13.1,192.0,https://www.parkers.co.uk/mercedes-benz/vaneo/estate-2002/16-ambiente-(102bhp)-5d/specs/
CAR_BC48B036,Mercedes Benz,Viano,20 cdi (116bhp) trend 5d,Mercedes-Benz Viano Estate2.0 CDI (116bhp) Trend 5d Specs & dimensions,2004,,2148.0,4.0,114.0,290.0,2040.0,Rear wheel drive,Manual,Diesel,Diesel,,,159.3,99.0,17.0,215.0,https://www.parkers.co.uk/mercedes-benz/viano/estate-2004/20-cdi-(116bhp)-trend-5d/specs/
CAR_BECF5181,Mitsubishi,3000 Gt,2d,Mitsubishi 3000 GT Coupe2d Specs & dimensions,1992,,2972.0,6.0,282.0,407.0,1730.0,4 wheel drive,Manual,Naturally Aspirated,Petrol,,,249.4,155.0,5.5,289.0,https://www.parkers.co.uk/mitsubishi/3000-gt/coupe-1992/2d/specs/
CAR_96AF6A2C,Mitsubishi,Asx,16 2 cleartec (1012 ) 5d,Mitsubishi ASX Estate1.6 2 ClearTec (10/12-) 5d Specs & dimensions,2010,,1590.0,4.0,115.0,154.0,1260.0,Front wheel drive,Manual,Naturally Aspirated,Petrol,,,181.9,113.0,11.0,137.0,https://www.parkers.co.uk/mitsubishi/asx/estate-2010/16-2-cleartec-(1012-)-5d/specs/
CAR_371904C2,Mitsubishi,Carisma,16 classic 5d (03),Mitsubishi Carisma Hatchback1.6 Classic 5d (03) Specs & dimensions,1999,,1597.0,4.0,102.0,141.0,1200.0,Front wheel drive,Manual,Naturally Aspirated,Petrol,,,185.1,115.0,12.0,174.0,https://www.parkers.co.uk/mitsubishi/carisma/hatchback-1999/16-classic-5d-(03)/specs/
CAR_5D056499,Mitsubishi,Carisma,16 classic 4d,Mitsubishi Carisma Saloon1.6 Classic 4d Specs & dimensions,1999,,1597.0,4.0,100.0,137.0,1175.0,Front wheel drive,Manual,Naturally Aspirated,Petrol,,,185.1,115.0,11.7,170.0,https://www.parkers.co.uk/mitsubishi/carisma/saloon-1999/16-classic-4d/specs/
CAR_403F463E,Mitsubishi,Carisma,16 gl 5d,Mitsubishi Carisma Hatchback1.6 GL 5d Specs & dimensions,1996,,1597.0,4.0,100.0,137.0,1105.0,Front wheel drive,Manual,Naturally Aspirated,Petrol,,,185.1,115.0,11.1,170.0,https://www.parkers.co.uk/mitsubishi/carisma/hatchback-1996/16-gl-5d/specs/
CAR_BCD8D440,Mitsubishi,Carisma,16 gl 4d,Mitsubishi Carisma Saloon1.6 GL 4d Specs & dimensions,1996,,1597.0,4.0,100.0,137.0,1085.0,Front wheel drive,Manual,Naturally Aspirated,Petrol,,,185.1,115.0,11.1,170.0,https://www.parkers.co.uk/mitsubishi/carisma/saloon-1996/16-gl-4d/specs/
CAR_506CA4EC,Mitsubishi,Colt,11 attivo 3d,Mitsubishi Colt Hatchback1.1 Attivo 3d Specs & dimensions,2004,,1124.0,3.0,74.0,100.0,930.0,Front wheel drive,Manual,Naturally Aspirated,Petrol,,,165.8,103.0,12.5,130.0,https://www.parkers.co.uk/mitsubishi/colt/hatchback-2004/11-attivo-3d/specs/
CAR_8FD582CC,Mitsubishi,Colt,15 t ralliart 3d,Mitsubishi Colt Ralliart1.5 T Ralliart 3d Specs & dimensions,2008,,1468.0,4.0,147.0,210.0,1060.0,Front wheel drive,Manual,Naturally Aspirated,Petrol,,,210.8,131.0,7.2,153.0,https://www.parkers.co.uk/mitsubishi/colt/ralliart-2008/15-t-ralliart-3d/specs/
CAR_AB14A18D,Mitsubishi,Colt,13 attivo 3d,Mitsubishi Colt Hatchback1.3 Attivo 3d Specs & dimensions,1996,,1298.0,4.0,80.0,120.0,950.0,Front wheel drive,Manual,Naturally Aspirated,Petrol,,,170.6,106.0,12.1,156.0,https://www.parkers.co.uk/mitsubishi/colt/hatchback-1996/13-attivo-3d/specs/
CAR_701DA4A9,Mitsubishi,Colt,15 turbo 3d,Mitsubishi Colt CZT1.5 Turbo 3d Specs & dimensions,2005,,1468.0,4.0,147.0,210.0,1070.0,Front wheel drive,Manual,Turbocharged,Petrol,,,210.8,131.0,7.7,161.0,https://www.parkers.co.uk/mitsubishi/colt/czt-2005/15-turbo-3d/specs/
CAR_4EC4ED53,Mitsubishi,Colt,15 2d,Mitsubishi Colt CZC1.5 2d Specs & dimensions,2006,,1499.0,4.0,107.0,145.0,1110.0,Front wheel drive,Manual,Naturally Aspirated,Petrol,,,183.5,114.0,10.2,157.0,https://www.parkers.co.uk/mitsubishi/colt/czc-2006/15-2d/specs/
CAR_31A99BFB,Mitsubishi,Colt,1800 gld 5d,Mitsubishi Colt Hatchback1800 GLD 5d Specs & dimensions,1986,,1795.0,,59.0,,,Front wheel drive,Manual,Unknown,Diesel,,,,,,,https://www.parkers.co.uk/mitsubishi/colt/hatchback-1986/1800-gld-5d/specs/
CAR_710E7493,Mitsubishi,Colt,1300 12v gli 3d,Mitsubishi Colt Hatchback1300 12V GLi 3d Specs & dimensions,1992,,1298.0,4.0,74.0,108.0,910.0,Front wheel drive,Manual,Naturally Aspirated,Petrol,,,170.6,106.0,,,https://www.parkers.co.uk/mitsubishi/colt/hatchback-1992/1300-12v-gli-3d/specs/
CAR_EA3A0DF8,Mitsubishi,Colt,trim gld,Mitsubishi Colt Hatchback GLD (1986 - 1988)Specs & dimensions,1986,1988.0,,,,,,,,Unknown,,,,,,,,https://www.parkers.co.uk/mitsubishi/colt/hatchback-1986/trim-gld/specs/
CAR_5EB8E0C0,Mitsubishi,Colt,engine 18 diesel,Mitsubishi Colt Hatchback 1.8 Diesel (1986 - 1988)Specs & dimensions,1986,1988.0,,,,,,,,Diesel,,,,,,,,https://www.parkers.co.uk/mitsubishi/colt/hatchback-1986/engine-18-diesel/specs/
CAR_CE186C22,Mitsubishi,Cordia,1600 gsl 3d,Mitsubishi Cordia Hatchback1600 GSL 3d Specs & dimensions,1982,,1597.0,,,,,Front wheel drive,Manual,Naturally Aspirated,Petrol,,,,,,,https://www.parkers.co.uk/mitsubishi/cordia/hatchback-1982/1600-gsl-3d/specs/
CAR_E32CBF34,Mitsubishi,Eclipse Cross,2 15 2wd 5d,Mitsubishi Eclipse Cross SUV2 1.5 2WD 5d Specs & dimensions,2017,,1499.0,4.0,160.0,250.0,1425.0,Front wheel drive,Manual,Naturally Aspirated,Petrol,,,204.4,127.0,9.4,154.0,https://www.parkers.co.uk/mitsubishi/eclipse-cross/suv-2017/2-15-2wd-5d/specs/
CAR_E66A59C5,Mitsubishi,Fto,fto 20 v6 gpx (197bhp) 2d,Mitsubishi FTO CoupeFTO 2.0 V6 GPX (197bhp) 2d Specs & dimensions,2000,,1998.0,6.0,197.0,200.0,,Front wheel drive,Manual,Naturally Aspirated,Petrol,,,193.1,120.0,7.1,,https://www.parkers.co.uk/mitsubishi/fto/coupe-2000/fto-20-v6-gpx-(197bhp)-2d/specs/
CAR_A2995043,Mitsubishi,Galant,20 classic 4d,Mitsubishi Galant Saloon2.0 Classic 4d Specs & dimensions,1997,,1997.0,4.0,131.0,175.0,1295.0,Front wheel drive,Manual,Naturally Aspirated,Petrol,,,207.6,129.0,9.4,203.0,https://www.parkers.co.uk/mitsubishi/galant/saloon-1997/20-classic-4d/specs/
CAR_2C51A14B,Mitsubishi,Galant,20 classic 5d,Mitsubishi Galant Estate2.0 Classic 5d Specs & dimensions,1997,,1997.0,4.0,131.0,175.0,1295.0,Front wheel drive,Manual,Naturally Aspirated,Petrol,,,207.6,129.0,9.4,203.0,https://www.parkers.co.uk/mitsubishi/galant/estate-1997/20-classic-5d/specs/
CAR_2D9CEBD0,Mitsubishi,Galant,type s 4d,Mitsubishi Galant VR4 SaloonType-S 4d Specs & dimensions,2000,,2498.0,4.0,,,1480.0,4 wheel drive,Manual,Naturally Aspirated,Petrol,,,,,,,https://www.parkers.co.uk/mitsubishi/galant/vr4-saloon-2000/type-s-4d/specs/
CAR_2E2F615E,Mitsubishi,Galant,type s 5d auto,Mitsubishi Galant VR4 EstateType-S 5d Auto Specs & dimensions,2000,,2498.0,6.0,280.0,,1570.0,4 wheel drive,Automatic,Naturally Aspirated,Petrol,,,241.4,150.0,5.9,,https://www.parkers.co.uk/mitsubishi/galant/vr4-estate-2000/type-s-5d-auto/specs/
CAR_68780E88,Mitsubishi,Galant,18 turbo d gls 4d,Mitsubishi Galant Saloon1.8 Turbo D GLS 4d Specs & dimensions,1988,,1795.0,,75.0,,,Front wheel drive,Manual,Turbocharged,Diesel,,,,,,,https://www.parkers.co.uk/mitsubishi/galant/saloon-1988/18-turbo-d-gls-4d/specs/
CAR_80587BDC,Mitsubishi,Galant,2000 16v gti 4wd4ws 5d,Mitsubishi Galant Coupe2000 16V GTi 4WD/4WS 5d Specs & dimensions,1989,,1997.0,,143.0,,,4 wheel drive,Manual,Turbocharged,Petrol,,,,,,,https://www.parkers.co.uk/mitsubishi/galant/coupe-1989/2000-16v-gti-4wd4ws-5d/specs/
CAR_8E1E3C8D,Mitsubishi,Galant,18 glsi 4d,Mitsubishi Galant Saloon1.8 GLSi 4d Specs & dimensions,1993,,1834.0,,125.0,,,Front wheel drive,Manual,Naturally Aspirated,Petrol,,,,,,,https://www.parkers.co.uk/mitsubishi/galant/saloon-1993/18-glsi-4d/specs/
CAR_0816D860,Mitsubishi,Galant,18 glsi 5d,Mitsubishi Galant Coupe1.8 GLSi 5d Specs & dimensions,1993,,1834.0,,125.0,,,Front wheel drive,Manual,Naturally Aspirated,Petrol,,,,,,,https://www.parkers.co.uk/mitsubishi/galant/coupe-1993/18-glsi-5d/specs/
CAR_ECC0ABB2,Mitsubishi,Galant,18 turbo d glx 4d,Mitsubishi Galant Saloon1.8 Turbo D GLX 4d Specs & dimensions,1981,,1795.0,,80.0,,,Front wheel drive,Manual,Turbocharged,Diesel,,,,,,,https://www.parkers.co.uk/mitsubishi/galant/saloon-1981/18-turbo-d-glx-4d/specs/
CAR_A06CEA52,Mitsubishi,Grandis,20 d id classic 5d,Mitsubishi Grandis Estate2.0 D-ID Classic 5d Specs & dimensions,2004,,1968.0,4.0,134.0,310.0,1690.0,Front wheel drive,Manual,Unknown,Diesel,,,194.7,121.0,10.5,176.0,https://www.parkers.co.uk/mitsubishi/grandis/estate-2004/20-d-id-classic-5d/specs/
CAR_A07A7AC3,Mitsubishi,I Miev,keiko 5d auto,Mitsubishi i-MiEV HatchbackKeiko 5d Auto Specs & dimensions,2011,,,,66.0,180.0,1110.0,Rear wheel drive,Automatic,EV,Electric,,,130.4,81.0,,0.0,https://www.parkers.co.uk/mitsubishi/i-miev/hatchback-2011/keiko-5d-auto/specs/
CAR_BA82A161,Mitsubishi,Lancer,15 se 4d,Mitsubishi Lancer Saloon1.5 SE 4d Specs & dimensions,2008,,1499.0,4.0,107.0,143.0,1250.0,Front wheel drive,Manual,Naturally Aspirated,Petrol,,,191.5,119.0,11.2,153.0,https://www.parkers.co.uk/mitsubishi/lancer/saloon-2008/15-se-4d/specs/
CAR_9C7ACFCB,Mitsubishi,Lancer,15 gs2 5d,Mitsubishi Lancer Sportback1.5 GS2 5d Specs & dimensions,2008,,1499.0,4.0,107.0,143.0,1290.0,Front wheel drive,Manual,Naturally Aspirated,Petrol,,,181.9,113.0,11.4,156.0,https://www.parkers.co.uk/mitsubishi/lancer/sportback-2008/15-gs2-5d/specs/
CAR_8F20FAFF,Mitsubishi,Lancer,20 gs ralliart sst 5d,Mitsubishi Lancer Ralliart2.0 GS Ralliart SST 5d Specs & dimensions,2009,,1998.0,4.0,237.0,343.0,1595.0,Front wheel drive,Automatic,Turbocharged,Petrol,,,218.9,136.0,6.9,243.0,https://www.parkers.co.uk/mitsubishi/lancer/ralliart-2009/20-gs-ralliart-sst-5d/specs/
CAR_916634AD,Mitsubishi,Lancer,16 glx 5d,Mitsubishi Lancer Estate1.6 GLX 5d Specs & dimensions,1999,,1597.0,4.0,111.0,137.0,1040.0,Front wheel drive,Manual,Naturally Aspirated,Petrol,,,185.1,115.0,9.9,188.0,https://www.parkers.co.uk/mitsubishi/lancer/estate-1999/16-glx-5d/specs/
CAR_42E90E56,Mitsubishi,Lancer,16 elegance 4d,Mitsubishi Lancer Saloon1.6 Elegance 4d Specs & dimensions,2005,,1584.0,4.0,96.0,150.0,1205.0,Front wheel drive,Manual,Naturally Aspirated,Petrol,,,183.5,114.0,11.4,163.0,https://www.parkers.co.uk/mitsubishi/lancer/saloon-2005/16-elegance-4d/specs/
CAR_032D3BE4,Mitsubishi,Lancer,16 elegance 5d,Mitsubishi Lancer Estate1.6 Elegance 5d Specs & dimensions,2005,,1584.0,4.0,96.0,150.0,1270.0,Front wheel drive,Manual,Naturally Aspirated,Petrol,,,181.9,113.0,12.2,166.0,https://www.parkers.co.uk/mitsubishi/lancer/estate-2005/16-elegance-5d/specs/
CAR_ADE61F6E,Mitsubishi,Lancer,1500 glx 5d,Mitsubishi Lancer Hatchback1500 GLX 5d Specs & dimensions,1989,,1468.0,,87.0,,,Front wheel drive,Manual,Naturally Aspirated,Petrol,,,,,,,https://www.parkers.co.uk/mitsubishi/lancer/hatchback-1989/1500-glx-5d/specs/
CAR_607422E4,Mitsubishi,Lancer,1500 glx 4d,Mitsubishi Lancer Saloon1500 GLX 4d Specs & dimensions,1988,,1468.0,,87.0,,,Front wheel drive,Manual,Naturally Aspirated,Petrol,,,,,,,https://www.parkers.co.uk/mitsubishi/lancer/saloon-1988/1500-glx-4d/specs/
CAR_74A2035F,Mitsubishi,Lancer,1600 16v glxi 5d,Mitsubishi Lancer Hatchback1600 16V GLXi 5d Specs & dimensions,1992,,1597.0,,111.0,,,Front wheel drive,Manual,Naturally Aspirated,Petrol,,,,,,,https://www.parkers.co.uk/mitsubishi/lancer/hatchback-1992/1600-16v-glxi-5d/specs/
CAR_AAA08509,Mitsubishi,Lancer,1200 gl 4d,Mitsubishi Lancer Saloon1200 GL 4d Specs & dimensions,1984,,1198.0,,,,,Front wheel drive,Manual,Naturally Aspirated,Petrol,,,,,,,https://www.parkers.co.uk/mitsubishi/lancer/saloon-1984/1200-gl-4d/specs/
CAR_F4D9529B,Mitsubishi,Lancer,1500 glx 5d,Mitsubishi Lancer Estate1500 GLX 5d Specs & dimensions,1986,,1468.0,,75.0,,,Front wheel drive,Manual,Naturally Aspirated,Petrol,,,,,,,https://www.parkers.co.uk/mitsubishi/lancer/estate-1986/1500-glx-5d/specs/
CAR_2063F1D4,Mitsubishi,Lancer Evo,20 gs fq 300 4d,Mitsubishi Lancer Evo Evo X2.0 GS FQ-300 4d Specs & dimensions,2008,,1998.0,4.0,290.0,407.0,1560.0,4 wheel drive,Manual,Naturally Aspirated,Petrol,,,,,4.5,246.0,https://www.parkers.co.uk/mitsubishi/lancer-evo/evo-x-2008/20-gs-fq-300-4d/specs/
CAR_BA027792,Mitsubishi,Lancer Evo,gsr 4d,Mitsubishi Lancer Evo Evo VIGSR 4d Specs & dimensions,2000,,1997.0,4.0,276.0,373.0,1360.0,4 wheel drive,Manual,Naturally Aspirated,Petrol,,,241.4,150.0,4.4,,https://www.parkers.co.uk/mitsubishi/lancer-evo/evo-vi-2000/gsr-4d/specs/
CAR_DE2A47DC,Mitsubishi,Lancer Evo,rs ii 4d,Mitsubishi Lancer Evo Evo VIIRS II 4d Specs & dimensions,2002,,1997.0,4.0,276.0,383.0,1380.0,4 wheel drive,Manual,Turbocharged,Petrol,,,252.7,157.0,5.1,258.0,https://www.parkers.co.uk/mitsubishi/lancer-evo/evo-vii-2002/rs-ii-4d/specs/
CAR_3DB4D1B4,Mitsubishi,Lancer Evo,20 4d,Mitsubishi Lancer Evo Evo VIII2.0 4d Specs & dimensions,2003,,1997.0,4.0,261.0,355.0,1470.0,4 wheel drive,Manual,Naturally Aspirated,Petrol,,,244.6,152.0,5.9,285.0,https://www.parkers.co.uk/mitsubishi/lancer-evo/evo-viii-2003/20-4d/specs/
CAR_FC808530,Mitsubishi,Lancer Evo,20 fq 300 4d,Mitsubishi Lancer Evo Evo IX2.0 FQ-300 4d Specs & dimensions,2005,,1997.0,4.0,305.0,403.0,1400.0,4 wheel drive,Manual,Naturally Aspirated,Petrol,,,252.7,157.0,4.5,334.0,https://www.parkers.co.uk/mitsubishi/lancer-evo/evo-ix-2005/20-fq-300-4d/specs/
CAR_B0E5DD84,Mitsubishi,Mirage,10 5d,Mitsubishi Mirage Hatchback1.0 5d Specs & dimensions,2013,,999.0,3.0,69.0,88.0,845.0,Front wheel drive,Manual,Naturally Aspirated,Petrol,,,172.2,107.0,13.2,96.0,https://www.parkers.co.uk/mitsubishi/mirage/hatchback-2013/10-5d/specs/
CAR_A0B6417F,Mitsubishi,Outlander,20 phev gx3h (0915 ) 5d auto,Mitsubishi Outlander Estate2.0 PHEV GX3h (09/15-) 5d Auto Specs & dimensions,2012,,1998.0,4.0,200.0,385.0,1845.0,4 wheel drive,Automatic,Unknown,Petrol Parallel PHEV,,,170.6,106.0,10.6,42.0,https://www.parkers.co.uk/mitsubishi/outlander/estate-2012/20-phev-gx3h-(0915-)-5d-auto/specs/
CAR_C6C6FB62,Mitsubishi,Outlander,24 phev diamond 5dr auto,Mitsubishi Outlander SUV2.4 PHEV Diamond 5dr Auto Specs & dimensions,2026,,2360.0,4.0,294.0,195.0,2154.0,4 wheel drive,Automatic,Unknown,Petrol Parallel PHEV,,,170.6,106.0,7.6,20.0,https://www.parkers.co.uk/mitsubishi/outlander/suv-2026/24-phev-diamond-5dr-auto/specs/
CAR_DA7DF78C,Mitsubishi,Outlander,20 di d equippe dpf 5d,Mitsubishi Outlander Estate2.0 DI-D Equippe DPF 5d Specs & dimensions,2007,,1968.0,4.0,138.0,310.0,1655.0,4 wheel drive,Manual,Unknown,Diesel,,,186.7,116.0,10.5,177.0,https://www.parkers.co.uk/mitsubishi/outlander/estate-2007/20-di-d-equippe-dpf-5d/specs/
CAR_24C21DCF,Mitsubishi,Outlander,24 mivec equippe 5d auto,Mitsubishi Outlander Estate2.4 MIVEC Equippe 5d Auto Specs & dimensions,2004,,2378.0,4.0,158.0,216.0,1565.0,4 wheel drive,Automatic,Naturally Aspirated,Petrol,,,191.5,119.0,10.8,240.0,https://www.parkers.co.uk/mitsubishi/outlander/estate-2004/24-mivec-equippe-5d-auto/specs/
CAR_6531C85E,Mitsubishi,Sapporo,24 4d,Mitsubishi Sapporo Saloon2.4 4d Specs & dimensions,1987,,2351.0,,127.0,,,Front wheel drive,Manual,Naturally Aspirated,Petrol,,,,,,,https://www.parkers.co.uk/mitsubishi/sapporo/saloon-1987/24-4d/specs/
CAR_AA1D9D6D,Mitsubishi,Sapporo,2000 ex 2d,Mitsubishi Sapporo Coupe2000 EX 2d Specs & dimensions,1983,,1997.0,,,,,Rear wheel drive,Manual,Naturally Aspirated,Petrol,,,,,,,https://www.parkers.co.uk/mitsubishi/sapporo/coupe-1983/2000-ex-2d/specs/
CAR_178115BA,Mitsubishi,Shogun,32 di dc (187bhp) barbarian 3d auto,Mitsubishi Shogun Station Wagon3.2 DI-DC (187bhp) Barbarian 3d Auto Specs & dimensions,2007,,3200.0,4.0,187.0,441.0,2185.0,4 wheel drive,Automatic,Unknown,Diesel,,,180.2,112.0,10.1,238.0,https://www.parkers.co.uk/mitsubishi/shogun/station-wagon-2007/32-di-dc-(187bhp)-barbarian-3d-auto/specs/
CAR_A9885086,Mitsubishi,Shogun,23 d turbo 3d,Mitsubishi Shogun Station Wagon2.3 D Turbo 3d Specs & dimensions,1984,,2346.0,,80.0,,,4 wheel drive,Manual,Turbocharged,Diesel,,,,,,,https://www.parkers.co.uk/mitsubishi/shogun/station-wagon-1984/23-d-turbo-3d/specs/
CAR_2A5D38BD,Mitsubishi,Shogun,32 di d classic 3d,Mitsubishi Shogun Station Wagon3.2 DI-D Classic 3d Specs & dimensions,2000,,3200.0,4.0,158.0,373.0,1980.0,4 wheel drive,Manual,Unknown,Diesel,,,170.6,106.0,11.1,251.0,https://www.parkers.co.uk/mitsubishi/shogun/station-wagon-2000/32-di-d-classic-3d/specs/
CAR_2996326F,Mitsubishi,Shogun,26 3d,Mitsubishi Shogun Softtop2.6 3d Specs & dimensions,1983,,2555.0,,,,,4 wheel drive,Manual,Naturally Aspirated,Petrol,,,,,,,https://www.parkers.co.uk/mitsubishi/shogun/softtop-1983/26-3d/specs/
CAR_379CE135,Mitsubishi,Shogun Pinin,18 gdi 3d,Mitsubishi Shogun Pinin Estate1.8 GDI 3d Specs & dimensions,2000,,1834.0,4.0,118.0,174.0,1285.0,4 wheel drive,Manual,Naturally Aspirated,Petrol,,,167.4,104.0,9.9,217.0,https://www.parkers.co.uk/mitsubishi/shogun-pinin/estate-2000/18-gdi-3d/specs/
CAR_11E297BC,Mitsubishi,Shogun Sport,3 diesel 4wd auto 5d,Mitsubishi Shogun Sport SUV3 Diesel 4WD auto 5d Specs & dimensions,2018,,2442.0,4.0,178.0,430.0,2100.0,4 wheel drive,Automatic,Diesel,Diesel,,,180.2,112.0,10.6,,https://www.parkers.co.uk/mitsubishi/shogun-sport/suv-2018/3-diesel-4wd-auto-5d/specs/
CAR_5702596E,Mitsubishi,Shogun Sport,25 td animal 5d,Mitsubishi Shogun Sport Station Wagon2.5 TD Animal 5d Specs & dimensions,1998,,2477.0,4.0,114.0,240.0,1840.0,4 wheel drive,Manual,Unknown,Diesel,,,149.7,93.0,16.3,275.0,https://www.parkers.co.uk/mitsubishi/shogun-sport/station-wagon-1998/25-td-animal-5d/specs/
CAR_87B91A20,Mitsubishi,Sigma,1600 4d,Mitsubishi Sigma Saloon1600 4d Specs & dimensions,1983,,1597.0,,,,,Rear wheel drive,Manual,Naturally Aspirated,Petrol,,,,,,,https://www.parkers.co.uk/mitsubishi/sigma/saloon-1983/1600-4d/specs/
CAR_AD7A702D,Mitsubishi,Sigma,1600 5d,Mitsubishi Sigma Estate1600 5d Specs & dimensions,1983,,1597.0,,,,,Rear wheel drive,Manual,Naturally Aspirated,Petrol,,,,,,,https://www.parkers.co.uk/mitsubishi/sigma/estate-1983/1600-5d/specs/
CAR_6479BABF,Mitsubishi,Space Runner,18 glxi 4d,Mitsubishi Space Runner Estate1.8 GLXi 4d Specs & dimensions,1991,,1834.0,,114.0,162.0,1205.0,Rear wheel drive,Manual,Naturally Aspirated,Petrol,,,175.4,109.0,,205.0,https://www.parkers.co.uk/mitsubishi/space-runner/estate-1991/18-glxi-4d/specs/
CAR_F1B9CBD7,Mitsubishi,Space Star,13 classic 5d,Mitsubishi Space Star Hatchback1.3 Classic 5d Specs & dimensions,1999,,1299.0,4.0,81.0,120.0,1160.0,Front wheel drive,Manual,Naturally Aspirated,Petrol,,,170.6,106.0,13.7,162.0,https://www.parkers.co.uk/mitsubishi/space-star/hatchback-1999/13-classic-5d/specs/
CAR_B0781A1E,Mitsubishi,Space Wagon,20 classic 5d,Mitsubishi Space Wagon Estate2.0 Classic 5d Specs & dimensions,1998,,1997.0,4.0,131.0,175.0,1470.0,Front wheel drive,Manual,Naturally Aspirated,Petrol,,,180.2,112.0,11.6,225.0,https://www.parkers.co.uk/mitsubishi/space-wagon/estate-1998/20-classic-5d/specs/
CAR_9A7EDF11,Mitsubishi,Space Wagon,18 td glx 5d,Mitsubishi Space Wagon Estate1.8 TD GLX 5d Specs & dimensions,1986,,1755.0,4.0,88.0,152.0,1169.0,Rear wheel drive,Manual,Unknown,Diesel,,,,,,,https://www.parkers.co.uk/mitsubishi/space-wagon/estate-1986/18-td-glx-5d/specs/
CAR_25636A5C,Mitsubishi,Space Wagon,18 glxi 5d,Mitsubishi Space Wagon Estate1.8 GLXi 5d Specs & dimensions,1991,,1834.0,4.0,120.0,161.0,1205.0,Rear wheel drive,Manual,Naturally Aspirated,Petrol,,,180.2,112.0,,,https://www.parkers.co.uk/mitsubishi/space-wagon/estate-1991/18-glxi-5d/specs/
CAR_2233A488,Mitsubishi,Starion,26 turbo ex 3d,Mitsubishi Starion Coupe2.6 Turbo EX 3d Specs & dimensions,1986,,2555.0,,153.0,,,Rear wheel drive,Manual,Turbocharged,Petrol,,,,,,,https://www.parkers.co.uk/mitsubishi/starion/coupe-1986/26-turbo-ex-3d/specs/
CAR_B604FCED,Mitsubishi,Tredia,1400 glx 4d,Mitsubishi Tredia Saloon1400 GLX 4d Specs & dimensions,1982,,1410.0,,,,,Front wheel drive,Manual,Naturally Aspirated,Petrol,,,,,,,https://www.parkers.co.uk/mitsubishi/tredia/saloon-1982/1400-glx-4d/specs/
CAR_29F90FC6,Nissan,100 Nx,16 3d,Nissan 100 NX Coupe1.6 3d Specs & dimensions,1991,,1597.0,,102.0,,,Front wheel drive,Manual,Naturally Aspirated,Petrol,,,194.7,121.0,10.8,,https://www.parkers.co.uk/nissan/100-nx/coupe-1991/16-3d/specs/
CAR_B0B62AB9,Nissan,200 Sx,20 standard 2d,Nissan 200 SX Coupe2.0 Standard 2d Specs & dimensions,1994,,1998.0,4.0,197.0,265.0,1265.0,Rear wheel drive,Manual,Naturally Aspirated,Petrol,,,235.0,146.0,7.3,233.0,https://www.parkers.co.uk/nissan/200-sx/coupe-1994/20-standard-2d/specs/
CAR_BE27C3C6,Nissan,200 Sx,18 3d,Nissan 200 SX Coupe1.8 3d Specs & dimensions,1989,,1809.0,,166.0,,,Rear wheel drive,Manual,Naturally Aspirated,Petrol,,,,,,,https://www.parkers.co.uk/nissan/200-sx/coupe-1989/18-3d/specs/
CAR_1CF82AD1,Nissan,280C 300C,30 4d auto,Nissan 280C & 300C Saloon3.0 4d Auto Specs & dimensions,1984,,2960.0,,,,,Rear wheel drive,Automatic,Naturally Aspirated,Petrol,,,,,,,https://www.parkers.co.uk/nissan/280c-300c/saloon-1984/30-4d-auto/specs/
CAR_4ABFC126,Nissan,280C 300C,30 5d,Nissan 280C & 300C Estate3.0 5d Specs & dimensions,1984,,2960.0,,,,,Rear wheel drive,Manual,Naturally Aspirated,Petrol,,,,,,,https://www.parkers.co.uk/nissan/280c-300c/estate-1984/30-5d/specs/
CAR_22D0FD80,Nissan,300 Zx,30 v6 targa 22 2d,Nissan 300 ZX Coupe3.0 V6 Targa 2+2 2d Specs & dimensions,1984,,2960.0,,170.0,,,Rear wheel drive,Manual,Naturally Aspirated,Petrol,,,,,,,https://www.parkers.co.uk/nissan/300-zx/coupe-1984/30-v6-targa-22-2d/specs/
CAR_389EBA87,Nissan,300 Zx,30 v6 targa 3d,Nissan 300 ZX Coupe3.0 V6 Targa 3d Specs & dimensions,1990,,2960.0,,280.0,,,Rear wheel drive,Manual,Naturally Aspirated,Petrol,,,,,,,https://www.parkers.co.uk/nissan/300-zx/coupe-1990/30-v6-targa-3d/specs/
CAR_08FA05FC,Nissan,350Z,35 v6 300 3d,Nissan 350Z Coupe3.5 V6 300 3d Specs & dimensions,2003,,3498.0,6.0,295.0,353.0,1534.0,Rear wheel drive,Manual,Naturally Aspirated,Petrol,,,249.4,155.0,5.6,280.0,https://www.parkers.co.uk/nissan/350z/coupe-2003/35-v6-300-3d/specs/
CAR_F4B2A73B,Nissan,350Z,35 v6 2d,Nissan 350Z Roadster3.5 V6 2d Specs & dimensions,2005,,3498.0,6.0,276.0,363.0,1635.0,Rear wheel drive,Manual,Naturally Aspirated,Petrol,,,249.4,155.0,6.0,280.0,https://www.parkers.co.uk/nissan/350z/roadster-2005/35-v6-2d/specs/
CAR_8AD54167,Nissan,370Z,37 v6 (328bhp) 3d,Nissan 370Z Coupe3.7 V6 (328bhp) 3d Specs & dimensions,2009,,3696.0,6.0,323.0,363.0,1496.0,Rear wheel drive,Manual,Naturally Aspirated,Petrol,,,249.4,155.0,5.1,274.0,https://www.parkers.co.uk/nissan/370z/coupe-2009/37-v6-(328bhp)-3d/specs/
CAR_545B17C1,Nissan,370Z,37 v6 (344bhp) nismo coupe 2d,Nissan 370Z Nismo3.7 V6 (344bhp) Nismo Coupe 2d Specs & dimensions,2013,,3696.0,6.0,339.0,371.0,1535.0,Rear wheel drive,Manual,Naturally Aspirated,Petrol,,,249.4,155.0,5.0,276.0,https://www.parkers.co.uk/nissan/370z/nismo-2013/37-v6-(344bhp)-nismo-coupe-2d/specs/
CAR_23F583FE,Nissan,370Z,37 v6 2d,Nissan 370Z Roadster3.7 V6 2d Specs & dimensions,2010,,3696.0,6.0,323.0,363.0,1524.0,Rear wheel drive,Manual,Naturally Aspirated,Petrol,,,249.4,155.0,5.4,262.0,https://www.parkers.co.uk/nissan/370z/roadster-2010/37-v6-2d/specs/
CAR_56367E2B,Nissan,Almera,14 action 3d,Nissan Almera Hatchback1.4 Action 3d Specs & dimensions,1995,,1392.0,4.0,85.0,116.0,1035.0,Front wheel drive,Manual,Naturally Aspirated,Petrol,,,172.2,107.0,12.2,176.0,https://www.parkers.co.uk/nissan/almera/hatchback-1995/14-action-3d/specs/
CAR_2C3730E2,Nissan,Almera,14 gx 4d,Nissan Almera Saloon1.4 GX 4d Specs & dimensions,1996,,1392.0,4.0,85.0,116.0,1035.0,Front wheel drive,Manual,Naturally Aspirated,Petrol,,,172.2,107.0,12.2,176.0,https://www.parkers.co.uk/nissan/almera/saloon-1996/14-gx-4d/specs/
CAR_3CA1DD44,Nissan,Almera,15 16v flare 3d,Nissan Almera Hatchback1.5 16v Flare 3d Specs & dimensions,2000,,1497.0,4.0,96.0,136.0,1170.0,Front wheel drive,Manual,Naturally Aspirated,Petrol,,,177.0,110.0,12.7,160.0,https://www.parkers.co.uk/nissan/almera/hatchback-2000/15-16v-flare-3d/specs/
CAR_4181A739,Nissan,Almera,15 s 4d (01),Nissan Almera Saloon1.5 S 4d (01) Specs & dimensions,2001,,1498.0,4.0,88.0,128.0,1165.0,Front wheel drive,Manual,Naturally Aspirated,Petrol,,,172.2,107.0,13.4,160.0,https://www.parkers.co.uk/nissan/almera/saloon-2001/15-s-4d-(01)/specs/
CAR_DA2D1F80,Nissan,Almera Tino,18 flare 5d,Nissan Almera Tino Estate1.8 Flare 5d Specs & dimensions,2000,,1769.0,4.0,113.0,163.0,1305.0,Front wheel drive,Manual,Naturally Aspirated,Petrol,,,172.2,107.0,11.2,183.0,https://www.parkers.co.uk/nissan/almera-tino/estate-2000/18-flare-5d/specs/
CAR_E39C7C54,Nissan,Ariya,160kw advance 63kwh 22kwch 5dr auto,Nissan Ariya SUV160kW Advance 63kWh 22kWCh 5dr Auto Specs & dimensions,2021,,,,213.0,300.0,1917.0,Front wheel drive,Automatic,EV,Electric,,,160.9,100.0,7.3,0.0,https://www.parkers.co.uk/nissan/ariya/suv-2021/160kw-advance-63kwh-22kwch-5dr-auto/specs/
CAR_AF312F6B,Nissan,Ariya,320kw nismo 87kwh 22kwch 5dr e 4orce auto,Nissan Ariya Nismo320kW Nismo 87kWh 22kWCh 5dr e-4ORCE Auto Specs & dimensions,2025,,,,428.0,600.0,,4 wheel drive,Automatic,EV,Electric,,,199.6,124.0,4.9,0.0,https://www.parkers.co.uk/nissan/ariya/nismo-2025/320kw-nismo-87kwh-22kwch-5dr-e-4orce-auto/specs/
CAR_DD9EC0F5,Nissan,Bluebird,16 l 5d (86),Nissan Bluebird Hatchback1.6 L 5d (86) Specs & dimensions,1986,,1598.0,,82.0,,,Front wheel drive,Manual,Naturally Aspirated,Petrol,,,,,,,https://www.parkers.co.uk/nissan/bluebird/hatchback-1986/16-l-5d-(86)/specs/
CAR_9D10641E,Nissan,Bluebird,16 l 4d (86),Nissan Bluebird Saloon1.6 L 4d (86) Specs & dimensions,1984,,1598.0,,82.0,,,Front wheel drive,Manual,Naturally Aspirated,Petrol,,,,,,,https://www.parkers.co.uk/nissan/bluebird/saloon-1984/16-l-4d-(86)/specs/
CAR_4809D3E9,Nissan,Bluebird,20 dx 5d,Nissan Bluebird Estate2.0 DX 5d Specs & dimensions,1984,,1973.0,,105.0,,,Front wheel drive,Manual,Naturally Aspirated,Petrol,,,,,,,https://www.parkers.co.uk/nissan/bluebird/estate-1984/20-dx-5d/specs/
CAR_F20EFE17,Nissan,Cherry,13 gs 3d,Nissan Cherry Hatchback1.3 GS 3d Specs & dimensions,1984,,1270.0,,,,,Front wheel drive,Manual,Naturally Aspirated,Petrol,,,,,,,https://www.parkers.co.uk/nissan/cherry/hatchback-1984/13-gs-3d/specs/
CAR_8A761D66,Nissan,Cube,16 5d,Nissan Cube Estate1.6 5d Specs & dimensions,2010,,1598.0,4.0,108.0,153.0,1190.0,Front wheel drive,Manual,Naturally Aspirated,Petrol,,,175.4,109.0,11.5,151.0,https://www.parkers.co.uk/nissan/cube/estate-2010/16-5d/specs/
CAR_61EFB1B9,Nissan,Gt R,38 (530bhp) 2d auto,Nissan GT-R Coupe3.8 (530bhp) 2d Auto Specs & dimensions,2009,,3799.0,6.0,522.0,613.0,1740.0,4 wheel drive,Automatic,Naturally Aspirated,Petrol,,,315.4,196.0,2.9,279.0,https://www.parkers.co.uk/nissan/gt-r/coupe-2009/38-(530bhp)-2d-auto/specs/
CAR_77BF02F5,Nissan,Juke,10 dig t 114 acenta 5dr,Nissan Juke SUV1.0 DiG-T 114 Acenta 5dr Specs & dimensions,2019,,999.0,3.0,112.0,200.0,1198.0,Front wheel drive,Manual,Naturally Aspirated,Petrol,,,180.2,112.0,10.4,133.0,https://www.parkers.co.uk/nissan/juke/suv-2019/10-dig-t-114-acenta-5dr/specs/
CAR_B7AA8DFF,Nissan,Juke,12 dig t acenta (comfort pack) 5d,Nissan Juke SUV1.2 DiG-T Acenta (Comfort Pack) 5d Specs & dimensions,2010,,1197.0,4.0,113.0,190.0,1236.0,Front wheel drive,Manual,Naturally Aspirated,Petrol,,,178.6,111.0,10.5,128.0,https://www.parkers.co.uk/nissan/juke/suv-2010/12-dig-t-acenta-(comfort-pack)-5d/specs/
CAR_29C4E966,Nissan,Juke,16 dig t nismo 4wd 5d cvt auto,Nissan Juke Nismo1.6 DiG-T Nismo 4WD 5d CVT Auto Specs & dimensions,2013,,1618.0,4.0,197.0,250.0,1430.0,4 wheel drive,Automatic,Naturally Aspirated,Petrol,,,199.6,124.0,7.9,169.0,https://www.parkers.co.uk/nissan/juke/nismo-2013/16-dig-t-nismo-4wd-5d-cvt-auto/specs/
CAR_BE9632BE,Nissan,Laurel,2 4 sgx 4d,Nissan Laurel Saloon2. 4 SGX 4d Specs & dimensions,1983,,2393.0,,128.0,,,Rear wheel drive,Manual,Naturally Aspirated,Petrol,,,,,,,https://www.parkers.co.uk/nissan/laurel/saloon-1983/2-4-sgx-4d/specs/
CAR_89D5907E,Nissan,Leaf,110kw 10 40kwh 5dr auto,Nissan Leaf Hatchback110kW 10 40kWh 5dr Auto Specs & dimensions,2018,,,,147.0,320.0,1580.0,Front wheel drive,Automatic,EV,Electric,,,144.8,90.0,7.6,0.0,https://www.parkers.co.uk/nissan/leaf/hatchback-2018/110kw-10-40kwh-5dr-auto/specs/
CAR_2F5F3B2A,Nissan,Leaf,160kw advance 75kwh 5dr auto,Nissan Leaf Hatchback160kW Advance 75kWh 5dr Auto Specs & dimensions,2025,,,,214.0,355.0,1921.0,Front wheel drive,Automatic,EV,Electric,,,159.3,99.0,7.4,0.0,https://www.parkers.co.uk/nissan/leaf/hatchback-2025/160kw-advance-75kwh-5dr-auto/specs/
CAR_55B4D4AD,Nissan,Leaf,30kwh black edition auto 5d,Nissan Leaf Hatchback30kWh Black Edition auto 5d Specs & dimensions,2011,,,,107.0,254.0,1516.0,Front wheel drive,Automatic,EV,Electric,,,143.2,89.0,11.1,0.0,https://www.parkers.co.uk/nissan/leaf/hatchback-2011/30kwh-black-edition-auto-5d/specs/
CAR_28D5FD3D,Nissan,Maxima,30i v6 4d auto,Nissan Maxima Saloon3.0i V6 4d Auto Specs & dimensions,1989,,2960.0,,170.0,,,Front wheel drive,Automatic,Naturally Aspirated,Petrol,,,,,,,https://www.parkers.co.uk/nissan/maxima/saloon-1989/30i-v6-4d-auto/specs/
CAR_37E7324D,Nissan,Maxima Qx,20 v6 se 4d,Nissan Maxima QX Saloon2.0 V6 SE 4d Specs & dimensions,2000,,1995.0,6.0,140.0,179.0,1415.0,Front wheel drive,Manual,Naturally Aspirated,Petrol,,,202.8,126.0,10.9,220.0,https://www.parkers.co.uk/nissan/maxima-qx/saloon-2000/20-v6-se-4d/specs/
CAR_9D8278E1,Nissan,Micra,10 dig t 117 n connecta [vision pack] 5d,Nissan Micra Hatchback1.0 DIG-T 117 N-Connecta [Vision+ Pack] 5d Specs & dimensions,2017,,999.0,3.0,115.0,,,Front wheel drive,Manual,Naturally Aspirated,Petrol,,,,,,114.0,https://www.parkers.co.uk/nissan/micra/hatchback-2017/10-dig-t-117-n-connecta-[vision-pack]-5d/specs/
CAR_501FC390,Nissan,Micra,10 e 3d,Nissan Micra Hatchback1.0 E 3d Specs & dimensions,2003,,998.0,4.0,64.0,90.0,940.0,Front wheel drive,Manual,Naturally Aspirated,Petrol,,,154.5,96.0,15.2,141.0,https://www.parkers.co.uk/nissan/micra/hatchback-2003/10-e-3d/specs/
CAR_2B585357,Nissan,Micra,12 30 5d,Nissan Micra Hatchback1.2 30 5d Specs & dimensions,2010,,1198.0,3.0,78.0,110.0,910.0,Front wheel drive,Manual,Naturally Aspirated,Petrol,,,170.6,106.0,13.3,115.0,https://www.parkers.co.uk/nissan/micra/hatchback-2010/12-30-5d/specs/
CAR_88ACD5AC,Nissan,Micra,10 activ 3d,Nissan Micra Hatchback1.0 Activ 3d Specs & dimensions,1993,,998.0,4.0,59.0,80.0,835.0,Front wheel drive,Manual,Naturally Aspirated,Petrol,,,149.7,93.0,15.0,149.0,https://www.parkers.co.uk/nissan/micra/hatchback-1993/10-activ-3d/specs/
CAR_DB505FD4,Nissan,Micra,14 active luxury 2d,Nissan Micra C+C1.4 Active Luxury 2d Specs & dimensions,2005,,1386.0,4.0,86.0,128.0,1135.0,Front wheel drive,Manual,Naturally Aspirated,Petrol,,,173.8,108.0,12.4,158.0,https://www.parkers.co.uk/nissan/micra/cc-2005/14-active-luxury-2d/specs/
CAR_2953A8AF,Nissan,Micra,10 colette 3d,Nissan Micra Hatchback1.0 Colette 3d Specs & dimensions,1983,,988.0,,50.0,,,Front wheel drive,Manual,Naturally Aspirated,Petrol,,,,,,,https://www.parkers.co.uk/nissan/micra/hatchback-1983/10-colette-3d/specs/
CAR_155361FF,Nissan,Micra Electric,110kw advance 52kwh 5dr auto,Nissan Micra Electric Hatchback110kW Advance 52kWh 5dr Auto Specs & dimensions,2025,,,,147.0,245.0,,Front wheel drive,Automatic,EV,Electric,,,149.7,93.0,9.0,0.0,https://www.parkers.co.uk/nissan/micra-electric/hatchback-2025/110kw-advance-52kwh-5dr-auto/specs/
CAR_3DE41D00,Nissan,Murano,25 dci 5d auto,Nissan Murano Estate2.5 dCi 5d Auto Specs & dimensions,2008,,2488.0,4.0,187.0,450.0,1895.0,4 wheel drive,Automatic,Diesel,Diesel,,,196.3,122.0,10.2,210.0,https://www.parkers.co.uk/nissan/murano/estate-2008/25-dci-5d-auto/specs/
CAR_B6F1980E,Nissan,Murano,35 v6 5d cvt,Nissan Murano Estate3.5 V6 5d CVT Specs & dimensions,2005,,3498.0,6.0,230.0,318.0,1865.0,4 wheel drive,Automatic,Naturally Aspirated,Petrol,,,199.6,124.0,8.8,295.0,https://www.parkers.co.uk/nissan/murano/estate-2005/35-v6-5d-cvt/specs/
CAR_EB50B602,Nissan,Note,14 acenta (2009) 5d,Nissan Note Hatchback1.4 Acenta (2009) 5d Specs & dimensions,2006,2009.0,1386.0,4.0,86.0,128.0,1092.0,Front wheel drive,Manual,Naturally Aspirated,Petrol,,,162.5,101.0,13.0,139.0,https://www.parkers.co.uk/nissan/note/hatchback-2006/14-acenta-(2009)-5d/specs/
CAR_6B1274B3,Nissan,Note,12 acenta (style pack) 5d,Nissan Note Hatchback1.2 Acenta (Style Pack) 5d Specs & dimensions,2013,,1198.0,3.0,78.0,110.0,1040.0,Front wheel drive,Manual,Naturally Aspirated,Petrol,,,170.6,106.0,13.3,109.0,https://www.parkers.co.uk/nissan/note/hatchback-2013/12-acenta-(style-pack)-5d/specs/
CAR_C7DED35A,Nissan,Nv200 Combi,15 dci (110bhp) se (5 seat) 6d,Nissan NV200 Combi Estate1.5 dCi (110bhp) SE (5 Seat) 6d Specs & dimensions,2010,,1461.0,4.0,108.0,240.0,1357.0,Front wheel drive,Manual,Diesel,Diesel,,,,,,144.0,https://www.parkers.co.uk/nissan/nv200-combi/estate-2010/15-dci-(110bhp)-se-(5-seat)-6d/specs/
CAR_34E92463,Nissan,Pathfinder,25 dci (171ps) acenta 5d,Nissan Pathfinder Station Wagon2.5 dCi (171ps) Acenta 5d Specs & dimensions,2005,,2488.0,4.0,168.0,403.0,2177.0,4 wheel drive,Manual,Diesel,Diesel,,,180.2,112.0,11.5,249.0,https://www.parkers.co.uk/nissan/pathfinder/station-wagon-2005/25-dci-(171ps)-acenta-5d/specs/
CAR_3F623CA2,Nissan,Patrol,28td 3d,Nissan Patrol Station Wagon2.8TD 3d Specs & dimensions,1998,,2825.0,6.0,128.0,252.0,2070.0,4 wheel drive,Manual,Unknown,Diesel,,,154.5,96.0,16.9,310.0,https://www.parkers.co.uk/nissan/patrol/station-wagon-1998/28td-3d/specs/
CAR_C9C30245,Nissan,Patrol,28 3d,Nissan Patrol Station Wagon2.8 3d Specs & dimensions,1982,,2753.0,,135.0,,,4 wheel drive,Manual,Naturally Aspirated,Petrol,,,,,,,https://www.parkers.co.uk/nissan/patrol/station-wagon-1982/28-3d/specs/
CAR_28FA8FF9,Nissan,Patrol,42d slx 3d,Nissan Patrol Hardtop4.2D SLX 3d Specs & dimensions,1993,,4169.0,6.0,167.0,320.0,2230.0,4 wheel drive,Manual,Unknown,Diesel,,,140.0,87.0,9.9,,https://www.parkers.co.uk/nissan/patrol/hardtop-1993/42d-slx-3d/specs/
CAR_4FDE64A1,Nissan,Pixo,10 acenta 5d,Nissan Pixo Hatchback1.0 Acenta 5d Specs & dimensions,2009,,996.0,3.0,67.0,90.0,850.0,Front wheel drive,Manual,Naturally Aspirated,Petrol,,,154.5,96.0,13.6,103.0,https://www.parkers.co.uk/nissan/pixo/hatchback-2009/10-acenta-5d/specs/
CAR_417368A8,Nissan,Prairie,20 lx 5d,Nissan Prairie Estate2.0 LX 5d Specs & dimensions,1989,,1974.0,,98.0,,,Front wheel drive,Manual,Naturally Aspirated,Petrol,,,,,,,https://www.parkers.co.uk/nissan/prairie/estate-1989/20-lx-5d/specs/
CAR_F9459945,Nissan,Prairie,15 sgl 5d,Nissan Prairie Estate1.5 SGL 5d Specs & dimensions,1985,,1488.0,,75.0,,,Front wheel drive,Manual,Naturally Aspirated,Petrol,,,,,,,https://www.parkers.co.uk/nissan/prairie/estate-1985/15-sgl-5d/specs/
CAR_FDF74249,Nissan,Primera,16 16v e 5d,Nissan Primera Hatchback1.6 16V E 5d Specs & dimensions,1999,,1597.0,4.0,88.0,177.0,1320.0,Front wheel drive,Manual,Naturally Aspirated,Petrol,,,175.4,109.0,13.6,177.0,https://www.parkers.co.uk/nissan/primera/hatchback-1999/16-16v-e-5d/specs/
CAR_A93E53D1,Nissan,Primera,16 16v s 4d,Nissan Primera Saloon1.6 16V S 4d Specs & dimensions,1999,,1597.0,4.0,98.0,136.0,1235.0,Front wheel drive,Manual,Naturally Aspirated,Petrol,,,181.9,113.0,11.6,177.0,https://www.parkers.co.uk/nissan/primera/saloon-1999/16-16v-s-4d/specs/
CAR_19C197AF,Nissan,Primera,16 16v e 5d,Nissan Primera Estate1.6 16V E 5d Specs & dimensions,1999,,1597.0,4.0,88.0,177.0,1320.0,Front wheel drive,Manual,Naturally Aspirated,Petrol,,,175.4,109.0,13.6,179.0,https://www.parkers.co.uk/nissan/primera/estate-1999/16-16v-e-5d/specs/
CAR_552EC807,Nissan,Primera,18i flare 5d,Nissan Primera Hatchback1.8i Flare 5d Specs & dimensions,2002,,1769.0,4.0,114.0,163.0,1306.0,Front wheel drive,Manual,Naturally Aspirated,Petrol,,,188.3,117.0,11.7,177.0,https://www.parkers.co.uk/nissan/primera/hatchback-2002/18i-flare-5d/specs/
CAR_622BD84D,Nissan,Primera,18i s 4d,Nissan Primera Saloon1.8i S 4d Specs & dimensions,2002,,1769.0,4.0,114.0,163.0,1369.0,Front wheel drive,Manual,Naturally Aspirated,Petrol,,,188.3,117.0,11.5,177.0,https://www.parkers.co.uk/nissan/primera/saloon-2002/18i-s-4d/specs/
CAR_DEBFB076,Nissan,Primera,18i s 5d,Nissan Primera Estate1.8i S 5d Specs & dimensions,2002,,1769.0,4.0,114.0,163.0,1417.0,Front wheel drive,Manual,Naturally Aspirated,Petrol,,,188.3,117.0,11.5,177.0,https://www.parkers.co.uk/nissan/primera/estate-2002/18i-s-5d/specs/
CAR_57F22C8D,Nissan,Primera,16 action 5d,Nissan Primera Hatchback1.6 Action 5d Specs & dimensions,1990,,1597.0,4.0,98.0,136.0,1190.0,Front wheel drive,Manual,Naturally Aspirated,Petrol,,,180.2,112.0,11.6,,https://www.parkers.co.uk/nissan/primera/hatchback-1990/16-action-5d/specs/
CAR_20854B6E,Nissan,Primera,16 invitation 4d,Nissan Primera Saloon1.6 Invitation 4d Specs & dimensions,1990,,1597.0,,90.0,,,Front wheel drive,Manual,Naturally Aspirated,Petrol,,,,,,,https://www.parkers.co.uk/nissan/primera/saloon-1990/16-invitation-4d/specs/
CAR_2F041E2B,Nissan,Primera,16 ls 5d,Nissan Primera Estate1.6 LS 5d Specs & dimensions,1990,,1597.0,4.0,98.0,136.0,1190.0,Front wheel drive,Manual,Naturally Aspirated,Petrol,,,180.2,112.0,11.6,,https://www.parkers.co.uk/nissan/primera/estate-1990/16-ls-5d/specs/
CAR_DD04644F,Nissan,Primera,16 16v equation 5d,Nissan Primera Hatchback1.6 16V Equation 5d Specs & dimensions,1996,,1597.0,4.0,98.0,136.0,1225.0,Front wheel drive,Manual,Naturally Aspirated,Petrol,,,180.2,112.0,11.6,186.0,https://www.parkers.co.uk/nissan/primera/hatchback-1996/16-16v-equation-5d/specs/
CAR_7D62B2B5,Nissan,Primera,16 16v gx 4d (ac),Nissan Primera Saloon1.6 16V GX 4d (AC) Specs & dimensions,1996,,1597.0,4.0,98.0,136.0,1205.0,Front wheel drive,Manual,Naturally Aspirated,Petrol,,,180.2,112.0,11.6,186.0,https://www.parkers.co.uk/nissan/primera/saloon-1996/16-16v-gx-4d-(ac)/specs/
CAR_9813C5B6,Nissan,Primera,16 16v gx 5d,Nissan Primera Estate1.6 16V GX 5d Specs & dimensions,1998,,1597.0,4.0,98.0,136.0,1270.0,Front wheel drive,Manual,Naturally Aspirated,Petrol,,,175.4,109.0,12.4,194.0,https://www.parkers.co.uk/nissan/primera/estate-1998/16-16v-gx-5d/specs/
CAR_5A9FCC64,Nissan,Pulsar,12 dig t acenta (tech pack) 5d,Nissan Pulsar Hatchback1.2 DiG-T Acenta (Tech pack) 5d Specs & dimensions,2014,,1197.0,4.0,113.0,190.0,1245.0,Front wheel drive,Manual,Naturally Aspirated,Petrol,,,189.9,118.0,10.5,117.0,https://www.parkers.co.uk/nissan/pulsar/hatchback-2014/12-dig-t-acenta-(tech-pack)-5d/specs/
CAR_640EBEAB,Nissan,Qashqai,12 dig t acenta (comforttech) 5d xtronic,Nissan Qashqai Station Wagon1.2 DIG-T Acenta (Comfort/Tech) 5d Xtronic Specs & dimensions,2014,,1197.0,4.0,113.0,165.0,1332.0,Front wheel drive,Automatic,Naturally Aspirated,Petrol,,,172.2,107.0,12.5,129.0,https://www.parkers.co.uk/nissan/qashqai/station-wagon-2014/12-dig-t-acenta-(comforttech)-5d-xtronic/specs/
CAR_6B195BDE,Nissan,Qashqai,13 dig t mh 158 acenta premium 5dr,Nissan Qashqai SUV1.3 DiG-T MH 158 Acenta Premium 5dr Specs & dimensions,2021,,1332.0,4.0,155.0,260.0,1348.0,Front wheel drive,Manual,Naturally Aspirated,Petrol,,,206.0,128.0,9.2,142.0,https://www.parkers.co.uk/nissan/qashqai/suv-2021/13-dig-t-mh-158-acenta-premium-5dr/specs/
CAR_C01417C6,Nissan,Qashqai,15 dci (110bhp) 360 5d,Nissan Qashqai Station Wagon1.5 dCi (110bhp) 360 5d Specs & dimensions,2007,,1461.0,4.0,108.0,240.0,1418.0,Front wheel drive,Manual,Diesel,Diesel,,,177.0,110.0,12.0,129.0,https://www.parkers.co.uk/nissan/qashqai/station-wagon-2007/15-dci-(110bhp)-360-5d/specs/
CAR_CA453754,Nissan,Qashqai2,15 dci (110bhp) 360 5d,Nissan Qashqai+2 Estate1.5 dCi (110bhp) 360 5d Specs & dimensions,2008,,1461.0,4.0,108.0,240.0,1511.0,Front wheel drive,Manual,Diesel,Diesel,,,173.8,108.0,12.8,132.0,https://www.parkers.co.uk/nissan/qashqai2/estate-2008/15-dci-(110bhp)-360-5d/specs/
CAR_1AFA899F,Nissan,Qx,20 v6 s 4d,Nissan QX Saloon2.0 V6 S 4d Specs & dimensions,1995,,1995.0,6.0,138.0,177.0,1365.0,Front wheel drive,Manual,Naturally Aspirated,Petrol,,,201.2,125.0,10.9,235.0,https://www.parkers.co.uk/nissan/qx/saloon-1995/20-v6-s-4d/specs/
CAR_109E80FF,Nissan,Serena,16 gx 5d,Nissan Serena Estate1.6 GX 5d Specs & dimensions,1993,,1597.0,4.0,95.0,131.0,1405.0,Rear wheel drive,Manual,Naturally Aspirated,Petrol,,,149.7,93.0,16.7,227.0,https://www.parkers.co.uk/nissan/serena/estate-1993/16-gx-5d/specs/
CAR_8982F659,Nissan,Silvia,18 zx turbo 3d,Nissan Silvia Coupe1.8 ZX Turbo 3d Specs & dimensions,1984,,1809.0,,135.0,,,Rear wheel drive,Manual,Turbocharged,Petrol,,,,,,,https://www.parkers.co.uk/nissan/silvia/coupe-1984/18-zx-turbo-3d/specs/
CAR_661D5C63,Nissan,Skyline R33,26 twin turbo 2d,Nissan Skyline R33 Coupe2.6 Twin Turbo 2d Specs & dimensions,1998,,2568.0,,276.0,,1601.0,4 wheel drive,Manual,Turbocharged,Petrol,,,249.4,155.0,5.4,,https://www.parkers.co.uk/nissan/skyline-r33/coupe-1998/26-twin-turbo-2d/specs/
CAR_54CB85BD,Nissan,Skyline R34,26 twin turbo 2d,Nissan Skyline R34 Coupe2.6 Twin Turbo 2d Specs & dimensions,1999,,2568.0,6.0,276.0,,1666.0,4 wheel drive,Manual,Turbocharged,Petrol,,,249.4,155.0,5.0,,https://www.parkers.co.uk/nissan/skyline-r34/coupe-1999/26-twin-turbo-2d/specs/
CAR_C2550656,Nissan,Stanza,16 gl 4d,Nissan Stanza Saloon1.6 GL 4d Specs & dimensions,1982,,1598.0,,,,,Front wheel drive,Manual,Naturally Aspirated,Petrol,,,,,,,https://www.parkers.co.uk/nissan/stanza/saloon-1982/16-gl-4d/specs/
CAR_4C9DC775,Nissan,Stanza,16 gl 5d,Nissan Stanza Hatchback1.6 GL 5d Specs & dimensions,1982,,1598.0,,,,,Front wheel drive,Manual,Naturally Aspirated,Petrol,,,,,,,https://www.parkers.co.uk/nissan/stanza/hatchback-1982/16-gl-5d/specs/
CAR_63351775,Nissan,Sunny,14 chic 3d,Nissan Sunny Hatchback1.4 Chic 3d Specs & dimensions,1991,,1392.0,,87.0,,,Front wheel drive,Manual,Naturally Aspirated,Petrol,,,,,,,https://www.parkers.co.uk/nissan/sunny/hatchback-1991/14-chic-3d/specs/
CAR_7023E67C,Nissan,Sunny,14 chic 4d,Nissan Sunny Saloon1.4 Chic 4d Specs & dimensions,1991,,1392.0,,87.0,,,Front wheel drive,Manual,Naturally Aspirated,Petrol,,,,,,,https://www.parkers.co.uk/nissan/sunny/saloon-1991/14-chic-4d/specs/
CAR_BD41DB22,Nissan,Sunny,16 l 5d,Nissan Sunny Estate1.6 L 5d Specs & dimensions,1992,,1597.0,,102.0,,,Front wheel drive,Manual,Naturally Aspirated,Petrol,,,,,,,https://www.parkers.co.uk/nissan/sunny/estate-1992/16-l-5d/specs/
CAR_F06A753D,Nissan,Sunny,13 gs 5d,Nissan Sunny Hatchback1.3 GS 5d Specs & dimensions,1986,,1270.0,,59.0,,,Front wheel drive,Manual,Naturally Aspirated,Petrol,,,,,,,https://www.parkers.co.uk/nissan/sunny/hatchback-1986/13-gs-5d/specs/
CAR_7DBE8FD7,Nissan,Sunny,13 gs 4d,Nissan Sunny Saloon1.3 GS 4d Specs & dimensions,1983,,1270.0,,,,,Front wheel drive,Manual,Naturally Aspirated,Petrol,,,,,,,https://www.parkers.co.uk/nissan/sunny/saloon-1983/13-gs-4d/specs/
CAR_A43CD074,Nissan,Sunny,13 5d,Nissan Sunny Estate1.3 5d Specs & dimensions,1983,,1270.0,,60.0,,,Front wheel drive,Manual,Naturally Aspirated,Petrol,,,,,,,https://www.parkers.co.uk/nissan/sunny/estate-1983/13-5d/specs/
CAR_2750B72E,Nissan,Sunny,15 sgl fh 2d,Nissan Sunny Coupe1.5 SGL FH 2d Specs & dimensions,1984,,1488.0,,,,,Front wheel drive,Manual,Naturally Aspirated,Petrol,,,,,,,https://www.parkers.co.uk/nissan/sunny/coupe-1984/15-sgl-fh-2d/specs/
CAR_4AC726B3,Nissan,Sunny,15 maxima 4d,Nissan Sunny Saloon1.5 Maxima 4d Specs & dimensions,1985,,1488.0,,,,,Front wheel drive,Manual,Naturally Aspirated,Petrol,,,,,,,https://www.parkers.co.uk/nissan/sunny/saloon-1985/15-maxima-4d/specs/
CAR_7C8051B5,Nissan,Sunny,15 maxima 5d,Nissan Sunny Estate1.5 Maxima 5d Specs & dimensions,1985,,1488.0,,,,,Front wheel drive,Manual,Naturally Aspirated,Petrol,,,,,,,https://www.parkers.co.uk/nissan/sunny/estate-1985/15-maxima-5d/specs/
CAR_3B776D62,Nissan,Sunny,15 maxima 3d,Nissan Sunny Coupe1.5 Maxima 3d Specs & dimensions,1985,,1488.0,,,,,Front wheel drive,Manual,Naturally Aspirated,Petrol,,,,,,,https://www.parkers.co.uk/nissan/sunny/coupe-1985/15-maxima-3d/specs/
CAR_2E5BF0E2,Nissan,Terrano,24 outlander 5d,Nissan Terrano Station Wagon2.4 Outlander 5d Specs & dimensions,1993,,2389.0,4.0,116.0,191.0,,4 wheel drive,Manual,Naturally Aspirated,Petrol,,,159.3,99.0,13.3,,https://www.parkers.co.uk/nissan/terrano/station-wagon-1993/24-outlander-5d/specs/
CAR_A10B3B9E,Nissan,X Trail,13 dig t 158 n connecta 5dr dct,Nissan X-Trail 4x41.3 DiG-T 158 N-Connecta 5dr DCT Specs & dimensions,2014,,1332.0,4.0,155.0,270.0,1500.0,Front wheel drive,Automatic,Naturally Aspirated,Petrol,,,194.7,121.0,11.1,164.0,https://www.parkers.co.uk/nissan/x-trail/4x4-2014/13-dig-t-158-n-connecta-5dr-dct/specs/
CAR_FC165DBE,Nissan,X Trail,15 e power 204 acenta premium 5dr xtronic,Nissan X-Trail SUV1.5 E-Power 204 Acenta Premium 5dr Xtronic Specs & dimensions,2022,,1497.0,3.0,201.0,330.0,1729.0,Front wheel drive,Automatic,EV,Petrol/Electric Hybrid,,,169.0,105.0,7.7,129.0,https://www.parkers.co.uk/nissan/x-trail/suv-2022/15-e-power-204-acenta-premium-5dr-xtronic/specs/
CAR_ED61A845,Nissan,X Trail,20 dci (173bhp) acenta 5d,Nissan X-Trail Station Wagon2.0 dCi (173bhp) Acenta 5d Specs & dimensions,2007,,1995.0,4.0,170.0,360.0,1615.0,4 wheel drive,Manual,Diesel,Diesel,,,199.6,124.0,9.7,168.0,https://www.parkers.co.uk/nissan/x-trail/station-wagon-2007/20-dci-(173bhp)-acenta-5d/specs/
CAR_D4C6ECB8,Nissan,X Trail,20 16v se 5d,Nissan X-Trail Station Wagon2.0 16v SE 5d Specs & dimensions,2001,,1998.0,4.0,140.0,192.0,1430.0,4 wheel drive,Manual,Naturally Aspirated,Petrol,,,177.0,110.0,10.9,222.0,https://www.parkers.co.uk/nissan/x-trail/station-wagon-2001/20-16v-se-5d/specs/
CAR_5212B7E6,Opel,Manta,18 exclusive 3d,Opel Manta Hatchback1.8 Exclusive 3d Specs & dimensions,1982,,1796.0,,90.0,,,Rear wheel drive,Manual,Naturally Aspirated,Petrol,,,,,,,https://www.parkers.co.uk/opel/manta/hatchback-1982/18-exclusive-3d/specs/
CAR_64E46BB8,Opel,Manta,18 berlinetta fh 2d,Opel Manta Coupe1.8 Berlinetta FH 2d Specs & dimensions,1982,,1796.0,,,,,Rear wheel drive,Manual,Naturally Aspirated,Petrol,,,,,,,https://www.parkers.co.uk/opel/manta/coupe-1982/18-berlinetta-fh-2d/specs/
CAR_F2CC53DA,Opel,Monza,30 gse 3d auto,Opel Monza Coupe3.0 GSE 3d Auto Specs & dimensions,1984,,2968.0,,180.0,,,Rear wheel drive,Automatic,Naturally Aspirated,Petrol,,,,,,,https://www.parkers.co.uk/opel/monza/coupe-1984/30-gse-3d-auto/specs/
CAR_975F15D2,Peugeot,1007,14 16v sport 3d,Peugeot 1007 Hatchback1.4 16V Sport 3d Specs & dimensions,2005,,1360.0,4.0,90.0,133.0,1238.0,Front wheel drive,Manual,Naturally Aspirated,Petrol,,,172.2,107.0,13.2,153.0,https://www.parkers.co.uk/peugeot/1007/hatchback-2005/14-16v-sport-3d/specs/
CAR_70F2A7E7,Peugeot,106,10 escapade level 1 3d,Peugeot 106 Hatchback1.0 Escapade Level 1 3d Specs & dimensions,1991,,954.0,,50.0,,,Front wheel drive,Manual,Naturally Aspirated,Petrol,,,,,,,https://www.parkers.co.uk/peugeot/106/hatchback-1991/10-escapade-level-1-3d/specs/
CAR_0D7C4155,Peugeot,107,10 access 3d,Peugeot 107 Hatchback1.0 Access 3d Specs & dimensions,2005,,998.0,3.0,67.0,93.0,820.0,Front wheel drive,Manual,Naturally Aspirated,Petrol,,,157.7,98.0,11.9,99.0,https://www.parkers.co.uk/peugeot/107/hatchback-2005/10-access-3d/specs/
CAR_7CEB5AC6,Peugeot,108,10 access 3d,Peugeot 108 Hatchback1.0 Access 3d Specs & dimensions,2014,,998.0,3.0,67.0,95.0,840.0,Front wheel drive,Manual,Naturally Aspirated,Petrol,,,159.3,99.0,12.6,95.0,https://www.parkers.co.uk/peugeot/108/hatchback-2014/10-access-3d/specs/
CAR_3ECD9511,Peugeot,2008,12 allure 5dr,Peugeot 2008 Estate1.2 Allure 5dr Specs & dimensions,2008,2020.0,1199.0,3.0,99.0,205.0,1188.0,Front wheel drive,Manual,Naturally Aspirated,Petrol,,,183.5,114.0,10.5,129.0,https://www.parkers.co.uk/peugeot/2008/estate-2020/12-allure-5dr/specs/
CAR_A46735D4,Peugeot,2008,12 puretech (110bhp) allure 5d,Peugeot 2008 Estate1.2 PureTech (110bhp) Allure 5d Specs & dimensions,2008,2013.0,1199.0,3.0,108.0,205.0,1090.0,Front wheel drive,Manual,Naturally Aspirated,Petrol,,,191.5,119.0,9.6,103.0,https://www.parkers.co.uk/peugeot/2008/estate-2013/12-puretech-(110bhp)-allure-5d/specs/
CAR_529AFE64,Peugeot,205,10 ge 5d,Peugeot 205 Hatchback1.0 GE 5d Specs & dimensions,1983,,954.0,,,,,Front wheel drive,Manual,Naturally Aspirated,Petrol,,,,,,,https://www.parkers.co.uk/peugeot/205/hatchback-1983/10-ge-5d/specs/
CAR_80BC08DC,Peugeot,205,14 cj 2d,Peugeot 205 Cabriolet1.4 CJ 2d Specs & dimensions,1986,,1360.0,,70.0,,,Front wheel drive,Manual,Naturally Aspirated,Petrol,,,,,,,https://www.parkers.co.uk/peugeot/205/cabriolet-1986/14-cj-2d/specs/
CAR_E4CA6FF4,Peugeot,206,11 entice 3d,Peugeot 206 Hatchback1.1 Entice 3d Specs & dimensions,1998,,1124.0,4.0,60.0,94.0,910.0,Front wheel drive,Manual,Naturally Aspirated,Petrol,,,157.7,98.0,14.6,148.0,https://www.parkers.co.uk/peugeot/206/hatchback-1998/11-entice-3d/specs/
CAR_9D84018F,Peugeot,206,16 hdi gti 3d,Peugeot 206 GTi1.6 HDi GTi 3d Specs & dimensions,1999,,1560.0,4.0,110.0,240.0,1130.0,Front wheel drive,Manual,Turbocharged,Diesel,,,189.9,118.0,9.5,126.0,https://www.parkers.co.uk/peugeot/206/gti-1999/16-hdi-gti-3d/specs/
CAR_3F7CE647,Peugeot,206,11 s 5d,Peugeot 206 SW1.1 S 5d Specs & dimensions,2002,,1124.0,4.0,60.0,94.0,1065.0,Front wheel drive,Manual,Naturally Aspirated,Petrol,,,160.9,100.0,15.3,156.0,https://www.parkers.co.uk/peugeot/206/sw-2002/11-s-5d/specs/
CAR_06CE927B,Peugeot,206,16 allure 2d (ac),Peugeot 206 Coupe Cabriolet1.6 Allure 2d (AC) Specs & dimensions,2001,,1587.0,4.0,110.0,147.0,1215.0,Front wheel drive,Manual,Naturally Aspirated,Petrol,,,193.1,120.0,10.9,166.0,https://www.parkers.co.uk/peugeot/206/coupe-cabriolet-2001/16-allure-2d-(ac)/specs/
CAR_2C2D7F3A,Peugeot,207,14 16v s 3d,Peugeot 207 Hatchback1.4 16V S 3d Specs & dimensions,2006,,1360.0,4.0,90.0,133.0,1139.0,Front wheel drive,Manual,Naturally Aspirated,Petrol,,,180.2,112.0,13.7,152.0,https://www.parkers.co.uk/peugeot/207/hatchback-2006/14-16v-s-3d/specs/
CAR_082C1ED1,Peugeot,207,16 16v 2d,Peugeot 207 CC1.6 16V 2d Specs & dimensions,2007,,1598.0,4.0,120.0,160.0,1352.0,Front wheel drive,Manual,Naturally Aspirated,Petrol,,,202.8,126.0,10.4,155.0,https://www.parkers.co.uk/peugeot/207/cc-2007/16-16v-2d/specs/
CAR_3978515D,Peugeot,207,14 8v access 5d,Peugeot 207 SW1.4 8V Access 5d Specs & dimensions,2007,,1360.0,4.0,73.0,118.0,1282.0,Front wheel drive,Manual,Naturally Aspirated,Petrol,,,167.4,104.0,16.0,149.0,https://www.parkers.co.uk/peugeot/207/sw-2007/14-8v-access-5d/specs/
CAR_8AC2251F,Peugeot,207,16 16v gti thp (175bhp) 3d,Peugeot 207 GTi1.6 16V GTi THP (175bhp) 3d Specs & dimensions,2007,,1598.0,4.0,172.0,260.0,1325.0,Front wheel drive,Manual,Turbocharged,Petrol,,,220.5,137.0,6.9,171.0,https://www.parkers.co.uk/peugeot/207/gti-2007/16-16v-gti-thp-(175bhp)-3d/specs/
CAR_3787B971,Peugeot,208,12 100 allure 5dr,Peugeot 208 Hatchback1.2 100 Allure 5dr Specs & dimensions,2019,,1199.0,3.0,101.0,205.0,1121.0,Front wheel drive,Manual,Naturally Aspirated,Petrol,,,194.7,121.0,9.8,113.0,https://www.parkers.co.uk/peugeot/208/hatchback-2019/12-100-allure-5dr/specs/
CAR_CC6D057A,Peugeot,208,10 puretech access ac 3d,Peugeot 208 Hatchback1.0 PureTech Access A/C 3d Specs & dimensions,2012,,999.0,,67.0,95.0,960.0,Front wheel drive,Manual,Naturally Aspirated,Petrol,,,165.8,103.0,13.6,102.0,https://www.parkers.co.uk/peugeot/208/hatchback-2012/10-puretech-access-ac-3d/specs/
CAR_E6D7C594,Peugeot,208,16 thp gti (0515 ) 3d,Peugeot 208 GTi1.6 THP GTi (05/15-) 3d Specs & dimensions,2012,,1598.0,,205.0,300.0,1160.0,Front wheel drive,Manual,Turbocharged,Petrol,,,230.1,143.0,6.3,125.0,https://www.parkers.co.uk/peugeot/208/gti-2012/16-thp-gti-(0515-)-3d/specs/
CAR_E2C3F161,Peugeot,3008,12 hybrid 136 active 5dr e dsc6,Peugeot 3008 SUV1.2 Hybrid 136 Active 5dr e-DSC6 Specs & dimensions,2016,,1199.0,3.0,134.0,230.0,1478.0,Front wheel drive,Automatic,Hybrid,Petrol,,,199.6,124.0,9.7,120.0,https://www.parkers.co.uk/peugeot/3008/suv-2016/12-hybrid-136-active-5dr-e-dsc6/specs/
CAR_02A7852B,Peugeot,3008,12 hybrid 136 allure 5dr e dsc6,Peugeot 3008 SUV1.2 Hybrid 136 Allure 5dr e-DSC6 Specs & dimensions,2024,,1199.0,,134.0,230.0,1573.0,Front wheel drive,Automatic,Hybrid,Petrol,,,201.2,125.0,9.9,122.0,https://www.parkers.co.uk/peugeot/3008/suv-2024/12-hybrid-136-allure-5dr-e-dsc6/specs/
CAR_4DF7F9EF,Peugeot,3008,12 puretech access 5d,Peugeot 3008 Estate1.2 Puretech Access 5d Specs & dimensions,2009,,1199.0,3.0,128.0,230.0,1400.0,Front wheel drive,Manual,Naturally Aspirated,Petrol,,,194.7,121.0,10.5,123.0,https://www.parkers.co.uk/peugeot/3008/estate-2009/12-puretech-access-5d/specs/
CAR_87473B14,Peugeot,305,13 4d,Peugeot 305 Saloon1.3 4d Specs & dimensions,1983,,1290.0,,,,,Front wheel drive,Manual,Naturally Aspirated,Petrol,,,,,,,https://www.parkers.co.uk/peugeot/305/saloon-1983/13-4d/specs/
CAR_B56C90EF,Peugeot,305,13 5d,Peugeot 305 Estate1.3 5d Specs & dimensions,1982,,1290.0,,,,,Front wheel drive,Manual,Naturally Aspirated,Petrol,,,,,,,https://www.parkers.co.uk/peugeot/305/estate-1982/13-5d/specs/
CAR_2904C876,Peugeot,306,14 alpine 3d,Peugeot 306 Hatchback1.4 Alpine 3d Specs & dimensions,1993,,1360.0,,75.0,,,Front wheel drive,Manual,Naturally Aspirated,Petrol,,,,,,,https://www.parkers.co.uk/peugeot/306/hatchback-1993/14-alpine-3d/specs/
CAR_281C2A4F,Peugeot,306,14 l 5d,Peugeot 306 Estate1.4 L 5d Specs & dimensions,1997,,1360.0,4.0,75.0,120.0,1065.0,Front wheel drive,Manual,Naturally Aspirated,Petrol,,,170.6,106.0,15.3,156.0,https://www.parkers.co.uk/peugeot/306/estate-1997/14-l-5d/specs/
CAR_C35F8118,Peugeot,306,16 2d auto,Peugeot 306 Cabriolet1.6 2d Auto Specs & dimensions,1994,,1587.0,4.0,100.0,138.0,1250.0,Front wheel drive,Automatic,Naturally Aspirated,Petrol,,,178.6,111.0,13.8,189.0,https://www.parkers.co.uk/peugeot/306/cabriolet-1994/16-2d-auto/specs/
CAR_0D99E9C9,Peugeot,306,14 4d,Peugeot 306 Saloon1.4 4d Specs & dimensions,1994,,1360.0,4.0,75.0,,1040.0,Front wheel drive,Manual,Naturally Aspirated,Petrol,,,164.2,102.0,14.4,,https://www.parkers.co.uk/peugeot/306/saloon-1994/14-4d/specs/
CAR_18B8C53E,Peugeot,307,14 16v envy 3d,Peugeot 307 Hatchback1.4 16V Envy 3d Specs & dimensions,2001,,1360.0,4.0,,,1153.0,Front wheel drive,Manual,Naturally Aspirated,Petrol,,,172.2,107.0,12.4,155.0,https://www.parkers.co.uk/peugeot/307/hatchback-2001/14-16v-envy-3d/specs/
CAR_09078462,Peugeot,307,14 16v style 5d,Peugeot 307 Estate1.4 16V Style 5d Specs & dimensions,2002,,1360.0,4.0,90.0,133.0,1227.0,Front wheel drive,Manual,Naturally Aspirated,Petrol,,,170.6,106.0,13.1,159.0,https://www.parkers.co.uk/peugeot/307/estate-2002/14-16v-style-5d/specs/
CAR_E4162137,Peugeot,307,16 16v envy 5d,Peugeot 307 SW1.6 16V Envy 5d Specs & dimensions,2002,,1587.0,4.0,110.0,147.0,1324.0,Front wheel drive,Manual,Naturally Aspirated,Petrol,,,181.9,113.0,11.5,178.0,https://www.parkers.co.uk/peugeot/307/sw-2002/16-16v-envy-5d/specs/
CAR_FA658D0A,Peugeot,307,16 2d,Peugeot 307 Coupe Cabriolet1.6 2d Specs & dimensions,2003,,1587.0,4.0,110.0,147.0,1513.0,Front wheel drive,Manual,Naturally Aspirated,Petrol,,,191.5,119.0,13.1,178.0,https://www.parkers.co.uk/peugeot/307/coupe-cabriolet-2003/16-2d/specs/
CAR_3E483E81,Peugeot,308,12 puretech 110 active premium 5d,Peugeot 308 Hatchback1.2 PureTech 110 Active Premium 5d Specs & dimensions,2014,,1199.0,3.0,108.0,205.0,1203.0,Front wheel drive,Manual,Naturally Aspirated,Petrol,,,186.7,116.0,9.7,116.0,https://www.parkers.co.uk/peugeot/308/hatchback-2014/12-puretech-110-active-premium-5d/specs/
CAR_14C6F7E2,Peugeot,308,12 puretech 110 active premium 5d,Peugeot 308 SW1.2 PureTech 110 Active Premium 5d Specs & dimensions,2014,,1199.0,3.0,108.0,205.0,1205.0,Front wheel drive,Manual,Naturally Aspirated,Petrol,,,186.7,116.0,10.1,116.0,https://www.parkers.co.uk/peugeot/308/sw-2014/12-puretech-110-active-premium-5d/specs/
CAR_7CBBA48B,Peugeot,308,12 hybrid 136 active 5dr e dsc6,Peugeot 308 Hatchback1.2 Hybrid 136 Active 5dr e-DSC6 Specs & dimensions,2021,,1199.0,3.0,134.0,230.0,1375.0,Front wheel drive,Automatic,Hybrid,Petrol,,,209.2,130.0,9.0,102.0,https://www.parkers.co.uk/peugeot/308/hatchback-2021/12-hybrid-136-active-5dr-e-dsc6/specs/
CAR_4A6E9853,Peugeot,308,12 hybrid 136 active 5dr e dsc6,Peugeot 308 SW1.2 Hybrid 136 Active 5dr e-DSC6 Specs & dimensions,2021,,1199.0,3.0,134.0,230.0,1435.0,Front wheel drive,Automatic,Hybrid,Petrol,,,209.2,130.0,9.0,102.0,https://www.parkers.co.uk/peugeot/308/sw-2021/12-hybrid-136-active-5dr-e-dsc6/specs/
CAR_D05BB8CF,Peugeot,308,14 vti (98bhp) access 5d,Peugeot 308 Hatchback1.4 VTi (98bhp) Access 5d Specs & dimensions,2007,,1397.0,4.0,98.0,136.0,1371.0,Front wheel drive,Manual,Naturally Aspirated,Petrol,,,181.9,113.0,12.3,139.0,https://www.parkers.co.uk/peugeot/308/hatchback-2007/14-vti-(98bhp)-access-5d/specs/
CAR_688CEA59,Peugeot,308,14 vti access 5d,Peugeot 308 SW1.4 VTi Access 5d Specs & dimensions,2008,,1397.0,4.0,98.0,136.0,1429.0,Front wheel drive,Manual,Naturally Aspirated,Petrol,,,178.6,111.0,13.0,144.0,https://www.parkers.co.uk/peugeot/308/sw-2008/14-vti-access-5d/specs/
CAR_84CD7669,Peugeot,308,16 hdi (112bhp) se 2d,Peugeot 308 CC1.6 HDi (112bhp) SE 2d Specs & dimensions,2009,,1560.0,4.0,112.0,,1590.0,Front wheel drive,Manual,Unknown,Diesel,,,188.3,117.0,12.7,138.0,https://www.parkers.co.uk/peugeot/308/cc-2009/16-hdi-(112bhp)-se-2d/specs/
CAR_1AA07D87,Peugeot,308,16 thp (250bhp) gti by peugeot sport 5d,Peugeot 308 GTi1.6 THP (250bhp) GTI by Peugeot Sport 5d Specs & dimensions,2015,,1598.0,4.0,246.0,330.0,1205.0,Front wheel drive,Manual,Turbocharged,Petrol,,,249.4,155.0,6.0,139.0,https://www.parkers.co.uk/peugeot/308/gti-2015/16-thp-(250bhp)-gti-by-peugeot-sport-5d/specs/
CAR_E87C35B2,Peugeot,308,16 e thp (205bhp) gt 5d,Peugeot 308 GT1.6 e-THP (205bhp) GT 5d Specs & dimensions,2015,,1598.0,4.0,202.0,285.0,1200.0,Front wheel drive,Manual,Naturally Aspirated,Petrol,,,235.0,146.0,7.3,130.0,https://www.parkers.co.uk/peugeot/308/gt-2015/16-e-thp-(205bhp)-gt-5d/specs/
CAR_C900FF35,Peugeot,309,11 ge 5d,Peugeot 309 Hatchback1.1 GE 5d Specs & dimensions,1986,,1118.0,,55.0,,,Front wheel drive,Manual,Naturally Aspirated,Petrol,,,,,,,https://www.parkers.co.uk/peugeot/309/hatchback-1986/11-ge-5d/specs/
CAR_8F0B5911,Peugeot,4007,22 hdi gt 5d,Peugeot 4007 Hatchback2.2 HDi GT 5d Specs & dimensions,2007,,2179.0,4.0,153.0,380.0,1825.0,4 wheel drive,Manual,Unknown,Diesel,,,199.6,124.0,10.6,185.0,https://www.parkers.co.uk/peugeot/4007/hatchback-2007/22-hdi-gt-5d/specs/
CAR_B8F93053,Peugeot,405,14i gl cat 4d,Peugeot 405 Saloon1.4i GL Cat 4d Specs & dimensions,1988,,1360.0,,75.0,,,Front wheel drive,Manual,Naturally Aspirated,Petrol,,,,,,,https://www.parkers.co.uk/peugeot/405/saloon-1988/14i-gl-cat-4d/specs/
CAR_580A82FA,Peugeot,405,16 ge 5d,Peugeot 405 Estate1.6 GE 5d Specs & dimensions,1988,,1580.0,,92.0,,,Front wheel drive,Manual,Naturally Aspirated,Petrol,,,,,,,https://www.parkers.co.uk/peugeot/405/estate-1988/16-ge-5d/specs/
CAR_2C6E1C28,Peugeot,406,18 glx 4d (ac) (96),Peugeot 406 Saloon1.8 GLX 4d (AC) (96) Specs & dimensions,1996,,1761.0,4.0,112.0,,1275.0,Front wheel drive,Manual,Naturally Aspirated,Petrol,,,191.5,119.0,10.8,202.0,https://www.parkers.co.uk/peugeot/406/saloon-1996/18-glx-4d-(ac)-(96)/specs/
CAR_EF2A0A78,Peugeot,406,18 glx 5d (ac),Peugeot 406 Estate1.8 GLX 5d (AC) Specs & dimensions,1996,,1749.0,4.0,116.0,160.0,1310.0,Front wheel drive,Manual,Naturally Aspirated,Petrol,,,193.1,120.0,12.0,187.0,https://www.parkers.co.uk/peugeot/406/estate-1996/18-glx-5d-(ac)/specs/
CAR_9924DAF8,Peugeot,406,20 2d (ac),Peugeot 406 Coupe2.0 2d (AC) Specs & dimensions,1997,,1997.0,4.0,137.0,189.0,1340.0,Front wheel drive,Manual,Naturally Aspirated,Petrol,,,207.6,129.0,10.1,197.0,https://www.parkers.co.uk/peugeot/406/coupe-1997/20-2d-(ac)/specs/
CAR_848152EA,Peugeot,407,16 hdi (110bhp) sport 4d,Peugeot 407 Saloon1.6 HDI (110bhp) Sport 4d Specs & dimensions,2004,,1560.0,4.0,110.0,240.0,1505.0,Front wheel drive,Manual,Unknown,Diesel,,,191.5,119.0,11.3,129.0,https://www.parkers.co.uk/peugeot/407/saloon-2004/16-hdi-(110bhp)-sport-4d/specs/
CAR_C8BF3BC3,Peugeot,407,16 hdi (110bhp) sport 5d,Peugeot 407 SW Estate1.6 HDI (110bhp) Sport 5d Specs & dimensions,2004,,1560.0,4.0,110.0,240.0,1567.0,Front wheel drive,Manual,Unknown,Diesel,,,188.3,117.0,11.7,129.0,https://www.parkers.co.uk/peugeot/407/sw-estate-2004/16-hdi-(110bhp)-sport-5d/specs/
CAR_A2B644E2,Peugeot,407,20 hdi (163bhp) sport 2d,Peugeot 407 Coupe2.0 HDi (163bhp) Sport 2d Specs & dimensions,2006,,1997.0,4.0,160.0,340.0,1607.0,Front wheel drive,Manual,Unknown,Diesel,,,220.5,137.0,9.2,140.0,https://www.parkers.co.uk/peugeot/407/coupe-2006/20-hdi-(163bhp)-sport-2d/specs/
CAR_70B9CDB7,Peugeot,408,12 hybrid 136 allure 5dr e dsc6,Peugeot 408 SUV1.2 Hybrid 136 Allure 5dr e-DSC6 Specs & dimensions,2023,,1199.0,3.0,134.0,230.0,1469.0,Front wheel drive,Automatic,Hybrid,Petrol,,,210.8,131.0,9.9,108.0,https://www.parkers.co.uk/peugeot/408/suv-2023/12-hybrid-136-allure-5dr-e-dsc6/specs/
CAR_2C954B3D,Peugeot,5008,12 hybrid 136 active 5dr e dsc6,Peugeot 5008 SUV1.2 Hybrid 136 Active 5dr e-DSC6 Specs & dimensions,2017,,1199.0,3.0,134.0,230.0,1552.0,Front wheel drive,Automatic,Hybrid,Petrol,,,199.6,124.0,10.1,120.0,https://www.parkers.co.uk/peugeot/5008/suv-2017/12-hybrid-136-active-5dr-e-dsc6/specs/
CAR_D0255AC9,Peugeot,5008,12 hybrid 136 allure 5dr e dsc6,Peugeot 5008 SUV1.2 Hybrid 136 Allure 5dr e-DSC6 Specs & dimensions,2024,,1199.0,3.0,134.0,230.0,1705.0,Front wheel drive,Automatic,Hybrid,Petrol,,,197.9,123.0,10.9,122.0,https://www.parkers.co.uk/peugeot/5008/suv-2024/12-hybrid-136-allure-5dr-e-dsc6/specs/
CAR_FBB8389A,Peugeot,5008,12 puretech access 5d,Peugeot 5008 Estate1.2 Puretech Access 5d Specs & dimensions,2010,,1199.0,3.0,128.0,230.0,1420.0,Front wheel drive,Manual,Naturally Aspirated,Petrol,,,197.9,123.0,11.9,122.0,https://www.parkers.co.uk/peugeot/5008/estate-2010/12-puretech-access-5d/specs/
CAR_09FB4188,Peugeot,505,23 grd turbo 4d,Peugeot 505 Saloon2.3 GRD Turbo 4d Specs & dimensions,1979,,2304.0,,95.0,,,Rear wheel drive,Manual,Turbocharged,Diesel,,,,,,,https://www.parkers.co.uk/peugeot/505/saloon-1979/23-grd-turbo-4d/specs/
CAR_5BB085E4,Peugeot,505,25 d family 5d,Peugeot 505 Estate2.5 D Family 5d Specs & dimensions,1982,,2498.0,,,,,Rear wheel drive,Manual,Unknown,Diesel,,,,,,,https://www.parkers.co.uk/peugeot/505/estate-1982/25-d-family-5d/specs/
CAR_D984E7FC,Peugeot,508,12 puretech active premium 5dr eat8,Peugeot 508 Fastback1.2 PureTech Active Premium 5dr EAT8 Specs & dimensions,2018,,1199.0,3.0,129.0,230.0,1400.0,Front wheel drive,Automatic,Naturally Aspirated,Petrol,,,204.4,127.0,9.7,131.0,https://www.parkers.co.uk/peugeot/508/fastback-2018/12-puretech-active-premium-5dr-eat8/specs/
CAR_63D28D1E,Peugeot,508,12 puretech active premium 5dr eat8,Peugeot 508 SW1.2 PureTech Active Premium 5dr EAT8 Specs & dimensions,2019,,1199.0,3.0,129.0,230.0,1420.0,Front wheel drive,Automatic,Naturally Aspirated,Petrol,,,204.4,127.0,9.7,134.0,https://www.parkers.co.uk/peugeot/508/sw-2019/12-puretech-active-premium-5dr-eat8/specs/
CAR_1ECC51DA,Peugeot,508,16 hybrid4 pse 5dr e eat8,Peugeot 508 Peugeot Sport Engineered1.6 Hybrid4 PSE 5dr e-EAT8 Specs & dimensions,2021,,1598.0,4.0,350.0,520.0,1866.0,4 wheel drive,Automatic,Hybrid,Petrol Parallel PHEV,,,249.4,155.0,5.0,45.0,https://www.parkers.co.uk/peugeot/508/peugeot-sport-engineered-2021/16-hybrid4-pse-5dr-e-eat8/specs/
CAR_E45D1FC4,Peugeot,508,16 bluehdi (120bhp) active 4d,Peugeot 508 Saloon1.6 BlueHDi (120bhp) Active 4d Specs & dimensions,2011,,1560.0,,120.0,300.0,1410.0,Front wheel drive,Manual,Unknown,Diesel,,,202.8,126.0,10.6,99.0,https://www.parkers.co.uk/peugeot/508/saloon-2011/16-bluehdi-(120bhp)-active-4d/specs/
CAR_FF66B350,Peugeot,508,16 bluehdi (120bhp) active 5d,Peugeot 508 SW1.6 BlueHDi (120bhp) Active 5d Specs & dimensions,2011,,1560.0,,120.0,300.0,1430.0,Front wheel drive,Manual,Unknown,Diesel,,,199.6,124.0,10.9,100.0,https://www.parkers.co.uk/peugeot/508/sw-2011/16-bluehdi-(120bhp)-active-5d/specs/
CAR_EA134C4F,Peugeot,508,20 bluehdi 5d auto,Peugeot 508 RXH2.0 BlueHDi 5d Auto Specs & dimensions,2012,,1997.0,,181.0,400.0,1650.0,Front wheel drive,Automatic,Unknown,Diesel,,,220.5,137.0,8.6,119.0,https://www.parkers.co.uk/peugeot/508/rxh-2012/20-bluehdi-5d-auto/specs/
CAR_13FABD8F,Peugeot,605,20 sli 4d,Peugeot 605 Saloon2.0 SLi 4d Specs & dimensions,1990,,1998.0,4.0,135.0,,1400.0,Front wheel drive,Manual,Naturally Aspirated,Petrol,,,204.4,127.0,10.6,,https://www.parkers.co.uk/peugeot/605/saloon-1990/20-sli-4d/specs/
CAR_0D3530CA,Peugeot,607,20 4d,Peugeot 607 Saloon2.0 4d Specs & dimensions,2000,,1997.0,4.0,136.0,190.0,1438.0,Front wheel drive,Manual,Naturally Aspirated,Petrol,,,209.2,130.0,10.8,205.0,https://www.parkers.co.uk/peugeot/607/saloon-2000/20-4d/specs/
CAR_6315FE10,Peugeot,806,19 glxdt 5d (5 seat),Peugeot 806 Estate1.9 GLXDT 5d (5 Seat) Specs & dimensions,1995,,1905.0,4.0,90.0,198.0,1565.0,Front wheel drive,Manual,Unknown,Diesel,,,159.3,99.0,15.0,220.0,https://www.parkers.co.uk/peugeot/806/estate-1995/19-glxdt-5d-(5-seat)/specs/
CAR_FD9436B8,Peugeot,807,20 (143bhp) st (7 seat) 5d,Peugeot 807 Estate2.0 (143bhp) ST (7 Seat) 5d Specs & dimensions,2002,,1997.0,4.0,140.0,200.0,1738.0,Front wheel drive,Manual,Turbocharged,Petrol,,,186.7,116.0,11.2,213.0,https://www.parkers.co.uk/peugeot/807/estate-2002/20-(143bhp)-st-(7-seat)-5d/specs/
CAR_CBB29961,Peugeot,Bipper Tepee,13 hdi (75bhp) outdoor (non startstop) 5d,Peugeot Bipper Tepee Estate1.3 HDi (75bhp) Outdoor (non Start/Stop) 5d Specs & dimensions,2009,,1248.0,4.0,75.0,190.0,1330.0,Front wheel drive,Manual,Unknown,Diesel,,,154.5,96.0,16.3,119.0,https://www.parkers.co.uk/peugeot/bipper-tepee/estate-2009/13-hdi-(75bhp)-outdoor-(non-startstop)-5d/specs/
CAR_8962CAE7,Peugeot,E 2008,100kw active 50kwh 5dr auto,Peugeot e-2008 SUV100kW Active 50kWh 5dr Auto Specs & dimensions,2008,2020.0,,,134.0,260.0,1548.0,Front wheel drive,Automatic,EV,Electric,,,149.7,93.0,8.8,0.0,https://www.parkers.co.uk/peugeot/e-2008/suv-2020/100kw-active-50kwh-5dr-auto/specs/
CAR_71366334,Peugeot,E 208,100kw active 50kwh 5dr auto,Peugeot e-208 Hatchback100kW Active 50kWh 5dr Auto Specs & dimensions,2019,,,,136.0,260.0,1455.0,Front wheel drive,Automatic,EV,Electric,,,149.7,93.0,7.8,0.0,https://www.parkers.co.uk/peugeot/e-208/hatchback-2019/100kw-active-50kwh-5dr-auto/specs/
CAR_1E0EB98D,Peugeot,E 3008,157kw allure 73kwh 5dr auto,Peugeot e-3008 SUV157kW Allure 73kWh 5dr Auto Specs & dimensions,2023,,,,210.0,343.0,2108.0,Front wheel drive,Automatic,EV,Electric,,,170.6,106.0,8.5,0.0,https://www.parkers.co.uk/peugeot/e-3008/suv-2023/157kw-allure-73kwh-5dr-auto/specs/
CAR_C3874AB1,Peugeot,E 308,115kw allure 54kwh 5dr auto,Peugeot e-308 Hatchback115kW Allure 54kWh 5dr Auto Specs & dimensions,2023,,,,153.0,270.0,1684.0,Front wheel drive,Automatic,EV,Electric,,,170.6,106.0,9.5,0.0,https://www.parkers.co.uk/peugeot/e-308/hatchback-2023/115kw-allure-54kwh-5dr-auto/specs/
CAR_2A6836A8,Peugeot,E 308,115kw allure 54kwh 5dr auto,Peugeot e-308 SW115kW Allure 54kWh 5dr Auto Specs & dimensions,2023,,,,153.0,270.0,1716.0,Front wheel drive,Automatic,EV,Electric,,,170.6,106.0,9.6,0.0,https://www.parkers.co.uk/peugeot/e-308/sw-2023/115kw-allure-54kwh-5dr-auto/specs/
CAR_7AC6E04C,Peugeot,E 408,154kw allure 61kwh 5dr auto,Peugeot e-408 SUV154kW Allure 61kWh 5dr Auto Specs & dimensions,2024,,,,207.0,343.0,,Front wheel drive,Automatic,EV,Electric,,,,,,0.0,https://www.parkers.co.uk/peugeot/e-408/suv-2024/154kw-allure-61kwh-5dr-auto/specs/
CAR_ECC4E0F7,Peugeot,E 5008,157kw allure 73kwh 5dr auto,Peugeot e-5008 SUV157kW Allure 73kWh 5dr Auto Specs & dimensions,2024,,,,210.0,343.0,2185.0,Front wheel drive,Automatic,EV,Electric,,,169.0,105.0,9.4,0.0,https://www.parkers.co.uk/peugeot/e-5008/suv-2024/157kw-allure-73kwh-5dr-auto/specs/
CAR_68EDEA40,Peugeot,E Rifter,100kw allure 50kwh 5dr auto,Peugeot e-Rifter MPV100kW Allure 50kWh 5dr Auto Specs & dimensions,2021,,,,134.0,260.0,1690.0,Front wheel drive,Automatic,EV,Electric,,,135.2,84.0,10.8,0.0,https://www.parkers.co.uk/peugeot/e-rifter/mpv-2021/100kw-allure-50kwh-5dr-auto/specs/
CAR_E3292756,Peugeot,E Traveller,100kw active long [8 seat] 50kwh 5dr auto [11kwch],Peugeot e-Traveller MPV100kW Active Long [8 Seat] 50kWh 5dr Auto [11kWCh] Specs & dimensions,2020,,,,134.0,300.0,1914.0,Front wheel drive,Automatic,EV,Electric,,,130.4,81.0,10.5,0.0,https://www.parkers.co.uk/peugeot/e-traveller/mpv-2020/100kw-active-long-[8-seat]-50kwh-5dr-auto-[11kwch]/specs/
CAR_FBAD2A2D,Peugeot,Expert Combi,15 bluehdi 100 compact 6dr 6d,Peugeot Expert Combi MPV1.5 BlueHDi 100 Compact 6dr 6d Specs & dimensions,2016,,1499.0,,100.0,270.0,1660.0,Front wheel drive,Manual,Unknown,Diesel,,,144.8,90.0,13.1,166.0,https://www.parkers.co.uk/peugeot/expert-combi/mpv-2016/15-bluehdi-100-compact-6dr-6d/specs/
CAR_808012ED,Peugeot,Expert Tepee,16 hdi l1 comfort 5d (6 seats),Peugeot Expert Tepee Estate1.6 HDi L1 Comfort 5d (6 seats) Specs & dimensions,2007,,1560.0,4.0,90.0,180.0,1745.0,Front wheel drive,Manual,Unknown,Diesel,,,144.8,90.0,17.9,194.0,https://www.parkers.co.uk/peugeot/expert-tepee/estate-2007/16-hdi-l1-comfort-5d-(6-seats)/specs/
CAR_8E6803D9,Peugeot,Ion,5d auto,Peugeot Ion Hatchback5d Auto Specs & dimensions,2011,,,,64.0,180.0,1120.0,Rear wheel drive,Automatic,EV,Electric,,,130.4,81.0,15.4,0.0,https://www.parkers.co.uk/peugeot/ion/hatchback-2011/5d-auto/specs/
CAR_0B76BB91,Peugeot,Partner Combi,14 5d (01),Peugeot Partner Combi Estate1.4 5d (01) Specs & dimensions,2001,,1360.0,4.0,75.0,111.0,1125.0,Front wheel drive,Manual,Naturally Aspirated,Petrol,,,149.7,93.0,16.9,168.0,https://www.parkers.co.uk/peugeot/partner-combi/estate-2001/14-5d-(01)/specs/
CAR_517539C9,Peugeot,Partner Tepee,16 (120bhp) s 5d,Peugeot Partner Tepee Estate1.6 (120bhp) S 5d Specs & dimensions,2008,,1598.0,4.0,120.0,160.0,1581.0,Front wheel drive,Manual,Naturally Aspirated,Petrol,,,177.0,110.0,13.0,164.0,https://www.parkers.co.uk/peugeot/partner-tepee/estate-2008/16-(120bhp)-s-5d/specs/
CAR_CAE1522E,Peugeot,Rcz,16 thp (200bhp) gt line 2d,Peugeot RCZ Coupe1.6 THP (200bhp) GT Line 2d Specs & dimensions,2010,,1598.0,4.0,197.0,275.0,1421.0,Front wheel drive,Manual,Naturally Aspirated,Petrol,,,235.0,146.0,7.4,155.0,https://www.parkers.co.uk/peugeot/rcz/coupe-2010/16-thp-(200bhp)-gt-line-2d/specs/
CAR_CD1E4E58,Peugeot,Rifter,12 puretech 130 allure eat8 5d,Peugeot Rifter MPV1.2 PureTech 130 Allure EAT8 5d Specs & dimensions,2018,,1199.0,3.0,129.0,230.0,1428.0,Front wheel drive,Automatic,Naturally Aspirated,Petrol,,,199.6,124.0,,146.0,https://www.parkers.co.uk/peugeot/rifter/mpv-2018/12-puretech-130-allure-eat8-5d/specs/
CAR_F525C169,Peugeot,Traveller,20 bluehdi 145 active standard [8 seat] 5dr,Peugeot Traveller MPV2.0 BlueHDi 145 Active Standard [8 Seat] 5dr Specs & dimensions,2016,,1997.0,4.0,141.0,340.0,1718.0,Front wheel drive,Manual,Unknown,Diesel,,,185.1,115.0,,175.0,https://www.parkers.co.uk/peugeot/traveller/mpv-2016/20-bluehdi-145-active-standard-[8-seat]-5dr/specs/
CAR_1F4FB030,Renault,11,(68bhp) 5d auto,Renault 11 Hatchback(68bhp) 5d Auto Specs & dimensions,1983,,1397.0,,68.0,,,Front wheel drive,Automatic,Naturally Aspirated,Petrol,,,,,,,https://www.parkers.co.uk/renault/11/hatchback-1983/(68bhp)-5d-auto/specs/
CAR_DA8C93BA,Renault,18,deauville gtd 4d,Renault 18 SaloonDeauville GTD 4d Specs & dimensions,1980,,2068.0,,,,,Front wheel drive,Manual,Unknown,Diesel,,,,,,,https://www.parkers.co.uk/renault/18/saloon-1980/deauville-gtd-4d/specs/
CAR_FC332D90,Renault,18,deauville gtd 5d,Renault 18 EstateDeauville GTD 5d Specs & dimensions,1980,,2068.0,,,,,Front wheel drive,Manual,Unknown,Diesel,,,,,,,https://www.parkers.co.uk/renault/18/estate-1980/deauville-gtd-5d/specs/
CAR_C905E357,Renault,19,14 be bop 5d,Renault 19 Hatchback1.4 Be Bop 5d Specs & dimensions,1989,,1390.0,,80.0,,,Front wheel drive,Manual,Naturally Aspirated,Petrol,,,,,,,https://www.parkers.co.uk/renault/19/hatchback-1989/14-be-bop-5d/specs/
CAR_3790B519,Renault,19,14 le sport chamade 4d,Renault 19 Saloon1.4 Le Sport Chamade 4d Specs & dimensions,1989,,1390.0,,80.0,,,Front wheel drive,Manual,Naturally Aspirated,Petrol,,,,,,,https://www.parkers.co.uk/renault/19/saloon-1989/14-le-sport-chamade-4d/specs/
CAR_6068B80C,Renault,19,18 16v 2d,Renault 19 Cabriolet1.8 16V 2d Specs & dimensions,1992,,1764.0,4.0,137.0,158.0,1115.0,Front wheel drive,Manual,Naturally Aspirated,Petrol,,,214.0,133.0,8.2,,https://www.parkers.co.uk/renault/19/cabriolet-1992/18-16v-2d/specs/
CAR_7E3629EF,Renault,21,19 gtd 5d,Renault 21 Hatchback1.9 GTD 5d Specs & dimensions,1989,,1870.0,,65.0,,,Front wheel drive,Manual,Unknown,Diesel,,,,,,,https://www.parkers.co.uk/renault/21/hatchback-1989/19-gtd-5d/specs/
CAR_92ED74BD,Renault,21,17 gts special 4d,Renault 21 Saloon1.7 GTS Special 4d Specs & dimensions,1986,,1721.0,,90.0,,,Front wheel drive,Manual,Naturally Aspirated,Petrol,,,,,,,https://www.parkers.co.uk/renault/21/saloon-1986/17-gts-special-4d/specs/
CAR_309C7EA2,Renault,21,17 gts 5d,Renault 21 Estate1.7 GTS 5d Specs & dimensions,1986,,1721.0,,92.0,,,Front wheel drive,Manual,Naturally Aspirated,Petrol,,,,,,,https://www.parkers.co.uk/renault/21/estate-1986/17-gts-5d/specs/
CAR_8D179A9F,Renault,25,20 monaco 5d,Renault 25 Hatchback2.0 Monaco 5d Specs & dimensions,1984,,1995.0,,103.0,,,Front wheel drive,Manual,Naturally Aspirated,Petrol,,,,,,,https://www.parkers.co.uk/renault/25/hatchback-1984/20-monaco-5d/specs/
CAR_8E5CB4C3,Renault,4 E Tech,110kw evolution 52kwh comfort range 5dr auto,Renault 4 E-Tech SUV110kW Evolution 52kWh Comfort range 5dr Auto Specs & dimensions,2025,,,,147.0,245.0,1462.0,Front wheel drive,Automatic,EV,Electric,,,149.7,93.0,7.9,0.0,https://www.parkers.co.uk/renault/4-e-tech/suv-2025/110kw-evolution-52kwh-comfort-range-5dr-auto/specs/
CAR_B0A60EE4,Renault,5 E Tech,110kw iconic five comfort range 52kwh 5dr auto,Renault 5 E-Tech Hatchback110kW Iconic Five + Comfort Range 52kWh 5dr Auto Specs & dimensions,2025,,,,147.0,245.0,1461.0,Front wheel drive,Automatic,EV,Electric,,,149.7,93.0,7.6,0.0,https://www.parkers.co.uk/renault/5-e-tech/hatchback-2025/110kw-iconic-five-comfort-range-52kwh-5dr-auto/specs/
CAR_DAB142B9,Renault,Arkana,13 tce mild hybrid 140 iconic 5dr edc,Renault Arkana SUV1.3 TCe Mild Hybrid 140 Iconic 5dr EDC Specs & dimensions,2021,,1333.0,4.0,136.0,260.0,1336.0,Front wheel drive,Automatic,Hybrid,Petrol,,,204.4,127.0,9.5,130.0,https://www.parkers.co.uk/renault/arkana/suv-2021/13-tce-mild-hybrid-140-iconic-5dr-edc/specs/
CAR_EC2747EB,Renault,Austral,12 e tech fhev iconic esprit alpine 5dr auto 4c,Renault Austral SUV1.2 E-Tech FHEV Iconic Esprit Alpine 5dr Auto 4C Specs & dimensions,2023,,1199.0,3.0,197.0,205.0,1696.0,Front wheel drive,Automatic,EV,Petrol/Electric Hybrid,,,173.8,108.0,8.1,105.0,https://www.parkers.co.uk/renault/austral/suv-2023/12-e-tech-fhev-iconic-esprit-alpine-5dr-auto-4c/specs/
CAR_0DEF867E,Renault,Avantime,20 16v turbo dynamique 3d,Renault Avantime Coupe2.0 16V Turbo Dynamique 3d Specs & dimensions,2002,,1998.0,4.0,165.0,250.0,1641.0,Front wheel drive,Manual,Turbocharged,Petrol,,,202.8,126.0,9.6,218.0,https://www.parkers.co.uk/renault/avantime/coupe-2002/20-16v-turbo-dynamique-3d/specs/
CAR_50164696,Renault,Captur,10 tce 90 evolution 5dr,Renault Captur 4x41.0 TCE 90 Evolution 5dr Specs & dimensions,2020,,999.0,3.0,89.0,160.0,1316.0,Front wheel drive,Manual,Naturally Aspirated,Petrol,,,167.4,104.0,13.6,131.0,https://www.parkers.co.uk/renault/captur/4x4-2020/10-tce-90-evolution-5dr/specs/
CAR_27BB8882,Renault,Captur,09 tce (90bhp) dynamique medianav 5d,Renault Captur 4x40.9 TCE (90bhp) Dynamique MediaNav 5d Specs & dimensions,2013,,898.0,3.0,88.0,135.0,1089.0,Front wheel drive,Manual,Naturally Aspirated,Petrol,,,170.6,106.0,12.6,115.0,https://www.parkers.co.uk/renault/captur/4x4-2013/09-tce-(90bhp)-dynamique-medianav-5d/specs/
CAR_08E65136,Renault,Clio,10 sce 65 iconic 5d,Renault Clio Hatchback1.0 SCe 65 Iconic 5d Specs & dimensions,2019,,999.0,3.0,64.0,95.0,1140.0,Front wheel drive,Manual,Naturally Aspirated,Petrol,,,159.3,99.0,16.6,119.0,https://www.parkers.co.uk/renault/clio/hatchback-2019/10-sce-65-iconic-5d/specs/
CAR_1020ECC2,Renault,Clio,12 16v authentique 5d,Renault Clio Hatchback1.2 16V Authentique 5d Specs & dimensions,2005,,1149.0,4.0,73.0,105.0,1090.0,Front wheel drive,Manual,Naturally Aspirated,Petrol,,,167.4,104.0,13.0,139.0,https://www.parkers.co.uk/renault/clio/hatchback-2005/12-16v-authentique-5d/specs/
CAR_E0427140,Renault,Clio,12 16v bizu 5d,Renault Clio Sport Tourer1.2 16V Bizu 5d Specs & dimensions,2008,,1149.0,4.0,73.0,107.0,1110.0,Front wheel drive,Manual,Naturally Aspirated,Petrol,,,167.4,104.0,13.2,135.0,https://www.parkers.co.uk/renault/clio/sport-tourer-2008/12-16v-bizu-5d/specs/
CAR_55EC8B65,Renault,Clio,20 16v (197bhp) 3d,Renault Clio Renaultsport2.0 16V (197bhp) 3d Specs & dimensions,2006,,1998.0,4.0,194.0,215.0,1240.0,Front wheel drive,Manual,Naturally Aspirated,Petrol,,,215.7,134.0,6.7,199.0,https://www.parkers.co.uk/renault/clio/renaultsport-2006/20-16v-(197bhp)-3d/specs/
CAR_32DB9832,Renault,Clio,09 tce (90bhp) dynamique medianav 5d,Renault Clio Hatchback0.9 TCE (90bhp) Dynamique MediaNav 5d Specs & dimensions,2012,,898.0,3.0,88.0,135.0,1009.0,Front wheel drive,Manual,Naturally Aspirated,Petrol,,,181.9,113.0,11.8,104.0,https://www.parkers.co.uk/renault/clio/hatchback-2012/09-tce-(90bhp)-dynamique-medianav-5d/specs/
CAR_3793FA14,Renault,Clio,16t 16v renaultsport trophy nav (220bhp) 5d auto,Renault Clio Renaultsport1.6T 16V RenaultSport Trophy Nav (220bhp) 5d Auto Specs & dimensions,2013,,1618.0,4.0,216.0,260.0,1204.0,Front wheel drive,Automatic,Naturally Aspirated,Petrol,,,235.0,146.0,6.4,135.0,https://www.parkers.co.uk/renault/clio/renaultsport-2013/16t-16v-renaultsport-trophy-nav-(220bhp)-5d-auto/specs/
CAR_47302EFE,Renault,Clio,12 16v sport 3d,Renault Clio Hatchback1.2 16V Sport 3d Specs & dimensions,1998,,1149.0,4.0,75.0,105.0,930.0,Front wheel drive,Manual,Naturally Aspirated,Petrol,,,170.6,106.0,11.7,146.0,https://www.parkers.co.uk/renault/clio/hatchback-1998/12-16v-sport-3d/specs/
CAR_E222D708,Renault,Clio,12 16v campus sport 2007 3d,Renault Clio Hatchback1.2 16V Campus Sport 2007 3d Specs & dimensions,2001,2007.0,1149.0,4.0,75.0,105.0,945.0,Front wheel drive,Manual,Naturally Aspirated,Petrol,,,170.6,106.0,12.6,142.0,https://www.parkers.co.uk/renault/clio/hatchback-2001/12-16v-campus-sport-2007-3d/specs/
CAR_C249F502,Renault,Clio,20 16v (172bhp) 3d,Renault Clio Renaultsport2.0 16V (172bhp) 3d Specs & dimensions,2001,,1998.0,4.0,172.0,200.0,1035.0,Front wheel drive,Manual,Naturally Aspirated,Petrol,,,222.1,138.0,7.0,194.0,https://www.parkers.co.uk/renault/clio/renaultsport-2001/20-16v-(172bhp)-3d/specs/
CAR_F73348D4,Renault,Clio,30 24v (230bhp) 3d,Renault Clio V63.0 24V (230bhp) 3d Specs & dimensions,2001,,2946.0,6.0,230.0,300.0,1335.0,Front wheel drive,Manual,Naturally Aspirated,Petrol,,,235.0,146.0,6.2,267.0,https://www.parkers.co.uk/renault/clio/v6-2001/30-24v-(230bhp)-3d/specs/
CAR_D4B90F7C,Renault,Clio,12 be bop 3d,Renault Clio Hatchback1.2 Be Bop 3d Specs & dimensions,1991,,1171.0,,60.0,,,Front wheel drive,Manual,Naturally Aspirated,Petrol,,,,,,,https://www.parkers.co.uk/renault/clio/hatchback-1991/12-be-bop-3d/specs/
CAR_87F08F66,Renault,Espace,19 dci authentique 5d,Renault Espace Estate1.9 dCi Authentique 5d Specs & dimensions,2003,,1870.0,4.0,118.0,270.0,1755.0,Front wheel drive,Manual,Diesel,Diesel,,,180.2,112.0,12.8,183.0,https://www.parkers.co.uk/renault/espace/estate-2003/19-dci-authentique-5d/specs/
CAR_726C8524,Renault,Espace,20 16v alize 5d,Renault Espace Estate2.0 16V Alize 5d Specs & dimensions,1997,,1998.0,4.0,140.0,188.0,1490.0,Front wheel drive,Manual,Naturally Aspirated,Petrol,,,185.1,115.0,11.2,211.0,https://www.parkers.co.uk/renault/espace/estate-1997/20-16v-alize-5d/specs/
CAR_109D81D6,Renault,Espace,2000 1 5d,Renault Espace Estate2000-1 5d Specs & dimensions,1986,,1995.0,,120.0,,,Front wheel drive,Manual,Naturally Aspirated,Petrol,,,,,,,https://www.parkers.co.uk/renault/espace/estate-1986/2000-1-5d/specs/
CAR_025AB1CE,Renault,Espace,20 alize 5d,Renault Espace Estate2.0 Alize 5d Specs & dimensions,1991,,1995.0,,105.0,,,Front wheel drive,Manual,Naturally Aspirated,Petrol,,,,,,,https://www.parkers.co.uk/renault/espace/estate-1991/20-alize-5d/specs/
CAR_384B0BD6,Renault,Fluence,70kw dynamique 4d auto,Renault Fluence Saloon70kW Dynamique 4d Auto Specs & dimensions,2012,,,,93.0,226.0,1605.0,Front wheel drive,Automatic,EV,Electric,,,217.3,135.0,13.3,0.0,https://www.parkers.co.uk/renault/fluence/saloon-2012/70kw-dynamique-4d-auto/specs/
CAR_EB38EF56,Renault,Grand Espace,20 dci (150bhp) dynamique (nav) 5d,Renault Grand Espace Estate2.0 dCi (150bhp) Dynamique (Nav) 5d Specs & dimensions,2003,,1995.0,4.0,147.0,340.0,1807.0,Front wheel drive,Manual,Diesel,Diesel,,,194.7,121.0,10.3,196.0,https://www.parkers.co.uk/renault/grand-espace/estate-2003/20-dci-(150bhp)-dynamique-(nav)-5d/specs/
CAR_1DABB29E,Renault,Grand Espace,20 16v expression 5d,Renault Grand Espace Estate2.0 16V Expression 5d Specs & dimensions,1998,,1998.0,4.0,140.0,188.0,1530.0,Front wheel drive,Manual,Naturally Aspirated,Petrol,,,186.7,116.0,11.2,211.0,https://www.parkers.co.uk/renault/grand-espace/estate-1998/20-16v-expression-5d/specs/
CAR_5E84FBE2,Renault,Grand Modus,12 expression 5d,Renault Grand Modus Estate1.2 Expression 5d Specs & dimensions,2008,,1149.0,4.0,73.0,105.0,1150.0,Front wheel drive,Manual,Naturally Aspirated,Petrol,,,162.5,101.0,13.3,138.0,https://www.parkers.co.uk/renault/grand-modus/estate-2008/12-expression-5d/specs/
CAR_EA020F3E,Renault,Grand Scenic,15 dci 120 iconic auto 5d,Renault Grand Scenic Estate1.5 dCi 120 Iconic Auto 5d Specs & dimensions,2016,,1749.0,4.0,118.0,300.0,1783.0,Front wheel drive,Automatic,Diesel,Diesel,,,185.1,115.0,12.6,158.0,https://www.parkers.co.uk/renault/grand-scenic/estate-2016/15-dci-120-iconic-auto-5d/specs/
CAR_A5FEBEDF,Renault,Grand Scenic,12 tce (130bhp) dynamique nav (bose pack) 5d,Renault Grand Scenic Estate1.2 TCE (130bhp) Dynamique Nav (Bose+ pack) 5d Specs & dimensions,2009,,1198.0,4.0,128.0,205.0,1491.0,Front wheel drive,Manual,Naturally Aspirated,Petrol,,,189.9,118.0,11.9,145.0,https://www.parkers.co.uk/renault/grand-scenic/estate-2009/12-tce-(130bhp)-dynamique-nav-(bose-pack)-5d/specs/
CAR_7D7FFA00,Renault,Grand Scenic,15 dci (106bhp) dynamique s 5d,Renault Grand Scenic Estate1.5 dCi (106bhp) Dynamique S 5d Specs & dimensions,2004,,1461.0,4.0,104.0,240.0,1490.0,Front wheel drive,Manual,Diesel,Diesel,,,178.6,111.0,12.5,144.0,https://www.parkers.co.uk/renault/grand-scenic/estate-2004/15-dci-(106bhp)-dynamique-s-5d/specs/
CAR_A9C3320C,Renault,Gta A610,a610 22 2d,Renault GTA & A610 CoupeA610 2+2 2d Specs & dimensions,1986,,2975.0,,250.0,,,Rear wheel drive,Manual,Naturally Aspirated,Petrol,,,,,,,https://www.parkers.co.uk/renault/gta-a610/coupe-1986/a610-22-2d/specs/
CAR_6E0E9CBD,Renault,Kadjar,12 tce dynamique nav 5d,Renault Kadjar 4x41.2 TCE Dynamique Nav 5d Specs & dimensions,2015,,1197.0,4.0,128.0,205.0,1306.0,Front wheel drive,Manual,Naturally Aspirated,Petrol,,,191.5,119.0,9.8,126.0,https://www.parkers.co.uk/renault/kadjar/4x4-2015/12-tce-dynamique-nav-5d/specs/
CAR_CD92B82D,Renault,Kangoo,15 dci (106bhp) dynamique tomtom 5d,Renault Kangoo Estate1.5 dCi (106bhp) Dynamique TomTom 5d Specs & dimensions,2009,,1461.0,4.0,104.0,240.0,1430.0,Front wheel drive,Manual,Diesel,Diesel,,,170.6,106.0,12.6,146.0,https://www.parkers.co.uk/renault/kangoo/estate-2009/15-dci-(106bhp)-dynamique-tomtom-5d/specs/
CAR_5A5DAAC9,Renault,Kangoo,12 authentique 5d (02),Renault Kangoo Estate1.2 Authentique 5d (02) Specs & dimensions,1999,,1149.0,4.0,75.0,105.0,1035.0,Front wheel drive,Manual,Naturally Aspirated,Petrol,,,154.5,96.0,13.7,165.0,https://www.parkers.co.uk/renault/kangoo/estate-1999/12-authentique-5d-(02)/specs/
CAR_B1F668E9,Renault,Koleos,dynamique s nav dci 130 5d,Renault Koleos SUVDynamique S Nav dCi 130 5d Specs & dimensions,2017,,1598.0,4.0,128.0,320.0,1540.0,Front wheel drive,Manual,Diesel,Diesel,,,185.1,115.0,11.0,128.0,https://www.parkers.co.uk/renault/koleos/suv-2017/dynamique-s-nav-dci-130-5d/specs/
CAR_8E12AD6A,Renault,Koleos,20 dci dynamique 2wd 5d,Renault Koleos Estate2.0 dCi Dynamique 2WD 5d Specs & dimensions,2008,,1995.0,4.0,147.0,320.0,1649.0,Front wheel drive,Manual,Diesel,Diesel,,,180.2,112.0,9.7,179.0,https://www.parkers.co.uk/renault/koleos/estate-2008/20-dci-dynamique-2wd-5d/specs/
CAR_32B7A85A,Renault,Laguna,15 dci dynamique 5d,Renault Laguna Hatchback1.5 dCi Dynamique 5d Specs & dimensions,2007,,1461.0,4.0,108.0,240.0,1504.0,Front wheel drive,Manual,Diesel,Diesel,,,191.5,119.0,11.7,130.0,https://www.parkers.co.uk/renault/laguna/hatchback-2007/15-dci-dynamique-5d/specs/
CAR_DB4E0D5F,Renault,Laguna,15 dci dynamique 5d,Renault Laguna Sport Tourer1.5 dCi Dynamique 5d Specs & dimensions,2008,,1461.0,4.0,108.0,240.0,,Front wheel drive,Manual,Diesel,Diesel,,,186.7,116.0,11.9,133.0,https://www.parkers.co.uk/renault/laguna/sport-tourer-2008/15-dci-dynamique-5d/specs/
CAR_36A20F87,Renault,Laguna,20 dci (150bhp) 3d,Renault Laguna Coupe2.0 dCi (150bhp) 3d Specs & dimensions,2008,,1995.0,4.0,147.0,340.0,1486.0,Front wheel drive,Manual,Diesel,Diesel,,,209.2,130.0,9.2,157.0,https://www.parkers.co.uk/renault/laguna/coupe-2008/20-dci-(150bhp)-3d/specs/
CAR_BF9B327D,Renault,Laguna,16 16v alize 5d,Renault Laguna Hatchback1.6 16V Alize 5d Specs & dimensions,1994,,1598.0,4.0,110.0,148.0,1230.0,Front wheel drive,Manual,Naturally Aspirated,Petrol,,,186.7,116.0,11.5,177.0,https://www.parkers.co.uk/renault/laguna/hatchback-1994/16-16v-alize-5d/specs/
CAR_F3390AC0,Renault,Laguna,16 16v rn 5d,Renault Laguna Estate1.6 16V RN 5d Specs & dimensions,1995,,1598.0,4.0,110.0,148.0,1285.0,Front wheel drive,Manual,Naturally Aspirated,Petrol,,,186.7,116.0,11.5,182.0,https://www.parkers.co.uk/renault/laguna/estate-1995/16-16v-rn-5d/specs/
CAR_FF7ED807,Renault,Laguna,16 16v authentique 5d,Renault Laguna Hatchback1.6 16V Authentique 5d Specs & dimensions,2001,,1598.0,4.0,110.0,148.0,1270.0,Front wheel drive,Manual,Naturally Aspirated,Petrol,,,196.3,122.0,11.1,173.0,https://www.parkers.co.uk/renault/laguna/hatchback-2001/16-16v-authentique-5d/specs/
CAR_5F0F38FD,Renault,Laguna,18 16v dynamique 5d,Renault Laguna Sport Tourer1.8 16V Dynamique 5d Specs & dimensions,2001,,1783.0,4.0,122.0,168.0,1315.0,Front wheel drive,Manual,Naturally Aspirated,Petrol,,,201.2,125.0,10.6,184.0,https://www.parkers.co.uk/renault/laguna/sport-tourer-2001/18-16v-dynamique-5d/specs/
CAR_71F1EB88,Renault,Megane,12 tce gt line 5d,Renault Megane Hatchback1.2 TCE GT Line 5d Specs & dimensions,2016,,1198.0,4.0,128.0,205.0,1352.0,Front wheel drive,Manual,Naturally Aspirated,Petrol,,,196.3,122.0,10.3,124.0,https://www.parkers.co.uk/renault/megane/hatchback-2016/12-tce-gt-line-5d/specs/
CAR_D33CC5BB,Renault,Megane,12 tce gt line 5d,Renault Megane Sport Tourer1.2 TCE GT Line 5d Specs & dimensions,2016,,1198.0,4.0,128.0,205.0,1422.0,Front wheel drive,Manual,Naturally Aspirated,Petrol,,,196.3,122.0,10.6,124.0,https://www.parkers.co.uk/renault/megane/sport-tourer-2016/12-tce-gt-line-5d/specs/
CAR_D98F4197,Renault,Megane,12 16v tce dynamique tomtom 5d,Renault Megane Hatchback1.2 16V TCE Dynamique TomTom 5d Specs & dimensions,2008,,1198.0,4.0,113.0,190.0,1205.0,Front wheel drive,Manual,Naturally Aspirated,Petrol,,,189.9,118.0,10.6,119.0,https://www.parkers.co.uk/renault/megane/hatchback-2008/12-16v-tce-dynamique-tomtom-5d/specs/
CAR_335EB328,Renault,Megane,12 16v tce gt line tomtom (start stop) 3d,Renault Megane Coupe1.2 16V TCE GT Line TomTom (Start Stop) 3d Specs & dimensions,2009,,1198.0,4.0,128.0,205.0,1263.0,Front wheel drive,Manual,Naturally Aspirated,Petrol,,,199.6,124.0,9.5,124.0,https://www.parkers.co.uk/renault/megane/coupe-2009/12-16v-tce-gt-line-tomtom-(start-stop)-3d/specs/
CAR_8443EB15,Renault,Megane,12 16v tce dynamique nav 2d,Renault Megane Coupe Cabriolet1.2 16V TCE Dynamique Nav 2d Specs & dimensions,2010,,1198.0,4.0,128.0,205.0,1547.0,Front wheel drive,Manual,Naturally Aspirated,Petrol,,,199.6,124.0,10.6,145.0,https://www.parkers.co.uk/renault/megane/coupe-cabriolet-2010/12-16v-tce-dynamique-nav-2d/specs/
CAR_AA6446D3,Renault,Megane,12 tce dynamique nav 5d,Renault Megane Sport Tourer1.2 TCE Dynamique Nav 5d Specs & dimensions,2009,,1198.0,4.0,113.0,190.0,1284.0,Front wheel drive,Manual,Naturally Aspirated,Petrol,,,189.9,118.0,10.6,119.0,https://www.parkers.co.uk/renault/megane/sport-tourer-2009/12-tce-dynamique-nav-5d/specs/
CAR_26A270AE,Renault,Megane,20 t 16v renaultsport (250bhp) (cupchass recaro) 3d,Renault Megane Renaultsport2.0 T 16V Renaultsport (250bhp) (CupChass + Recaro) 3d Specs & dimensions,2010,,1998.0,4.0,246.0,340.0,1387.0,Front wheel drive,Manual,Naturally Aspirated,Petrol,,,251.1,156.0,5.9,190.0,https://www.parkers.co.uk/renault/megane/renaultsport-2010/20-t-16v-renaultsport-(250bhp)-(cupchass-recaro)-3d/specs/
CAR_B18D26D8,Renault,Megane,14 16v alize 5d,Renault Megane Hatchback1.4 16V Alize 5d Specs & dimensions,1996,,1390.0,4.0,95.0,127.0,1090.0,Front wheel drive,Manual,Naturally Aspirated,Petrol,,,183.5,114.0,11.4,156.0,https://www.parkers.co.uk/renault/megane/hatchback-1996/14-16v-alize-5d/specs/
CAR_B23B86C9,Renault,Megane,14 16v 4d,Renault Megane Saloon1.4 16V 4d Specs & dimensions,1996,,1390.0,4.0,95.0,127.0,1090.0,Front wheel drive,Manual,Naturally Aspirated,Petrol,,,188.3,117.0,11.5,156.0,https://www.parkers.co.uk/renault/megane/saloon-1996/14-16v-4d/specs/
CAR_A51BD760,Renault,Megane,14 16v 2d,Renault Megane Coupe1.4 16V 2d Specs & dimensions,1996,,1390.0,4.0,95.0,127.0,1045.0,Front wheel drive,Manual,Naturally Aspirated,Petrol,,,186.7,116.0,11.0,153.0,https://www.parkers.co.uk/renault/megane/coupe-1996/14-16v-2d/specs/
CAR_DBBED917,Renault,Megane,16 16v 2d,Renault Megane Cabriolet1.6 16V 2d Specs & dimensions,1997,,1598.0,4.0,110.0,148.0,1125.0,Front wheel drive,Manual,Naturally Aspirated,Petrol,,,199.6,124.0,9.8,165.0,https://www.parkers.co.uk/renault/megane/cabriolet-1997/16-16v-2d/specs/
CAR_789B4B7A,Renault,Megane,14 authentique 5d,Renault Megane Hatchback1.4 Authentique 5d Specs & dimensions,2002,,1390.0,4.0,98.0,127.0,1165.0,Front wheel drive,Manual,Naturally Aspirated,Petrol,,,183.5,114.0,12.1,164.0,https://www.parkers.co.uk/renault/megane/hatchback-2002/14-authentique-5d/specs/
CAR_32A7B59E,Renault,Megane,14 dynamique 4d,Renault Megane Saloon1.4 Dynamique 4d Specs & dimensions,2003,,1390.0,4.0,96.0,127.0,1190.0,Front wheel drive,Manual,Naturally Aspirated,Petrol,,,185.1,115.0,12.3,164.0,https://www.parkers.co.uk/renault/megane/saloon-2003/14-dynamique-4d/specs/
CAR_021ABE63,Renault,Megane,14 dynamique 5d,Renault Megane Sport Tourer1.4 Dynamique 5d Specs & dimensions,2003,,1390.0,4.0,98.0,127.0,1210.0,Front wheel drive,Manual,Naturally Aspirated,Petrol,,,180.2,112.0,12.7,165.0,https://www.parkers.co.uk/renault/megane/sport-tourer-2003/14-dynamique-5d/specs/
CAR_20316D94,Renault,Megane,16 vvt dynamique 2d,Renault Megane Cabriolet1.6 VVT Dynamique 2d Specs & dimensions,2003,,1598.0,4.0,115.0,152.0,1320.0,Front wheel drive,Manual,Naturally Aspirated,Petrol,,,194.7,121.0,11.4,164.0,https://www.parkers.co.uk/renault/megane/cabriolet-2003/16-vvt-dynamique-2d/specs/
CAR_2ED5A1CA,Renault,Megane,14 authentique 5d,Renault Megane Hatchback1.4 Authentique 5d Specs & dimensions,2006,,1390.0,4.0,98.0,127.0,1165.0,Front wheel drive,Manual,Naturally Aspirated,Petrol,,,183.5,114.0,12.1,165.0,https://www.parkers.co.uk/renault/megane/hatchback-2006/14-authentique-5d/specs/
CAR_B386B3DD,Renault,Megane,14 dynamique 4d,Renault Megane Saloon1.4 Dynamique 4d Specs & dimensions,2006,,1390.0,4.0,98.0,127.0,1190.0,Front wheel drive,Manual,Naturally Aspirated,Petrol,,,185.1,115.0,12.3,164.0,https://www.parkers.co.uk/renault/megane/saloon-2006/14-dynamique-4d/specs/
CAR_4B5DCCA3,Renault,Megane,14 dynamique 5d,Renault Megane Tourer1.4 Dynamique 5d Specs & dimensions,2006,,1390.0,4.0,98.0,127.0,1210.0,Front wheel drive,Manual,Naturally Aspirated,Petrol,,,180.2,112.0,12.7,166.0,https://www.parkers.co.uk/renault/megane/tourer-2006/14-dynamique-5d/specs/
CAR_905073D2,Renault,Megane,15 dci dynamique 2d,Renault Megane Cabriolet1.5 dCi Dynamique 2d Specs & dimensions,2006,,1461.0,4.0,104.0,240.0,1395.0,Front wheel drive,Manual,Diesel,Diesel,,,189.9,118.0,11.8,133.0,https://www.parkers.co.uk/renault/megane/cabriolet-2006/15-dci-dynamique-2d/specs/
CAR_5FE75BB0,Renault,Megane,20 t 16v renaultsport (225bhp) 3d,Renault Megane Renaultsport2.0 T 16V Renaultsport (225bhp) 3d Specs & dimensions,2006,,1998.0,4.0,221.0,300.0,1345.0,Front wheel drive,Manual,Naturally Aspirated,Petrol,,,236.6,147.0,6.3,200.0,https://www.parkers.co.uk/renault/megane/renaultsport-2006/20-t-16v-renaultsport-(225bhp)-3d/specs/
CAR_D2DA8ACA,Renault,Megane E Tech,ev60 160kw equilibre 60kwh optimum charge 5dr auto,Renault Megane E-Tech HatchbackEV60 160kW Equilibre 60kWh Optimum Charge 5dr Auto Specs & dimensions,2022,,,,213.0,300.0,1708.0,Front wheel drive,Automatic,EV,Electric,,,159.3,99.0,7.3,0.0,https://www.parkers.co.uk/renault/megane-e-tech/hatchback-2022/ev60-160kw-equilibre-60kwh-optimum-charge-5dr-auto/specs/
CAR_D9FD1802,Renault,Megane Scenic,16e rn 5d,Renault Megane Scenic Estate1.6e RN 5d Specs & dimensions,1997,,1598.0,4.0,90.0,137.0,1220.0,Front wheel drive,Manual,Naturally Aspirated,Petrol,,,170.6,106.0,13.3,193.0,https://www.parkers.co.uk/renault/megane-scenic/estate-1997/16e-rn-5d/specs/
CAR_673C4486,Renault,Modus,12 authentique 5d,Renault Modus Hatchback1.2 Authentique 5d Specs & dimensions,2004,,1149.0,4.0,75.0,105.0,1120.0,Front wheel drive,Manual,Naturally Aspirated,Petrol,,,162.5,101.0,13.1,145.0,https://www.parkers.co.uk/renault/modus/hatchback-2004/12-authentique-5d/specs/
CAR_986838A8,Renault,Rafale,e tech fhev iconic esprit alpine 5dr auto,Renault Rafale SUVE-Tech FHEV Iconic Esprit Alpine 5dr Auto Specs & dimensions,2024,,1199.0,3.0,197.0,205.0,1666.0,Front wheel drive,Automatic,EV,Petrol/Electric Hybrid,,,178.6,111.0,8.6,109.0,https://www.parkers.co.uk/renault/rafale/suv-2024/e-tech-fhev-iconic-esprit-alpine-5dr-auto/specs/
CAR_99053C08,Renault,Safrane,20 16v 5d,Renault Safrane Hatchback2.0 16V 5d Specs & dimensions,1993,,1948.0,4.0,138.0,182.0,1450.0,Front wheel drive,Manual,Naturally Aspirated,Petrol,,,207.6,129.0,10.2,214.0,https://www.parkers.co.uk/renault/safrane/hatchback-1993/20-16v-5d/specs/
CAR_04ED1BAD,Renault,Scenic,12 tce (130bhp) dynamique nav 5d,Renault Scenic Estate1.2 TCE (130bhp) Dynamique Nav 5d Specs & dimensions,2009,,1198.0,4.0,128.0,205.0,1410.0,Front wheel drive,Manual,Naturally Aspirated,Petrol,,,189.9,118.0,11.0,140.0,https://www.parkers.co.uk/renault/scenic/estate-2009/12-tce-(130bhp)-dynamique-nav-5d/specs/
CAR_D71ADE3E,Renault,Scenic,12 tce (130bhp) dynamique nav (bose pack) 5d,Renault Scenic XMOD1.2 TCE (130bhp) Dynamique Nav (Bose+ Pack) 5d Specs & dimensions,2013,,1198.0,4.0,128.0,205.0,1424.0,Front wheel drive,Manual,Naturally Aspirated,Petrol,,,189.9,118.0,11.0,140.0,https://www.parkers.co.uk/renault/scenic/xmod-2013/12-tce-(130bhp)-dynamique-nav-(bose-pack)-5d/specs/
CAR_52E1CD3A,Renault,Scenic,15 dci 120 iconic auto 5d,Renault Scenic Estate1.5 dCi 120 Iconic Auto 5d Specs & dimensions,2016,,1749.0,4.0,118.0,,,Front wheel drive,Automatic,Diesel,Diesel,,,,,,135.0,https://www.parkers.co.uk/renault/scenic/estate-2016/15-dci-120-iconic-auto-5d/specs/
CAR_F7F096D2,Renault,Scenic,14 16v 5d,Renault Scenic Estate1.4 16V 5d Specs & dimensions,1999,,1390.0,4.0,95.0,127.0,1235.0,Front wheel drive,Manual,Naturally Aspirated,Petrol,,,172.2,107.0,12.5,168.0,https://www.parkers.co.uk/renault/scenic/estate-1999/14-16v-5d/specs/
CAR_95218631,Renault,Scenic,14 authentique (1006 1207) 5d (ac),Renault Scenic Estate1.4 Authentique (10/06-12/07) 5d (AC) Specs & dimensions,2003,,1390.0,4.0,98.0,127.0,1320.0,Front wheel drive,Manual,Naturally Aspirated,Petrol,,,173.8,108.0,13.8,176.0,https://www.parkers.co.uk/renault/scenic/estate-2003/14-authentique-(1006-1207)-5d-(ac)/specs/
CAR_58DC796E,Renault,Scenic E Tech,125kw techno 60kwh comfort range 5dr auto,Renault Scenic E-Tech SUV125kW Techno 60kWh Comfort Range 5dr Auto Specs & dimensions,2024,,,,167.0,280.0,1817.0,Front wheel drive,Automatic,EV,Electric,,,149.7,93.0,8.3,0.0,https://www.parkers.co.uk/renault/scenic-e-tech/suv-2024/125kw-techno-60kwh-comfort-range-5dr-auto/specs/
CAR_8F5CBBDD,Renault,Sport Spider,sport spider 2d (2 seat),Renault Sport Spider RoadsterSport Spider 2d (2 Seat) Specs & dimensions,1996,,1998.0,,150.0,,,Rear wheel drive,Manual,Naturally Aspirated,Petrol,,,215.7,134.0,6.7,268.0,https://www.parkers.co.uk/renault/sport-spider/roadster-1996/sport-spider-2d-(2-seat)/specs/
CAR_082FEDCD,Renault,Symbioz,13 tce 140 techno 5dr,Renault Symbioz SUV1.3 TCe 140 Techno 5dr Specs & dimensions,2024,,1333.0,4.0,138.0,,1284.0,Front wheel drive,Manual,EV,Petrol/Electric Hybrid,,,180.2,112.0,10.8,134.0,https://www.parkers.co.uk/renault/symbioz/suv-2024/13-tce-140-techno-5dr/specs/
CAR_4BF9EEA2,Renault,Twingo,12 16v bizu 3d,Renault Twingo Hatchback1.2 16V Bizu 3d Specs & dimensions,2007,,1149.0,4.0,73.0,107.0,950.0,Front wheel drive,Manual,Naturally Aspirated,Petrol,,,169.0,105.0,11.6,119.0,https://www.parkers.co.uk/renault/twingo/hatchback-2007/12-16v-bizu-3d/specs/
CAR_27968D5A,Renault,Twingo,16 vvt gordini (133bhp) 3d,Renault Twingo Renaultsport1.6 VVT Gordini (133bhp) 3d Specs & dimensions,2008,,1598.0,4.0,131.0,160.0,1049.0,Front wheel drive,Manual,Naturally Aspirated,Petrol,,,201.2,125.0,8.4,155.0,https://www.parkers.co.uk/renault/twingo/renaultsport-2008/16-vvt-gordini-(133bhp)-3d/specs/
CAR_1C88239C,Renault,Twingo,09 tce dynamique (start stop) 5d,Renault Twingo Hatchback0.9 TCE Dynamique (Start Stop) 5d Specs & dimensions,2014,,898.0,3.0,88.0,135.0,943.0,Rear wheel drive,Manual,Naturally Aspirated,Petrol,,,165.8,103.0,10.5,99.0,https://www.parkers.co.uk/renault/twingo/hatchback-2014/09-tce-dynamique-(start-stop)-5d/specs/
CAR_B6CBD5C3,Renault,Twizy,13kw colour 2d auto,Renault Twizy Coupe13kW Colour 2d Auto Specs & dimensions,2012,,,,,,,Rear wheel drive,Automatic,EV,Electric,,,80.5,50.0,,0.0,https://www.parkers.co.uk/renault/twizy/coupe-2012/13kw-colour-2d-auto/specs/
CAR_B1BC661B,Renault,Vel Satis,20 t 16v expression 5d,Renault Vel Satis Hatchback2.0 T 16V Expression 5d Specs & dimensions,2002,,1998.0,4.0,165.0,250.0,1640.0,Front wheel drive,Manual,Naturally Aspirated,Petrol,,,210.8,131.0,9.6,225.0,https://www.parkers.co.uk/renault/vel-satis/hatchback-2002/20-t-16v-expression-5d/specs/
CAR_CE45CD98,Renault,Wind,12 tce collection 2d,Renault Wind Hatchback1.2 TCE Collection 2d Specs & dimensions,2010,,1149.0,4.0,98.0,152.0,1131.0,Front wheel drive,Manual,Naturally Aspirated,Petrol,,,189.9,118.0,10.2,145.0,https://www.parkers.co.uk/renault/wind/hatchback-2010/12-tce-collection-2d/specs/
CAR_C79D351C,Renault,Zoe,100kw gt edition r135 50kwh rapid charge 5dr auto,Renault Zoe Hatchback100kW GT Edition R135 50kWh Rapid Charge 5dr Auto Specs & dimensions,2012,,,,134.0,245.0,1502.0,Front wheel drive,Automatic,EV,Electric,,,140.0,87.0,9.2,0.0,https://www.parkers.co.uk/renault/zoe/hatchback-2012/100kw-gt-edition-r135-50kwh-rapid-charge-5dr-auto/specs/
CAR_0675C857,Seat,Alhambra,14 tsi s 5d,SEAT Alhambra Estate1.4 TSI S 5d Specs & dimensions,2010,,1395.0,4.0,147.0,250.0,1755.0,Front wheel drive,Manual,Turbocharged,Petrol,,,199.6,124.0,9.6,150.0,https://www.parkers.co.uk/seat/alhambra/estate-2010/14-tsi-s-5d/specs/
CAR_EF8CB46E,Seat,Alhambra,18 t 20v s 5d (7 seat),SEAT Alhambra Estate1.8 T 20V S 5d (7 Seat) Specs & dimensions,2000,,1781.0,4.0,147.0,210.0,1749.0,Front wheel drive,Manual,Naturally Aspirated,Petrol,,,199.6,124.0,10.6,228.0,https://www.parkers.co.uk/seat/alhambra/estate-2000/18-t-20v-s-5d-(7-seat)/specs/
CAR_4092A6E1,Seat,Alhambra,18 20vt gran via 5d (6 seat),SEAT Alhambra Estate1.8 20VT Gran Via 5d (6 Seat) Specs & dimensions,1996,,1781.0,4.0,150.0,210.0,1754.0,Front wheel drive,Manual,Naturally Aspirated,Petrol,,,193.1,120.0,11.5,242.0,https://www.parkers.co.uk/seat/alhambra/estate-1996/18-20vt-gran-via-5d-(6-seat)/specs/
CAR_2248F9C3,Seat,Altea,12 tsi ecomotive tech s 5d,SEAT Altea Hatchback1.2 TSI Ecomotive Tech S 5d Specs & dimensions,2004,,1197.0,4.0,103.0,175.0,1360.0,Front wheel drive,Manual,Turbocharged,Petrol,,,183.5,114.0,10.9,132.0,https://www.parkers.co.uk/seat/altea/hatchback-2004/12-tsi-ecomotive-tech-s-5d/specs/
CAR_7AFBCAC2,Seat,Altea,12 tsi ecomotive tech s 5d,SEAT Altea XL1.2 TSI Ecomotive Tech S 5d Specs & dimensions,2007,,1197.0,4.0,103.0,175.0,1395.0,Front wheel drive,Manual,Turbocharged,Petrol,,,183.5,114.0,11.2,132.0,https://www.parkers.co.uk/seat/altea/xl-2007/12-tsi-ecomotive-tech-s-5d/specs/
CAR_C140F912,Seat,Altea,20 tdi 5d,SEAT Altea Freetrack 42.0 TDi 5d Specs & dimensions,2007,,1968.0,4.0,167.0,350.0,1568.0,4 wheel drive,Manual,Diesel,Diesel,,,204.4,127.0,8.4,179.0,https://www.parkers.co.uk/seat/altea/freetrack-4-2007/20-tdi-5d/specs/
CAR_34479AE5,Seat,Arona,10 tsi 110 fr 5dr,SEAT Arona SUV1.0 TSI 110 FR 5dr Specs & dimensions,2018,,999.0,3.0,108.0,200.0,1140.0,Front wheel drive,Manual,Turbocharged,Petrol,,,189.9,118.0,10.3,121.0,https://www.parkers.co.uk/seat/arona/suv-2018/10-tsi-110-fr-5dr/specs/
CAR_DCBC3170,Seat,Arosa,10 3d,SEAT Arosa Hatchback1.0 3d Specs & dimensions,1997,,999.0,4.0,49.0,86.0,880.0,Front wheel drive,Manual,Naturally Aspirated,Petrol,,,151.3,94.0,17.1,139.0,https://www.parkers.co.uk/seat/arosa/hatchback-1997/10-3d/specs/
CAR_4D58CB79,Seat,Ateca,10 tsi 115 ecomotive se 5d,SEAT Ateca SUV1.0 TSI 115 Ecomotive SE 5d Specs & dimensions,2016,,999.0,3.0,113.0,200.0,1270.0,Front wheel drive,Manual,Turbocharged,Petrol,,,183.5,114.0,10.4,147.0,https://www.parkers.co.uk/seat/ateca/suv-2016/10-tsi-115-ecomotive-se-5d/specs/
CAR_BB8965C0,Seat,Cordoba,14 16v cools 4d,SEAT Cordoba Saloon1.4 16V .cool/S 4d Specs & dimensions,1999,,1390.0,4.0,75.0,126.0,1038.0,Front wheel drive,Manual,Naturally Aspirated,Petrol,,,170.6,106.0,12.5,163.0,https://www.parkers.co.uk/seat/cordoba/saloon-1999/14-16v-cools-4d/specs/
CAR_6A9F6FA1,Seat,Cordoba,14 16v cools 5d,SEAT Cordoba Estate1.4 16V .cool/S 5d Specs & dimensions,1999,,1390.0,4.0,75.0,126.0,1056.0,Front wheel drive,Manual,Naturally Aspirated,Petrol,,,167.4,104.0,12.8,166.0,https://www.parkers.co.uk/seat/cordoba/estate-1999/14-16v-cools-5d/specs/
CAR_6BA20698,Seat,Cordoba,14 reference 4d,SEAT Cordoba Saloon1.4 Reference 4d Specs & dimensions,2003,,1390.0,4.0,73.0,126.0,1136.0,Front wheel drive,Manual,Naturally Aspirated,Petrol,,,172.2,107.0,13.2,158.0,https://www.parkers.co.uk/seat/cordoba/saloon-2003/14-reference-4d/specs/
CAR_A30DE6AE,Seat,Cordoba,14 cls 4d,SEAT Cordoba Saloon1.4 CLS 4d Specs & dimensions,1994,,1391.0,4.0,60.0,116.0,1020.0,Front wheel drive,Manual,Naturally Aspirated,Petrol,,,157.7,98.0,15.1,,https://www.parkers.co.uk/seat/cordoba/saloon-1994/14-cls-4d/specs/
CAR_A19684B3,Seat,Cordoba,16 se 5d,SEAT Cordoba Estate1.6 SE 5d Specs & dimensions,1998,,1598.0,4.0,75.0,135.0,1045.0,Front wheel drive,Manual,Naturally Aspirated,Petrol,,,165.8,103.0,12.9,175.0,https://www.parkers.co.uk/seat/cordoba/estate-1998/16-se-5d/specs/
CAR_DB41A240,Seat,Cordoba,16 sx 2d,SEAT Cordoba Coupe1.6 SX 2d Specs & dimensions,1996,,1595.0,4.0,100.0,140.0,1050.0,Front wheel drive,Manual,Naturally Aspirated,Petrol,,,186.7,116.0,10.5,165.0,https://www.parkers.co.uk/seat/cordoba/coupe-1996/16-sx-2d/specs/
CAR_0BA10BC3,Seat,Exeo,20 cr s (143bhp) 4d,SEAT Exeo Saloon2.0 CR S (143bhp) 4d Specs & dimensions,2009,,1968.0,4.0,140.0,320.0,1430.0,Front wheel drive,Manual,Unknown,Diesel,,,215.7,134.0,8.9,129.0,https://www.parkers.co.uk/seat/exeo/saloon-2009/20-cr-s-(143bhp)-4d/specs/
CAR_1E91B8C2,Seat,Exeo,20 cr s (143bhp) 5d,SEAT Exeo ST2.0 CR S (143bhp) 5d Specs & dimensions,2009,,1968.0,4.0,140.0,320.0,1490.0,Front wheel drive,Manual,Unknown,Diesel,,,209.2,130.0,9.3,132.0,https://www.parkers.co.uk/seat/exeo/st-2009/20-cr-s-(143bhp)-5d/specs/
CAR_CF7FFAC7,Seat,Ibiza,10 mpi fr 5dr,SEAT Ibiza Hatchback1.0 MPI FR 5dr Specs & dimensions,2017,,999.0,3.0,78.0,93.0,1036.0,Front wheel drive,Manual,Naturally Aspirated,Petrol,,,172.2,107.0,14.8,125.0,https://www.parkers.co.uk/seat/ibiza/hatchback-2017/10-mpi-fr-5dr/specs/
CAR_3A227111,Seat,Ibiza,10 ecotsi (110bhp) fr technology 5d dsg,SEAT Ibiza Hatchback1.0 EcoTSI (110bhp) FR Technology 5d DSG Specs & dimensions,2008,,999.0,3.0,108.0,200.0,1140.0,Front wheel drive,Automatic,Turbocharged,Petrol,,,196.3,122.0,9.0,102.0,https://www.parkers.co.uk/seat/ibiza/hatchback-2008/10-ecotsi-(110bhp)-fr-technology-5d-dsg/specs/
CAR_3B8C8763,Seat,Ibiza,10 e 3d,SEAT Ibiza Sport Coupe1.0 E 3d Specs & dimensions,2008,,999.0,3.0,73.0,95.0,1043.0,Front wheel drive,Manual,Naturally Aspirated,Petrol,,,172.2,107.0,13.8,118.0,https://www.parkers.co.uk/seat/ibiza/sport-coupe-2008/10-e-3d/specs/
CAR_07E69D8E,Seat,Ibiza,10 ecotsi (110bhp) fr hatchback 5d dsg,SEAT Ibiza FR1.0 EcoTSI (110bhp) FR Hatchback 5d DSG Specs & dimensions,2009,,999.0,3.0,108.0,200.0,1140.0,Front wheel drive,Automatic,Turbocharged,Petrol,,,196.3,122.0,9.0,102.0,https://www.parkers.co.uk/seat/ibiza/fr-2009/10-ecotsi-(110bhp)-fr-hatchback-5d-dsg/specs/
CAR_B7883409,Seat,Ibiza,14 tsi cupra sport coupe 3d dsg,SEAT Ibiza Cupra1.4 TSI Cupra Sport Coupe 3d DSG Specs & dimensions,2009,,1390.0,4.0,177.0,250.0,1259.0,Front wheel drive,Automatic,Turbocharged,Petrol,,,228.5,142.0,6.7,139.0,https://www.parkers.co.uk/seat/ibiza/cupra-2009/14-tsi-cupra-sport-coupe-3d-dsg/specs/
CAR_C2557803,Seat,Ibiza,10 ecotsi se 5d,SEAT Ibiza ST1.0 EcoTSI SE 5d Specs & dimensions,2010,,999.0,3.0,93.0,160.0,1145.0,Front wheel drive,Manual,Turbocharged,Petrol,,,191.5,119.0,10.5,98.0,https://www.parkers.co.uk/seat/ibiza/st-2010/10-ecotsi-se-5d/specs/
CAR_046297FF,Seat,Ibiza,14 cool 3d (00),SEAT Ibiza Hatchback1.4 .cool 3d (00) Specs & dimensions,1999,,1391.0,4.0,60.0,116.0,955.0,Front wheel drive,Manual,Naturally Aspirated,Petrol,,,157.7,98.0,14.6,161.0,https://www.parkers.co.uk/seat/ibiza/hatchback-1999/14-cool-3d-(00)/specs/
CAR_782483B3,Seat,Ibiza,12 3d,SEAT Ibiza Hatchback1.2 3d Specs & dimensions,2002,,1198.0,3.0,63.0,112.0,1043.0,Front wheel drive,Manual,Naturally Aspirated,Petrol,,,165.8,103.0,14.4,144.0,https://www.parkers.co.uk/seat/ibiza/hatchback-2002/12-3d/specs/
CAR_14F22839,Seat,Ibiza,12 bonito 3d,SEAT Ibiza Hatchback1.2 Bonito 3d Specs & dimensions,1985,,1193.0,,63.0,,,Front wheel drive,Manual,Naturally Aspirated,Petrol,,,,,,,https://www.parkers.co.uk/seat/ibiza/hatchback-1985/12-bonito-3d/specs/
CAR_E962B082,Seat,Ibiza,10 mpi e 3d,SEAT Ibiza Hatchback1.0 MPi E 3d Specs & dimensions,1993,,998.0,4.0,50.0,86.0,910.0,Front wheel drive,Manual,Naturally Aspirated,Petrol,,,144.8,90.0,18.8,,https://www.parkers.co.uk/seat/ibiza/hatchback-1993/10-mpi-e-3d/specs/
CAR_689517B9,Seat,Leon,12 tsi (110bhp) s 5d,SEAT Leon Hatchback1.2 TSI (110bhp) S 5d Specs & dimensions,2013,,1197.0,4.0,108.0,175.0,1213.0,Front wheel drive,Manual,Turbocharged,Petrol,,,194.7,121.0,9.6,114.0,https://www.parkers.co.uk/seat/leon/hatchback-2013/12-tsi-(110bhp)-s-5d/specs/
CAR_F9E1D525,Seat,Leon,12 tsi (110bhp) s 5d,SEAT Leon ST1.2 TSI (110bhp) S 5d Specs & dimensions,2014,,1197.0,4.0,108.0,175.0,1247.0,Front wheel drive,Manual,Turbocharged,Petrol,,,194.7,121.0,9.8,114.0,https://www.parkers.co.uk/seat/leon/st-2014/12-tsi-(110bhp)-s-5d/specs/
CAR_73ED33AE,Seat,Leon,10 etsi fr dsg 5d,SEAT Leon Hatchback1.0 eTSI FR DSG 5d Specs & dimensions,2020,,999.0,3.0,108.0,200.0,1260.0,Front wheel drive,Automatic,Turbocharged,Petrol,,,191.5,119.0,10.3,128.0,https://www.parkers.co.uk/seat/leon/hatchback-2020/10-etsi-fr-dsg-5d/specs/
CAR_7C645DBB,Seat,Leon,10 tsi evo fr 5dr,SEAT Leon Estate1.0 TSI EVO FR 5dr Specs & dimensions,2020,,999.0,3.0,108.0,200.0,1247.0,Front wheel drive,Manual,Turbocharged,Petrol,,,199.6,124.0,10.9,128.0,https://www.parkers.co.uk/seat/leon/estate-2020/10-tsi-evo-fr-5dr/specs/
CAR_B365AB1E,Seat,Leon,12 tsi s (6 speed) 5d,SEAT Leon Hatchback1.2 TSI S (6 speed) 5d Specs & dimensions,2005,,1197.0,4.0,103.0,175.0,1280.0,Front wheel drive,Manual,Turbocharged,Petrol,,,185.1,115.0,10.6,124.0,https://www.parkers.co.uk/seat/leon/hatchback-2005/12-tsi-s-(6-speed)-5d/specs/
CAR_AAF0793D,Seat,Leon,20 16v t fsi cupra 5d,SEAT Leon Cupra2.0 16V T FSI Cupra 5d Specs & dimensions,2007,,1984.0,4.0,236.0,300.0,1375.0,Front wheel drive,Manual,Naturally Aspirated,Petrol,,,246.2,153.0,6.2,199.0,https://www.parkers.co.uk/seat/leon/cupra-2007/20-16v-t-fsi-cupra-5d/specs/
CAR_C381861A,Seat,Leon,20 tsi cupra r (265bhp) 5d,SEAT Leon Cupra R2.0 TSI Cupra R (265bhp) 5d Specs & dimensions,2010,,1984.0,4.0,261.0,350.0,1450.0,Front wheel drive,Manual,Turbocharged,Petrol,,,249.4,155.0,6.0,190.0,https://www.parkers.co.uk/seat/leon/cupra-r-2010/20-tsi-cupra-r-(265bhp)-5d/specs/
CAR_5DE3C1E2,Seat,Leon,14 tsi fr 5d,SEAT Leon FR1.4 TSI FR 5d Specs & dimensions,2006,,1390.0,4.0,123.0,200.0,1324.0,Front wheel drive,Manual,Turbocharged,Petrol,,,196.3,122.0,9.5,145.0,https://www.parkers.co.uk/seat/leon/fr-2006/14-tsi-fr-5d/specs/
CAR_B02A3622,Seat,Leon,20 tsi cupra (290bhp) (sub8 pack) hatchback 5d,SEAT Leon Cupra2.0 TSI Cupra (290bhp) (Sub8 Pack) Hatchback 5d Specs & dimensions,2014,,1984.0,4.0,285.0,350.0,1395.0,Front wheel drive,Manual,Turbocharged,Petrol,,,249.4,155.0,5.6,156.0,https://www.parkers.co.uk/seat/leon/cupra-2014/20-tsi-cupra-(290bhp)-(sub8-pack)-hatchback-5d/specs/
CAR_F8FF7E0D,Seat,Leon,12 tsi (110bhp) s 3d,SEAT Leon SC1.2 TSI (110bhp) S 3d Specs & dimensions,2013,,1197.0,4.0,108.0,175.0,1193.0,Front wheel drive,Manual,Turbocharged,Petrol,,,194.7,121.0,9.4,114.0,https://www.parkers.co.uk/seat/leon/sc-2013/12-tsi-(110bhp)-s-3d/specs/
CAR_599ACB8E,Seat,Leon,20 tdi (184bhp) se technology (lux pack) 5d dsg,SEAT Leon X-PERIENCE2.0 TDI (184bhp) SE Technology (Lux pack) 5d DSG Specs & dimensions,2014,,1968.0,4.0,181.0,380.0,1529.0,4 wheel drive,Automatic,Diesel,Diesel,,,223.7,139.0,6.9,139.0,https://www.parkers.co.uk/seat/leon/x-perience-2014/20-tdi-(184bhp)-se-technology-(lux-pack)-5d-dsg/specs/
CAR_4EE760D2,Seat,Leon,14 16v s 5d,SEAT Leon Hatchback1.4 16V S 5d Specs & dimensions,2000,,1390.0,4.0,73.0,126.0,1190.0,Front wheel drive,Manual,Naturally Aspirated,Petrol,,,169.0,105.0,14.1,163.0,https://www.parkers.co.uk/seat/leon/hatchback-2000/14-16v-s-5d/specs/
CAR_2AB9DD27,Seat,Leon,18 20v (225ps) 5d,SEAT Leon Cupra R1.8 20V (225ps) 5d Specs & dimensions,2002,,1781.0,4.0,221.0,280.0,1376.0,Front wheel drive,Manual,Naturally Aspirated,Petrol,,,241.4,150.0,6.7,211.0,https://www.parkers.co.uk/seat/leon/cupra-r-2002/18-20v-(225ps)-5d/specs/
CAR_D646B2F7,Seat,Malaga,12 gl 4d,SEAT Malaga Saloon1.2 GL 4d Specs & dimensions,1985,,1193.0,,63.0,,,Front wheel drive,Manual,Naturally Aspirated,Petrol,,,,,,,https://www.parkers.co.uk/seat/malaga/saloon-1985/12-gl-4d/specs/
CAR_71C942DE,Seat,Malaga,12 l 5d,SEAT Malaga Hatchback1.2 L 5d Specs & dimensions,1985,,1193.0,,63.0,,,Front wheel drive,Manual,Naturally Aspirated,Petrol,,,,,,,https://www.parkers.co.uk/seat/malaga/hatchback-1985/12-l-5d/specs/
CAR_6AC4A842,Seat,Marbella,850 3d,SEAT Marbella Hatchback850 3d Specs & dimensions,1988,,843.0,,,,,Front wheel drive,Manual,Naturally Aspirated,Petrol,,,,,,,https://www.parkers.co.uk/seat/marbella/hatchback-1988/850-3d/specs/
CAR_A81F3A41,Seat,Mii,10 (75bhp) fr line 3d,SEAT Mii Hatchback1.0 (75bhp) FR Line 3d Specs & dimensions,2012,,999.0,3.0,73.0,95.0,929.0,Front wheel drive,Manual,Naturally Aspirated,Petrol,,,170.6,106.0,12.8,102.0,https://www.parkers.co.uk/seat/mii/hatchback-2012/10-(75bhp)-fr-line-3d/specs/
CAR_74AE427B,Seat,Mii Electric,83ps auto 5d,SEAT Mii Electric Hatchback83PS auto 5d Specs & dimensions,2019,,,,81.0,212.0,1160.0,Front wheel drive,Automatic,EV,Electric,,,130.4,81.0,11.9,0.0,https://www.parkers.co.uk/seat/mii-electric/hatchback-2019/83ps-auto-5d/specs/
CAR_BE89431E,Seat,Tarraco,14 ehybrid fr 5dr dsg,SEAT Tarraco SUV1.4 eHybrid FR 5dr DSG Specs & dimensions,2018,,1395.0,4.0,241.0,250.0,1791.0,Front wheel drive,Automatic,Hybrid,Petrol Parallel PHEV,,,204.4,127.0,7.3,42.0,https://www.parkers.co.uk/seat/tarraco/suv-2018/14-ehybrid-fr-5dr-dsg/specs/
CAR_AD8FBF72,Seat,Terra Vista,2d,SEAT Terra Vista Estate2d Specs & dimensions,1989,,903.0,,,,,Front wheel drive,Manual,Naturally Aspirated,Petrol,,,,,,,https://www.parkers.co.uk/seat/terra-vista/estate-1989/2d/specs/
CAR_93C64FE0,Seat,Toledo,12 e 5d,SEAT Toledo Hatchback1.2 E 5d Specs & dimensions,2013,,1198.0,3.0,73.0,112.0,1135.0,Front wheel drive,Manual,Naturally Aspirated,Petrol,,,175.4,109.0,13.5,137.0,https://www.parkers.co.uk/seat/toledo/hatchback-2013/12-e-5d/specs/
CAR_B709E569,Seat,Toledo,16 4d,SEAT Toledo Saloon1.6 4d Specs & dimensions,1999,,1595.0,4.0,100.0,145.0,1154.0,Front wheel drive,Manual,Naturally Aspirated,Petrol,,,186.7,116.0,11.1,185.0,https://www.parkers.co.uk/seat/toledo/saloon-1999/16-4d/specs/
CAR_5E2EF4EB,Seat,Toledo,16 8v reference 5d,SEAT Toledo Hatchback1.6 8V Reference 5d Specs & dimensions,2005,,1595.0,4.0,100.0,148.0,1422.0,Front wheel drive,Manual,Naturally Aspirated,Petrol,,,180.2,112.0,12.5,185.0,https://www.parkers.co.uk/seat/toledo/hatchback-2005/16-8v-reference-5d/specs/
CAR_ABBAC997,Seat,Toledo,16 cl 5d,SEAT Toledo Hatchback1.6 CL 5d Specs & dimensions,1991,,1595.0,,75.0,,,Front wheel drive,Manual,Naturally Aspirated,Petrol,,,,,,,https://www.parkers.co.uk/seat/toledo/hatchback-1991/16-cl-5d/specs/
CAR_FEEFA1CD,Skoda,Citigo,10 mpi (75bhp) elegance 3d asg,Skoda Citigo Hatchback1.0 MPI (75bhp) Elegance 3d ASG Specs & dimensions,2012,,999.0,3.0,73.0,95.0,932.0,Front wheel drive,Automatic,Naturally Aspirated,Petrol,,,170.6,106.0,13.5,105.0,https://www.parkers.co.uk/skoda/citigo/hatchback-2012/10-mpi-(75bhp)-elegance-3d-asg/specs/
CAR_D368C53A,Skoda,Citigo E,61kw se 37kwh auto [40kw charger] 5d,Skoda Citigo-e Hatchback61kW SE 37kWh Auto [40kW Charger] 5d Specs & dimensions,2019,,,,81.0,212.0,1160.0,Front wheel drive,Automatic,EV,Electric,,,130.4,81.0,11.9,0.0,https://www.parkers.co.uk/skoda/citigo-e/hatchback-2019/61kw-se-37kwh-auto-[40kw-charger]-5d/specs/
CAR_DBEA8325,Skoda,Elroq,125kw 50 se 55kwh 5dr auto,Skoda Elroq SUV125kW 50 SE 55kWh 5dr Auto Specs & dimensions,2024,,,,167.0,310.0,1874.0,Rear wheel drive,Automatic,EV,Electric,,,159.3,99.0,8.7,0.0,https://www.parkers.co.uk/skoda/elroq/suv-2024/125kw-50-se-55kwh-5dr-auto/specs/
CAR_465A1AF4,Skoda,Elroq,250kw vrs 84kwh 4x4 5dr auto,Skoda Elroq vRS250kW vRS 84kWh 4x4 5dr Auto Specs & dimensions,2025,,,,335.0,545.0,2151.0,4 wheel drive,Automatic,EV,Electric,,,178.6,111.0,5.2,0.0,https://www.parkers.co.uk/skoda/elroq/vrs-2025/250kw-vrs-84kwh-4x4-5dr-auto/specs/
CAR_6BB452F0,Skoda,Enyaq,125kw 50 55kwh 5dr auto,Skoda Enyaq SUV125kW 50 55kWh 5dr Auto Specs & dimensions,2021,,,,167.0,310.0,1901.0,Rear wheel drive,Automatic,EV,Electric,,,159.3,99.0,8.8,0.0,https://www.parkers.co.uk/skoda/enyaq/suv-2021/125kw-50-55kwh-5dr-auto/specs/
CAR_74A3B36B,Skoda,Enyaq,150kw 80 loft 82kwh 5dr auto,Skoda Enyaq Coupe150KW 80 Loft 82KWh 5dr Auto Specs & dimensions,2022,,,,201.0,310.0,2044.0,Rear wheel drive,Automatic,EV,Electric,,,159.3,99.0,8.2,0.0,https://www.parkers.co.uk/skoda/enyaq/coupe-2022/150kw-80-loft-82kwh-5dr-auto/specs/
CAR_F43635C1,Skoda,Estelle,130 gl 4d,Skoda Estelle Saloon130 GL 4d Specs & dimensions,1985,,1289.0,,58.0,,,Rear wheel drive,Manual,Naturally Aspirated,Petrol,,,,,,,https://www.parkers.co.uk/skoda/estelle/saloon-1985/130-gl-4d/specs/
CAR_452EEA90,Skoda,Fabia,10 mpi (60bhp) s 5d,Skoda Fabia Hatchback1.0 MPI (60bhp) S 5d Specs & dimensions,2015,,999.0,3.0,59.0,95.0,1005.0,Front wheel drive,Manual,Naturally Aspirated,Petrol,,,159.3,99.0,15.2,110.0,https://www.parkers.co.uk/skoda/fabia/hatchback-2015/10-mpi-(60bhp)-s-5d/specs/
CAR_025A1643,Skoda,Fabia,10 mpi monte carlo 5d,Skoda Fabia Estate1.0 MPI Monte Carlo 5d Specs & dimensions,2015,,999.0,3.0,73.0,95.0,1004.0,Front wheel drive,Manual,Naturally Aspirated,Petrol,,,175.4,109.0,14.4,109.0,https://www.parkers.co.uk/skoda/fabia/estate-2015/10-mpi-monte-carlo-5d/specs/
CAR_B1DDA3AE,Skoda,Fabia,10 mpi 80 colour edition 5dr,Skoda Fabia Hatchback1.0 MPI 80 Colour Edition 5dr Specs & dimensions,2021,,999.0,3.0,78.0,93.0,1053.0,Front wheel drive,Manual,Naturally Aspirated,Petrol,,,173.8,108.0,15.2,118.0,https://www.parkers.co.uk/skoda/fabia/hatchback-2021/10-mpi-80-colour-edition-5dr/specs/
CAR_629B476E,Skoda,Fabia,15 tsi 177 130 5dr dsg,Skoda Fabia 1301.5 TSI 177 130 5dr DSG Specs & dimensions,2026,,1498.0,4.0,174.0,250.0,1195.0,Front wheel drive,Automatic,Turbocharged,Petrol,,,226.9,141.0,7.2,124.0,https://www.parkers.co.uk/skoda/fabia/130-2026/15-tsi-177-130-5dr-dsg/specs/
CAR_EB84CC62,Skoda,Fabia,12 1 5d,Skoda Fabia Hatchback1.2 1 5d Specs & dimensions,2007,,1198.0,3.0,60.0,108.0,1015.0,Front wheel drive,Manual,Naturally Aspirated,Petrol,,,154.5,96.0,16.0,140.0,https://www.parkers.co.uk/skoda/fabia/hatchback-2007/12-1-5d/specs/
CAR_6BE5B6DF,Skoda,Fabia,12 12v 1 5d,Skoda Fabia Estate1.2 12V 1 5d Specs & dimensions,2008,,1198.0,3.0,70.0,112.0,1070.0,Front wheel drive,Manual,Naturally Aspirated,Petrol,,,162.5,101.0,14.6,140.0,https://www.parkers.co.uk/skoda/fabia/estate-2008/12-12v-1-5d/specs/
CAR_423F90EE,Skoda,Fabia,14 tsi vrs estate 5d dsg,Skoda Fabia vRS1.4 TSI vRS Estate 5d DSG Specs & dimensions,2010,,1390.0,4.0,177.0,250.0,1313.0,Front wheel drive,Automatic,Turbocharged,Petrol,,,225.3,140.0,7.1,148.0,https://www.parkers.co.uk/skoda/fabia/vrs-2010/14-tsi-vrs-estate-5d-dsg/specs/
CAR_C6B4171B,Skoda,Fabia,12 12v ambiente (64bhp) 5d,Skoda Fabia Hatchback1.2 12V Ambiente (64bhp) 5d Specs & dimensions,2000,,1198.0,3.0,64.0,112.0,1150.0,Front wheel drive,Manual,Naturally Aspirated,Petrol,,,159.3,99.0,15.4,140.0,https://www.parkers.co.uk/skoda/fabia/hatchback-2000/12-12v-ambiente-(64bhp)-5d/specs/
CAR_180CDA1B,Skoda,Fabia,19 tdi pd (130bhp) 5d,Skoda Fabia vRS1.9 TDI PD (130bhp) 5d Specs & dimensions,2003,,1896.0,4.0,130.0,310.0,1315.0,Front wheel drive,Manual,Diesel,Diesel,,,206.0,128.0,9.2,140.0,https://www.parkers.co.uk/skoda/fabia/vrs-2003/19-tdi-pd-(130bhp)-5d/specs/
CAR_949718F7,Skoda,Fabia,14 16v (75bhp) 4d auto,Skoda Fabia Saloon1.4 16V (75bhp) 4d Auto Specs & dimensions,2001,,1390.0,4.0,75.0,126.0,1215.0,Front wheel drive,Automatic,Naturally Aspirated,Petrol,,,165.8,103.0,16.7,182.0,https://www.parkers.co.uk/skoda/fabia/saloon-2001/14-16v-(75bhp)-4d-auto/specs/
CAR_033B3BD8,Skoda,Fabia,12 12v ambiente (64bhp) 5d,Skoda Fabia Estate1.2 12V Ambiente (64bhp) 5d Specs & dimensions,2001,,1198.0,3.0,64.0,112.0,1185.0,Front wheel drive,Manual,Naturally Aspirated,Petrol,,,162.5,101.0,15.8,144.0,https://www.parkers.co.uk/skoda/fabia/estate-2001/12-12v-ambiente-(64bhp)-5d/specs/
CAR_43E6617B,Skoda,Favorit,13 blackline glxi 5d,Skoda Favorit Hatchback1.3 Blackline GLXi 5d Specs & dimensions,1989,,1289.0,,67.0,,,Front wheel drive,Manual,Naturally Aspirated,Petrol,,,,,,,https://www.parkers.co.uk/skoda/favorit/hatchback-1989/13-blackline-glxi-5d/specs/
CAR_21AA9341,Skoda,Favorit,13 blackline glxi 5d,Skoda Favorit Estate1.3 Blackline GLXi 5d Specs & dimensions,1991,,1289.0,,67.0,,,Front wheel drive,Manual,Naturally Aspirated,Petrol,,,,,,,https://www.parkers.co.uk/skoda/favorit/estate-1991/13-blackline-glxi-5d/specs/
CAR_781CA650,Skoda,Felicia,13 bohemia 5d,Skoda Felicia Hatchback1.3 Bohemia 5d Specs & dimensions,1994,,1289.0,4.0,68.0,106.0,985.0,Front wheel drive,Manual,Naturally Aspirated,Petrol,,,162.5,101.0,13.1,160.0,https://www.parkers.co.uk/skoda/felicia/hatchback-1994/13-bohemia-5d/specs/
CAR_D193656C,Skoda,Felicia,13 bohemia 5d,Skoda Felicia Estate1.3 Bohemia 5d Specs & dimensions,1995,,1289.0,4.0,68.0,106.0,975.0,Front wheel drive,Manual,Naturally Aspirated,Petrol,,,162.5,101.0,13.6,,https://www.parkers.co.uk/skoda/felicia/estate-1995/13-bohemia-5d/specs/
CAR_0ACB7416,Skoda,Kamiq,10 tsi 110 monte carlo 5dr,Skoda Kamiq SUV1.0 TSI 110 Monte Carlo 5dr Specs & dimensions,2019,,999.0,3.0,108.0,200.0,1168.0,Front wheel drive,Manual,Turbocharged,Petrol,,,197.9,123.0,10.0,129.0,https://www.parkers.co.uk/skoda/kamiq/suv-2019/10-tsi-110-monte-carlo-5dr/specs/
CAR_77821EF2,Skoda,Karoq,10 tsi 110 se 5dr,Skoda Karoq SUV1.0 TSI 110 SE 5dr Specs & dimensions,2017,,999.0,3.0,108.0,200.0,1284.0,Front wheel drive,Manual,Turbocharged,Petrol,,,188.3,117.0,10.7,133.0,https://www.parkers.co.uk/skoda/karoq/suv-2017/10-tsi-110-se-5dr/specs/
CAR_0B61D624,Skoda,Kodiaq,15 tsi se 5dr,Skoda Kodiaq SUV1.5 TSI SE 5dr Specs & dimensions,2017,,1498.0,4.0,147.0,250.0,1515.0,Front wheel drive,Manual,Turbocharged,Petrol,,,206.0,128.0,9.5,150.0,https://www.parkers.co.uk/skoda/kodiaq/suv-2017/15-tsi-se-5dr/specs/
CAR_5BDF06FD,Skoda,Kodiaq,15 tsi e tec edition x 5dr dsg [7 seat],Skoda Kodiaq SUV1.5 TSI e-TEC Edition X 5dr DSG [7 Seat] Specs & dimensions,2024,,1498.0,4.0,147.0,250.0,1636.0,Front wheel drive,Automatic,Turbocharged,Petrol,,,204.4,127.0,9.6,142.0,https://www.parkers.co.uk/skoda/kodiaq/suv-2024/15-tsi-e-tec-edition-x-5dr-dsg-[7-seat]/specs/
CAR_AEE114ED,Skoda,Octavia,12 tsi (110bhp) s 5d,Skoda Octavia Hatchback1.2 TSI (110bhp) S 5d Specs & dimensions,2013,,1197.0,4.0,108.0,175.0,1155.0,Front wheel drive,Manual,Turbocharged,Petrol,,,199.6,124.0,9.9,114.0,https://www.parkers.co.uk/skoda/octavia/hatchback-2013/12-tsi-(110bhp)-s-5d/specs/
CAR_B4624EE5,Skoda,Octavia,12 tsi (110bhp) s 5d,Skoda Octavia Estate1.2 TSI (110bhp) S 5d Specs & dimensions,2013,,1197.0,4.0,108.0,175.0,1177.0,Front wheel drive,Manual,Turbocharged,Petrol,,,196.3,122.0,9.9,114.0,https://www.parkers.co.uk/skoda/octavia/estate-2013/12-tsi-(110bhp)-s-5d/specs/
CAR_E9203C25,Skoda,Octavia,20 tdi 150ps 4x4 (0317 on) 5d,Skoda Octavia Scout2.0 TDI 150PS 4x4 (03/17 on) 5d Specs & dimensions,2014,,1968.0,4.0,147.0,340.0,1451.0,4 wheel drive,Manual,Diesel,Diesel,,,207.6,129.0,8.8,130.0,https://www.parkers.co.uk/skoda/octavia/scout-2014/20-tdi-150ps-4x4-(0317-on)-5d/specs/
CAR_0D4CAD81,Skoda,Octavia,10 tsi se 5dr,Skoda Octavia Hatchback1.0 TSI SE 5dr Specs & dimensions,2020,,999.0,3.0,108.0,200.0,1234.0,Front wheel drive,Manual,Turbocharged,Petrol,,,201.2,125.0,10.5,118.0,https://www.parkers.co.uk/skoda/octavia/hatchback-2020/10-tsi-se-5dr/specs/
CAR_042676BA,Skoda,Octavia,10 tsi se 5dr,Skoda Octavia Estate1.0 TSI SE 5dr Specs & dimensions,2020,,999.0,3.0,108.0,200.0,1253.0,Front wheel drive,Manual,Turbocharged,Petrol,,,201.2,125.0,10.6,119.0,https://www.parkers.co.uk/skoda/octavia/estate-2020/10-tsi-se-5dr/specs/
CAR_185C9EC5,Skoda,Octavia,14 tsi iv vrs 5dr dsg,Skoda Octavia vRS1.4 TSI iV vRS 5dr DSG Specs & dimensions,2020,,1395.0,4.0,241.0,400.0,1619.0,Front wheel drive,Automatic,Turbocharged,Petrol Parallel PHEV,,,223.7,139.0,6.8,27.0,https://www.parkers.co.uk/skoda/octavia/vrs-2020/14-tsi-iv-vrs-5dr-dsg/specs/
CAR_4837E347,Skoda,Octavia,12 tsi s 5d,Skoda Octavia Hatchback1.2 TSI S 5d Specs & dimensions,2004,,1197.0,4.0,103.0,175.0,1190.0,Front wheel drive,Manual,Turbocharged,Petrol,,,191.5,119.0,10.5,134.0,https://www.parkers.co.uk/skoda/octavia/hatchback-2004/12-tsi-s-5d/specs/
CAR_819D4D56,Skoda,Octavia,12 tsi s 5d,Skoda Octavia Estate1.2 TSI S 5d Specs & dimensions,2005,,1197.0,4.0,103.0,175.0,1205.0,Front wheel drive,Manual,Turbocharged,Petrol,,,191.5,119.0,10.6,134.0,https://www.parkers.co.uk/skoda/octavia/estate-2005/12-tsi-s-5d/specs/
CAR_D6E6EBFD,Skoda,Octavia,18 tsi scout 4x4 (09) 5d,Skoda Octavia Scout1.8 TSI Scout 4x4 (09) 5d Specs & dimensions,2007,,1798.0,4.0,157.0,250.0,1455.0,4 wheel drive,Manual,Turbocharged,Petrol,,,210.8,131.0,8.1,182.0,https://www.parkers.co.uk/skoda/octavia/scout-2007/18-tsi-scout-4x4-(09)-5d/specs/
CAR_B907FD21,Skoda,Octavia,20 tdi cr (170bhp) vrs estate 5d,Skoda Octavia vRS2.0 TDI CR (170bhp) vRS Estate 5d Specs & dimensions,2005,,1968.0,4.0,170.0,350.0,1445.0,Front wheel drive,Manual,Diesel,Diesel,,,223.7,139.0,8.2,155.0,https://www.parkers.co.uk/skoda/octavia/vrs-2005/20-tdi-cr-(170bhp)-vrs-estate-5d/specs/
CAR_F40FB7D2,Skoda,Octavia,20 tdi cr vrs 4x4 estate 5d dsg,Skoda Octavia vRS2.0 TDI CR vRS 4x4 Estate 5d DSG Specs & dimensions,2013,,1968.0,4.0,181.0,380.0,1497.0,4 wheel drive,Automatic,Diesel,Diesel,,,223.7,139.0,7.5,131.0,https://www.parkers.co.uk/skoda/octavia/vrs-2013/20-tdi-cr-vrs-4x4-estate-5d-dsg/specs/
CAR_6C906B24,Skoda,Octavia,14 classic 5d,Skoda Octavia Hatchback1.4 Classic 5d Specs & dimensions,1998,,1397.0,4.0,75.0,126.0,1305.0,Front wheel drive,Manual,Naturally Aspirated,Petrol,,,170.6,106.0,14.8,163.0,https://www.parkers.co.uk/skoda/octavia/hatchback-1998/14-classic-5d/specs/
CAR_923FF114,Skoda,Octavia,16 ambiente 5d,Skoda Octavia Estate1.6 Ambiente 5d Specs & dimensions,1998,,1595.0,4.0,102.0,148.0,1365.0,Front wheel drive,Manual,Naturally Aspirated,Petrol,,,189.9,118.0,11.5,173.0,https://www.parkers.co.uk/skoda/octavia/estate-1998/16-ambiente-5d/specs/
CAR_E3B8DFB3,Skoda,Octavia,18t vrs estate 5d,Skoda Octavia vRS1.8T vRS Estate 5d Specs & dimensions,2001,,1781.0,4.0,180.0,235.0,1390.0,Front wheel drive,Manual,Turbocharged,Petrol,,,230.1,143.0,7.7,192.0,https://www.parkers.co.uk/skoda/octavia/vrs-2001/18t-vrs-estate-5d/specs/
CAR_3A07AC82,Skoda,Rapid,12 tsi (105bhp) black edition 5d,Skoda Rapid Spaceback1.2 TSI (105bhp) Black Edition 5d Specs & dimensions,2013,,1197.0,4.0,103.0,175.0,1095.0,Front wheel drive,Manual,Turbocharged,Petrol,,,193.1,120.0,9.9,125.0,https://www.parkers.co.uk/skoda/rapid/spaceback-2013/12-tsi-(105bhp)-black-edition-5d/specs/
CAR_F60EE1C0,Skoda,Rapid,12 mpi s 5d,Skoda Rapid Saloon1.2 MPI S 5d Specs & dimensions,2012,,1198.0,3.0,73.0,112.0,1065.0,Front wheel drive,Manual,Naturally Aspirated,Petrol,,,175.4,109.0,13.5,137.0,https://www.parkers.co.uk/skoda/rapid/saloon-2012/12-mpi-s-5d/specs/
CAR_2B6D84B1,Skoda,Rapid,135 rapid ric 2d,Skoda Rapid Coupe135 Rapid RiC 2d Specs & dimensions,1988,,1289.0,,54.0,,,Rear wheel drive,Manual,Naturally Aspirated,Petrol,,,,,,,https://www.parkers.co.uk/skoda/rapid/coupe-1988/135-rapid-ric-2d/specs/
CAR_611FB907,Skoda,Roomster,12 12v 1 5d,Skoda Roomster Hatchback1.2 12V 1 5d Specs & dimensions,2006,,1198.0,3.0,70.0,112.0,1150.0,Front wheel drive,Manual,Naturally Aspirated,Petrol,,,157.7,98.0,15.4,159.0,https://www.parkers.co.uk/skoda/roomster/hatchback-2006/12-12v-1-5d/specs/
CAR_205C6FCD,Skoda,Scala,10 tsi 110 monte carlo 5dr,Skoda Scala Hatchback1.0 TSI 110 Monte Carlo 5dr Specs & dimensions,2019,,999.0,3.0,108.0,200.0,1153.0,Front wheel drive,Manual,Turbocharged,Petrol,,,202.8,126.0,9.8,124.0,https://www.parkers.co.uk/skoda/scala/hatchback-2019/10-tsi-110-monte-carlo-5dr/specs/
CAR_8ED2E9D0,Skoda,Superb,14 tsi (150bhp) se 5d,Skoda Superb Hatchback1.4 TSI (150bhp) SE 5d Specs & dimensions,2015,,1395.0,4.0,147.0,250.0,1360.0,Front wheel drive,Manual,Turbocharged,Petrol,,,220.5,137.0,8.3,119.0,https://www.parkers.co.uk/skoda/superb/hatchback-2015/14-tsi-(150bhp)-se-5d/specs/
CAR_8C2D6861,Skoda,Superb,14 tsi (150bhp) se 5d,Skoda Superb Estate1.4 TSI (150bhp) SE 5d Specs & dimensions,2015,,1395.0,4.0,147.0,250.0,1385.0,Front wheel drive,Manual,Turbocharged,Petrol,,,217.3,135.0,8.4,121.0,https://www.parkers.co.uk/skoda/superb/estate-2015/14-tsi-(150bhp)-se-5d/specs/
CAR_F7597529,Skoda,Superb,15 tsi e tec se l 5dr dsg,Skoda Superb Estate1.5 TSI e-TEC SE L 5dr DSG Specs & dimensions,2024,,1498.0,4.0,147.0,250.0,1501.0,Front wheel drive,Automatic,Turbocharged,Petrol,,,220.5,137.0,9.0,122.0,https://www.parkers.co.uk/skoda/superb/estate-2024/15-tsi-e-tec-se-l-5dr-dsg/specs/
CAR_624FA402,Skoda,Superb,15 tsi e tec se l 5dr dsg,Skoda Superb Hatchback1.5 TSI e-TEC SE L 5dr DSG Specs & dimensions,2024,,1498.0,4.0,147.0,250.0,1490.0,Front wheel drive,Automatic,Turbocharged,Petrol,,,223.7,139.0,8.9,120.0,https://www.parkers.co.uk/skoda/superb/hatchback-2024/15-tsi-e-tec-se-l-5dr-dsg/specs/
CAR_AF7181C8,Skoda,Superb,15 tsi iv laurin klement dsg 5dr,Skoda Superb Hybrid1.5 TSI iV Laurin + Klement DSG 5dr Specs & dimensions,2024,,1498.0,4.0,201.0,250.0,1778.0,Front wheel drive,Automatic,Hybrid,Petrol Parallel PHEV,,,218.9,136.0,7.8,31.0,https://www.parkers.co.uk/skoda/superb/hybrid-2024/15-tsi-iv-laurin-klement-dsg-5dr/specs/
CAR_7ADE3016,Skoda,Superb,14 tsi s (0713 ) 5d,Skoda Superb Estate1.4 TSI S (07/13-) 5d Specs & dimensions,2010,,1390.0,4.0,123.0,200.0,1414.0,Front wheel drive,Manual,Turbocharged,Petrol,,,202.8,126.0,10.3,142.0,https://www.parkers.co.uk/skoda/superb/estate-2010/14-tsi-s-(0713-)-5d/specs/
CAR_03459E71,Skoda,Superb,14 tsi s (0713 ) 5d,Skoda Superb Hatchback1.4 TSI S (07/13-) 5d Specs & dimensions,2008,,1390.0,4.0,123.0,200.0,1392.0,Front wheel drive,Manual,Turbocharged,Petrol,,,204.4,127.0,10.2,138.0,https://www.parkers.co.uk/skoda/superb/hatchback-2008/14-tsi-s-(0713-)-5d/specs/
CAR_9771D786,Skoda,Superb,18t classic 4d,Skoda Superb Saloon1.8T Classic 4d Specs & dimensions,2002,,1781.0,4.0,150.0,210.0,1540.0,Front wheel drive,Manual,Naturally Aspirated,Petrol,,,215.7,134.0,9.2,199.0,https://www.parkers.co.uk/skoda/superb/saloon-2002/18t-classic-4d/specs/
CAR_0E6F7AD3,Skoda,Yeti,12 tsi (110bhp) monte carlo 5d,Skoda Yeti Hatchback1.2 TSI (110bhp) Monte Carlo 5d Specs & dimensions,2009,,1197.0,4.0,108.0,175.0,1265.0,Front wheel drive,Manual,Turbocharged,Petrol,,,178.6,111.0,10.6,128.0,https://www.parkers.co.uk/skoda/yeti/hatchback-2009/12-tsi-(110bhp)-monte-carlo-5d/specs/
CAR_98D29AC2,Subaru,16 18,16 dl 2wd 4d,Subaru 1.6 & 1.8 Saloon1.6 DL 2WD 4d Specs & dimensions,1984,,1595.0,,74.0,,,Front wheel drive,Manual,Naturally Aspirated,Petrol,,,,,,,https://www.parkers.co.uk/subaru/16-18/saloon-1984/16-dl-2wd-4d/specs/
CAR_976E4EA8,Subaru,16 18,16 dl 2wd 5d,Subaru 1.6 & 1.8 Estate1.6 DL 2WD 5d Specs & dimensions,1984,,1595.0,,74.0,,,Front wheel drive,Manual,Naturally Aspirated,Petrol,,,,,,,https://www.parkers.co.uk/subaru/16-18/estate-1984/16-dl-2wd-5d/specs/
CAR_74167746,Subaru,1600 1800,glf 4wd 3d,Subaru 1600 & 1800 HatchbackGLF 4WD 3d Specs & dimensions,1983,,1781.0,,,,,4 wheel drive,Manual,Naturally Aspirated,Petrol,,,,,,,https://www.parkers.co.uk/subaru/1600-1800/hatchback-1983/glf-4wd-3d/specs/
CAR_7F0A319C,Subaru,1600 1800,glf 4d,Subaru 1600 & 1800 SaloonGLF 4d Specs & dimensions,1984,,1595.0,,,,,Front wheel drive,Manual,Naturally Aspirated,Petrol,,,,,,,https://www.parkers.co.uk/subaru/1600-1800/saloon-1984/glf-4d/specs/
CAR_DE208977,Subaru,1600 1800,dl 4wd 5d,Subaru 1600 & 1800 EstateDL 4WD 5d Specs & dimensions,1983,,1595.0,,,,,4 wheel drive,Manual,Naturally Aspirated,Petrol,,,,,,,https://www.parkers.co.uk/subaru/1600-1800/estate-1983/dl-4wd-5d/specs/
CAR_C3C421AA,Subaru,B9 Tribeca,30 s5 5d auto,Subaru B9 Tribeca Hatchback3.0 S5 5d Auto Specs & dimensions,2006,,3000.0,6.0,241.0,297.0,1895.0,4 wheel drive,Automatic,Naturally Aspirated,Petrol,,,194.7,121.0,9.4,291.0,https://www.parkers.co.uk/subaru/b9-tribeca/hatchback-2006/30-s5-5d-auto/specs/
CAR_BA6EF9E3,Subaru,Brz,20i se (nav) 2d,Subaru BRZ Coupe2.0i SE (Nav) 2d Specs & dimensions,2012,,1998.0,4.0,197.0,205.0,1231.0,Rear wheel drive,Manual,Naturally Aspirated,Petrol,,,225.3,140.0,7.4,181.0,https://www.parkers.co.uk/subaru/brz/coupe-2012/20i-se-(nav)-2d/specs/
CAR_42F6A89B,Subaru,Crosstrek,20i e boxer limited 5dr lineartronic,Subaru Crosstrek SUV2.0i e-Boxer Limited 5dr Lineartronic Specs & dimensions,2023,,1995.0,,134.0,182.0,,4 wheel drive,Automatic,EV,Petrol/Electric Hybrid,,,197.9,123.0,,174.0,https://www.parkers.co.uk/subaru/crosstrek/suv-2023/20i-e-boxer-limited-5dr-lineartronic/specs/
CAR_1F3FC5B0,Subaru,Forester,20i e boxer sport 5dr lineartronic,Subaru Forester Estate2.0i e-Boxer Sport 5dr Lineartronic Specs & dimensions,2020,,1995.0,4.0,147.0,194.0,1677.0,4 wheel drive,Automatic,EV,Petrol/Electric Hybrid,,,188.3,117.0,11.4,185.0,https://www.parkers.co.uk/subaru/forester/estate-2020/20i-e-boxer-sport-5dr-lineartronic/specs/
CAR_875FACD3,Subaru,Forester,20i e boxer field 5dr lineartronic,Subaru Forester SUV2.0i e-Boxer Field 5dr Lineartronic Specs & dimensions,2025,,1995.0,4.0,134.0,182.0,1707.0,4 wheel drive,Automatic,EV,Petrol/Electric Hybrid,,,186.7,116.0,11.8,183.0,https://www.parkers.co.uk/subaru/forester/suv-2025/20i-e-boxer-field-5dr-lineartronic/specs/
CAR_C77387B6,Subaru,Forester,20 x 5d,Subaru Forester Estate2.0 X 5d Specs & dimensions,2008,,1995.0,4.0,147.0,198.0,1465.0,4 wheel drive,Manual,Naturally Aspirated,Petrol,,,185.1,115.0,10.6,173.0,https://www.parkers.co.uk/subaru/forester/estate-2008/20-x-5d/specs/
CAR_783AD572,Subaru,Forester,20 xe 5d,Subaru Forester Estate2.0 XE 5d Specs & dimensions,2013,,1995.0,4.0,147.0,198.0,1488.0,4 wheel drive,Manual,Naturally Aspirated,Petrol,,,189.9,118.0,10.3,160.0,https://www.parkers.co.uk/subaru/forester/estate-2013/20-xe-5d/specs/
CAR_59D826CF,Subaru,Forester,20 awd 5d,Subaru Forester Estate2.0 AWD 5d Specs & dimensions,1997,,1994.0,4.0,123.0,184.0,1360.0,4 wheel drive,Manual,Naturally Aspirated,Petrol,,,178.6,111.0,10.3,214.0,https://www.parkers.co.uk/subaru/forester/estate-1997/20-awd-5d/specs/
CAR_BADE77F4,Subaru,Forester,20 awd s turbo 5d,Subaru Forester Estate2.0 AWD S-Turbo 5d Specs & dimensions,2002,,1994.0,4.0,174.0,245.0,1420.0,4 wheel drive,Manual,Turbocharged,Petrol,,,197.9,123.0,7.7,251.0,https://www.parkers.co.uk/subaru/forester/estate-2002/20-awd-s-turbo-5d/specs/
CAR_7AB1D6FE,Subaru,Impreza,16i se lineartronic auto 5d,Subaru Impreza Hatchback1.6i SE Lineartronic auto 5d Specs & dimensions,2017,,1600.0,4.0,112.0,150.0,1376.0,4 wheel drive,Automatic,Naturally Aspirated,Petrol,,,180.2,112.0,12.0,177.0,https://www.parkers.co.uk/subaru/impreza/hatchback-2017/16i-se-lineartronic-auto-5d/specs/
CAR_FD00C810,Subaru,Impreza,15 r (c pack) 5d,Subaru Impreza Hatchback1.5 R (C Pack) 5d Specs & dimensions,2007,,1498.0,4.0,105.0,142.0,1310.0,4 wheel drive,Manual,Naturally Aspirated,Petrol,,,175.4,109.0,13.6,176.0,https://www.parkers.co.uk/subaru/impreza/hatchback-2007/15-r-(c-pack)-5d/specs/
CAR_B293D070,Subaru,Impreza,16i rc 5d,Subaru Impreza Hatchback1.6i RC 5d Specs & dimensions,2014,,1600.0,4.0,112.0,150.0,1320.0,4 wheel drive,Manual,Naturally Aspirated,Petrol,,,185.1,115.0,11.9,147.0,https://www.parkers.co.uk/subaru/impreza/hatchback-2014/16i-rc-5d/specs/
CAR_97BBC9F3,Subaru,Impreza,16 gl 2wd 4d,Subaru Impreza Saloon1.6 GL 2WD 4d Specs & dimensions,1993,,1597.0,,88.0,,,Front wheel drive,Manual,Naturally Aspirated,Petrol,,,,,,,https://www.parkers.co.uk/subaru/impreza/saloon-1993/16-gl-2wd-4d/specs/
CAR_14C750CE,Subaru,Impreza,16 gl 2wd 5d,Subaru Impreza Estate1.6 GL 2WD 5d Specs & dimensions,1993,,1597.0,,88.0,,,Front wheel drive,Manual,Naturally Aspirated,Petrol,,,,,,,https://www.parkers.co.uk/subaru/impreza/estate-1993/16-gl-2wd-5d/specs/
CAR_FA2B62AD,Subaru,Impreza,20 gx 4wd 4d,Subaru Impreza Saloon2.0 GX 4WD 4d Specs & dimensions,2000,,1998.0,4.0,124.0,184.0,1300.0,4 wheel drive,Manual,Naturally Aspirated,Petrol,,,185.1,115.0,9.5,227.0,https://www.parkers.co.uk/subaru/impreza/saloon-2000/20-gx-4wd-4d/specs/
CAR_B9E58E28,Subaru,Impreza,16 ts 4wd 5d,Subaru Impreza Estate1.6 TS 4WD 5d Specs & dimensions,2000,,1597.0,4.0,94.0,143.0,1285.0,4 wheel drive,Manual,Naturally Aspirated,Petrol,,,169.0,105.0,12.5,210.0,https://www.parkers.co.uk/subaru/impreza/estate-2000/16-ts-4wd-5d/specs/
CAR_D2DF39B6,Subaru,Impreza,20 r sport 4d,Subaru Impreza Saloon2.0 R Sport 4d Specs & dimensions,2005,,1994.0,4.0,157.0,186.0,1315.0,4 wheel drive,Manual,Naturally Aspirated,Petrol,,,209.2,130.0,8.5,214.0,https://www.parkers.co.uk/subaru/impreza/saloon-2005/20-r-sport-4d/specs/
CAR_249AF706,Subaru,Impreza,15 r 5d,Subaru Impreza Sports Wagon1.5 R 5d Specs & dimensions,2005,,1498.0,4.0,103.0,142.0,1310.0,4 wheel drive,Manual,Naturally Aspirated,Petrol,,,175.4,109.0,13.3,184.0,https://www.parkers.co.uk/subaru/impreza/sports-wagon-2005/15-r-5d/specs/
CAR_60F1B535,Subaru,Impreza,25 wrx sti 330s 5d,Subaru Impreza STi2.5 WRX STI 330S 5d Specs & dimensions,2008,,2457.0,4.0,325.0,470.0,1505.0,4 wheel drive,Manual,Turbocharged,Petrol,,,249.4,155.0,4.6,281.0,https://www.parkers.co.uk/subaru/impreza/sti-2008/25-wrx-sti-330s-5d/specs/
CAR_8850F11F,Subaru,Justy,13 gx 4wd 3d,Subaru Justy Hatchback1.3 GX 4WD 3d Specs & dimensions,1996,,1298.0,4.0,67.0,100.0,895.0,4 wheel drive,Manual,Naturally Aspirated,Petrol,,,154.5,96.0,13.6,165.0,https://www.parkers.co.uk/subaru/justy/hatchback-1996/13-gx-4wd-3d/specs/
CAR_65064257,Subaru,Justy,10 r 5d,Subaru Justy Hatchback1.0 R 5d Specs & dimensions,2007,,998.0,3.0,68.0,94.0,890.0,Front wheel drive,Manual,Naturally Aspirated,Petrol,,,159.3,99.0,13.5,118.0,https://www.parkers.co.uk/subaru/justy/hatchback-2007/10-r-5d/specs/
CAR_40A0F579,Subaru,Justy,gl 4wd 5d,Subaru Justy HatchbackGL 4WD 5d Specs & dimensions,1986,,1189.0,,67.0,,,4 wheel drive,Manual,Naturally Aspirated,Petrol,,,,,,,https://www.parkers.co.uk/subaru/justy/hatchback-1986/gl-4wd-5d/specs/
CAR_7623CB26,Subaru,L Series,18 turbo 4wd 3d,Subaru L Series Coupe1.8 Turbo 4WD 3d Specs & dimensions,1986,,1781.0,,134.0,,,4 wheel drive,Manual,Turbocharged,Petrol,,,,,,,https://www.parkers.co.uk/subaru/l-series/coupe-1986/18-turbo-4wd-3d/specs/
CAR_2442F74F,Subaru,Legacy,20 r (150bhp) 4d,Subaru Legacy Saloon2.0 R (150bhp) 4d Specs & dimensions,2003,,1994.0,4.0,147.0,196.0,1375.0,4 wheel drive,Manual,Naturally Aspirated,Petrol,,,209.2,130.0,9.7,202.0,https://www.parkers.co.uk/subaru/legacy/saloon-2003/20-r-(150bhp)-4d/specs/
CAR_DA4830BE,Subaru,Legacy,20d s 5d,Subaru Legacy Tourer2.0D S 5d Specs & dimensions,2009,,1998.0,4.0,147.0,350.0,1558.0,4 wheel drive,Manual,Unknown,Diesel,,,202.8,126.0,9.3,149.0,https://www.parkers.co.uk/subaru/legacy/tourer-2009/20d-s-5d/specs/
CAR_57F2A4DA,Subaru,Legacy,18 gl 5d,Subaru Legacy Estate1.8 GL 5d Specs & dimensions,1989,,1820.0,,102.0,,,4 wheel drive,Manual,Naturally Aspirated,Petrol,,,,,,,https://www.parkers.co.uk/subaru/legacy/estate-1989/18-gl-5d/specs/
CAR_0F169321,Subaru,Legacy,20 gl 4d,Subaru Legacy Saloon2.0 GL 4d Specs & dimensions,1999,,1994.0,4.0,123.0,184.0,1390.0,4 wheel drive,Manual,Naturally Aspirated,Petrol,,,193.1,120.0,10.4,209.0,https://www.parkers.co.uk/subaru/legacy/saloon-1999/20-gl-4d/specs/
CAR_13FE9A1C,Subaru,Legacy,20 gl 5d,Subaru Legacy Estate2.0 GL 5d Specs & dimensions,1998,,1994.0,4.0,123.0,184.0,1435.0,4 wheel drive,Manual,Naturally Aspirated,Petrol,,,188.3,117.0,10.7,217.0,https://www.parkers.co.uk/subaru/legacy/estate-1998/20-gl-5d/specs/
CAR_CECF8C1C,Subaru,Legacy,20 r (150) 5d auto,Subaru Legacy Sports Tourer2.0 R (150) 5d Auto Specs & dimensions,2003,,1994.0,4.0,147.0,196.0,1420.0,4 wheel drive,Automatic,Naturally Aspirated,Petrol,,,191.5,119.0,11.2,200.0,https://www.parkers.co.uk/subaru/legacy/sports-tourer-2003/20-r-(150)-5d-auto/specs/
CAR_14187DD7,Subaru,Legacy,18 gl 4d,Subaru Legacy Saloon1.8 GL 4d Specs & dimensions,1989,,1820.0,,102.0,,,4 wheel drive,Manual,Naturally Aspirated,Petrol,,,,,,,https://www.parkers.co.uk/subaru/legacy/saloon-1989/18-gl-4d/specs/
CAR_5CEE1404,Subaru,Levorg,16 gt 5d lineartronic,Subaru Levorg Sport Tourer1.6 GT 5d Lineartronic Specs & dimensions,2015,,1600.0,4.0,167.0,250.0,1568.0,4 wheel drive,Automatic,Naturally Aspirated,Petrol,,,209.2,130.0,8.6,164.0,https://www.parkers.co.uk/subaru/levorg/sport-tourer-2015/16-gt-5d-lineartronic/specs/
CAR_FD2ECE8C,Subaru,Outback,20d se 5d,Subaru Outback Estate2.0D SE 5d Specs & dimensions,2015,,1998.0,4.0,147.0,350.0,1622.0,4 wheel drive,Manual,Unknown,Diesel,,,191.5,119.0,9.4,145.0,https://www.parkers.co.uk/subaru/outback/estate-2015/20d-se-5d/specs/
CAR_4E5FAD8F,Subaru,Outback,25i field 5dr lineartronic,Subaru Outback Estate2.5i Field 5dr Lineartronic Specs & dimensions,2021,,2498.0,4.0,166.0,252.0,1646.0,4 wheel drive,Automatic,Naturally Aspirated,Petrol,,,193.1,120.0,9.9,193.0,https://www.parkers.co.uk/subaru/outback/estate-2021/25i-field-5dr-lineartronic/specs/
CAR_14370238,Subaru,Outback,20d s outback 5d,Subaru Outback Estate2.0D S Outback 5d Specs & dimensions,2009,,1998.0,4.0,147.0,350.0,1573.0,4 wheel drive,Manual,Unknown,Diesel,,,194.7,121.0,9.4,155.0,https://www.parkers.co.uk/subaru/outback/estate-2009/20d-s-outback-5d/specs/
CAR_B043150F,Subaru,Outback,20d r outback 5d,Subaru Outback Estate2.0D R Outback 5d Specs & dimensions,2003,,1998.0,4.0,147.0,350.0,1505.0,4 wheel drive,Manual,Unknown,Diesel,,,199.6,124.0,8.9,153.0,https://www.parkers.co.uk/subaru/outback/estate-2003/20d-r-outback-5d/specs/
CAR_272CB502,Subaru,Solterra,150kw limited 714kwh 5dr auto awd,Subaru Solterra SUV150kW Limited 71.4kWh 5dr Auto AWD Specs & dimensions,2022,,,,214.0,336.0,2015.0,4 wheel drive,Automatic,EV,Electric,,,160.9,100.0,6.9,0.0,https://www.parkers.co.uk/subaru/solterra/suv-2022/150kw-limited-714kwh-5dr-auto-awd/specs/
CAR_0E6CB194,Subaru,Svx,33 4wd 2d auto,Subaru SVX Coupe3.3 4WD 2d Auto Specs & dimensions,1992,,3319.0,,226.0,,,4 wheel drive,Automatic,Naturally Aspirated,Petrol,,,,,,,https://www.parkers.co.uk/subaru/svx/coupe-1992/33-4wd-2d-auto/specs/
CAR_6AB58502,Subaru,Vivio,gli 2wd 5d auto,Subaru Vivio HatchbackGLi 2WD 5d Auto Specs & dimensions,1992,,658.0,,43.0,,,Front wheel drive,Automatic,Naturally Aspirated,Petrol,,,,,,,https://www.parkers.co.uk/subaru/vivio/hatchback-1992/gli-2wd-5d-auto/specs/
CAR_02BD68C1,Subaru,Wrx,25 wrx sti type uk  hatchback 5d,Subaru WRX STi2.5 WRX STI Type UK - Hatchback 5d Specs & dimensions,2010,,2457.0,4.0,295.0,407.0,1505.0,4 wheel drive,Manual,Turbocharged,Petrol,,,249.4,155.0,5.0,243.0,https://www.parkers.co.uk/subaru/wrx/sti-2010/25-wrx-sti-type-uk--hatchback-5d/specs/
CAR_A72772C7,Subaru,Wrx,25 wrx sti type uk 4d,Subaru WRX STi2.5 WRX STi Type UK 4d Specs & dimensions,2014,,2457.0,4.0,295.0,407.0,1516.0,4 wheel drive,Manual,Turbocharged,Petrol,,,255.9,159.0,5.0,242.0,https://www.parkers.co.uk/subaru/wrx/sti-2014/25-wrx-sti-type-uk-4d/specs/
CAR_E58EA963,Subaru,Xt Turbo,18 turbo 4wd 2d,Subaru XT Turbo Coupe1.8 Turbo 4WD 2d Specs & dimensions,1985,,1781.0,,136.0,,,4 wheel drive,Manual,Turbocharged,Petrol,,,,,,,https://www.parkers.co.uk/subaru/xt-turbo/coupe-1985/18-turbo-4wd-2d/specs/
CAR_9DADEEAE,Subaru,Xv,16i se lineartronic auto 5d,Subaru XV SUV1.6i SE Lineartronic auto 5d Specs & dimensions,2017,,1600.0,4.0,112.0,150.0,1408.0,4 wheel drive,Automatic,Naturally Aspirated,Petrol,,,175.4,109.0,13.5,180.0,https://www.parkers.co.uk/subaru/xv/suv-2017/16i-se-lineartronic-auto-5d/specs/
CAR_D5C299C5,Subaru,Xv,16i s (nav) 5d,Subaru XV Hatchback1.6i S (Nav) 5d Specs & dimensions,2012,,1600.0,4.0,112.0,150.0,1350.0,4 wheel drive,Manual,Naturally Aspirated,Petrol,,,178.6,111.0,12.7,151.0,https://www.parkers.co.uk/subaru/xv/hatchback-2012/16i-s-(nav)-5d/specs/
CAR_602EBA11,Toyota,4 Runner,gs td 5d,Toyota 4-Runner Station WagonGS TD 5d Specs & dimensions,1993,,2982.0,,123.0,,,4 wheel drive,Manual,Unknown,Diesel,,,,,,,https://www.parkers.co.uk/toyota/4-runner/station-wagon-1993/gs-td-5d/specs/
CAR_DAFBFCDA,Toyota,Auris,133 dual vvti colour collection (nav) 5d,Toyota Auris Hatchback1.33 Dual VVTi Colour Collection (Nav) 5d Specs & dimensions,2007,,1329.0,4.0,99.0,132.0,1250.0,Front wheel drive,Manual,Naturally Aspirated,Petrol,,,175.4,109.0,12.7,136.0,https://www.parkers.co.uk/toyota/auris/hatchback-2007/133-dual-vvti-colour-collection-(nav)-5d/specs/
CAR_F308C753,Toyota,Auris,12t business edition 5d,Toyota Auris Hatchback1.2T Business Edition 5d Specs & dimensions,2012,,1197.0,4.0,114.0,185.0,1350.0,Front wheel drive,Manual,Naturally Aspirated,Petrol,,,199.6,124.0,9.8,112.0,https://www.parkers.co.uk/toyota/auris/hatchback-2012/12t-business-edition-5d/specs/
CAR_87AC684B,Toyota,Auris,12t business edition 5d,Toyota Auris Touring Sports1.2T Business Edition 5d Specs & dimensions,2013,,1197.0,4.0,114.0,185.0,1400.0,Front wheel drive,Manual,Naturally Aspirated,Petrol,,,199.6,124.0,10.1,112.0,https://www.parkers.co.uk/toyota/auris/touring-sports-2013/12t-business-edition-5d/specs/
CAR_6B3B333C,Toyota,Avensis,16 v matic t2 4d,Toyota Avensis Saloon1.6 V-matic T2 4d Specs & dimensions,2009,,1598.0,4.0,130.0,160.0,1365.0,Front wheel drive,Manual,Naturally Aspirated,Petrol,,,199.6,124.0,10.1,152.0,https://www.parkers.co.uk/toyota/avensis/saloon-2009/16-v-matic-t2-4d/specs/
CAR_166B4C60,Toyota,Avensis,16 v matic t2 5d,Toyota Avensis Tourer1.6 V-matic T2 5d Specs & dimensions,2009,,1598.0,4.0,130.0,160.0,1400.0,Front wheel drive,Manual,Naturally Aspirated,Petrol,,,194.7,121.0,10.3,153.0,https://www.parkers.co.uk/toyota/avensis/tourer-2009/16-v-matic-t2-5d/specs/
CAR_9BAED6C0,Toyota,Avensis,16d active 5d,Toyota Avensis Touring Sports1.6D Active 5d Specs & dimensions,2015,,1598.0,4.0,110.0,270.0,1460.0,Front wheel drive,Manual,Unknown,Diesel,,,185.1,115.0,11.3,109.0,https://www.parkers.co.uk/toyota/avensis/touring-sports-2015/16d-active-5d/specs/
CAR_F04A9E81,Toyota,Avensis,16 gs 5d,Toyota Avensis Hatchback1.6 GS 5d Specs & dimensions,1997,,1587.0,4.0,99.0,136.0,1305.0,Front wheel drive,Manual,Naturally Aspirated,Petrol,,,181.9,113.0,12.5,174.0,https://www.parkers.co.uk/toyota/avensis/hatchback-1997/16-gs-5d/specs/
CAR_82087073,Toyota,Avensis,16 le 4d,Toyota Avensis Saloon1.6 LE 4d Specs & dimensions,1997,,1587.0,4.0,99.0,136.0,1195.0,Front wheel drive,Manual,Naturally Aspirated,Petrol,,,181.9,113.0,12.5,169.0,https://www.parkers.co.uk/toyota/avensis/saloon-1997/16-le-4d/specs/
CAR_FE0E66B7,Toyota,Avensis,18 gs 5d,Toyota Avensis Estate1.8 GS 5d Specs & dimensions,1997,,1762.0,4.0,108.0,155.0,1325.0,Front wheel drive,Manual,Naturally Aspirated,Petrol,,,185.1,115.0,11.0,185.0,https://www.parkers.co.uk/toyota/avensis/estate-1997/18-gs-5d/specs/
CAR_04A42EBD,Toyota,Avensis,18 vvt i colour collection 5d,Toyota Avensis Hatchback1.8 VVT-i Colour Collection 5d Specs & dimensions,2003,,1794.0,4.0,127.0,170.0,1245.0,Front wheel drive,Manual,Naturally Aspirated,Petrol,,,199.6,124.0,9.7,171.0,https://www.parkers.co.uk/toyota/avensis/hatchback-2003/18-vvt-i-colour-collection-5d/specs/
CAR_9CDBD77C,Toyota,Avensis,18 vvt i colour collection 4d,Toyota Avensis Saloon1.8 VVT-i Colour Collection 4d Specs & dimensions,2003,,1794.0,4.0,127.0,170.0,1245.0,Front wheel drive,Manual,Naturally Aspirated,Petrol,,,199.6,124.0,9.7,171.0,https://www.parkers.co.uk/toyota/avensis/saloon-2003/18-vvt-i-colour-collection-4d/specs/
CAR_FB5ED282,Toyota,Avensis,18 vvt i t3 s 5d,Toyota Avensis Tourer1.8 VVT-i T3-S 5d Specs & dimensions,2003,,1794.0,4.0,127.0,170.0,1295.0,Front wheel drive,Manual,Naturally Aspirated,Petrol,,,194.7,121.0,11.0,172.0,https://www.parkers.co.uk/toyota/avensis/tourer-2003/18-vvt-i-t3-s-5d/specs/
CAR_00CA0696,Toyota,Avensis Verso,20 d 4d gls 5d,Toyota Avensis Verso Estate2.0 D-4D GLS 5d Specs & dimensions,2001,,1995.0,4.0,113.0,,1645.0,Front wheel drive,Manual,Unknown,Diesel,,,180.2,112.0,12.1,173.0,https://www.parkers.co.uk/toyota/avensis-verso/estate-2001/20-d-4d-gls-5d/specs/
CAR_68C13D09,Toyota,Aygo,10 vvt i jbl edition 5d,Toyota Aygo Hatchback1.0 VVT-i JBL Edition 5d Specs & dimensions,2014,,998.0,3.0,70.0,93.0,840.0,Front wheel drive,Manual,Naturally Aspirated,Petrol,,,159.3,99.0,13.4,114.0,https://www.parkers.co.uk/toyota/aygo/hatchback-2014/10-vvt-i-jbl-edition-5d/specs/
CAR_F5EF68F7,Toyota,Aygo,10 vvt i air edition 5dr,Toyota Aygo X1.0 VVT-i Air Edition 5dr Specs & dimensions,2021,,998.0,3.0,70.0,93.0,950.0,Front wheel drive,Manual,Naturally Aspirated,Petrol,,,157.7,98.0,14.4,110.0,https://www.parkers.co.uk/toyota/aygo/x-2021/10-vvt-i-air-edition-5dr/specs/
CAR_7E2681BE,Toyota,Aygo,15 hybrid design 5dr cvt,Toyota Aygo X1.5 Hybrid Design 5dr CVT Specs & dimensions,2026,,1490.0,3.0,114.0,120.0,1095.0,Front wheel drive,Automatic,EV,Petrol/Electric Hybrid,,,172.2,107.0,8.9,84.0,https://www.parkers.co.uk/toyota/aygo/x-2026/15-hybrid-design-5dr-cvt/specs/
CAR_A597C9DA,Toyota,Aygo,10 vvt i (0312 ) 3d,Toyota Aygo Hatchback1.0 VVT-i (03/12-) 3d Specs & dimensions,2005,,998.0,3.0,68.0,93.0,800.0,Front wheel drive,Manual,Naturally Aspirated,Petrol,,,157.7,98.0,13.7,99.0,https://www.parkers.co.uk/toyota/aygo/hatchback-2005/10-vvt-i-(0312-)-3d/specs/
CAR_73B17352,Toyota,Bz4X,123kw icon 58kwh 5dr auto,Toyota bZ4X SUV123kW Icon 58kWh 5dr Auto Specs & dimensions,2021,,,,164.0,269.0,1850.0,Front wheel drive,Automatic,EV,Electric,,,140.0,87.0,8.3,0.0,https://www.parkers.co.uk/toyota/bz4x/suv-2021/123kw-icon-58kwh-5dr-auto/specs/
CAR_77EA7B82,Toyota,C Hr,18 hybrid dynamic limited edition cvt 5d,Toyota C-HR SUV1.8 Hybrid Dynamic Limited Edition CVT 5d Specs & dimensions,2017,,1798.0,4.0,120.0,142.0,1420.0,Front wheel drive,Automatic,EV,Petrol/Electric Hybrid,,,169.0,105.0,10.6,87.0,https://www.parkers.co.uk/toyota/c-hr/suv-2017/18-hybrid-dynamic-limited-edition-cvt-5d/specs/
CAR_A8DFF3B6,Toyota,C Hr,18 hybrid design 5dr cvt,Toyota C-HR SUV1.8 Hybrid Design 5dr CVT Specs & dimensions,2024,,1798.0,4.0,138.0,185.0,1435.0,Front wheel drive,Automatic,EV,Petrol/Electric Hybrid,,,175.4,109.0,9.3,101.0,https://www.parkers.co.uk/toyota/c-hr/suv-2024/18-hybrid-design-5dr-cvt/specs/
CAR_F2AB9CE3,Toyota,C Hr Plus,123kw icon 58kwh 5dr auto,Toyota C-HR Plus SUV123kW Icon 58kWh 5dr Auto Specs & dimensions,2026,,,,164.0,269.0,1810.0,Front wheel drive,Automatic,EV,Electric,,,138.4,86.0,8.1,0.0,https://www.parkers.co.uk/toyota/c-hr-plus/suv-2026/123kw-icon-58kwh-5dr-auto/specs/
CAR_66F73727,Toyota,Camry,25 vvt i hybrid design 4dr cvt,Toyota Camry Saloon2.5 VVT-i Hybrid Design 4dr CVT Specs & dimensions,2019,,2487.0,4.0,218.0,221.0,1595.0,Front wheel drive,Automatic,EV,Petrol/Electric Hybrid,,,178.6,111.0,8.0,120.0,https://www.parkers.co.uk/toyota/camry/saloon-2019/25-vvt-i-hybrid-design-4dr-cvt/specs/
CAR_2B336829,Toyota,Camry,22 16v sport 4d,Toyota Camry Saloon2.2 16V Sport 4d Specs & dimensions,1996,,2164.0,4.0,128.0,194.0,1385.0,Front wheel drive,Manual,Naturally Aspirated,Petrol,,,196.3,122.0,10.1,214.0,https://www.parkers.co.uk/toyota/camry/saloon-1996/22-16v-sport-4d/specs/
CAR_54F6E776,Toyota,Camry,24 vvti cdx 4d,Toyota Camry Saloon2.4 VVTi CDX 4d Specs & dimensions,2001,,2362.0,4.0,150.0,218.0,1470.0,Front wheel drive,Manual,Naturally Aspirated,Petrol,,,209.2,130.0,9.1,206.0,https://www.parkers.co.uk/toyota/camry/saloon-2001/24-vvti-cdx-4d/specs/
CAR_20E2BE63,Toyota,Camry,18 turbo 4d,Toyota Camry Saloon1.8 Turbo 4d Specs & dimensions,1984,,1893.0,,74.0,,,Front wheel drive,Manual,Turbocharged,Diesel,,,,,,,https://www.parkers.co.uk/toyota/camry/saloon-1984/18-turbo-4d/specs/
CAR_D0F36D8A,Toyota,Camry,20 gli 5d,Toyota Camry Estate2.0 GLi 5d Specs & dimensions,1987,,1998.0,,126.0,,,Front wheel drive,Manual,Naturally Aspirated,Petrol,,,,,,,https://www.parkers.co.uk/toyota/camry/estate-1987/20-gli-5d/specs/
CAR_4E89B0DA,Toyota,Camry,22 gl 4d,Toyota Camry Saloon2.2 GL 4d Specs & dimensions,1991,,2164.0,,134.0,,,Front wheel drive,Manual,Naturally Aspirated,Petrol,,,,,,,https://www.parkers.co.uk/toyota/camry/saloon-1991/22-gl-4d/specs/
CAR_828BD221,Toyota,Camry,22 gl 5d,Toyota Camry Estate2.2 GL 5d Specs & dimensions,1992,,2164.0,,134.0,,,Front wheel drive,Manual,Naturally Aspirated,Petrol,,,,,,,https://www.parkers.co.uk/toyota/camry/estate-1992/22-gl-5d/specs/
CAR_A772B1E9,Toyota,Camry,20 turbo 4d,Toyota Camry Saloon2.0 Turbo 4d Specs & dimensions,1984,,1974.0,,83.0,,,Front wheel drive,Manual,Turbocharged,Diesel,,,,,,,https://www.parkers.co.uk/toyota/camry/saloon-1984/20-turbo-4d/specs/
CAR_CAA83B1E,Toyota,Carina,16 gl 5d,Toyota Carina Hatchback1.6 GL 5d Specs & dimensions,1988,,1587.0,,94.0,,,Front wheel drive,Manual,Naturally Aspirated,Petrol,,,,,,,https://www.parkers.co.uk/toyota/carina/hatchback-1988/16-gl-5d/specs/
CAR_50C9EECA,Toyota,Carina,gl 4d,Toyota Carina SaloonGL 4d Specs & dimensions,1984,,1588.0,,85.0,,,Front wheel drive,Manual,Naturally Aspirated,Petrol,,,,,,,https://www.parkers.co.uk/toyota/carina/saloon-1984/gl-4d/specs/
CAR_50C8BA43,Toyota,Carina,16 gl 5d,Toyota Carina Estate1.6 GL 5d Specs & dimensions,1988,,1587.0,,94.0,,,Front wheel drive,Manual,Naturally Aspirated,Petrol,,,,,,,https://www.parkers.co.uk/toyota/carina/estate-1988/16-gl-5d/specs/
CAR_D2E6EB1D,Toyota,Carina,gl 5d,Toyota Carina HatchbackGL 5d Specs & dimensions,1984,,1588.0,,85.0,,,Front wheel drive,Manual,Naturally Aspirated,Petrol,,,,,,,https://www.parkers.co.uk/toyota/carina/hatchback-1984/gl-5d/specs/
CAR_B06548D8,Toyota,Carina,gl 4d auto,Toyota Carina SaloonGL 4d Auto Specs & dimensions,1984,,1588.0,,85.0,,,Front wheel drive,Automatic,Naturally Aspirated,Petrol,,,,,,,https://www.parkers.co.uk/toyota/carina/saloon-1984/gl-4d-auto/specs/
CAR_BF924005,Toyota,Carina E,16 cd 5d,Toyota Carina E Hatchback1.6 CD 5d Specs & dimensions,1992,,1587.0,4.0,98.0,,1190.0,Front wheel drive,Manual,Naturally Aspirated,Petrol,,,177.0,110.0,12.9,,https://www.parkers.co.uk/toyota/carina-e/hatchback-1992/16-cd-5d/specs/
CAR_13D62620,Toyota,Carina E,16 cd 4d,Toyota Carina E Saloon1.6 CD 4d Specs & dimensions,1992,,1587.0,4.0,106.0,,1190.0,Front wheel drive,Manual,Naturally Aspirated,Petrol,,,189.9,118.0,10.8,,https://www.parkers.co.uk/toyota/carina-e/saloon-1992/16-cd-4d/specs/
CAR_34E9E508,Toyota,Carina E,16 charisma plus 5d,Toyota Carina E Estate1.6 Charisma Plus 5d Specs & dimensions,1993,,1587.0,4.0,106.0,,1190.0,Front wheel drive,Manual,Naturally Aspirated,Petrol,,,189.9,118.0,10.8,,https://www.parkers.co.uk/toyota/carina-e/estate-1993/16-charisma-plus-5d/specs/
CAR_D495BD17,Toyota,Celica,18 vvtli gt 3d,Toyota Celica Coupe1.8 VVTLi GT 3d Specs & dimensions,1999,,1796.0,4.0,189.0,180.0,1145.0,Front wheel drive,Manual,Naturally Aspirated,Petrol,,,225.3,140.0,7.2,200.0,https://www.parkers.co.uk/toyota/celica/coupe-1999/18-vvtli-gt-3d/specs/
CAR_BED47A20,Toyota,Celica,carlos sainz 4wd 3d,Toyota Celica HatchbackCarlos Sainz 4WD 3d Specs & dimensions,1985,,1998.0,,201.0,,,4 wheel drive,Manual,Naturally Aspirated,Petrol,,,,,,,https://www.parkers.co.uk/toyota/celica/hatchback-1985/carlos-sainz-4wd-3d/specs/
CAR_01D24101,Toyota,Celica,gt liftback 3d,Toyota Celica CoupeGT Liftback 3d Specs & dimensions,1986,,1998.0,,154.0,,,Rear wheel drive,Manual,Naturally Aspirated,Petrol,,,,,,,https://www.parkers.co.uk/toyota/celica/coupe-1986/gt-liftback-3d/specs/
CAR_A1B02071,Toyota,Celica,25th anniversary 3d,Toyota Celica Coupe25th Anniversary 3d Specs & dimensions,1994,,1762.0,4.0,114.0,155.0,1170.0,Front wheel drive,Manual,Naturally Aspirated,Petrol,,,199.6,124.0,10.0,186.0,https://www.parkers.co.uk/toyota/celica/coupe-1994/25th-anniversary-3d/specs/
CAR_3CA6FE7C,Toyota,Celica,20 2d,Toyota Celica Cabriolet2.0 2d Specs & dimensions,1994,,1998.0,4.0,168.0,186.0,1295.0,Front wheel drive,Manual,Naturally Aspirated,Petrol,,,215.7,134.0,8.5,223.0,https://www.parkers.co.uk/toyota/celica/cabriolet-1994/20-2d/specs/
CAR_FCE9731B,Toyota,Celica,xt fh 2d,Toyota Celica CoupeXT FH 2d Specs & dimensions,1984,,1972.0,,,,,Rear wheel drive,Manual,Naturally Aspirated,Petrol,,,,,,,https://www.parkers.co.uk/toyota/celica/coupe-1984/xt-fh-2d/specs/
CAR_BFED125D,Toyota,Celica,2d,Toyota Celica Cabriolet2d Specs & dimensions,1987,,1998.0,,147.0,,,Rear wheel drive,Manual,Naturally Aspirated,Petrol,,,,,,,https://www.parkers.co.uk/toyota/celica/cabriolet-1987/2d/specs/
CAR_5BF03DE0,Toyota,Corolla,18 hybrid design 5dr cvt,Toyota Corolla Hatchback1.8 Hybrid Design 5dr CVT Specs & dimensions,2019,,1798.0,4.0,138.0,142.0,1345.0,Front wheel drive,Automatic,EV,Petrol/Electric Hybrid,,,180.2,112.0,8.8,104.0,https://www.parkers.co.uk/toyota/corolla/hatchback-2019/18-hybrid-design-5dr-cvt/specs/
CAR_6371DED2,Toyota,Corolla,18 hybrid design 5dr cvt,Toyota Corolla Touring Sports1.8 Hybrid Design 5dr CVT Specs & dimensions,2019,,1798.0,4.0,138.0,142.0,1400.0,Front wheel drive,Automatic,EV,Petrol/Electric Hybrid,,,180.2,112.0,9.1,106.0,https://www.parkers.co.uk/toyota/corolla/touring-sports-2019/18-hybrid-design-5dr-cvt/specs/
CAR_84D387E4,Toyota,Corolla,18 vvt i hybrid 122hp auto 5d,Toyota Corolla Trek1.8 VVT-i Hybrid 122hp auto 5d Specs & dimensions,2019,,1798.0,4.0,120.0,142.0,1300.0,Front wheel drive,Automatic,EV,Petrol/Electric Hybrid,,,180.2,112.0,10.7,113.0,https://www.parkers.co.uk/toyota/corolla/trek-2019/18-vvt-i-hybrid-122hp-auto-5d/specs/
CAR_6BFEF162,Toyota,Corolla,design 18 vvt i hybrid auto 4d,Toyota Corolla SaloonDesign 1.8 VVT-i Hybrid auto 4d Specs & dimensions,2019,,1798.0,4.0,120.0,142.0,1310.0,Front wheel drive,Automatic,EV,Petrol/Electric Hybrid,,,180.2,112.0,10.6,110.0,https://www.parkers.co.uk/toyota/corolla/saloon-2019/design-18-vvt-i-hybrid-auto-4d/specs/
CAR_64800B1D,Toyota,Corolla,13 cd 3d auto,Toyota Corolla Hatchback1.3 CD 3d Auto Specs & dimensions,1997,,1332.0,4.0,85.0,120.0,1155.0,Front wheel drive,Automatic,Naturally Aspirated,Petrol,,,164.2,102.0,15.6,190.0,https://www.parkers.co.uk/toyota/corolla/hatchback-1997/13-cd-3d-auto/specs/
CAR_17977AC3,Toyota,Corolla,13 sportif 4d,Toyota Corolla Saloon1.3 Sportif 4d Specs & dimensions,1997,,1332.0,4.0,85.0,120.0,1025.0,Front wheel drive,Manual,Naturally Aspirated,Petrol,,,169.0,105.0,12.1,168.0,https://www.parkers.co.uk/toyota/corolla/saloon-1997/13-sportif-4d/specs/
CAR_E3D3D806,Toyota,Corolla,13 sportif 5d,Toyota Corolla Estate1.3 Sportif 5d Specs & dimensions,1997,,1332.0,4.0,85.0,120.0,1060.0,Front wheel drive,Manual,Naturally Aspirated,Petrol,,,169.0,105.0,12.1,168.0,https://www.parkers.co.uk/toyota/corolla/estate-1997/13-sportif-5d/specs/
CAR_84E7AC11,Toyota,Corolla,14 vvti calida liftback 5d,Toyota Corolla Hatchback1.4 VVTi Calida Liftback 5d Specs & dimensions,2000,,1398.0,4.0,94.0,130.0,1165.0,Front wheel drive,Manual,Naturally Aspirated,Petrol,,,185.1,115.0,11.4,162.0,https://www.parkers.co.uk/toyota/corolla/hatchback-2000/14-vvti-calida-liftback-5d/specs/
CAR_9DFD32F2,Toyota,Corolla,14 vvti gs 5d,Toyota Corolla Estate1.4 VVTi GS 5d Specs & dimensions,2000,,1398.0,4.0,94.0,130.0,1175.0,Front wheel drive,Manual,Naturally Aspirated,Petrol,,,185.1,115.0,11.4,165.0,https://www.parkers.co.uk/toyota/corolla/estate-2000/14-vvti-gs-5d/specs/
CAR_266D7284,Toyota,Corolla,14 d 4d colour collection 3d,Toyota Corolla Hatchback1.4 D-4D Colour Collection 3d Specs & dimensions,2002,,1364.0,4.0,89.0,190.0,1190.0,Front wheel drive,Manual,Unknown,Diesel,,,180.2,112.0,12.9,128.0,https://www.parkers.co.uk/toyota/corolla/hatchback-2002/14-d-4d-colour-collection-3d/specs/
CAR_0116E421,Toyota,Corolla,14 d 4d colour collection 4d,Toyota Corolla Saloon1.4 D-4D Colour Collection 4d Specs & dimensions,2002,,1364.0,4.0,89.0,190.0,1115.0,Front wheel drive,Manual,Unknown,Diesel,,,180.2,112.0,12.9,127.0,https://www.parkers.co.uk/toyota/corolla/saloon-2002/14-d-4d-colour-collection-4d/specs/
CAR_FFC493AA,Toyota,Corolla,16 vvt i colour collection 5d,Toyota Corolla Estate1.6 VVT-i Colour Collection 5d Specs & dimensions,2002,,1598.0,4.0,109.0,150.0,1170.0,Front wheel drive,Manual,Naturally Aspirated,Petrol,,,189.9,118.0,9.9,172.0,https://www.parkers.co.uk/toyota/corolla/estate-2002/16-vvt-i-colour-collection-5d/specs/
CAR_64E12DED,Toyota,Corolla,16 vvt i t2 5d,Toyota Corolla Verso1.6 VVT-i T2 5d Specs & dimensions,2002,,1598.0,4.0,110.0,150.0,1280.0,Front wheel drive,Manual,Naturally Aspirated,Petrol,,,180.2,112.0,11.0,174.0,https://www.parkers.co.uk/toyota/corolla/verso-2002/16-vvt-i-t2-5d/specs/
CAR_7C98A9D9,Toyota,Corolla,16 vvt i t2 5d,Toyota Corolla Verso1.6 VVT-i T2 5d Specs & dimensions,2004,,1598.0,4.0,109.0,150.0,1365.0,Front wheel drive,Manual,Naturally Aspirated,Petrol,,,175.4,109.0,,178.0,https://www.parkers.co.uk/toyota/corolla/verso-2004/16-vvt-i-t2-5d/specs/
CAR_E2AE9591,Toyota,Corolla,13 crescendo 5d,Toyota Corolla Hatchback1.3 Crescendo 5d Specs & dimensions,1983,,1295.0,,74.0,,,Front wheel drive,Manual,Naturally Aspirated,Petrol,,,,,,,https://www.parkers.co.uk/toyota/corolla/hatchback-1983/13-crescendo-5d/specs/
CAR_BCDAA875,Toyota,Corolla,13 gl 4d (83),Toyota Corolla Saloon1.3 GL 4d (83) Specs & dimensions,1983,,1295.0,,74.0,,,Front wheel drive,Manual,Naturally Aspirated,Petrol,,,,,,,https://www.parkers.co.uk/toyota/corolla/saloon-1983/13-gl-4d-(83)/specs/
CAR_198AD40E,Toyota,Corolla,13 gl 5d,Toyota Corolla Estate1.3 GL 5d Specs & dimensions,1987,,1295.0,,74.0,,,Front wheel drive,Manual,Naturally Aspirated,Petrol,,,,,,,https://www.parkers.co.uk/toyota/corolla/estate-1987/13-gl-5d/specs/
CAR_15263939,Toyota,Corolla,13 cd 3d auto,Toyota Corolla Hatchback1.3 CD 3d Auto Specs & dimensions,1992,,1332.0,4.0,85.0,120.0,1090.0,Front wheel drive,Automatic,Naturally Aspirated,Petrol,,,169.0,105.0,12.1,,https://www.parkers.co.uk/toyota/corolla/hatchback-1992/13-cd-3d-auto/specs/
CAR_66F734B0,Toyota,Corolla,13 gli 4d,Toyota Corolla Saloon1.3 GLi 4d Specs & dimensions,1992,,1331.0,,87.0,,,Front wheel drive,Manual,Naturally Aspirated,Petrol,,,,,,,https://www.parkers.co.uk/toyota/corolla/saloon-1992/13-gli-4d/specs/
CAR_4E6DF01B,Toyota,Corolla,13 gli 5d,Toyota Corolla Estate1.3 GLi 5d Specs & dimensions,1992,,1331.0,,87.0,,,Front wheel drive,Manual,Naturally Aspirated,Petrol,,,,,,,https://www.parkers.co.uk/toyota/corolla/estate-1992/13-gli-5d/specs/
CAR_D8C74B78,Toyota,Corolla,13 20 5d,Toyota Corolla Hatchback1.3 20 5d Specs & dimensions,1985,,1331.0,,,,,Front wheel drive,Manual,Naturally Aspirated,Petrol,,,,,,,https://www.parkers.co.uk/toyota/corolla/hatchback-1985/13-20-5d/specs/
CAR_9C004656,Toyota,Corolla,13 dx 5d,Toyota Corolla Estate1.3 DX 5d Specs & dimensions,1983,,1290.0,,65.0,,,Front wheel drive,Manual,Naturally Aspirated,Petrol,,,,,,,https://www.parkers.co.uk/toyota/corolla/estate-1983/13-dx-5d/specs/
CAR_FB736CB8,Toyota,Corolla,gt rwd 3d,Toyota Corolla CoupeGT RWD 3d Specs & dimensions,1986,,1587.0,,124.0,,,Rear wheel drive,Manual,Naturally Aspirated,Petrol,,,,,,,https://www.parkers.co.uk/toyota/corolla/coupe-1986/gt-rwd-3d/specs/
CAR_DA35F497,Toyota,Gr Supra,20 fuji speedway edition 3dr auto,Toyota GR Supra Coupe2.0 Fuji Speedway Edition 3dr Auto Specs & dimensions,2019,,1998.0,4.0,254.0,400.0,1470.0,Rear wheel drive,Automatic,Naturally Aspirated,Petrol,,,249.4,155.0,5.0,167.0,https://www.parkers.co.uk/toyota/gr-supra/coupe-2019/20-fuji-speedway-edition-3dr-auto/specs/
CAR_DDFA5ACF,Toyota,Gr86,24 d 4s 2dr,Toyota GR86 Coupe2.4 D-4S 2dr Specs & dimensions,2022,,2387.0,4.0,231.0,250.0,1275.0,Rear wheel drive,Manual,Naturally Aspirated,Petrol,,,225.3,140.0,6.1,200.0,https://www.parkers.co.uk/toyota/gr86/coupe-2022/24-d-4s-2dr/specs/
CAR_980942AB,Toyota,Gt86,(toyota touch 2 with go) 20 boxer d 4s 2d,Toyota GT86 Coupe(Toyota Touch 2 with Go) 2.0 Boxer D-4S 2d Specs & dimensions,2012,,1998.0,4.0,197.0,205.0,1270.0,Rear wheel drive,Manual,Naturally Aspirated,Petrol,,,225.3,140.0,7.4,191.0,https://www.parkers.co.uk/toyota/gt86/coupe-2012/(toyota-touch-2-with-go)-20-boxer-d-4s-2d/specs/
CAR_B675918A,Toyota,Highlander,25 vvt i hybrid excel 5dr cvt,Toyota Highlander SUV2.5 VVT-i Hybrid Excel 5dr CVT Specs & dimensions,2021,,2487.0,4.0,244.0,239.0,2050.0,4 wheel drive,Automatic,EV,Petrol/Electric Hybrid,,,180.2,112.0,8.0,160.0,https://www.parkers.co.uk/toyota/highlander/suv-2021/25-vvt-i-hybrid-excel-5dr-cvt/specs/
CAR_88A8530A,Toyota,Iq,10 vvt i 2 3d,Toyota IQ Hatchback1.0 VVT-i 2 3d Specs & dimensions,2009,,998.0,3.0,68.0,91.0,845.0,Front wheel drive,Manual,Naturally Aspirated,Petrol,,,149.7,93.0,13.6,99.0,https://www.parkers.co.uk/toyota/iq/hatchback-2009/10-vvt-i-2-3d/specs/
CAR_00E4CB84,Toyota,Land Cruiser,28 d 4d 204 active auto 5 seats 3d,Toyota Land Cruiser Estate2.8 D-4D 204 Active Auto 5 Seats 3d Specs & dimensions,2009,,2755.0,4.0,201.0,500.0,2030.0,4 wheel drive,Automatic,Unknown,Diesel,,,175.4,109.0,12.3,239.0,https://www.parkers.co.uk/toyota/land-cruiser/estate-2009/28-d-4d-204-active-auto-5-seats-3d/specs/
CAR_36C7749E,Toyota,Land Cruiser,28 d 4d 204 first edition 5dr auto 7 seats,Toyota Land Cruiser SUV2.8 D-4D 204 First Edition 5dr Auto 7 Seats Specs & dimensions,2024,,2755.0,4.0,201.0,500.0,2335.0,4 wheel drive,Automatic,Turbocharged,Diesel,,,175.4,109.0,,276.0,https://www.parkers.co.uk/toyota/land-cruiser/suv-2024/28-d-4d-204-first-edition-5dr-auto-7-seats/specs/
CAR_F1EC330E,Toyota,Land Cruiser,30 d 4d invincible (173ps) 5d,Toyota Land Cruiser Station Wagon3.0 D-4D Invincible (173ps) 5d Specs & dimensions,2003,,2982.0,4.0,170.0,410.0,1980.0,4 wheel drive,Manual,Unknown,Diesel,,,175.4,109.0,11.1,243.0,https://www.parkers.co.uk/toyota/land-cruiser/station-wagon-2003/30-d-4d-invincible-(173ps)-5d/specs/
CAR_6B006241,Toyota,Land Cruiser,42 td vx 5d auto,Toyota Land Cruiser Estate4.2 TD VX 5d Auto Specs & dimensions,1981,,4164.0,6.0,201.0,430.0,2560.0,4 wheel drive,Automatic,Unknown,Diesel,,,175.4,109.0,12.7,340.0,https://www.parkers.co.uk/toyota/land-cruiser/estate-1981/42-td-vx-5d-auto/specs/
CAR_EB7B0AB2,Toyota,Land Cruiser Amazon,42 td anniversary 5d auto,Toyota Land Cruiser Amazon Station Wagon4.2 TD Anniversary 5d Auto Specs & dimensions,1998,,4164.0,6.0,201.0,430.0,2580.0,4 wheel drive,Automatic,Unknown,Diesel,,,175.4,109.0,12.7,340.0,https://www.parkers.co.uk/toyota/land-cruiser-amazon/station-wagon-1998/42-td-anniversary-5d-auto/specs/
CAR_8CEFFB51,Toyota,Land Cruiser Amazon,42 td 5d,Toyota Land Cruiser Amazon Station Wagon4.2 TD 5d Specs & dimensions,2002,,4164.0,6.0,201.0,430.0,2495.0,4 wheel drive,Manual,Unknown,Diesel,,,170.6,106.0,13.2,292.0,https://www.parkers.co.uk/toyota/land-cruiser-amazon/station-wagon-2002/42-td-5d/specs/
CAR_FB1A3028,Toyota,Land Cruiser Colorado,30 d4 d fx 5d auto,Toyota Land Cruiser Colorado Station Wagon3.0 D4-D FX 5d Auto Specs & dimensions,1996,,2982.0,4.0,161.0,343.0,2020.0,4 wheel drive,Automatic,Unknown,Diesel,,,164.2,102.0,11.7,277.0,https://www.parkers.co.uk/toyota/land-cruiser-colorado/station-wagon-1996/30-d4-d-fx-5d-auto/specs/
CAR_047BFE8C,Toyota,Land Cruiser V8,45 d 4d v8 5d auto,Toyota Land Cruiser V8 Station Wagon4.5 D-4D V8 5d Auto Specs & dimensions,2008,,4461.0,8.0,281.0,650.0,2615.0,4 wheel drive,Automatic,Unknown,Diesel,,,209.2,130.0,7.9,270.0,https://www.parkers.co.uk/toyota/land-cruiser-v8/station-wagon-2008/45-d-4d-v8-5d-auto/specs/
CAR_50405F4F,Toyota,Mr2,gt sports 2d,Toyota MR2 CoupeGT Sports 2d Specs & dimensions,1990,,1998.0,4.0,168.0,186.0,1285.0,Rear wheel drive,Manual,Naturally Aspirated,Petrol,,,220.5,137.0,7.7,216.0,https://www.parkers.co.uk/toyota/mr2/coupe-1990/gt-sports-2d/specs/
CAR_34AF5359,Toyota,Mr2,18 vvti 2d,Toyota MR2 Roadster1.8 VVTi 2d Specs & dimensions,2000,,1794.0,4.0,138.0,170.0,1030.0,Rear wheel drive,Manual,Naturally Aspirated,Petrol,,,210.8,131.0,7.7,178.0,https://www.parkers.co.uk/toyota/mr2/roadster-2000/18-vvti-2d/specs/
CAR_4F501FF3,Toyota,Mr2,sports 2d,Toyota MR2 CoupeSports 2d Specs & dimensions,1985,,1587.0,,127.0,,,Rear wheel drive,Manual,Naturally Aspirated,Petrol,,,,,,,https://www.parkers.co.uk/toyota/mr2/coupe-1985/sports-2d/specs/
CAR_E558FC6F,Toyota,Paseo,15 galliano 2d,Toyota Paseo Coupe1.5 Galliano 2d Specs & dimensions,1996,,1497.0,4.0,89.0,130.0,920.0,Front wheel drive,Manual,Naturally Aspirated,Petrol,,,180.2,112.0,11.2,,https://www.parkers.co.uk/toyota/paseo/coupe-1996/15-galliano-2d/specs/
CAR_3DDF1DDD,Toyota,Picnic,20 gl 5d,Toyota Picnic Estate2.0 GL 5d Specs & dimensions,1997,,1998.0,4.0,126.0,131.0,1370.0,Front wheel drive,Manual,Naturally Aspirated,Petrol,,,175.4,109.0,10.8,215.0,https://www.parkers.co.uk/toyota/picnic/estate-1997/20-gl-5d/specs/
CAR_043A3DBF,Toyota,Previa,24i 4d,Toyota Previa Estate2.4i 4d Specs & dimensions,1990,,2438.0,,132.0,,,Rear wheel drive,Manual,Naturally Aspirated,Petrol,,,,,,,https://www.parkers.co.uk/toyota/previa/estate-1990/24i-4d/specs/
CAR_AEFE0F5A,Toyota,Previa,20 d 4d t spirit 5d (7 seat),Toyota Previa Estate2.0 D-4D T Spirit 5d (7 Seat) Specs & dimensions,2000,,1995.0,4.0,114.0,250.0,1580.0,Front wheel drive,Manual,Unknown,Diesel,,,175.4,109.0,13.4,191.0,https://www.parkers.co.uk/toyota/previa/estate-2000/20-d-4d-t-spirit-5d-(7-seat)/specs/
CAR_8B282A99,Toyota,Prius,18 vvti excel (0115 ) 5d cvt auto,Toyota Prius Plus1.8 VVTi Excel (01/15-) 5d CVT Auto Specs & dimensions,2012,,1798.0,4.0,134.0,142.0,1500.0,Front wheel drive,Automatic,EV,Petrol/Electric Hybrid,,,165.8,103.0,11.3,101.0,https://www.parkers.co.uk/toyota/prius/plus-2012/18-vvti-excel-(0115-)-5d-cvt-auto/specs/
CAR_600BF7CE,Toyota,Prius,18 vvti active (nav) 5d cvt,Toyota Prius Hatchback1.8 VVTi Active (Nav) 5d CVT Specs & dimensions,2015,,1798.0,4.0,120.0,142.0,1375.0,Front wheel drive,Automatic,EV,Petrol/Electric Hybrid,,,180.2,112.0,10.3,78.0,https://www.parkers.co.uk/toyota/prius/hatchback-2015/18-vvti-active-(nav)-5d-cvt/specs/
CAR_B866F068,Toyota,Prius,business edition plus (solar roof) plug in 18 vvt i hybrid 5d,Toyota Prius Plug-InBusiness Edition Plus (Solar Roof) Plug-in 1.8 VVT-i Hybrid 5d Specs & dimensions,2017,,1798.0,4.0,120.0,142.0,1530.0,Front wheel drive,Automatic,Hybrid,Petrol Parallel PHEV,,,162.5,101.0,10.7,28.0,https://www.parkers.co.uk/toyota/prius/plug-in-2017/business-edition-plus-(solar-roof)-plug-in-18-vvt-i-hybrid-5d/specs/
CAR_158D2D86,Toyota,Prius,20 phev design 5dr cvt,Toyota Prius Plug-in2.0 PHEV Design 5dr CVT Specs & dimensions,2024,,1987.0,4.0,219.0,190.0,1545.0,Front wheel drive,Automatic,Unknown,Petrol Parallel PHEV,,,177.0,110.0,6.6,36.0,https://www.parkers.co.uk/toyota/prius/plug-in-2024/20-phev-design-5dr-cvt/specs/
CAR_76DAC310,Toyota,Prius,15 vvti le 5d cvt auto,Toyota Prius Hatchback1.5 VVTi LE 5d CVT Auto Specs & dimensions,2009,,1497.0,4.0,74.0,115.0,,Front wheel drive,Automatic,EV,Petrol/Electric Hybrid,,,,,10.6,104.0,https://www.parkers.co.uk/toyota/prius/hatchback-2009/15-vvti-le-5d-cvt-auto/specs/
CAR_B9524143,Toyota,Prius,15 vvti hybrid 4d auto,Toyota Prius Saloon1.5 VVTi Hybrid 4d Auto Specs & dimensions,2000,,1497.0,4.0,71.0,115.0,1250.0,Front wheel drive,Automatic,EV,Petrol/Electric Hybrid,,,159.3,99.0,13.0,114.0,https://www.parkers.co.uk/toyota/prius/saloon-2000/15-vvti-hybrid-4d-auto/specs/
CAR_F670B38F,Toyota,Prius,15 vvti t spirit hybrid 5d cvt auto,Toyota Prius Hatchback1.5 VVTi T Spirit Hybrid 5d CVT Auto Specs & dimensions,2004,,1497.0,4.0,76.0,115.0,1300.0,Front wheel drive,Automatic,EV,Petrol/Electric Hybrid,,,170.6,106.0,10.6,104.0,https://www.parkers.co.uk/toyota/prius/hatchback-2004/15-vvti-t-spirit-hybrid-5d-cvt-auto/specs/
CAR_1BBE84B5,Toyota,Proace City Verso,100kw design l1 50kwh 5dr auto,Toyota Proace City Verso Electric MPV100kW Design L1 50kWh 5dr Auto Specs & dimensions,2024,,,,134.0,270.0,1736.0,Front wheel drive,Automatic,EV,Electric,,,135.2,84.0,,0.0,https://www.parkers.co.uk/toyota/proace-city-verso/electric-mpv-2024/100kw-design-l1-50kwh-5dr-auto/specs/
CAR_E871036F,Toyota,Proace Verso,15d shuttle medium [tss] 5dr,Toyota Proace Verso MPV1.5D Shuttle Medium [TSS] 5dr Specs & dimensions,2016,,1499.0,4.0,118.0,300.0,1571.0,Front wheel drive,Manual,Unknown,Diesel,,,159.3,99.0,12.0,169.0,https://www.parkers.co.uk/toyota/proace-verso/mpv-2016/15d-shuttle-medium-[tss]-5dr/specs/
CAR_603DBF15,Toyota,Proace Verso,100kw design l1 75kwh 5dr auto,Toyota Proace Verso Electric MPV100kW Design L1 75kWh 5dr Auto Specs & dimensions,2024,,,,134.0,260.0,2136.0,Front wheel drive,Automatic,EV,Electric,,,130.4,81.0,,0.0,https://www.parkers.co.uk/toyota/proace-verso/electric-mpv-2024/100kw-design-l1-75kwh-5dr-auto/specs/
CAR_7A302818,Toyota,Rav4,25 phev design 5dr cvt,Toyota RAV4 SUV2.5 PHEV Design 5dr CVT Specs & dimensions,2019,,2487.0,4.0,301.0,227.0,1910.0,4 wheel drive,Automatic,Unknown,Petrol Parallel PHEV,,,180.2,112.0,5.8,22.0,https://www.parkers.co.uk/toyota/rav4/suv-2019/25-phev-design-5dr-cvt/specs/
CAR_3A31D2A6,Toyota,Rav4,20 v matic xt r 2wd 5d,Toyota RAV4 Estate2.0 V-matic XT-R 2WD 5d Specs & dimensions,2006,,1987.0,4.0,155.0,198.0,1430.0,Front wheel drive,Manual,Naturally Aspirated,Petrol,,,185.1,115.0,9.9,174.0,https://www.parkers.co.uk/toyota/rav4/estate-2006/20-v-matic-xt-r-2wd-5d/specs/
CAR_C6AAD5A1,Toyota,Rav4,20 d active 2wd (leather) 5d,Toyota RAV4 Estate2.0 D Active 2WD (Leather) 5d Specs & dimensions,2013,,1998.0,4.0,122.0,310.0,1535.0,Front wheel drive,Manual,Unknown,Diesel,,,180.2,112.0,9.6,127.0,https://www.parkers.co.uk/toyota/rav4/estate-2013/20-d-active-2wd-(leather)-5d/specs/
CAR_946F15FE,Toyota,Rav4,20 16v reebok 3d,Toyota RAV4 Estate2.0 16V Reebok 3d Specs & dimensions,1994,,1998.0,4.0,126.0,178.0,1200.0,4 wheel drive,Manual,Naturally Aspirated,Petrol,,,169.0,105.0,11.6,223.0,https://www.parkers.co.uk/toyota/rav4/estate-1994/20-16v-reebok-3d/specs/
CAR_9E931DD0,Toyota,Rav4,18 nv 3d,Toyota RAV4 Estate1.8 NV 3d Specs & dimensions,2000,,1794.0,4.0,123.0,161.0,1125.0,Front wheel drive,Manual,Naturally Aspirated,Petrol,,,170.6,106.0,12.3,175.0,https://www.parkers.co.uk/toyota/rav4/estate-2000/18-nv-3d/specs/
CAR_516C3528,Toyota,Space Cruiser,20 4d (8 seat),Toyota Space Cruiser Estate2.0 4d (8 Seat) Specs & dimensions,1983,,1998.0,,87.0,,,Rear wheel drive,Manual,Naturally Aspirated,Petrol,,,,,,,https://www.parkers.co.uk/toyota/space-cruiser/estate-1983/20-4d-(8-seat)/specs/
CAR_7E512963,Toyota,Starlet,10 gl 3d,Toyota Starlet Hatchback1.0 GL 3d Specs & dimensions,1985,,999.0,,54.0,,,Front wheel drive,Manual,Naturally Aspirated,Petrol,,,,,,,https://www.parkers.co.uk/toyota/starlet/hatchback-1985/10-gl-3d/specs/
CAR_6C670D76,Toyota,Starlet,10 gl 3d,Toyota Starlet Hatchback1.0 GL 3d Specs & dimensions,1990,,999.0,,54.0,,,Front wheel drive,Manual,Naturally Aspirated,Petrol,,,,,,,https://www.parkers.co.uk/toyota/starlet/hatchback-1990/10-gl-3d/specs/
CAR_BA875966,Toyota,Starlet,13 cd 3d,Toyota Starlet Hatchback1.3 CD 3d Specs & dimensions,1996,,1332.0,4.0,74.0,,845.0,Front wheel drive,Manual,Naturally Aspirated,Petrol,,,165.8,103.0,11.5,163.0,https://www.parkers.co.uk/toyota/starlet/hatchback-1996/13-cd-3d/specs/
CAR_28CC09A8,Toyota,Supra,30 3d,Toyota Supra Hatchback3.0 3d Specs & dimensions,1986,,2954.0,,184.0,,,Rear wheel drive,Manual,Naturally Aspirated,Petrol,,,,,,,https://www.parkers.co.uk/toyota/supra/hatchback-1986/30-3d/specs/
CAR_65FB1257,Toyota,Supra,30 turbo 3d,Toyota Supra Hatchback3.0 Turbo 3d Specs & dimensions,1993,,2997.0,6.0,326.0,,1620.0,Rear wheel drive,Manual,Turbocharged,Petrol,,,249.4,155.0,4.9,,https://www.parkers.co.uk/toyota/supra/hatchback-1993/30-turbo-3d/specs/
CAR_FDF97141,Toyota,Supra,28 3d,Toyota Supra Hatchback2.8 3d Specs & dimensions,1982,,2759.0,,,,,Rear wheel drive,Manual,Naturally Aspirated,Petrol,,,,,,,https://www.parkers.co.uk/toyota/supra/hatchback-1982/28-3d/specs/
CAR_7ADE5A0E,Toyota,Tercel,15 4wd 5d,Toyota Tercel Estate1.5 4WD 5d Specs & dimensions,1983,,1452.0,,70.0,,,4 wheel drive,Manual,Naturally Aspirated,Petrol,,,,,,,https://www.parkers.co.uk/toyota/tercel/estate-1983/15-4wd-5d/specs/
CAR_71B688EC,Toyota,Urban Cruiser,106kw icon 49kwh 5dr auto,Toyota Urban Cruiser SUV106kW Icon 49kWh 5dr Auto Specs & dimensions,2025,,,,141.0,193.0,1700.0,Front wheel drive,Automatic,EV,Electric,,,149.7,93.0,9.3,0.0,https://www.parkers.co.uk/toyota/urban-cruiser/suv-2025/106kw-icon-49kwh-5dr-auto/specs/
CAR_ECFF841D,Toyota,Urban Cruiser,13 dual vvt i 2wd 5d,Toyota Urban Cruiser Estate1.3 Dual VVT-i 2WD 5d Specs & dimensions,2009,,1329.0,4.0,99.0,132.0,1140.0,Front wheel drive,Manual,Naturally Aspirated,Petrol,,,175.4,109.0,12.1,129.0,https://www.parkers.co.uk/toyota/urban-cruiser/estate-2009/13-dual-vvt-i-2wd-5d/specs/
CAR_8FEECAC6,Toyota,Verso,16 d 4d active 5d,Toyota Verso Estate1.6 D-4D Active 5d Specs & dimensions,2009,,1598.0,4.0,108.0,270.0,1520.0,Front wheel drive,Manual,Unknown,Diesel,,,185.1,115.0,12.3,119.0,https://www.parkers.co.uk/toyota/verso/estate-2009/16-d-4d-active-5d/specs/
CAR_87229CA4,Toyota,Verso,133 dual vvt i t spirit (leather) 5d,Toyota Verso S1.33 Dual VVT-i T Spirit (Leather) 5d Specs & dimensions,2011,,1329.0,4.0,96.0,125.0,1070.0,Front wheel drive,Manual,Naturally Aspirated,Petrol,,,170.6,106.0,12.9,127.0,https://www.parkers.co.uk/toyota/verso/s-2011/133-dual-vvt-i-t-spirit-(leather)-5d/specs/
CAR_EAE40BB8,Toyota,Yaris,10 vvt i active (0714 ) 3d,Toyota Yaris Hatchback1.0 VVT-i Active (07/14-) 3d Specs & dimensions,2011,,998.0,3.0,68.0,95.0,1040.0,Front wheel drive,Manual,Naturally Aspirated,Petrol,,,154.5,96.0,14.8,99.0,https://www.parkers.co.uk/toyota/yaris/hatchback-2011/10-vvt-i-active-(0714-)-3d/specs/
CAR_71632A93,Toyota,Yaris,15 hybrid 130 excel 5dr cvt,Toyota Yaris Hatchback1.5 Hybrid 130 Excel 5dr CVT Specs & dimensions,2020,,1490.0,3.0,128.0,120.0,1145.0,Front wheel drive,Automatic,EV,Petrol/Electric Hybrid,,,175.4,109.0,8.9,95.0,https://www.parkers.co.uk/toyota/yaris/hatchback-2020/15-hybrid-130-excel-5dr-cvt/specs/
CAR_2A5A8F6E,Toyota,Yaris,16 3dr awd [convenience pack],Toyota Yaris GR Yaris1.6 3dr AWD [Convenience Pack] Specs & dimensions,2020,,1618.0,3.0,257.0,360.0,1280.0,4 wheel drive,Manual,Naturally Aspirated,Petrol,,,,,5.3,186.0,https://www.parkers.co.uk/toyota/yaris/gr-yaris-2020/16-3dr-awd-[convenience-pack]/specs/
CAR_5EB27855,Toyota,Yaris,10 vvt i ion 3d,Toyota Yaris Hatchback1.0 VVT-i Ion 3d Specs & dimensions,2006,,996.0,3.0,68.0,95.0,980.0,Front wheel drive,Manual,Naturally Aspirated,Petrol,,,154.5,96.0,15.2,127.0,https://www.parkers.co.uk/toyota/yaris/hatchback-2006/10-vvt-i-ion-3d/specs/
CAR_0C642805,Toyota,Yaris,10 16v vvt i cdx 5d,Toyota Yaris Hatchback1.0 16v VVT-i CDX 5d Specs & dimensions,1999,,998.0,4.0,67.0,90.0,905.0,Front wheel drive,Manual,Naturally Aspirated,Petrol,,,154.5,96.0,13.6,137.0,https://www.parkers.co.uk/toyota/yaris/hatchback-1999/10-16v-vvt-i-cdx-5d/specs/
CAR_E8003412,Toyota,Yaris,15 vvt i 3d,Toyota Yaris T Sport1.5 VVT-i 3d Specs & dimensions,2001,,1497.0,4.0,103.0,143.0,950.0,Front wheel drive,Manual,Naturally Aspirated,Petrol,,,189.9,118.0,8.7,162.0,https://www.parkers.co.uk/toyota/yaris/t-sport-2001/15-vvt-i-3d/specs/
CAR_5F4F65B5,Toyota,Yaris,13 16v vvt i 5d,Toyota Yaris Verso1.3 16v VVT-i 5d Specs & dimensions,2000,,1299.0,4.0,84.0,124.0,990.0,Front wheel drive,Manual,Naturally Aspirated,Petrol,,,164.2,102.0,12.1,154.0,https://www.parkers.co.uk/toyota/yaris/verso-2000/13-16v-vvt-i-5d/specs/
CAR_9340AB19,Toyota,Yaris,13 vvt i sr 3d,Toyota Yaris SR1.3 VVT-i SR 3d Specs & dimensions,2007,,1296.0,4.0,85.0,121.0,,Front wheel drive,Manual,Naturally Aspirated,Petrol,,,170.6,106.0,11.1,141.0,https://www.parkers.co.uk/toyota/yaris/sr-2007/13-vvt-i-sr-3d/specs/
CAR_577E6E06,Toyota,Yaris Cross,15 hybrid 130 design 5dr cvt,Toyota Yaris Cross SUV1.5 Hybrid 130 Design 5dr CVT Specs & dimensions,2021,,1490.0,3.0,128.0,120.0,1235.0,Front wheel drive,Automatic,EV,Petrol/Electric Hybrid,,,170.6,106.0,10.4,100.0,https://www.parkers.co.uk/toyota/yaris-cross/suv-2021/15-hybrid-130-design-5dr-cvt/specs/
CAR_01540F56,Volkswagen,Arteon,14 tsi ehybrid elegance dsg 5d,Volkswagen Arteon Coupe1.4 TSI eHybrid Elegance DSG 5d Specs & dimensions,2017,,1395.0,4.0,214.0,400.0,1725.0,Front wheel drive,Automatic,Hybrid,Petrol Parallel PHEV,,,222.1,138.0,7.6,26.0,https://www.parkers.co.uk/volkswagen/arteon/coupe-2017/14-tsi-ehybrid-elegance-dsg-5d/specs/
CAR_FC794991,Volkswagen,Arteon,14 tsi ehybrid elegance dsg 5d,Volkswagen Arteon Shooting Brake1.4 TSI eHybrid Elegance DSG 5d Specs & dimensions,2020,,1395.0,4.0,214.0,400.0,1738.0,Front wheel drive,Automatic,Hybrid,Petrol Parallel PHEV,,,222.1,138.0,7.6,26.0,https://www.parkers.co.uk/volkswagen/arteon/shooting-brake-2020/14-tsi-ehybrid-elegance-dsg-5d/specs/
CAR_87DE0852,Volkswagen,Beetle,14 3d,Volkswagen Beetle Hatchback1.4 3d Specs & dimensions,1999,,1390.0,4.0,73.0,126.0,1259.0,Front wheel drive,Manual,Naturally Aspirated,Petrol,,,160.9,100.0,14.1,170.0,https://www.parkers.co.uk/volkswagen/beetle/hatchback-1999/14-3d/specs/
CAR_76FB977B,Volkswagen,Beetle,14 2d,Volkswagen Beetle Cabriolet1.4 2d Specs & dimensions,2003,,1390.0,4.0,73.0,126.0,1345.0,Front wheel drive,Manual,Naturally Aspirated,Petrol,,,160.9,100.0,15.1,173.0,https://www.parkers.co.uk/volkswagen/beetle/cabriolet-2003/14-2d/specs/
CAR_FB05F438,Volkswagen,Beetle,12 tsi (start stop) 3d,Volkswagen Beetle Hatchback1.2 TSI (Start Stop) 3d Specs & dimensions,2012,,1197.0,4.0,103.0,175.0,1241.0,Front wheel drive,Manual,Turbocharged,Petrol,,,180.2,112.0,10.6,128.0,https://www.parkers.co.uk/volkswagen/beetle/hatchback-2012/12-tsi-(start-stop)-3d/specs/
CAR_963E5B44,Volkswagen,Beetle,12 tsi (start stop) 2d,Volkswagen Beetle Cabriolet1.2 TSI (Start Stop) 2d Specs & dimensions,2013,,1197.0,4.0,103.0,175.0,1320.0,Front wheel drive,Manual,Turbocharged,Petrol,,,178.6,111.0,11.3,129.0,https://www.parkers.co.uk/volkswagen/beetle/cabriolet-2013/12-tsi-(start-stop)-2d/specs/
CAR_E22D97FD,Volkswagen,Beetle Dune,12 tsi bmt 105ps 3d,Volkswagen Beetle Dune Coupe1.2 TSI BMT 105PS 3d Specs & dimensions,2016,,1197.0,4.0,103.0,175.0,1366.0,Front wheel drive,Manual,Turbocharged,Petrol,,,177.0,110.0,10.9,126.0,https://www.parkers.co.uk/volkswagen/beetle-dune/coupe-2016/12-tsi-bmt-105ps-3d/specs/
CAR_5AA56957,Volkswagen,Beetle Dune,12 tsi bmt 105ps 2d,Volkswagen Beetle Dune Cabriolet1.2 TSI BMT 105PS 2d Specs & dimensions,2016,,1197.0,4.0,103.0,175.0,1460.0,Front wheel drive,Manual,Turbocharged,Petrol,,,175.4,109.0,11.7,129.0,https://www.parkers.co.uk/volkswagen/beetle-dune/cabriolet-2016/12-tsi-bmt-105ps-2d/specs/
CAR_BEA63EAD,Volkswagen,Bora,16 16v s 4d,Volkswagen Bora Saloon1.6 16V S 4d Specs & dimensions,1999,,1598.0,4.0,103.0,148.0,1360.0,Front wheel drive,Manual,Naturally Aspirated,Petrol,,,191.5,119.0,10.9,170.0,https://www.parkers.co.uk/volkswagen/bora/saloon-1999/16-16v-s-4d/specs/
CAR_1E298C2B,Volkswagen,Caddy,15 tsi 116 5dr,Volkswagen Caddy MPV1.5 TSI 116 5dr Specs & dimensions,2021,,1498.0,4.0,114.0,220.0,1403.0,Front wheel drive,Manual,Turbocharged,Petrol,,,180.2,112.0,11.5,149.0,https://www.parkers.co.uk/volkswagen/caddy/mpv-2021/15-tsi-116-5dr/specs/
CAR_601ECB32,Volkswagen,Caddy,15 tsi 116 5dr,Volkswagen Caddy California1.5 TSI 116 5dr Specs & dimensions,2021,,1498.0,4.0,114.0,220.0,1588.0,Front wheel drive,Manual,Turbocharged,Petrol,,,180.2,112.0,11.5,153.0,https://www.parkers.co.uk/volkswagen/caddy/california-2021/15-tsi-116-5dr/specs/
CAR_11805039,Volkswagen,Caddy Life,10 tsi 102ps 5d,Volkswagen Caddy Life Estate1.0 TSI 102PS 5d Specs & dimensions,2015,,999.0,4.0,100.0,,1449.0,Front wheel drive,Manual,Turbocharged,Petrol,,,172.2,107.0,,159.0,https://www.parkers.co.uk/volkswagen/caddy-life/estate-2015/10-tsi-102ps-5d/specs/
CAR_04964722,Volkswagen,Caddy Maxi,15 tsi 116 5dr,Volkswagen Caddy Maxi MPV1.5 TSI 116 5dr Specs & dimensions,2021,,1498.0,4.0,114.0,220.0,1462.0,Front wheel drive,Manual,Turbocharged,Petrol,,,180.2,112.0,12.0,153.0,https://www.parkers.co.uk/volkswagen/caddy-maxi/mpv-2021/15-tsi-116-5dr/specs/
CAR_E80CAF52,Volkswagen,Caddy Maxi,15 tsi 116 5dr,Volkswagen Caddy Maxi California1.5 TSI 116 5dr Specs & dimensions,2022,,1498.0,4.0,114.0,220.0,1647.0,Front wheel drive,Manual,Turbocharged,Petrol,,,180.2,112.0,12.0,155.0,https://www.parkers.co.uk/volkswagen/caddy-maxi/california-2022/15-tsi-116-5dr/specs/
CAR_0B086C90,Volkswagen,Caddy Maxi Camper,16 tdi bluemotion tech 5d,Volkswagen Caddy Maxi Camper Estate1.6 TDI BlueMotion Tech 5d Specs & dimensions,2013,,1598.0,4.0,100.0,250.0,1762.0,Front wheel drive,Manual,Diesel,Diesel,,,170.6,106.0,13.0,136.0,https://www.parkers.co.uk/volkswagen/caddy-maxi-camper/estate-2013/16-tdi-bluemotion-tech-5d/specs/
CAR_4462A91A,Volkswagen,Caddy Maxi Life,10 tsi maxi life c20 5d,Volkswagen Caddy Maxi Life Estate1.0 TSI Maxi Life C20 5d Specs & dimensions,2015,,999.0,4.0,100.0,175.0,1570.0,Front wheel drive,Manual,Turbocharged,Petrol,,,172.2,107.0,12.1,164.0,https://www.parkers.co.uk/volkswagen/caddy-maxi-life/estate-2015/10-tsi-maxi-life-c20-5d/specs/
CAR_7021F3BE,Volkswagen,Caddy Maxi Life,19 tdi pd 5d,Volkswagen Caddy Maxi Life Estate1.9 TDI PD 5d Specs & dimensions,2008,,1896.0,4.0,102.0,250.0,1715.0,Front wheel drive,Manual,Diesel,Diesel,,,164.2,102.0,13.1,164.0,https://www.parkers.co.uk/volkswagen/caddy-maxi-life/estate-2008/19-tdi-pd-5d/specs/
CAR_D3A18C14,Volkswagen,Caddy Maxi Life,16 tdi bluemotion tech maxi 5d,Volkswagen Caddy Maxi Life Estate1.6 TDI BlueMotion Tech Maxi 5d Specs & dimensions,2010,,1598.0,4.0,100.0,250.0,1672.0,Front wheel drive,Manual,Diesel,Diesel,,,170.6,106.0,13.0,136.0,https://www.parkers.co.uk/volkswagen/caddy-maxi-life/estate-2010/16-tdi-bluemotion-tech-maxi-5d/specs/
CAR_C4D0A878,Volkswagen,California,20 tdi beach 150 5d,Volkswagen California Estate2.0 TDI Beach 150 5d Specs & dimensions,2015,,1968.0,4.0,147.0,,2356.0,Front wheel drive,Manual,Diesel,Diesel,,,178.6,111.0,13.7,191.0,https://www.parkers.co.uk/volkswagen/california/estate-2015/20-tdi-beach-150-5d/specs/
CAR_EBCB7DEB,Volkswagen,California,15 tsi ehybrid beach camper 5dr 4motion dsg,Volkswagen California Campervan1.5 TSI eHybrid Beach Camper 5dr 4MOTION DSG Specs & dimensions,2024,,1498.0,4.0,241.0,350.0,2536.0,4 wheel drive,Automatic,Hybrid,Petrol Parallel PHEV,,,199.6,124.0,,67.0,https://www.parkers.co.uk/volkswagen/california/campervan-2024/15-tsi-ehybrid-beach-camper-5dr-4motion-dsg/specs/
CAR_AA8033F9,Volkswagen,California,20 bitdi berghaus 4d,Volkswagen California Estate2.0 BiTDI Berghaus 4d Specs & dimensions,2005,,1968.0,4.0,177.0,400.0,2532.0,Front wheel drive,Manual,Diesel,Diesel,,,188.3,117.0,12.0,199.0,https://www.parkers.co.uk/volkswagen/california/estate-2005/20-bitdi-berghaus-4d/specs/
CAR_DED40AE4,Volkswagen,Caravelle,20 tdi bmt (204bhp) executive 4motion 5d dsg,Volkswagen Caravelle Estate2.0 TDI BMT (204bhp) Executive 4MOTION 5d DSG Specs & dimensions,2015,,1968.0,4.0,201.0,450.0,2515.0,4 wheel drive,Automatic,Diesel,Diesel,,,197.9,123.0,9.8,198.0,https://www.parkers.co.uk/volkswagen/caravelle/estate-2015/20-tdi-bmt-(204bhp)-executive-4motion-5d-dsg/specs/
CAR_FC0D682D,Volkswagen,Caravelle,19 tdi pd se 5d,Volkswagen Caravelle Estate1.9 TDI PD SE 5d Specs & dimensions,2003,,1896.0,4.0,102.0,250.0,2199.0,Front wheel drive,Manual,Diesel,Diesel,,,159.3,99.0,17.8,208.0,https://www.parkers.co.uk/volkswagen/caravelle/estate-2003/19-tdi-pd-se-5d/specs/
CAR_D3B8ADAF,Volkswagen,Cc,14 tsi (0515 ) 4d,Volkswagen CC Saloon1.4 TSI (05/15-) 4d Specs & dimensions,2012,,1390.0,4.0,147.0,,,Front wheel drive,Manual,Turbocharged,Petrol,,,,,,133.0,https://www.parkers.co.uk/volkswagen/cc/saloon-2012/14-tsi-(0515-)-4d/specs/
CAR_D8F91DEC,Volkswagen,Corrado,18 16v 3d,Volkswagen Corrado Coupe1.8 16V 3d Specs & dimensions,1989,,1781.0,,136.0,,,Front wheel drive,Manual,Naturally Aspirated,Petrol,,,,,,,https://www.parkers.co.uk/volkswagen/corrado/coupe-1989/18-16v-3d/specs/
CAR_B17973DF,Volkswagen,E Golf,e golf 5d auto,Volkswagen e-Golf Hatchbacke-Golf 5d Auto Specs & dimensions,2014,,,,113.0,270.0,1585.0,Front wheel drive,Automatic,EV,Electric,,,135.2,84.0,10.1,0.0,https://www.parkers.co.uk/volkswagen/e-golf/hatchback-2014/e-golf-5d-auto/specs/
CAR_A200DBE5,Volkswagen,E Up,82ps auto 5d,Volkswagen e-Up Hatchback82PS auto 5d Specs & dimensions,2014,,,,80.0,,1160.0,Front wheel drive,Automatic,EV,Electric,,,130.4,81.0,11.5,0.0,https://www.parkers.co.uk/volkswagen/e-up/hatchback-2014/82ps-auto-5d/specs/
CAR_722C6215,Volkswagen,Eos,14 s tsi 2d,Volkswagen Eos Coupe Cabriolet1.4 S TSI 2d Specs & dimensions,2006,,1390.0,4.0,120.0,200.0,1461.0,Front wheel drive,Manual,Turbocharged,Petrol,,,196.3,122.0,10.6,154.0,https://www.parkers.co.uk/volkswagen/eos/coupe-cabriolet-2006/14-s-tsi-2d/specs/
CAR_A57BA9F6,Volkswagen,Fox,12 (60bhp) 3d,Volkswagen Fox Hatchback1.2 (60bhp) 3d Specs & dimensions,2006,,1198.0,3.0,59.0,,,Front wheel drive,Manual,Naturally Aspirated,Petrol,,,,,,136.0,https://www.parkers.co.uk/volkswagen/fox/hatchback-2006/12-(60bhp)-3d/specs/
CAR_3E47B3A2,Volkswagen,Golf,10 tsi 115 s dsg 5d,Volkswagen Golf Hatchback1.0 TSI 115 S DSG 5d Specs & dimensions,2013,,999.0,3.0,113.0,200.0,1236.0,Front wheel drive,Automatic,Turbocharged,Petrol,,,197.9,123.0,9.5,113.0,https://www.parkers.co.uk/volkswagen/golf/hatchback-2013/10-tsi-115-s-dsg-5d/specs/
CAR_83A1757D,Volkswagen,Golf,10 tsi se bluemotion 5d,Volkswagen Golf Estate1.0 TSI SE BlueMotion 5d Specs & dimensions,2013,,999.0,3.0,113.0,200.0,1205.0,Front wheel drive,Manual,Turbocharged,Petrol,,,202.8,126.0,9.8,99.0,https://www.parkers.co.uk/volkswagen/golf/estate-2013/10-tsi-se-bluemotion-5d/specs/
CAR_86CF923F,Volkswagen,Golf,10 tsi se bluemotion 5d,Volkswagen Golf SV1.0 TSI SE BlueMotion 5d Specs & dimensions,2014,,999.0,3.0,113.0,200.0,1244.0,Front wheel drive,Manual,Turbocharged,Petrol,,,197.9,123.0,10.1,108.0,https://www.parkers.co.uk/volkswagen/golf/sv-2014/10-tsi-se-bluemotion-5d/specs/
CAR_88E6B88D,Volkswagen,Golf,16 tdi 5d,Volkswagen Golf Alltrack1.6 TDI 5d Specs & dimensions,2015,,1598.0,4.0,108.0,250.0,1469.0,4 wheel drive,Manual,Diesel,Diesel,,,186.7,116.0,11.7,130.0,https://www.parkers.co.uk/volkswagen/golf/alltrack-2015/16-tdi-5d/specs/
CAR_A5FED471,Volkswagen,Golf,10 tsi active 5dr,Volkswagen Golf Hatchback1.0 TSI Active 5dr Specs & dimensions,2020,,999.0,3.0,108.0,200.0,1189.0,Front wheel drive,Manual,Turbocharged,Petrol,,,202.8,126.0,9.9,123.0,https://www.parkers.co.uk/volkswagen/golf/hatchback-2020/10-tsi-active-5dr/specs/
CAR_BFA5A427,Volkswagen,Golf,10 tsi life 5dr,Volkswagen Golf Estate1.0 TSI Life 5dr Specs & dimensions,2021,,999.0,3.0,108.0,200.0,1242.0,Front wheel drive,Manual,Turbocharged,Petrol,,,202.8,126.0,10.2,124.0,https://www.parkers.co.uk/volkswagen/golf/estate-2021/10-tsi-life-5dr/specs/
CAR_F28C2D4D,Volkswagen,Golf,20 tdi 200 4motion 5dr dsg,Volkswagen Golf Alltrack2.0 TDI 200 4Motion 5dr DSG Specs & dimensions,2020,,1968.0,4.0,197.0,400.0,1524.0,4 wheel drive,Automatic,Diesel,Diesel,,,228.5,142.0,6.8,147.0,https://www.parkers.co.uk/volkswagen/golf/alltrack-2020/20-tdi-200-4motion-5dr-dsg/specs/
CAR_51D2F8A6,Volkswagen,Golf,14 tsi gte 5dr dsg,Volkswagen Golf GTE1.4 TSI GTE 5dr DSG Specs & dimensions,2021,,1395.0,4.0,241.0,250.0,1552.0,Front wheel drive,Automatic,Turbocharged,Petrol Parallel PHEV,,,225.3,140.0,6.5,27.0,https://www.parkers.co.uk/volkswagen/golf/gte-2021/14-tsi-gte-5dr-dsg/specs/
CAR_9E3B0CD7,Volkswagen,Golf,20 tsi 265 gti 5dr dsg,Volkswagen Golf GTI2.0 TSI 265 GTI 5dr DSG Specs & dimensions,2020,,1984.0,4.0,261.0,370.0,1385.0,Front wheel drive,Automatic,Turbocharged,Petrol,,,249.4,155.0,5.7,161.0,https://www.parkers.co.uk/volkswagen/golf/gti-2020/20-tsi-265-gti-5dr-dsg/specs/
CAR_31B35F86,Volkswagen,Golf,20 tdi gtd 5dr dsg,Volkswagen Golf GTD2.0 TDI GTD 5dr DSG Specs & dimensions,2020,,1968.0,4.0,197.0,400.0,1391.0,Front wheel drive,Automatic,Diesel,Diesel,,,244.6,152.0,6.8,136.0,https://www.parkers.co.uk/volkswagen/golf/gtd-2020/20-tdi-gtd-5dr-dsg/specs/
CAR_D35A60F2,Volkswagen,Golf,20 tsi 320 r 4motion 5dr dsg,Volkswagen Golf R2.0 TSI 320 R 4Motion 5dr DSG Specs & dimensions,2020,,1984.0,4.0,315.0,420.0,1478.0,4 wheel drive,Automatic,Turbocharged,Petrol,,,249.4,155.0,4.5,178.0,https://www.parkers.co.uk/volkswagen/golf/r-2020/20-tsi-320-r-4motion-5dr-dsg/specs/
CAR_6929EA70,Volkswagen,Golf,15 tsi 204 style ehybrid 5dr dsg,Volkswagen Golf eHybrid1.5 TSI 204 Style eHybrid 5dr DSG Specs & dimensions,2024,,1498.0,4.0,201.0,250.0,1567.0,Front wheel drive,Automatic,Hybrid,Petrol Parallel PHEV,,,220.5,137.0,7.0,25.0,https://www.parkers.co.uk/volkswagen/golf/ehybrid-2024/15-tsi-204-style-ehybrid-5dr-dsg/specs/
CAR_E81E447B,Volkswagen,Golf,12 tsi (85bhp) s 3d,Volkswagen Golf Hatchback1.2 TSI (85bhp) S 3d Specs & dimensions,2009,,1197.0,4.0,83.0,160.0,1154.0,Front wheel drive,Manual,Turbocharged,Petrol,,,178.6,111.0,11.9,129.0,https://www.parkers.co.uk/volkswagen/golf/hatchback-2009/12-tsi-(85bhp)-s-3d/specs/
CAR_88CD0748,Volkswagen,Golf,20 tsi gti (leather) 3d,Volkswagen Golf GTI2.0 TSI GTI (Leather) 3d Specs & dimensions,2009,,1984.0,4.0,207.0,280.0,1318.0,Front wheel drive,Manual,Turbocharged,Petrol,,,239.8,149.0,6.7,170.0,https://www.parkers.co.uk/volkswagen/golf/gti-2009/20-tsi-gti-(leather)-3d/specs/
CAR_8DD602D6,Volkswagen,Golf,20 tsi (220bhp) gti (nav) 2d dsg,Volkswagen Golf GTI Cabriolet2.0 TSI (220bhp) GTI (Nav) 2d DSG Specs & dimensions,2012,,1984.0,4.0,216.0,350.0,1430.0,Front wheel drive,Automatic,Turbocharged,Petrol,,,236.6,147.0,6.7,152.0,https://www.parkers.co.uk/volkswagen/golf/gti-cabriolet-2012/20-tsi-(220bhp)-gti-(nav)-2d-dsg/specs/
CAR_B5467613,Volkswagen,Golf,12 tsi s 5d,Volkswagen Golf Plus1.2 TSI S 5d Specs & dimensions,2009,,1198.0,4.0,83.0,160.0,1355.0,Front wheel drive,Manual,Turbocharged,Petrol,,,173.8,108.0,13.0,136.0,https://www.parkers.co.uk/volkswagen/golf/plus-2009/12-tsi-s-5d/specs/
CAR_BB4799DB,Volkswagen,Golf,12 tsi (105bhp) s 5d,Volkswagen Golf Estate1.2 TSI (105bhp) S 5d Specs & dimensions,2009,,1197.0,4.0,103.0,175.0,1368.0,Front wheel drive,Manual,Turbocharged,Petrol,,,189.9,118.0,10.9,136.0,https://www.parkers.co.uk/volkswagen/golf/estate-2009/12-tsi-(105bhp)-s-5d/specs/
CAR_2B85EDF0,Volkswagen,Golf,20 tsi r 4motion (leather) 3d,Volkswagen Golf R2.0 TSI R 4MOTION (Leather) 3d Specs & dimensions,2010,,1984.0,4.0,266.0,350.0,1446.0,4 wheel drive,Manual,Turbocharged,Petrol,,,249.4,155.0,5.5,199.0,https://www.parkers.co.uk/volkswagen/golf/r-2010/20-tsi-r-4motion-(leather)-3d/specs/
CAR_7F6D6DC7,Volkswagen,Golf,20 tsi r 2d dsg,Volkswagen Golf R Cabriolet2.0 TSI R 2d DSG Specs & dimensions,2013,,1984.0,4.0,261.0,350.0,1539.0,Front wheel drive,Automatic,Turbocharged,Petrol,,,249.4,155.0,6.2,190.0,https://www.parkers.co.uk/volkswagen/golf/r-cabriolet-2013/20-tsi-r-2d-dsg/specs/
CAR_65B8C563,Volkswagen,Golf,12 tsi s 2d,Volkswagen Golf Cabriolet1.2 TSI S 2d Specs & dimensions,2011,,1197.0,4.0,103.0,175.0,1320.0,Front wheel drive,Manual,Turbocharged,Petrol,,,186.7,116.0,11.1,119.0,https://www.parkers.co.uk/volkswagen/golf/cabriolet-2011/12-tsi-s-2d/specs/
CAR_F190A29C,Volkswagen,Golf,20 tsi gti (nav) 3d,Volkswagen Golf GTI2.0 TSI GTI (Nav) 3d Specs & dimensions,2013,,1984.0,4.0,216.0,350.0,1276.0,Front wheel drive,Manual,Turbocharged,Petrol,,,244.6,152.0,6.3,148.0,https://www.parkers.co.uk/volkswagen/golf/gti-2013/20-tsi-gti-(nav)-3d/specs/
CAR_4B28D428,Volkswagen,Golf,20 tsi r hatchback 3d,Volkswagen Golf R2.0 TSI R Hatchback 3d Specs & dimensions,2014,,1984.0,4.0,295.0,380.0,1361.0,4 wheel drive,Manual,Turbocharged,Petrol,,,249.4,155.0,4.9,165.0,https://www.parkers.co.uk/volkswagen/golf/r-2014/20-tsi-r-hatchback-3d/specs/
CAR_6577E2DA,Volkswagen,Golf,16 se 2d,Volkswagen Golf Cabriolet1.6 SE 2d Specs & dimensions,1994,,1595.0,4.0,100.0,140.0,1157.0,Front wheel drive,Manual,Naturally Aspirated,Petrol,,,183.5,114.0,11.5,197.0,https://www.parkers.co.uk/volkswagen/golf/cabriolet-1994/16-se-2d/specs/
CAR_F397389C,Volkswagen,Golf,14 e 3d,Volkswagen Golf Hatchback1.4 E 3d Specs & dimensions,1997,,1390.0,4.0,75.0,126.0,1090.0,Front wheel drive,Manual,Naturally Aspirated,Petrol,,,170.6,106.0,13.6,163.0,https://www.parkers.co.uk/volkswagen/golf/hatchback-1997/14-e-3d/specs/
CAR_247BD9F0,Volkswagen,Golf,14 e 5d,Volkswagen Golf Estate1.4 E 5d Specs & dimensions,1999,,1390.0,4.0,73.0,128.0,1213.0,Front wheel drive,Manual,Naturally Aspirated,Petrol,,,170.6,106.0,14.7,168.0,https://www.parkers.co.uk/volkswagen/golf/estate-1999/14-e-5d/specs/
CAR_A79A90A6,Volkswagen,Golf,14 gt sport l tsi (170ps) 3d,Volkswagen Golf Hatchback1.4 GT Sport L TSI (170ps) 3d Specs & dimensions,2004,,1390.0,4.0,167.0,240.0,1271.0,Front wheel drive,Manual,Turbocharged,Petrol,,,220.5,137.0,7.6,174.0,https://www.parkers.co.uk/volkswagen/golf/hatchback-2004/14-gt-sport-l-tsi-(170ps)-3d/specs/
CAR_F07D1B23,Volkswagen,Golf,16 s fsi 5d,Volkswagen Golf Estate1.6 S FSI 5d Specs & dimensions,2007,,1595.0,4.0,100.0,148.0,1278.0,Front wheel drive,Manual,Naturally Aspirated,Petrol,,,183.5,114.0,12.3,176.0,https://www.parkers.co.uk/volkswagen/golf/estate-2007/16-s-fsi-5d/specs/
CAR_1DE314B6,Volkswagen,Golf,20 gti 3d,Volkswagen Golf GTI2.0 GTI 3d Specs & dimensions,2005,,1984.0,4.0,197.0,280.0,1328.0,Front wheel drive,Manual,Turbocharged,Petrol,,,235.0,146.0,7.0,189.0,https://www.parkers.co.uk/volkswagen/golf/gti-2005/20-gti-3d/specs/
CAR_023B3E6B,Volkswagen,Golf,14 luna 5d,Volkswagen Golf Plus1.4 Luna 5d Specs & dimensions,2005,,1390.0,4.0,78.0,132.0,1293.0,Front wheel drive,Manual,Naturally Aspirated,Petrol,,,165.8,103.0,14.7,169.0,https://www.parkers.co.uk/volkswagen/golf/plus-2005/14-luna-5d/specs/
CAR_728E1EB4,Volkswagen,Golf,32 v6 r32 4motion 3d,Volkswagen Golf R323.2 V6 R32 4MOTION 3d Specs & dimensions,2005,,3189.0,6.0,246.0,320.0,1510.0,4 wheel drive,Manual,Naturally Aspirated,Petrol,,,249.4,155.0,6.3,257.0,https://www.parkers.co.uk/volkswagen/golf/r32-2005/32-v6-r32-4motion-3d/specs/
CAR_65520DA7,Volkswagen,Golf,10 3d,Volkswagen Golf Hatchback1.0 3d Specs & dimensions,1984,,1043.0,,,,,Front wheel drive,Manual,Naturally Aspirated,Petrol,,,,,,,https://www.parkers.co.uk/volkswagen/golf/hatchback-1984/10-3d/specs/
CAR_247F387D,Volkswagen,Golf,16 gl 2d,Volkswagen Golf Cabriolet1.6 GL 2d Specs & dimensions,1981,,1585.0,,75.0,,,Front wheel drive,Manual,Naturally Aspirated,Petrol,,,,,,,https://www.parkers.co.uk/volkswagen/golf/cabriolet-1981/16-gl-2d/specs/
CAR_B81E6A74,Volkswagen,Golf,14 cl 3d (4),Volkswagen Golf Hatchback1.4 CL 3d (4) Specs & dimensions,1992,,1391.0,,60.0,,,Front wheel drive,Manual,Naturally Aspirated,Petrol,,,,,,,https://www.parkers.co.uk/volkswagen/golf/hatchback-1992/14-cl-3d-(4)/specs/
CAR_E06B231B,Volkswagen,Golf,18 cl (75ps) 5d,Volkswagen Golf Estate1.8 CL (75ps) 5d Specs & dimensions,1994,,1781.0,,75.0,,,Front wheel drive,Manual,Naturally Aspirated,Petrol,,,,,,,https://www.parkers.co.uk/volkswagen/golf/estate-1994/18-cl-(75ps)-5d/specs/
CAR_67AD00B0,Volkswagen,Grand California,20 tdi 600 5dr tip auto [35t],Volkswagen Grand California Campervan2.0 TDI 600 5dr Tip Auto [3.5T] Specs & dimensions,2020,,1968.0,4.0,160.0,410.0,3023.0,Front wheel drive,Automatic,Diesel,Diesel,,,,,,,https://www.parkers.co.uk/volkswagen/grand-california/campervan-2020/20-tdi-600-5dr-tip-auto-[35t]/specs/
CAR_A962AB58,Volkswagen,Id Buzz,150kw 1st edition pro 77kwh 5dr auto,Volkswagen ID. Buzz MPV150kW 1ST Edition Pro 77kWh 5dr Auto Specs & dimensions,2022,,,,201.0,310.0,2435.0,Rear wheel drive,Automatic,EV,Electric,,,144.8,90.0,9.9,0.0,https://www.parkers.co.uk/volkswagen/id-buzz/mpv-2022/150kw-1st-edition-pro-77kwh-5dr-auto/specs/
CAR_E7696DCE,Volkswagen,Id3,107kw business pro 62kwh 5dr auto,Volkswagen ID.3 Hatchback107KW Business Pro 62kWh 5dr Auto Specs & dimensions,2020,,,,142.0,275.0,1730.0,Rear wheel drive,Automatic,EV,Electric,,,159.3,99.0,9.3,0.0,https://www.parkers.co.uk/volkswagen/id3/hatchback-2020/107kw-business-pro-62kwh-5dr-auto/specs/
CAR_01F1076E,Volkswagen,Id3,240kw gtx fireice 79kwh 5dr auto,Volkswagen ID.3 GTX240kW GTX Fire/Ice 79kWh 5dr Auto Specs & dimensions,2024,,,,321.0,545.0,1918.0,Rear wheel drive,Automatic,EV,Electric,,,199.6,124.0,5.5,0.0,https://www.parkers.co.uk/volkswagen/id3/gtx-2024/240kw-gtx-fireice-79kwh-5dr-auto/specs/
CAR_6FFB16E5,Volkswagen,Id4,109kw city pure 52kwh 5dr auto,Volkswagen ID.4 SUV109kW City Pure 52kWh 5dr Auto Specs & dimensions,2021,,,,145.0,220.0,1891.0,Rear wheel drive,Automatic,EV,Electric,,,159.3,99.0,10.6,0.0,https://www.parkers.co.uk/volkswagen/id4/suv-2021/109kw-city-pure-52kwh-5dr-auto/specs/
CAR_FD339BA4,Volkswagen,Id4,220kw 4motion gtx 77kwh 5dr auto [125kw ch],Volkswagen ID.4 GTX220kW 4MOTION GTX 77kWh 5dr Auto [125kW Ch] Specs & dimensions,2024,,,,294.0,310.0,2161.0,4 wheel drive,Automatic,EV,Electric,,,180.2,112.0,6.0,0.0,https://www.parkers.co.uk/volkswagen/id4/gtx-2024/220kw-4motion-gtx-77kwh-5dr-auto-[125kw-ch]/specs/
CAR_FD37814E,Volkswagen,Id5,125kw match pure 52kwh 5dr auto,Volkswagen ID.5 SUV125kW Match Pure 52kWh 5dr Auto Specs & dimensions,2022,,,,167.0,310.0,1888.0,Rear wheel drive,Automatic,EV,Electric,,,159.3,99.0,8.6,0.0,https://www.parkers.co.uk/volkswagen/id5/suv-2022/125kw-match-pure-52kwh-5dr-auto/specs/
CAR_DDF33FC7,Volkswagen,Id5,220kw gtx max 77kwh awd 5dr auto,Volkswagen ID.5 GTX220kW GTX Max 77kWh AWD 5dr Auto Specs & dimensions,2024,,,,294.0,460.0,2168.0,4 wheel drive,Automatic,EV,Electric,,,180.2,112.0,6.1,0.0,https://www.parkers.co.uk/volkswagen/id5/gtx-2024/220kw-gtx-max-77kwh-awd-5dr-auto/specs/
CAR_EEC48F18,Volkswagen,Id7,205kw launch ed pro 77kwh 5dr auto [exterior pan],Volkswagen ID.7 Saloon205kW Launch Ed Pro 77kWh 5dr Auto [Exterior+ Pan] Specs & dimensions,2023,,,,281.0,545.0,2097.0,Rear wheel drive,Automatic,EV,Electric,,,180.2,112.0,6.3,0.0,https://www.parkers.co.uk/volkswagen/id7/saloon-2023/205kw-launch-ed-pro-77kwh-5dr-auto-[exterior-pan]/specs/
CAR_CD101EAB,Volkswagen,Id7,210kw match pro 77kwh 5dr auto,Volkswagen ID.7 Tourer210kW Match Pro 77kWh 5dr Auto Specs & dimensions,2024,,,,281.0,545.0,2116.0,Rear wheel drive,Automatic,EV,Electric,,,180.2,112.0,6.4,0.0,https://www.parkers.co.uk/volkswagen/id7/tourer-2024/210kw-match-pro-77kwh-5dr-auto/specs/
CAR_BE8D2B59,Volkswagen,Id7,250kw 4motion gtx 86kwh 5dr auto,Volkswagen ID.7 GTX250kW 4MOTION GTX 86kWh 5dr Auto Specs & dimensions,2024,,,,335.0,545.0,2250.0,4 wheel drive,Automatic,EV,Electric,,,180.2,112.0,5.2,0.0,https://www.parkers.co.uk/volkswagen/id7/gtx-2024/250kw-4motion-gtx-86kwh-5dr-auto/specs/
CAR_07B94E88,Volkswagen,Jetta,14 s tsi (122ps) 4d,Volkswagen Jetta Saloon1.4 S TSI (122ps) 4d Specs & dimensions,2006,,1390.0,4.0,120.0,,,Front wheel drive,Manual,Turbocharged,Petrol,,,,,,149.0,https://www.parkers.co.uk/volkswagen/jetta/saloon-2006/14-s-tsi-(122ps)-4d/specs/
CAR_FD4A73A2,Volkswagen,Jetta,14 tsi (150bhp) gt 4d,Volkswagen Jetta Saloon1.4 TSI (150bhp) GT 4d Specs & dimensions,2011,,1395.0,4.0,147.0,250.0,1272.0,Front wheel drive,Manual,Turbocharged,Petrol,,,220.5,137.0,8.3,122.0,https://www.parkers.co.uk/volkswagen/jetta/saloon-2011/14-tsi-(150bhp)-gt-4d/specs/
CAR_5FF4A2C0,Volkswagen,Jetta,13 4d,Volkswagen Jetta Saloon1.3 4d Specs & dimensions,1984,,1272.0,,55.0,,,Front wheel drive,Manual,Naturally Aspirated,Petrol,,,,,,,https://www.parkers.co.uk/volkswagen/jetta/saloon-1984/13-4d/specs/
CAR_B96DA2CB,Volkswagen,Lupo,10 e 3d,Volkswagen Lupo Hatchback1.0 E 3d Specs & dimensions,1999,,999.0,4.0,49.0,86.0,946.0,Front wheel drive,Manual,Naturally Aspirated,Petrol,,,151.3,94.0,17.1,139.0,https://www.parkers.co.uk/volkswagen/lupo/hatchback-1999/10-e-3d/specs/
CAR_8CECF333,Volkswagen,Multivan,14 tsi ehybrid energetic 5dr dsg,Volkswagen Multivan MPV1.4 TSI eHybrid Energetic 5dr DSG Specs & dimensions,2022,,1395.0,4.0,214.0,250.0,2191.0,Front wheel drive,Automatic,Hybrid,Petrol Parallel PHEV,,,191.5,119.0,8.7,42.0,https://www.parkers.co.uk/volkswagen/multivan/mpv-2022/14-tsi-ehybrid-energetic-5dr-dsg/specs/
CAR_34F3E0F5,Volkswagen,Passat,14 tsi gte 4d dsg,Volkswagen Passat Saloon1.4 TSI GTE 4d DSG Specs & dimensions,2015,,1395.0,4.0,214.0,250.0,1647.0,Front wheel drive,Automatic,Turbocharged,Petrol Parallel PHEV,,,225.3,140.0,7.2,40.0,https://www.parkers.co.uk/volkswagen/passat/saloon-2015/14-tsi-gte-4d-dsg/specs/
CAR_7465434C,Volkswagen,Passat,14 tsi gte 5d dsg,Volkswagen Passat Estate1.4 TSI GTE 5d DSG Specs & dimensions,2015,,1395.0,4.0,214.0,250.0,1690.0,Front wheel drive,Automatic,Turbocharged,Petrol Parallel PHEV,,,225.3,140.0,7.4,40.0,https://www.parkers.co.uk/volkswagen/passat/estate-2015/14-tsi-gte-5d-dsg/specs/
CAR_2959D0BA,Volkswagen,Passat,20 tdi (190bhp) 4motion 5d dsg,Volkswagen Passat Alltrack2.0 TDI (190bhp) 4MOTION 5d DSG Specs & dimensions,2015,,1968.0,4.0,187.0,400.0,1533.0,4 wheel drive,Automatic,Diesel,Diesel,,,228.5,142.0,7.5,137.0,https://www.parkers.co.uk/volkswagen/passat/alltrack-2015/20-tdi-(190bhp)-4motion-5d-dsg/specs/
CAR_D8843FE9,Volkswagen,Passat,15 tsi ehybrid 272 black edition 5dr dsg,Volkswagen Passat Estate1.5 TSI eHybrid 272 Black Edition 5dr DSG Specs & dimensions,2024,,1498.0,4.0,268.0,250.0,1783.0,Front wheel drive,Automatic,Hybrid,Petrol Parallel PHEV,,,225.3,140.0,6.9,34.0,https://www.parkers.co.uk/volkswagen/passat/estate-2024/15-tsi-ehybrid-272-black-edition-5dr-dsg/specs/
CAR_7101C42C,Volkswagen,Passat,14 r line tsi 4d,Volkswagen Passat Saloon1.4 R Line TSI 4d Specs & dimensions,2005,,1390.0,4.0,120.0,210.0,1388.0,Front wheel drive,Manual,Turbocharged,Petrol,,,202.8,126.0,10.2,155.0,https://www.parkers.co.uk/volkswagen/passat/saloon-2005/14-r-line-tsi-4d/specs/
CAR_E61FF1E1,Volkswagen,Passat,14 r line tsi 5d,Volkswagen Passat Estate1.4 R Line TSI 5d Specs & dimensions,2005,,1390.0,4.0,120.0,210.0,1429.0,Front wheel drive,Manual,Turbocharged,Petrol,,,199.6,124.0,10.5,158.0,https://www.parkers.co.uk/volkswagen/passat/estate-2005/14-r-line-tsi-5d/specs/
CAR_471D2FC4,Volkswagen,Passat,18 tsi (5 seat) 4d,Volkswagen Passat CC1.8 TSI (5 seat) 4d Specs & dimensions,2008,,1798.0,4.0,157.0,250.0,1430.0,Front wheel drive,Manual,Turbocharged,Petrol,,,222.1,138.0,8.3,165.0,https://www.parkers.co.uk/volkswagen/passat/cc-2008/18-tsi-(5-seat)-4d/specs/
CAR_288974D9,Volkswagen,Passat,36 v6 r36 4motion estate 5d dsg,Volkswagen Passat R363.6 V6 R36 4MOTION Estate 5d DSG Specs & dimensions,2008,,3597.0,6.0,295.0,350.0,1747.0,4 wheel drive,Automatic,Naturally Aspirated,Petrol,,,249.4,155.0,5.6,229.0,https://www.parkers.co.uk/volkswagen/passat/r36-2008/36-v6-r36-4motion-estate-5d-dsg/specs/
CAR_3D9239D4,Volkswagen,Passat,14 tsi (160bhp) executive 4d,Volkswagen Passat Saloon1.4 TSI (160bhp) Executive 4d Specs & dimensions,2011,,1390.0,4.0,157.0,240.0,,Front wheel drive,Manual,Turbocharged,Petrol,,,220.5,137.0,8.2,144.0,https://www.parkers.co.uk/volkswagen/passat/saloon-2011/14-tsi-(160bhp)-executive-4d/specs/
CAR_7B2FF471,Volkswagen,Passat,14 tsi (160bhp) executive 5d,Volkswagen Passat Estate1.4 TSI (160bhp) Executive 5d Specs & dimensions,2011,,1390.0,4.0,157.0,240.0,,Front wheel drive,Manual,Turbocharged,Petrol,,,217.3,135.0,8.4,144.0,https://www.parkers.co.uk/volkswagen/passat/estate-2011/14-tsi-(160bhp)-executive-5d/specs/
CAR_57D5A021,Volkswagen,Passat,20 tdi (177bhp) bluemotion tech 4motion 5d dsg,Volkswagen Passat Alltrack2.0 TDI (177bhp) Bluemotion Tech 4MOTION 5d DSG Specs & dimensions,2012,,1968.0,4.0,174.0,,,4 wheel drive,Automatic,Diesel,Diesel,,,,,,155.0,https://www.parkers.co.uk/volkswagen/passat/alltrack-2012/20-tdi-(177bhp)-bluemotion-tech-4motion-5d-dsg/specs/
CAR_CD77C2DE,Volkswagen,Passat,16 e 4d,Volkswagen Passat Saloon1.6 E 4d Specs & dimensions,1996,,1595.0,4.0,100.0,140.0,,Front wheel drive,Manual,Naturally Aspirated,Petrol,,,185.1,115.0,12.7,,https://www.parkers.co.uk/volkswagen/passat/saloon-1996/16-e-4d/specs/
CAR_33193D3B,Volkswagen,Passat,16 s 5d,Volkswagen Passat Estate1.6 S 5d Specs & dimensions,1997,,1595.0,4.0,100.0,140.0,1345.0,Front wheel drive,Manual,Naturally Aspirated,Petrol,,,185.1,115.0,12.7,194.0,https://www.parkers.co.uk/volkswagen/passat/estate-1997/16-s-5d/specs/
CAR_C5CAA687,Volkswagen,Passat,18t 20v s 4d,Volkswagen Passat Saloon1.8T 20V S 4d Specs & dimensions,2000,,1781.0,4.0,147.0,210.0,1539.0,Front wheel drive,Manual,Naturally Aspirated,Petrol,,,220.5,137.0,8.9,199.0,https://www.parkers.co.uk/volkswagen/passat/saloon-2000/18t-20v-s-4d/specs/
CAR_A9C7A607,Volkswagen,Passat,18t 20v s 5d,Volkswagen Passat Estate1.8T 20V S 5d Specs & dimensions,2000,,1781.0,4.0,147.0,210.0,1596.0,Front wheel drive,Manual,Naturally Aspirated,Petrol,,,214.0,133.0,9.1,206.0,https://www.parkers.co.uk/volkswagen/passat/estate-2000/18t-20v-s-5d/specs/
CAR_EBDC136E,Volkswagen,Passat,16 cl turbo 5d,Volkswagen Passat Estate1.6 CL Turbo 5d Specs & dimensions,1988,,1588.0,,80.0,,,Front wheel drive,Manual,Turbocharged,Diesel,,,,,,,https://www.parkers.co.uk/volkswagen/passat/estate-1988/16-cl-turbo-5d/specs/
CAR_834B83B0,Volkswagen,Passat,16 cl turbo 4d,Volkswagen Passat Saloon1.6 CL Turbo 4d Specs & dimensions,1988,,1588.0,,80.0,,,Front wheel drive,Manual,Turbocharged,Diesel,,,,,,,https://www.parkers.co.uk/volkswagen/passat/saloon-1988/16-cl-turbo-4d/specs/
CAR_897E86BA,Volkswagen,Passat,20i topic 5d,Volkswagen Passat Hatchback2.0i Topic 5d Specs & dimensions,1981,,1984.0,,90.0,,,Front wheel drive,Manual,Naturally Aspirated,Petrol,,,,,,,https://www.parkers.co.uk/volkswagen/passat/hatchback-1981/20i-topic-5d/specs/
CAR_C8892FC2,Volkswagen,Passat,cl 4d,Volkswagen Passat SaloonCL 4d Specs & dimensions,1985,,1781.0,,90.0,,,Front wheel drive,Manual,Naturally Aspirated,Petrol,,,,,,,https://www.parkers.co.uk/volkswagen/passat/saloon-1985/cl-4d/specs/
CAR_4A679FB2,Volkswagen,Passat,20i topic 5d,Volkswagen Passat Estate2.0i Topic 5d Specs & dimensions,1981,,1984.0,,90.0,,,Front wheel drive,Manual,Naturally Aspirated,Petrol,,,,,,,https://www.parkers.co.uk/volkswagen/passat/estate-1981/20i-topic-5d/specs/
CAR_1A8D1583,Volkswagen,Phaeton,30 v6 tdi 4motion (233ps) 4d auto (5 seat),Volkswagen Phaeton Saloon3.0 V6 TDI 4MOTION (233ps) 4d Auto (5 seat) Specs & dimensions,2003,,2967.0,6.0,229.0,,2158.0,4 wheel drive,Automatic,Diesel,Diesel,,,233.4,145.0,8.1,248.0,https://www.parkers.co.uk/volkswagen/phaeton/saloon-2003/30-v6-tdi-4motion-(233ps)-4d-auto-(5-seat)/specs/
CAR_F8F3130A,Volkswagen,Polo,10 evo 80 active 5dr,Volkswagen Polo Hatchback1.0 EVO 80 Active 5dr Specs & dimensions,2017,,999.0,3.0,78.0,93.0,1055.0,Front wheel drive,Manual,Naturally Aspirated,Petrol,,,170.6,106.0,14.9,125.0,https://www.parkers.co.uk/volkswagen/polo/hatchback-2017/10-evo-80-active-5dr/specs/
CAR_B9A2A764,Volkswagen,Polo,20 tsi 207 gti 5dr dsg,Volkswagen Polo GTi2.0 TSI 207 GTI 5dr DSG Specs & dimensions,2018,,1984.0,4.0,204.0,320.0,1280.0,Front wheel drive,Automatic,Turbocharged,Petrol,,,239.8,149.0,6.3,155.0,https://www.parkers.co.uk/volkswagen/polo/gti-2018/20-tsi-207-gti-5dr-dsg/specs/
CAR_05307456,Volkswagen,Polo,10 (110bhp) r line 3d,Volkswagen Polo Hatchback1.0 (110bhp) R Line 3d Specs & dimensions,2009,,999.0,3.0,108.0,200.0,1041.0,Front wheel drive,Manual,Naturally Aspirated,Petrol,,,196.3,122.0,9.0,103.0,https://www.parkers.co.uk/volkswagen/polo/hatchback-2009/10-(110bhp)-r-line-3d/specs/
CAR_D65012AE,Volkswagen,Polo,14 tsi (180bhp) gti (sensor pack) 3d dsg,Volkswagen Polo GTi1.4 TSI (180bhp) GTI (Sensor Pack) 3d DSG Specs & dimensions,2010,,1390.0,4.0,177.0,250.0,1269.0,Front wheel drive,Automatic,Turbocharged,Petrol,,,228.5,142.0,6.7,139.0,https://www.parkers.co.uk/volkswagen/polo/gti-2010/14-tsi-(180bhp)-gti-(sensor-pack)-3d-dsg/specs/
CAR_EB214DEB,Volkswagen,Polo,10 l 3d,Volkswagen Polo Hatchback1.0 L 3d Specs & dimensions,1994,,999.0,4.0,50.0,86.0,955.0,Front wheel drive,Manual,Naturally Aspirated,Petrol,,,151.3,94.0,17.9,142.0,https://www.parkers.co.uk/volkswagen/polo/hatchback-1994/10-l-3d/specs/
CAR_97183544,Volkswagen,Polo,16 cl (100ps) 4d,Volkswagen Polo Saloon1.6 CL (100ps) 4d Specs & dimensions,1996,,1595.0,4.0,100.0,140.0,1125.0,Front wheel drive,Manual,Naturally Aspirated,Petrol,,,188.3,117.0,10.6,187.0,https://www.parkers.co.uk/volkswagen/polo/saloon-1996/16-cl-(100ps)-4d/specs/
CAR_75EEBC06,Volkswagen,Polo,16 cl (100ps) 5d,Volkswagen Polo Estate1.6 CL (100ps) 5d Specs & dimensions,1998,,1598.0,4.0,100.0,140.0,1160.0,Front wheel drive,Manual,Naturally Aspirated,Petrol,,,186.7,116.0,10.6,190.0,https://www.parkers.co.uk/volkswagen/polo/estate-1998/16-cl-(100ps)-5d/specs/
CAR_4248FF53,Volkswagen,Polo,10 e 3d,Volkswagen Polo Hatchback1.0 E 3d Specs & dimensions,2000,,999.0,4.0,50.0,86.0,982.0,Front wheel drive,Manual,Naturally Aspirated,Petrol,,,151.3,94.0,17.8,144.0,https://www.parkers.co.uk/volkswagen/polo/hatchback-2000/10-e-3d/specs/
CAR_84283C13,Volkswagen,Polo,14 e 4d,Volkswagen Polo Saloon1.4 E 4d Specs & dimensions,2000,,1390.0,4.0,75.0,126.0,,Front wheel drive,Manual,Naturally Aspirated,Petrol,,,170.6,106.0,12.5,163.0,https://www.parkers.co.uk/volkswagen/polo/saloon-2000/14-e-4d/specs/
CAR_F4AEB38C,Volkswagen,Polo,14 e 5d,Volkswagen Polo Estate1.4 E 5d Specs & dimensions,2000,,1390.0,4.0,75.0,126.0,,Front wheel drive,Manual,Naturally Aspirated,Petrol,,,167.4,104.0,13.0,166.0,https://www.parkers.co.uk/volkswagen/polo/estate-2000/14-e-5d/specs/
CAR_AF70365E,Volkswagen,Polo,12 e (55ps) 3d (02),Volkswagen Polo Hatchback1.2 E (55ps) 3d (02) Specs & dimensions,2002,,1198.0,3.0,54.0,106.0,1100.0,Front wheel drive,Manual,Naturally Aspirated,Petrol,,,152.9,95.0,16.9,144.0,https://www.parkers.co.uk/volkswagen/polo/hatchback-2002/12-e-(55ps)-3d-(02)/specs/
CAR_BAC4DF38,Volkswagen,Polo,18t gti (150ps) 3d,Volkswagen Polo GTI1.8T GTI (150ps) 3d Specs & dimensions,2006,,1781.0,4.0,147.0,,,Front wheel drive,Manual,Turbocharged,Petrol,,,,,,186.0,https://www.parkers.co.uk/volkswagen/polo/gti-2006/18t-gti-(150ps)-3d/specs/
CAR_EF024532,Volkswagen,Polo,12 5d,Volkswagen Polo Dune1.2 5d Specs & dimensions,2004,,1198.0,3.0,64.0,112.0,,Front wheel drive,Manual,Naturally Aspirated,Petrol,,,156.1,97.0,16.5,151.0,https://www.parkers.co.uk/volkswagen/polo/dune-2004/12-5d/specs/
CAR_03FC54B1,Volkswagen,Polo,10 match 3d (89),Volkswagen Polo Hatchback1.0 Match 3d (89) Specs & dimensions,1981,,1043.0,,45.0,,,Front wheel drive,Manual,Naturally Aspirated,Petrol,,,,,,,https://www.parkers.co.uk/volkswagen/polo/hatchback-1981/10-match-3d-(89)/specs/
CAR_EAB69991,Volkswagen,Polo,13i cl 2d,Volkswagen Polo Saloon1.3i CL 2d Specs & dimensions,1985,,1272.0,,55.0,,,Front wheel drive,Manual,Naturally Aspirated,Petrol,,,,,,,https://www.parkers.co.uk/volkswagen/polo/saloon-1985/13i-cl-2d/specs/
CAR_20B16D23,Volkswagen,Polo,10 parade 3d (90),Volkswagen Polo Coupe1.0 Parade 3d (90) Specs & dimensions,1984,,1043.0,,45.0,,,Front wheel drive,Manual,Naturally Aspirated,Petrol,,,,,,,https://www.parkers.co.uk/volkswagen/polo/coupe-1984/10-parade-3d-(90)/specs/
CAR_FAA81959,Volkswagen,Scirocco,14 tsi (122bhp) (nav) 3d,Volkswagen Scirocco Coupe1.4 TSI (122bhp) (Nav) 3d Specs & dimensions,2008,,1390.0,4.0,120.0,200.0,1244.0,Front wheel drive,Manual,Turbocharged,Petrol,,,199.6,124.0,9.4,149.0,https://www.parkers.co.uk/volkswagen/scirocco/coupe-2008/14-tsi-(122bhp)-(nav)-3d/specs/
CAR_8A47F17D,Volkswagen,Scirocco,20 tsi bluemotion tech r 3d,Volkswagen Scirocco R2.0 TSI BlueMotion Tech R 3d Specs & dimensions,2010,,1984.0,4.0,276.0,350.0,1351.0,Front wheel drive,Manual,Turbocharged,Petrol,,,249.4,155.0,5.5,187.0,https://www.parkers.co.uk/volkswagen/scirocco/r-2010/20-tsi-bluemotion-tech-r-3d/specs/
CAR_27B77026,Volkswagen,Scirocco,18 gt s 3d,"Volkswagen Scirocco Coupe1.8 GT ""S"" 3d Specs & dimensions",1984,,1781.0,,90.0,,,Front wheel drive,Manual,Naturally Aspirated,Petrol,,,,,,,https://www.parkers.co.uk/volkswagen/scirocco/coupe-1984/18-gt-s-3d/specs/
CAR_42AD68B9,Volkswagen,Sharan,14 tsi bluemotion tech s 5d,Volkswagen Sharan Estate1.4 TSI BlueMotion Tech S 5d Specs & dimensions,2010,,1395.0,4.0,147.0,250.0,1648.0,Front wheel drive,Manual,Turbocharged,Petrol,,,196.3,122.0,9.6,150.0,https://www.parkers.co.uk/volkswagen/sharan/estate-2010/14-tsi-bluemotion-tech-s-5d/specs/
CAR_E18C43B0,Volkswagen,Sharan,18t carat 5d,Volkswagen Sharan Estate1.8T Carat 5d Specs & dimensions,2000,,1781.0,4.0,150.0,210.0,1668.0,Front wheel drive,Manual,Naturally Aspirated,Petrol,,,199.6,124.0,10.6,233.0,https://www.parkers.co.uk/volkswagen/sharan/estate-2000/18t-carat-5d/specs/
CAR_7DEA5E3E,Volkswagen,Sharan,18 carat 20v turbo 5d,Volkswagen Sharan Estate1.8 Carat 20V Turbo 5d Specs & dimensions,1995,,1781.0,4.0,150.0,210.0,1673.0,Front wheel drive,Manual,Turbocharged,Petrol,,,193.1,120.0,11.6,240.0,https://www.parkers.co.uk/volkswagen/sharan/estate-1995/18-carat-20v-turbo-5d/specs/
CAR_ECE09304,Volkswagen,T Cross,10 tsi 110 active 5dr,Volkswagen T-Cross SUV1.0 TSI 110 Active 5dr Specs & dimensions,2019,,999.0,3.0,108.0,200.0,1195.0,Front wheel drive,Manual,Turbocharged,Petrol,,,188.3,117.0,10.5,131.0,https://www.parkers.co.uk/volkswagen/t-cross/suv-2019/10-tsi-110-active-5dr/specs/
CAR_C1BABAC2,Volkswagen,T Cross,10 tsi 110 life 5dr,Volkswagen T-Cross SUV1.0 TSI 110 Life 5dr Specs & dimensions,2024,,999.0,3.0,113.0,200.0,1195.0,Front wheel drive,Manual,Turbocharged,Petrol,,,193.1,120.0,9.7,124.0,https://www.parkers.co.uk/volkswagen/t-cross/suv-2024/10-tsi-110-life-5dr/specs/
CAR_8199A279,Volkswagen,T Roc,10 tsi 110 active 5dr,Volkswagen T-Roc SUV1.0 TSI 110 Active 5dr Specs & dimensions,2017,,999.0,3.0,108.0,200.0,1218.0,Front wheel drive,Manual,Turbocharged,Petrol,,,185.1,115.0,10.5,136.0,https://www.parkers.co.uk/volkswagen/t-roc/suv-2017/10-tsi-110-active-5dr/specs/
CAR_729889C8,Volkswagen,T Roc,10 tsi 110 active 2dr,Volkswagen T-Roc Cabriolet1.0 TSI 110 Active 2dr Specs & dimensions,2020,,999.0,3.0,108.0,200.0,1414.0,Front wheel drive,Manual,Turbocharged,Petrol,,,185.1,115.0,11.9,143.0,https://www.parkers.co.uk/volkswagen/t-roc/cabriolet-2020/10-tsi-110-active-2dr/specs/
CAR_2ED867F6,Volkswagen,T Roc,20 tsi 300 4motion r 5dr dsg,Volkswagen T-Roc R2.0 TSI 300 4MOTION R 5dr DSG Specs & dimensions,2019,,1984.0,4.0,295.0,400.0,1503.0,4 wheel drive,Automatic,Turbocharged,Petrol,,,249.4,155.0,4.7,191.0,https://www.parkers.co.uk/volkswagen/t-roc/r-2019/20-tsi-300-4motion-r-5dr-dsg/specs/
CAR_15EDF5B3,Volkswagen,T Roc,15 etsi 150 life 5dr dsg,Volkswagen T-Roc SUV1.5 eTSI 150 Life 5dr DSG Specs & dimensions,2026,,1498.0,4.0,147.0,250.0,1399.0,Front wheel drive,Automatic,Turbocharged,Petrol,,,212.4,132.0,8.6,128.0,https://www.parkers.co.uk/volkswagen/t-roc/suv-2026/15-etsi-150-life-5dr-dsg/specs/
CAR_E8C22326,Volkswagen,Taigo,10 tsi 110 life 4dr dsg,Volkswagen Taigo SUV1.0 TSI 110 Life 4dr DSG Specs & dimensions,2022,,999.0,3.0,108.0,200.0,1180.0,Front wheel drive,Automatic,Turbocharged,Petrol,,,191.5,119.0,10.6,133.0,https://www.parkers.co.uk/volkswagen/taigo/suv-2022/10-tsi-110-life-4dr-dsg/specs/
CAR_7A2529B9,Volkswagen,Tayron,15 tsi ehybrid 272 r line 5dr dsg6,Volkswagen Tayron SUV1.5 TSI eHybrid 272 R-Line 5dr DSG6 Specs & dimensions,2025,,1498.0,4.0,268.0,250.0,1873.0,Front wheel drive,Automatic,Hybrid,Petrol Parallel PHEV,,,215.7,134.0,7.1,39.0,https://www.parkers.co.uk/volkswagen/tayron/suv-2025/15-tsi-ehybrid-272-r-line-5dr-dsg6/specs/
CAR_37384580,Volkswagen,Tiguan,14 tsi ehybrid black edition 5dr dsg,Volkswagen Tiguan Estate1.4 TSI eHybrid Black Edition 5dr DSG Specs & dimensions,2016,,1395.0,4.0,241.0,250.0,1741.0,Front wheel drive,Automatic,Hybrid,Petrol Parallel PHEV,,,204.4,127.0,5.5,35.0,https://www.parkers.co.uk/volkswagen/tiguan/estate-2016/14-tsi-ehybrid-black-edition-5dr-dsg/specs/
CAR_6AFE8AD2,Volkswagen,Tiguan,15 tsi elegance 5dr dsg,Volkswagen Tiguan Allspace1.5 TSI Elegance 5dr DSG Specs & dimensions,2017,,1498.0,4.0,147.0,250.0,1572.0,Front wheel drive,Automatic,Turbocharged,Petrol,,,199.6,124.0,9.3,166.0,https://www.parkers.co.uk/volkswagen/tiguan/allspace-2017/15-tsi-elegance-5dr-dsg/specs/
CAR_54C870F7,Volkswagen,Tiguan,15 tsi 150 elegance 5dr dsg,Volkswagen Tiguan SUV1.5 TSI 150 Elegance 5dr DSG Specs & dimensions,2024,,1498.0,4.0,147.0,250.0,1541.0,Front wheel drive,Automatic,Turbocharged,Petrol,,,209.2,130.0,8.8,135.0,https://www.parkers.co.uk/volkswagen/tiguan/suv-2024/15-tsi-150-elegance-5dr-dsg/specs/
CAR_F1C6FACD,Volkswagen,Tiguan,15 tsi 272 ehybrid r line 5dr dsg,Volkswagen Tiguan eHybrid1.5 TSI 272 eHybrid R-Line 5dr DSG Specs & dimensions,2024,,1498.0,4.0,268.0,250.0,1804.0,Front wheel drive,Automatic,Hybrid,Petrol Parallel PHEV,,,215.7,134.0,7.0,37.0,https://www.parkers.co.uk/volkswagen/tiguan/ehybrid-2024/15-tsi-272-ehybrid-r-line-5dr-dsg/specs/
CAR_A1D45346,Volkswagen,Tiguan,14 tsi bluemotion tech s (2wd) 5d,Volkswagen Tiguan Estate1.4 TSI BlueMotion Tech S (2WD) 5d Specs & dimensions,2008,,1390.0,4.0,147.0,240.0,1510.0,Front wheel drive,Manual,Turbocharged,Petrol,,,196.3,122.0,9.0,156.0,https://www.parkers.co.uk/volkswagen/tiguan/estate-2008/14-tsi-bluemotion-tech-s-(2wd)-5d/specs/
CAR_0EB4BE1D,Volkswagen,Touareg,30 tsi ehybrid 4motion elegance 5dr tip auto,Volkswagen Touareg SUV3.0 TSI eHybrid 4Motion Elegance 5dr Tip Auto Specs & dimensions,2018,,2995.0,6.0,375.0,450.0,2369.0,4 wheel drive,Automatic,Hybrid,Petrol Parallel PHEV,,,249.4,155.0,5.7,129.0,https://www.parkers.co.uk/volkswagen/touareg/suv-2018/30-tsi-ehybrid-4motion-elegance-5dr-tip-auto/specs/
CAR_5485B042,Volkswagen,Touareg,30 v6 tdi (245bhp) altitude 5d tip auto,Volkswagen Touareg Estate3.0 V6 TDI (245bhp) Altitude 5d Tip Auto Specs & dimensions,2010,,2967.0,6.0,241.0,550.0,2179.0,4 wheel drive,Automatic,Diesel,Diesel,,,220.5,137.0,7.4,189.0,https://www.parkers.co.uk/volkswagen/touareg/estate-2010/30-v6-tdi-(245bhp)-altitude-5d-tip-auto/specs/
CAR_4AF69912,Volkswagen,Touareg,25 tdi 5d (dpf),Volkswagen Touareg Estate2.5 TDI 5d (DPF) Specs & dimensions,2003,,2461.0,5.0,171.0,400.0,2229.0,4 wheel drive,Manual,Diesel,Diesel,,,183.5,114.0,12.0,278.0,https://www.parkers.co.uk/volkswagen/touareg/estate-2003/25-tdi-5d-(dpf)/specs/
CAR_A968BF34,Volkswagen,Touareg,50 v10 tdi dpf r50 5d tip auto,Volkswagen Touareg R505.0 V10 TDI DPF R50 5d Tip Auto Specs & dimensions,2008,,4921.0,10.0,345.0,850.0,,4 wheel drive,Automatic,Diesel,Diesel,,,235.0,146.0,6.5,315.0,https://www.parkers.co.uk/volkswagen/touareg/r50-2008/50-v10-tdi-dpf-r50-5d-tip-auto/specs/
CAR_942EB8E5,Volkswagen,Touran,12 tsi s 5d,Volkswagen Touran Estate1.2 TSI S 5d Specs & dimensions,2015,,1197.0,4.0,108.0,175.0,1361.0,Front wheel drive,Manual,Turbocharged,Petrol,,,188.3,117.0,10.9,128.0,https://www.parkers.co.uk/volkswagen/touran/estate-2015/12-tsi-s-5d/specs/
CAR_9765A339,Volkswagen,Touran,14 tsi match (7) 5d dsg,Volkswagen Touran Estate1.4 TSI Match (7) 5d DSG Specs & dimensions,2003,,1390.0,4.0,138.0,220.0,1546.0,Front wheel drive,Automatic,Turbocharged,Petrol,,,,,,159.0,https://www.parkers.co.uk/volkswagen/touran/estate-2003/14-tsi-match-(7)-5d-dsg/specs/
CAR_46C5ABEA,Volkswagen,Touran,12 tsi bluemotion tech s 5d,Volkswagen Touran Estate1.2 TSI BlueMotion Tech S 5d Specs & dimensions,2010,,1197.0,4.0,103.0,175.0,1460.0,Front wheel drive,Manual,Turbocharged,Petrol,,,188.3,117.0,11.5,139.0,https://www.parkers.co.uk/volkswagen/touran/estate-2010/12-tsi-bluemotion-tech-s-5d/specs/
CAR_70A4656C,Volkswagen,Up,10 65ps beats 5d,Volkswagen Up Hatchback1.0 65PS Beats 5d Specs & dimensions,2012,,999.0,3.0,64.0,91.0,916.0,Front wheel drive,Manual,Naturally Aspirated,Petrol,,,162.5,101.0,15.1,116.0,https://www.parkers.co.uk/volkswagen/up/hatchback-2012/10-65ps-beats-5d/specs/
CAR_8820DE6C,Volkswagen,Vento,16 l 4d,Volkswagen Vento Saloon1.6 L 4d Specs & dimensions,1992,,1598.0,,75.0,,,Front wheel drive,Manual,Naturally Aspirated,Petrol,,,,,,,https://www.parkers.co.uk/volkswagen/vento/saloon-1992/16-l-4d/specs/
CAR_74751C42,Porsche,718 Boxster,(718) 20 2d,Porsche 718 Boxster Convertible(718) 2.0 2d Specs & dimensions,2016,,1988.0,4.0,295.0,380.0,1335.0,Rear wheel drive,Manual,Naturally Aspirated,Petrol,,,273.6,170.0,4.9,212.0,https://www.parkers.co.uk/porsche/718-boxster/convertible-2016/(718)-20-2d/specs/
CAR_05FCB298,Porsche,718 Boxster,(718) 20 2d pdk,Porsche 718 Boxster Convertible(718) 2.0 2d PDK Specs & dimensions,2016,,1988.0,4.0,295.0,380.0,1365.0,Rear wheel drive,Automatic,Naturally Aspirated,Petrol,,,273.6,170.0,4.7,201.0,https://www.parkers.co.uk/porsche/718-boxster/convertible-2016/(718)-20-2d-pdk/specs/
CAR_85050C1D,Porsche,718 Cayman,20 style edition 2dr,Porsche 718 Cayman Coupe2.0 Style Edition 2dr Specs & dimensions,2016,,1988.0,4.0,295.0,380.0,1335.0,Rear wheel drive,Manual,Naturally Aspirated,Petrol,,,273.6,170.0,4.9,202.0,https://www.parkers.co.uk/porsche/718-cayman/coupe-2016/20-style-edition-2dr/specs/
CAR_F811C052,Porsche,718 Cayman,20 style edition 2dr pdk,Porsche 718 Cayman Coupe2.0 Style Edition 2dr PDK Specs & dimensions,2016,,1988.0,4.0,295.0,380.0,1365.0,Rear wheel drive,Automatic,Naturally Aspirated,Petrol,,,273.6,170.0,4.7,202.0,https://www.parkers.co.uk/porsche/718-cayman/coupe-2016/20-style-edition-2dr-pdk/specs/
CAR_6CFA8B2E,Porsche,911,2dr pdk,Porsche 911 Coupe2dr PDK Specs & dimensions,2019,,2981.0,6.0,473.0,570.0,1605.0,4 wheel drive,Automatic,Naturally Aspirated,Petrol,,,239.8,149.0,3.3,256.0,https://www.parkers.co.uk/porsche/911/coupe-2019/2dr-pdk/specs/
CAR_8EB81216,Porsche,911,2dr pdk 2d,Porsche 911 Coupe2dr PDK 2d Specs & dimensions,2019,,3745.0,6.0,571.0,750.0,1640.0,4 wheel drive,Automatic,Naturally Aspirated,Petrol,,,320.3,199.0,2.7,271.0,https://www.parkers.co.uk/porsche/911/coupe-2019/2dr-pdk-2d/specs/
CAR_E4B74630,Porsche,911,2dr pdk 2d,Porsche 911 Cabriolet2dr PDK 2d Specs & dimensions,2019,,3745.0,6.0,571.0,750.0,1710.0,4 wheel drive,Automatic,Naturally Aspirated,Petrol,,,320.3,199.0,2.8,275.0,https://www.parkers.co.uk/porsche/911/cabriolet-2019/2dr-pdk-2d/specs/
CAR_DAFFDE16,Porsche,911,carrera 4 pdk auto 2d,Porsche 911 CabrioletCarrera 4 PDK auto 2d Specs & dimensions,2019,,2981.0,6.0,379.0,450.0,1625.0,4 wheel drive,Automatic,Naturally Aspirated,Petrol,,,289.7,180.0,4.3,238.0,https://www.parkers.co.uk/porsche/911/cabriolet-2019/carrera-4-pdk-auto-2d/specs/
CAR_B7382886,Porsche,924,le mans 2d,Porsche 924 CoupeLe Mans 2d Specs & dimensions,1977,,2479.0,,150.0,,,Rear wheel drive,Manual,Naturally Aspirated,Petrol,,,,,,,https://www.parkers.co.uk/porsche/924/coupe-1977/le-mans-2d/specs/
CAR_93E5E519,Porsche,924,lux fh 2d,Porsche 924 CoupeLux FH 2d Specs & dimensions,1977,,1984.0,,,,,Rear wheel drive,Manual,Naturally Aspirated,Petrol,,,,,,,https://www.parkers.co.uk/porsche/924/coupe-1977/lux-fh-2d/specs/
CAR_C972C4FC,Porsche,928,gt fh 2d,Porsche 928 CoupeGT FH 2d Specs & dimensions,1979,,4957.0,,330.0,,,Rear wheel drive,Manual,Naturally Aspirated,Petrol,,,,,,,https://www.parkers.co.uk/porsche/928/coupe-1979/gt-fh-2d/specs/
CAR_D2461031,Porsche,928,gt fh 2d auto,Porsche 928 CoupeGT FH 2d Auto Specs & dimensions,1979,,4664.0,,310.0,,,Rear wheel drive,Automatic,Naturally Aspirated,Petrol,,,,,,,https://www.parkers.co.uk/porsche/928/coupe-1979/gt-fh-2d-auto/specs/
CAR_CF86D656,Porsche,944,lux 27 fh 2d,Porsche 944 CoupeLux 2.7 FH 2d Specs & dimensions,1982,,2681.0,,165.0,,,Rear wheel drive,Manual,Naturally Aspirated,Petrol,,,,,,,https://www.parkers.co.uk/porsche/944/coupe-1982/lux-27-fh-2d/specs/
CAR_E61626E0,Porsche,944,lux 27 fh 2d auto,Porsche 944 CoupeLux 2.7 FH 2d Auto Specs & dimensions,1982,,2681.0,,165.0,,,Rear wheel drive,Automatic,Naturally Aspirated,Petrol,,,,,,,https://www.parkers.co.uk/porsche/944/coupe-1982/lux-27-fh-2d-auto/specs/
CAR_67002C2D,Porsche,944,s2 2d,Porsche 944 CabrioletS2 2d Specs & dimensions,1989,,2990.0,,211.0,,,Rear wheel drive,Manual,Naturally Aspirated,Petrol,,,,,,,https://www.parkers.co.uk/porsche/944/cabriolet-1989/s2-2d/specs/
CAR_19E75108,Porsche,944,turbo 2d,Porsche 944 CabrioletTurbo 2d Specs & dimensions,1989,,2479.0,,250.0,,,Rear wheel drive,Manual,Turbocharged,Petrol,,,,,,,https://www.parkers.co.uk/porsche/944/cabriolet-1989/turbo-2d/specs/
CAR_8F75CFC3,Porsche,968,2d,Porsche 968 Coupe2d Specs & dimensions,1992,,2990.0,,240.0,,,Rear wheel drive,Manual,Naturally Aspirated,Petrol,,,,,,,https://www.parkers.co.uk/porsche/968/coupe-1992/2d/specs/
CAR_DB629C03,Porsche,968,2d tiptronic,Porsche 968 Coupe2d Tiptronic Specs & dimensions,1992,,2990.0,,240.0,,,Rear wheel drive,Automatic,Naturally Aspirated,Petrol,,,,,,,https://www.parkers.co.uk/porsche/968/coupe-1992/2d-tiptronic/specs/
CAR_9443D07E,Porsche,968,2d,Porsche 968 Cabriolet2d Specs & dimensions,1992,,2990.0,,240.0,,,Rear wheel drive,Manual,Naturally Aspirated,Petrol,,,,,,,https://www.parkers.co.uk/porsche/968/cabriolet-1992/2d/specs/
CAR_B66841DF,Porsche,968,2d tiptronic,Porsche 968 Cabriolet2d Tiptronic Specs & dimensions,1992,,2990.0,,240.0,,,Rear wheel drive,Automatic,Naturally Aspirated,Petrol,,,,,,,https://www.parkers.co.uk/porsche/968/cabriolet-1992/2d-tiptronic/specs/
CAR_3BE678BF,Porsche,Boxster,27 (245bhp) 2d,Porsche Boxster Roadster2.7 (245bhp) 2d Specs & dimensions,2004,,2687.0,6.0,241.0,273.0,1305.0,Rear wheel drive,Manual,Naturally Aspirated,Petrol,,,257.5,160.0,5.9,222.0,https://www.parkers.co.uk/porsche/boxster/roadster-2004/27-(245bhp)-2d/specs/
CAR_2048F99D,Porsche,Boxster,27 (245bhp) 2d tiptronic,Porsche Boxster Roadster2.7 (245bhp) 2d Tiptronic Specs & dimensions,2004,,2687.0,6.0,241.0,273.0,1365.0,Rear wheel drive,Automatic,Naturally Aspirated,Petrol,,,251.1,156.0,6.8,242.0,https://www.parkers.co.uk/porsche/boxster/roadster-2004/27-(245bhp)-2d-tiptronic/specs/
CAR_AB8D2687,Porsche,Boxster,27 2d,Porsche Boxster Roadster2.7 2d Specs & dimensions,2012,,2706.0,6.0,261.0,280.0,1330.0,Rear wheel drive,Manual,Naturally Aspirated,Petrol,,,263.9,164.0,5.6,195.0,https://www.parkers.co.uk/porsche/boxster/roadster-2012/27-2d/specs/
CAR_EB3FA315,Porsche,Boxster,27 2d pdk,Porsche Boxster Roadster2.7 2d PDK Specs & dimensions,2012,,2706.0,6.0,261.0,280.0,1360.0,Rear wheel drive,Automatic,Naturally Aspirated,Petrol,,,260.7,162.0,5.5,183.0,https://www.parkers.co.uk/porsche/boxster/roadster-2012/27-2d-pdk/specs/
CAR_E87476CD,Porsche,Cayenne,5dr tiptronic s,Porsche Cayenne SUV5dr Tiptronic S Specs & dimensions,2018,,2995.0,6.0,348.0,500.0,2055.0,4 wheel drive,Automatic,Naturally Aspirated,Petrol,,,247.8,154.0,5.5,244.0,https://www.parkers.co.uk/porsche/cayenne/suv-2018/5dr-tiptronic-s/specs/
CAR_E1736A85,Porsche,Cayenne,black edition 5dr tiptronic s,Porsche Cayenne SUVBlack Edition 5dr Tiptronic S Specs & dimensions,2018,,2995.0,6.0,348.0,500.0,2055.0,4 wheel drive,Automatic,Naturally Aspirated,Petrol,,,247.8,154.0,5.5,249.0,https://www.parkers.co.uk/porsche/cayenne/suv-2018/black-edition-5dr-tiptronic-s/specs/
CAR_47D0AD38,Porsche,Cayenne,5dr tiptronic s,Porsche Cayenne Coupe5dr Tiptronic S Specs & dimensions,2019,,2995.0,6.0,348.0,500.0,2085.0,4 wheel drive,Automatic,Naturally Aspirated,Petrol,,,247.8,154.0,5.5,243.0,https://www.parkers.co.uk/porsche/cayenne/coupe-2019/5dr-tiptronic-s/specs/
CAR_5DF9802B,Porsche,Cayenne,5dr tiptronic s [5 seat],Porsche Cayenne Coupe5dr Tiptronic S [5 Seat] Specs & dimensions,2019,,2995.0,6.0,348.0,500.0,2085.0,4 wheel drive,Automatic,Naturally Aspirated,Petrol,,,247.8,154.0,5.5,243.0,https://www.parkers.co.uk/porsche/cayenne/coupe-2019/5dr-tiptronic-s-[5-seat]/specs/
CAR_A3A98191,Porsche,Cayenne Electric,325kw 113kwh 5dr auto,Porsche Cayenne Electric SUV325kW 113kWh 5dr Auto Specs & dimensions,2025,,,,435.0,835.0,2525.0,4 wheel drive,Automatic,EV,Electric,,,230.1,143.0,4.6,0.0,https://www.parkers.co.uk/porsche/cayenne-electric/suv-2025/325kw-113kwh-5dr-auto/specs/
CAR_749574D2,Porsche,Cayenne Electric,490kw s 113kwh 5dr auto,Porsche Cayenne Electric SUV490kW S 113kWh 5dr Auto Specs & dimensions,2025,,,,656.0,1080.0,2555.0,4 wheel drive,Automatic,EV,Electric,,,249.4,155.0,3.7,0.0,https://www.parkers.co.uk/porsche/cayenne-electric/suv-2025/490kw-s-113kwh-5dr-auto/specs/
CAR_836380DA,Porsche,Cayman,27 2d,Porsche Cayman Coupe2.7 2d Specs & dimensions,2005,,2687.0,,245.0,,,Rear wheel drive,Manual,Naturally Aspirated,Petrol,,,257.5,160.0,5.9,222.0,https://www.parkers.co.uk/porsche/cayman/coupe-2005/27-2d/specs/
CAR_299E973F,Porsche,Cayman,27 2d tiptronic,Porsche Cayman Coupe2.7 2d Tiptronic Specs & dimensions,2005,,2687.0,,245.0,,,Rear wheel drive,Automatic,Naturally Aspirated,Petrol,,,252.7,157.0,6.8,242.0,https://www.parkers.co.uk/porsche/cayman/coupe-2005/27-2d-tiptronic/specs/
CAR_1D3B09F7,Porsche,Cayman,27 2d,Porsche Cayman Coupe2.7 2d Specs & dimensions,2013,,2706.0,6.0,271.0,290.0,1330.0,Rear wheel drive,Manual,Naturally Aspirated,Petrol,,,265.5,165.0,5.5,195.0,https://www.parkers.co.uk/porsche/cayman/coupe-2013/27-2d/specs/
CAR_A6B436DB,Porsche,Cayman,27 2d pdk,Porsche Cayman Coupe2.7 2d PDK Specs & dimensions,2013,,2706.0,6.0,271.0,290.0,1360.0,Rear wheel drive,Automatic,Naturally Aspirated,Petrol,,,263.9,164.0,5.4,183.0,https://www.parkers.co.uk/porsche/cayman/coupe-2013/27-2d-pdk/specs/
CAR_A510A3C4,Porsche,Macan,5dr pdk,Porsche Macan 4x45dr PDK Specs & dimensions,2014,,1984.0,4.0,261.0,400.0,1845.0,4 wheel drive,Automatic,Naturally Aspirated,Petrol,,,231.7,144.0,6.2,227.0,https://www.parkers.co.uk/porsche/macan/4x4-2014/5dr-pdk/specs/
CAR_21973CD1,Porsche,Macan,gts 5dr pdk,Porsche Macan 4x4GTS 5dr PDK Specs & dimensions,2014,,2894.0,6.0,433.0,550.0,1960.0,4 wheel drive,Automatic,Naturally Aspirated,Petrol,,,272.0,169.0,4.2,254.0,https://www.parkers.co.uk/porsche/macan/4x4-2014/gts-5dr-pdk/specs/
CAR_3EADD63B,Porsche,Macan,265kw 100kwh 5dr auto,Porsche Macan SUV265kW 100kWh 5dr Auto Specs & dimensions,2024,,,,354.0,563.0,2220.0,Rear wheel drive,Automatic,EV,Electric,,,220.5,137.0,5.5,0.0,https://www.parkers.co.uk/porsche/macan/suv-2024/265kw-100kwh-5dr-auto/specs/
CAR_240041C8,Porsche,Macan,265kw 100kwh 5dr auto [lux pack],Porsche Macan SUV265kW 100kWh 5dr Auto [Lux Pack] Specs & dimensions,2024,,,,354.0,563.0,2220.0,Rear wheel drive,Automatic,EV,Electric,,,220.5,137.0,5.5,0.0,https://www.parkers.co.uk/porsche/macan/suv-2024/265kw-100kwh-5dr-auto-[lux-pack]/specs/
CAR_311B8A52,Porsche,Panamera,29 v6 4 5dr pdk,Porsche Panamera Saloon2.9 V6 4 5dr PDK Specs & dimensions,2016,,2894.0,6.0,325.0,450.0,1900.0,4 wheel drive,Automatic,Naturally Aspirated,Petrol,,,268.8,167.0,5.1,235.0,https://www.parkers.co.uk/porsche/panamera/saloon-2016/29-v6-4-5dr-pdk/specs/
CAR_88CA9B1A,Porsche,Panamera,29 v6 4 5dr pdk,Porsche Panamera Sport Turismo2.9 V6 4 5dr PDK Specs & dimensions,2017,,2894.0,6.0,325.0,450.0,1930.0,4 wheel drive,Automatic,Naturally Aspirated,Petrol,,,262.3,163.0,5.1,241.0,https://www.parkers.co.uk/porsche/panamera/sport-turismo-2017/29-v6-4-5dr-pdk/specs/
CAR_907FAF7C,Porsche,Panamera,29 v6 4 e hybrid 5dr pdk,Porsche Panamera Sport Turismo2.9 V6 4 E-Hybrid 5dr PDK Specs & dimensions,2017,,2894.0,6.0,455.0,700.0,2225.0,4 wheel drive,Automatic,Hybrid,Petrol Parallel PHEV,,,280.0,174.0,4.3,49.0,https://www.parkers.co.uk/porsche/panamera/sport-turismo-2017/29-v6-4-e-hybrid-5dr-pdk/specs/
CAR_22E88A51,Porsche,Taycan,300kw 79kwh 4dr rwd auto,Porsche Taycan Saloon300kW 79kWh 4dr RWD Auto Specs & dimensions,2019,,,,402.0,345.0,2050.0,Rear wheel drive,Automatic,EV,Electric,,,230.1,143.0,5.2,0.0,https://www.parkers.co.uk/porsche/taycan/saloon-2019/300kw-79kwh-4dr-rwd-auto/specs/
CAR_BD5CD923,Porsche,Taycan,300kw 79kwh 4dr rwd auto [22kw],Porsche Taycan Saloon300kW 79kWh 4dr RWD Auto [22kW] Specs & dimensions,2019,,,,402.0,345.0,2050.0,Rear wheel drive,Automatic,EV,Electric,,,230.1,143.0,5.2,0.0,https://www.parkers.co.uk/porsche/taycan/saloon-2019/300kw-79kwh-4dr-rwd-auto-[22kw]/specs/
CAR_F8A4EF37,Porsche,Taycan,300kw 4 105kwh 5dr auto,Porsche Taycan Cross Turismo300kW 4 105kWh 5dr Auto Specs & dimensions,2021,,,,428.0,610.0,2280.0,4 wheel drive,Automatic,EV,Electric,,,220.5,137.0,4.5,0.0,https://www.parkers.co.uk/porsche/taycan/cross-turismo-2021/300kw-4-105kwh-5dr-auto/specs/
CAR_7E8A2082,Porsche,Taycan,300kw 4 105kwh 5dr auto [5 seat],Porsche Taycan Cross Turismo300kW 4 105kWh 5dr Auto [5 Seat] Specs & dimensions,2021,,,,428.0,610.0,2280.0,4 wheel drive,Automatic,EV,Electric,,,220.5,137.0,4.5,0.0,https://www.parkers.co.uk/porsche/taycan/cross-turismo-2021/300kw-4-105kwh-5dr-auto-[5-seat]/specs/
CAR_671192E4,Ferrari,308,gts qv spyder 2d,Ferrari 308 CoupeGTS QV Spyder 2d Specs & dimensions,1982,,2926.0,,,,,Rear wheel drive,Manual,Naturally Aspirated,Petrol,,,,,,,https://www.parkers.co.uk/ferrari/308/coupe-1982/gts-qv-spyder-2d/specs/
CAR_13E61D7E,Ferrari,308,qv 2d,Ferrari 308 CoupeQV 2d Specs & dimensions,1982,,2926.0,,,,,Rear wheel drive,Manual,Naturally Aspirated,Petrol,,,,,,,https://www.parkers.co.uk/ferrari/308/coupe-1982/qv-2d/specs/
CAR_3AC9E8E3,Ferrari,328,gtb 2d,Ferrari 328 CoupeGTB 2d Specs & dimensions,1985,,3185.0,,270.0,,,Rear wheel drive,Manual,Naturally Aspirated,Petrol,,,,,,,https://www.parkers.co.uk/ferrari/328/coupe-1985/gtb-2d/specs/
CAR_6A905460,Ferrari,328,gts 2d,Ferrari 328 CoupeGTS 2d Specs & dimensions,1985,,3185.0,,270.0,,,Rear wheel drive,Manual,Naturally Aspirated,Petrol,,,,,,,https://www.parkers.co.uk/ferrari/328/coupe-1985/gts-2d/specs/
CAR_EE78F63F,Ferrari,348,gt competizione 2d,Ferrari 348 CoupeGT Competizione 2d Specs & dimensions,1989,,3405.0,,,,,Rear wheel drive,Manual,Naturally Aspirated,Petrol,,,,,,,https://www.parkers.co.uk/ferrari/348/coupe-1989/gt-competizione-2d/specs/
CAR_FEB9AF6E,Ferrari,348,gtb 2d,Ferrari 348 CoupeGTB 2d Specs & dimensions,1989,,3405.0,,320.0,,,Rear wheel drive,Manual,Naturally Aspirated,Petrol,,,,,,,https://www.parkers.co.uk/ferrari/348/coupe-1989/gtb-2d/specs/
CAR_DA37DFB9,Ferrari,348,spider 2d,Ferrari 348 ConvertibleSpider 2d Specs & dimensions,1993,,3405.0,,320.0,,,Rear wheel drive,Manual,Naturally Aspirated,Petrol,,,,,,,https://www.parkers.co.uk/ferrari/348/convertible-1993/spider-2d/specs/
CAR_282DA6B4,Ferrari,348,trim spider,Ferrari 348 Convertible Spider (1993 - 1995)Specs & dimensions,1993,1995,,,,,,,,Unknown,,,,,,,,https://www.parkers.co.uk/ferrari/348/convertible-1993/trim-spider/specs/
CAR_DB880C95,Ferrari,360,challenge stradale f1 2d,Ferrari 360 CoupeChallenge Stradale F1 2d Specs & dimensions,1999,,3586.0,8.0,425.0,373.0,1180.0,Rear wheel drive,Automatic,Naturally Aspirated,Petrol,,,299.3,186.0,4.0,440.0,https://www.parkers.co.uk/ferrari/360/coupe-1999/challenge-stradale-f1-2d/specs/
CAR_6CC0E51D,Ferrari,360,modena 2d,Ferrari 360 CoupeModena 2d Specs & dimensions,1999,,3586.0,8.0,400.0,373.0,1390.0,Rear wheel drive,Manual,Naturally Aspirated,Petrol,,,294.5,183.0,4.5,440.0,https://www.parkers.co.uk/ferrari/360/coupe-1999/modena-2d/specs/
CAR_C1DFEBA2,Ferrari,360,spider 2d,Ferrari 360 SpiderSpider 2d Specs & dimensions,2000,,3586.0,8.0,400.0,373.0,1450.0,Rear wheel drive,Manual,Naturally Aspirated,Petrol,,,289.7,180.0,4.5,440.0,https://www.parkers.co.uk/ferrari/360/spider-2000/spider-2d/specs/
CAR_0A9E53E3,Ferrari,360,spider f1 2d,Ferrari 360 SpiderSpider F1 2d Specs & dimensions,2000,,3586.0,8.0,400.0,373.0,1450.0,Rear wheel drive,Manual,Naturally Aspirated,Petrol,,,289.7,180.0,4.5,440.0,https://www.parkers.co.uk/ferrari/360/spider-2000/spider-f1-2d/specs/
CAR_FB6B46C3,Ferrari,400I,2d auto,Ferrari 400i Coupe2d Auto Specs & dimensions,1979,,4823.0,,,,,Rear wheel drive,Automatic,Naturally Aspirated,Petrol,,,,,,,https://www.parkers.co.uk/ferrari/400i/coupe-1979/2d-auto/specs/
CAR_58E2FB78,Ferrari,400I,trim standard trim,Ferrari 400i Coupe Standard Trim (1979 - 1986)Specs & dimensions,1979,1986,,,,,,,,Unknown,,,,,,,,https://www.parkers.co.uk/ferrari/400i/coupe-1979/trim-standard-trim/specs/
CAR_DE5DE009,Ferrari,412,2d auto,Ferrari 412 Coupe2d Auto Specs & dimensions,1986,,4942.0,,340.0,,,Rear wheel drive,Automatic,Naturally Aspirated,Petrol,,,,,,,https://www.parkers.co.uk/ferrari/412/coupe-1986/2d-auto/specs/
CAR_8F3BC266,Ferrari,412,trim standard trim,Ferrari 412 Coupe Standard Trim (1986 - 1989)Specs & dimensions,1986,1989,,,,,,,,Unknown,,,,,,,,https://www.parkers.co.uk/ferrari/412/coupe-1986/trim-standard-trim/specs/
CAR_061A9E4E,Ferrari,456,gt 2d (93),Ferrari 456 CoupeGT 2d (93) Specs & dimensions,1993,,5474.0,12.0,442.0,550.0,1690.0,Rear wheel drive,Manual,Naturally Aspirated,Petrol,,,299.3,186.0,5.1,495.0,https://www.parkers.co.uk/ferrari/456/coupe-1993/gt-2d-(93)/specs/
CAR_552DE103,Ferrari,456,gt 2d (98),Ferrari 456 CoupeGT 2d (98) Specs & dimensions,1993,,5474.0,12.0,442.0,550.0,1690.0,Rear wheel drive,Manual,Naturally Aspirated,Petrol,,,299.3,186.0,5.2,495.0,https://www.parkers.co.uk/ferrari/456/coupe-1993/gt-2d-(98)/specs/
CAR_43292C35,Ferrari,458,italia (hele) 2d auto,Ferrari 458 CoupeItalia (HELE) 2d Auto Specs & dimensions,2010,,4497.0,8.0,562.0,540.0,,Rear wheel drive,Automatic,Naturally Aspirated,Petrol,,,325.1,202.0,3.3,275.0,https://www.parkers.co.uk/ferrari/458/coupe-2010/italia-(hele)-2d-auto/specs/
CAR_E8940939,Ferrari,458,italia 2d,Ferrari 458 CoupeItalia 2d Specs & dimensions,2010,,4497.0,8.0,562.0,540.0,,Rear wheel drive,Automatic,Naturally Aspirated,Petrol,,,325.1,202.0,3.3,307.0,https://www.parkers.co.uk/ferrari/458/coupe-2010/italia-2d/specs/
CAR_8C4E738D,Ferrari,458,spider (hele) 2d auto,Ferrari 458 SpiderSpider (HELE) 2d Auto Specs & dimensions,2012,,4497.0,8.0,562.0,540.0,,Rear wheel drive,Automatic,Naturally Aspirated,Petrol,,,318.6,198.0,3.3,275.0,https://www.parkers.co.uk/ferrari/458/spider-2012/spider-(hele)-2d-auto/specs/
CAR_24D591AD,Ferrari,458,spider 2d,Ferrari 458 SpiderSpider 2d Specs & dimensions,2012,,4497.0,8.0,562.0,540.0,,Rear wheel drive,Automatic,Naturally Aspirated,Petrol,,,318.6,198.0,3.3,307.0,https://www.parkers.co.uk/ferrari/458/spider-2012/spider-2d/specs/
CAR_F9D08816,Ferrari,488,2dr 2d auto,Ferrari 488 GTB2dr 2d Auto Specs & dimensions,2016,,3902.0,8.0,660.0,760.0,1475.0,Rear wheel drive,Automatic,Naturally Aspirated,Petrol,,,329.9,205.0,3.0,260.0,https://www.parkers.co.uk/ferrari/488/gtb-2016/2dr-2d-auto/specs/
CAR_B6820B19,Ferrari,488,trim standard trim,Ferrari 488 GTB Standard Trim (2016 - 2026)Specs & dimensions,2016,2026,,,,,,,,Unknown,,,,,,,,https://www.parkers.co.uk/ferrari/488/gtb-2016/trim-standard-trim/specs/
CAR_0F2FFD32,Ferrari,488,auto 2d,Ferrari 488 Spiderauto 2d Specs & dimensions,2016,,3902.0,8.0,660.0,760.0,1525.0,Rear wheel drive,Automatic,Naturally Aspirated,Petrol,,,326.7,203.0,3.0,260.0,https://www.parkers.co.uk/ferrari/488/spider-2016/auto-2d/specs/
CAR_5F017ADA,Ferrari,488,trim spider,Ferrari 488 Spider Spider (2016 - 2019)Specs & dimensions,2016,2019,,,,,,,,Unknown,,,,,,,,https://www.parkers.co.uk/ferrari/488/spider-2016/trim-spider/specs/
CAR_6D7D88C4,Ferrari,512,tr 2d,Ferrari 512 CoupeTR 2d Specs & dimensions,1992,,4943.0,12.0,428.0,491.0,,Rear wheel drive,Manual,Naturally Aspirated,Petrol,,,312.2,194.0,4.6,,https://www.parkers.co.uk/ferrari/512/coupe-1992/tr-2d/specs/
CAR_BB78C01D,Ferrari,512,trim tr fh,Ferrari 512 Coupe TR FH (1992 - 1995)Specs & dimensions,1992,1995,,,,,,,,Unknown,,,,,,,,https://www.parkers.co.uk/ferrari/512/coupe-1992/trim-tr-fh/specs/
CAR_FB1856BD,Ferrari,550,maranello 2d,Ferrari 550 CoupeMaranello 2d Specs & dimensions,1996,,5474.0,12.0,485.0,568.0,1690.0,Rear wheel drive,Manual,Naturally Aspirated,Petrol,,,320.3,199.0,4.3,530.0,https://www.parkers.co.uk/ferrari/550/coupe-1996/maranello-2d/specs/
CAR_5BB2C17B,Ferrari,550,trim maranello,Ferrari 550 Coupe Maranello (1996 - 2002)Specs & dimensions,1996,2002,,,,,,,,Unknown,,,,,,,,https://www.parkers.co.uk/ferrari/550/coupe-1996/trim-maranello/specs/
CAR_A4A252E8,Ferrari,575,maranello 2d,Ferrari 575 CoupeMaranello 2d Specs & dimensions,2002,,5748.0,12.0,515.0,588.0,1730.0,Rear wheel drive,Manual,Naturally Aspirated,Petrol,,,325.1,202.0,4.1,499.0,https://www.parkers.co.uk/ferrari/575/coupe-2002/maranello-2d/specs/
CAR_B6A3152C,Ferrari,575,maranello f1 2d auto,Ferrari 575 CoupeMaranello F1 2d Auto Specs & dimensions,2002,,5748.0,12.0,515.0,588.0,1730.0,Rear wheel drive,Automatic,Naturally Aspirated,Petrol,,,325.1,202.0,4.1,499.0,https://www.parkers.co.uk/ferrari/575/coupe-2002/maranello-f1-2d-auto/specs/
CAR_6681CBCF,Ferrari,575,barchetta pininfarina 2d,Ferrari 575 ConvertibleBarchetta Pininfarina 2d Specs & dimensions,2000,,5474.0,12.0,,,,Rear wheel drive,Manual,Naturally Aspirated,Petrol,,,299.3,186.0,4.3,558.0,https://www.parkers.co.uk/ferrari/575/convertible-2000/barchetta-pininfarina-2d/specs/
CAR_0D14B6E1,Ferrari,575,superamerica 2d,Ferrari 575 ConvertibleSuperamerica 2d Specs & dimensions,2000,,5748.0,12.0,532.0,589.0,1790.0,Rear wheel drive,Manual,Naturally Aspirated,Petrol,,,320.3,199.0,4.2,499.0,https://www.parkers.co.uk/ferrari/575/convertible-2000/superamerica-2d/specs/
CAR_B2EEF102,Ferrari,599 Gtb,gtb fiorano 2d,Ferrari 599 GTB CoupeGTB Fiorano 2d Specs & dimensions,2006,,5999.0,12.0,612.0,608.0,1580.0,Rear wheel drive,Manual,Naturally Aspirated,Petrol,,,329.9,205.0,3.6,490.0,https://www.parkers.co.uk/ferrari/599-gtb/coupe-2006/gtb-fiorano-2d/specs/
CAR_793328D9,Ferrari,599 Gtb,gtb fiorano f1 2d,Ferrari 599 GTB CoupeGTB Fiorano F1 2d Specs & dimensions,2006,,5999.0,12.0,612.0,608.0,1580.0,Rear wheel drive,Automatic,Naturally Aspirated,Petrol,,,329.9,205.0,3.6,490.0,https://www.parkers.co.uk/ferrari/599-gtb/coupe-2006/gtb-fiorano-f1-2d/specs/
CAR_3833160B,Ferrari,612,scaglietti 2d,Ferrari 612 CoupeScaglietti 2d Specs & dimensions,2004,,5748.0,12.0,540.0,588.0,1840.0,Rear wheel drive,Manual,Naturally Aspirated,Petrol,,,320.3,199.0,4.1,475.0,https://www.parkers.co.uk/ferrari/612/coupe-2004/scaglietti-2d/specs/
CAR_1E4D2C60,Ferrari,612,scaglietti f1a 2d,Ferrari 612 CoupeScaglietti F1A 2d Specs & dimensions,2004,,5748.0,12.0,540.0,588.0,,Rear wheel drive,Automatic,Naturally Aspirated,Petrol,,,320.3,199.0,4.1,475.0,https://www.parkers.co.uk/ferrari/612/coupe-2004/scaglietti-f1a-2d/specs/
CAR_C6A25CBC,Ferrari,812 Superfast,f1 dct auto 2d,Ferrari 812 Superfast CoupeF1 DCT auto 2d Specs & dimensions,2017,,6496.0,12.0,788.0,718.0,1525.0,Rear wheel drive,Automatic,Turbocharged,Petrol,,,,,2.8,,https://www.parkers.co.uk/ferrari/812-superfast/coupe-2017/f1-dct-auto-2d/specs/
CAR_3933028F,Ferrari,812 Superfast,trim standard trim,Ferrari 812 Superfast Coupe Standard Trim (2017 - 2021)Specs & dimensions,2017,2021,,,,,,,,Turbocharged,,,,,,,,https://www.parkers.co.uk/ferrari/812-superfast/coupe-2017/trim-standard-trim/specs/
CAR_8B3579F4,Ferrari,California,2 f1 (hele) 2d auto,Ferrari California Convertible2+ F1 (HELE) 2d Auto Specs & dimensions,2009,,4297.0,8.0,483.0,505.0,1705.0,Rear wheel drive,Automatic,Naturally Aspirated,Petrol,,,310.6,193.0,3.7,270.0,https://www.parkers.co.uk/ferrari/california/convertible-2009/2-f1-(hele)-2d-auto/specs/
CAR_6D47E734,Ferrari,California,2 f1 2d,Ferrari California Convertible2+ F1 2d Specs & dimensions,2009,,4297.0,8.0,483.0,505.0,1705.0,Rear wheel drive,Automatic,Naturally Aspirated,Petrol,,,310.6,193.0,3.7,299.0,https://www.parkers.co.uk/ferrari/california/convertible-2009/2-f1-2d/specs/
CAR_2CEFB98D,Ferrari,California T,t (hele) 2d auto,Ferrari California T ConvertibleT (HELE) 2d Auto Specs & dimensions,2014,,3855.0,8.0,552.0,755.0,1625.0,Rear wheel drive,Automatic,Naturally Aspirated,Petrol,,,315.4,196.0,3.5,250.0,https://www.parkers.co.uk/ferrari/california-t/convertible-2014/t-(hele)-2d-auto/specs/
CAR_4C60C93B,Ferrari,California T,t 2d auto,Ferrari California T ConvertibleT 2d Auto Specs & dimensions,2014,,3855.0,8.0,552.0,755.0,1625.0,Rear wheel drive,Automatic,Naturally Aspirated,Petrol,,,315.4,196.0,3.5,,https://www.parkers.co.uk/ferrari/california-t/convertible-2014/t-2d-auto/specs/
CAR_DA92E8FC,Ferrari,Enzo,2d,Ferrari Enzo Coupe2d Specs & dimensions,2002,,5998.0,12.0,660.0,657.0,1365.0,Rear wheel drive,Manual,Naturally Aspirated,Petrol,,,,,3.5,545.0,https://www.parkers.co.uk/ferrari/enzo/coupe-2002/2d/specs/
CAR_D26D5CEB,Ferrari,Enzo,trim standard trim,Ferrari Enzo Coupe Standard Trim (2002 - 2004)Specs & dimensions,2002,2004,,,,,,,,Unknown,,,,,,,,https://www.parkers.co.uk/ferrari/enzo/coupe-2002/trim-standard-trim/specs/
CAR_C01ED4CD,Ferrari,F12Berlinetta,(hele) 2d auto,Ferrari F12berlinetta Coupe(HELE) 2d Auto Specs & dimensions,2013,,6262.0,12.0,729.0,690.0,1630.0,Rear wheel drive,Automatic,Naturally Aspirated,Petrol,,,,,3.0,,https://www.parkers.co.uk/ferrari/f12berlinetta/coupe-2013/(hele)-2d-auto/specs/
CAR_B426E104,Ferrari,F12Berlinetta,2d auto,Ferrari F12berlinetta Coupe2d Auto Specs & dimensions,2013,,6262.0,12.0,729.0,690.0,1630.0,Rear wheel drive,Automatic,Naturally Aspirated,Petrol,,,,,3.0,350.0,https://www.parkers.co.uk/ferrari/f12berlinetta/coupe-2013/2d-auto/specs/
CAR_37226091,Ferrari,F355,berlinetta 2d,Ferrari F355 CoupeBerlinetta 2d Specs & dimensions,1994,,3496.0,8.0,380.0,,,Rear wheel drive,Manual,Naturally Aspirated,Petrol,,,294.5,183.0,4.7,395.0,https://www.parkers.co.uk/ferrari/f355/coupe-1994/berlinetta-2d/specs/
CAR_E1E87C23,Ferrari,F355,berlinetta f1 2d,Ferrari F355 CoupeBerlinetta F1 2d Specs & dimensions,1994,,3496.0,8.0,380.0,,,Rear wheel drive,Manual,Naturally Aspirated,Petrol,,,294.5,183.0,4.7,395.0,https://www.parkers.co.uk/ferrari/f355/coupe-1994/berlinetta-f1-2d/specs/
CAR_18A7458D,Ferrari,F355,spider 2d,Ferrari F355 ConvertibleSpider 2d Specs & dimensions,1994,,3496.0,8.0,380.0,,,Rear wheel drive,Manual,Naturally Aspirated,Petrol,,,294.5,183.0,4.7,395.0,https://www.parkers.co.uk/ferrari/f355/convertible-1994/spider-2d/specs/
CAR_91BEA3AB,Ferrari,F355,spider f1 2d,Ferrari F355 ConvertibleSpider F1 2d Specs & dimensions,1994,,3496.0,8.0,380.0,,,Rear wheel drive,Manual,Naturally Aspirated,Petrol,,,294.5,183.0,4.7,395.0,https://www.parkers.co.uk/ferrari/f355/convertible-1994/spider-f1-2d/specs/
CAR_CA083D4F,Ferrari,F40,2d,Ferrari F40 Coupe2d Specs & dimensions,1987,,2963.0,,478.0,,,Rear wheel drive,Manual,Naturally Aspirated,Petrol,,,,,,,https://www.parkers.co.uk/ferrari/f40/coupe-1987/2d/specs/
CAR_EEBE4A7E,Ferrari,F40,trim fh,Ferrari F40 Coupe FH (1987 - 1992)Specs & dimensions,1987,1992,,,,,,,,Unknown,,,,,,,,https://www.parkers.co.uk/ferrari/f40/coupe-1987/trim-fh/specs/
CAR_50AFB634,Ferrari,F430,2d,Ferrari F430 Coupe2d Specs & dimensions,2005,,4308.0,8.0,483.0,465.0,1450.0,Rear wheel drive,Manual,Naturally Aspirated,Petrol,,,315.4,196.0,4.0,420.0,https://www.parkers.co.uk/ferrari/f430/coupe-2005/2d/specs/
CAR_10FF37B9,Ferrari,F430,f1 2d,Ferrari F430 CoupeF1 2d Specs & dimensions,2005,,4308.0,8.0,483.0,465.0,1450.0,Rear wheel drive,Automatic,Naturally Aspirated,Petrol,,,315.4,196.0,4.0,420.0,https://www.parkers.co.uk/ferrari/f430/coupe-2005/f1-2d/specs/
CAR_4FC33A6C,Ferrari,F430,spider 2d,Ferrari F430 ConvertibleSpider 2d Specs & dimensions,2005,,4308.0,8.0,483.0,465.0,1520.0,Rear wheel drive,Manual,Naturally Aspirated,Petrol,,,310.6,193.0,4.1,420.0,https://www.parkers.co.uk/ferrari/f430/convertible-2005/spider-2d/specs/
CAR_0D19B931,Ferrari,F430,spider f1 2d,Ferrari F430 ConvertibleSpider F1 2d Specs & dimensions,2005,,4308.0,8.0,483.0,465.0,1520.0,Rear wheel drive,Automatic,Naturally Aspirated,Petrol,,,310.6,193.0,4.1,420.0,https://www.parkers.co.uk/ferrari/f430/convertible-2005/spider-f1-2d/specs/
CAR_F366358D,Ferrari,F50,2d,Ferrari F50 Coupe2d Specs & dimensions,1996,,4700.0,12.0,513.0,471.0,,Rear wheel drive,Manual,Naturally Aspirated,Petrol,,,325.1,202.0,3.6,,https://www.parkers.co.uk/ferrari/f50/coupe-1996/2d/specs/
CAR_7D45DF3F,Ferrari,F50,trim targa,Ferrari F50 Coupe Targa (1996 - 1998)Specs & dimensions,1996,1998,,,,,,,,Unknown,,,,,,,,https://www.parkers.co.uk/ferrari/f50/coupe-1996/trim-targa/specs/
CAR_C4470B80,Ferrari,F512,m 2d,Ferrari F512 CoupeM 2d Specs & dimensions,1995,,4943.0,12.0,432.0,498.0,,Rear wheel drive,Manual,Naturally Aspirated,Petrol,,,315.4,196.0,4.5,,https://www.parkers.co.uk/ferrari/f512/coupe-1995/m-2d/specs/
CAR_783DC94C,Ferrari,F512,trim m,Ferrari F512 Coupe M (1995 - 1997)Specs & dimensions,1995,1997,,,,,,,,Unknown,,,,,,,,https://www.parkers.co.uk/ferrari/f512/coupe-1995/trim-m/specs/
CAR_281101E9,Ferrari,Ff,2d,Ferrari FF Coupe2d Specs & dimensions,2011,,6262.0,,650.0,683.0,1880.0,4 wheel drive,Automatic,Naturally Aspirated,Petrol,,,334.7,208.0,3.6,380.0,https://www.parkers.co.uk/ferrari/ff/coupe-2011/2d/specs/
CAR_DC838CB7,Ferrari,Ff,hele 2d auto,Ferrari FF CoupeHELE 2d Auto Specs & dimensions,2011,,6262.0,,650.0,683.0,1880.0,4 wheel drive,Automatic,Naturally Aspirated,Petrol,,,334.7,208.0,3.6,360.0,https://www.parkers.co.uk/ferrari/ff/coupe-2011/hele-2d-auto/specs/
CAR_50C0193F,Ferrari,Gtc4Lusso,t auto 2d,Ferrari GTC4Lusso CoupeT auto 2d Specs & dimensions,2016,,3855.0,8.0,601.0,760.0,1865.0,Rear wheel drive,Automatic,Naturally Aspirated,Petrol,,,320.3,199.0,3.4,,https://www.parkers.co.uk/ferrari/gtc4lusso/coupe-2016/t-auto-2d/specs/
CAR_93552339,Ferrari,Gtc4Lusso,auto 2d,Ferrari GTC4Lusso Coupeauto 2d Specs & dimensions,2016,,6262.0,12.0,680.0,697.0,1920.0,4 wheel drive,Automatic,Naturally Aspirated,Petrol,,,334.7,208.0,3.3,,https://www.parkers.co.uk/ferrari/gtc4lusso/coupe-2016/auto-2d/specs/
CAR_57BBFFB2,Ferrari,Mondial,32 2d,Ferrari Mondial Coupe3.2 2d Specs & dimensions,1982,,3195.0,,270.0,,,Rear wheel drive,Manual,Naturally Aspirated,Petrol,,,,,,,https://www.parkers.co.uk/ferrari/mondial/coupe-1982/32-2d/specs/
CAR_A6527EA9,Ferrari,Mondial,34 t 2d,Ferrari Mondial Coupe3.4 t 2d Specs & dimensions,1982,,3405.0,,295.0,,,Rear wheel drive,Manual,Naturally Aspirated,Petrol,,,,,,,https://www.parkers.co.uk/ferrari/mondial/coupe-1982/34-t-2d/specs/
CAR_4DF4CDD6,Ferrari,Mondial,2d,Ferrari Mondial Cabriolet2d Specs & dimensions,1984,,2926.0,,,,,Rear wheel drive,Manual,Naturally Aspirated,Petrol,,,,,,,https://www.parkers.co.uk/ferrari/mondial/cabriolet-1984/2d/specs/
CAR_D1A51756,Ferrari,Mondial,32 2d,Ferrari Mondial Cabriolet3.2 2d Specs & dimensions,1984,,3195.0,,270.0,,,Rear wheel drive,Manual,Naturally Aspirated,Petrol,,,,,,,https://www.parkers.co.uk/ferrari/mondial/cabriolet-1984/32-2d/specs/
CAR_354BBFBE,Ferrari,Portofino,auto 2d,Ferrari Portofino Convertibleauto 2d Specs & dimensions,2018,,3855.0,8.0,591.0,760.0,,Rear wheel drive,Automatic,Naturally Aspirated,Petrol,,,320.3,199.0,3.4,,https://www.parkers.co.uk/ferrari/portofino/convertible-2018/auto-2d/specs/
CAR_ADBE6B30,Ferrari,Portofino,trim gt,Ferrari Portofino Convertible GT (2018 - 2020)Specs & dimensions,2018,2020,,,,,,,,Unknown,,,,,,,,https://www.parkers.co.uk/ferrari/portofino/convertible-2018/trim-gt/specs/
CAR_F64C22C5,Ferrari,Testarossa,2d,Ferrari Testarossa Coupe2d Specs & dimensions,1985,,4942.0,,390.0,,,Rear wheel drive,Manual,Naturally Aspirated,Petrol,,,,,,,https://www.parkers.co.uk/ferrari/testarossa/coupe-1985/2d/specs/
CAR_AAA21173,Ferrari,Testarossa,trim standard trim,Ferrari Testarossa Coupe Standard Trim (1985 - 1992)Specs & dimensions,1985,1992,,,,,,,,Unknown,,,,,,,,https://www.parkers.co.uk/ferrari/testarossa/coupe-1985/trim-standard-trim/specs/
CAR_F19C6701,Lamborghini,Aventador,lp 700 4 isr roadster 2d,Lamborghini Aventador RoadsterLP 700-4 ISR Roadster 2d Specs & dimensions,2012,,6498.0,12.0,690.0,690.0,1625.0,4 wheel drive,Automatic,Naturally Aspirated,Petrol,,,,,2.9,370.0,https://www.parkers.co.uk/lamborghini/aventador/roadster-2012/lp-700-4-isr-roadster-2d/specs/
CAR_533EBFA1,Lamborghini,Aventador,lp 700 4 pirelli edition roadster 2d,Lamborghini Aventador RoadsterLP 700-4 Pirelli Edition Roadster 2d Specs & dimensions,2012,,6498.0,12.0,690.0,690.0,1625.0,4 wheel drive,Automatic,Naturally Aspirated,Petrol,,,,,2.9,370.0,https://www.parkers.co.uk/lamborghini/aventador/roadster-2012/lp-700-4-pirelli-edition-roadster-2d/specs/
CAR_92B11B76,Lamborghini,Aventador,lp 700 4 coupe 2d isr,Lamborghini Aventador CoupeLP 700-4 Coupe 2d ISR Specs & dimensions,2011,,6498.0,12.0,690.0,690.0,1575.0,4 wheel drive,Automatic,Naturally Aspirated,Petrol,,,,,2.8,370.0,https://www.parkers.co.uk/lamborghini/aventador/coupe-2011/lp-700-4-coupe-2d-isr/specs/
CAR_0C6D5877,Lamborghini,Aventador,lp 700 4 pirelli edition coupe 2d isr,Lamborghini Aventador CoupeLP 700-4 Pirelli Edition Coupe 2d ISR Specs & dimensions,2011,,6498.0,12.0,690.0,690.0,1575.0,4 wheel drive,Automatic,Naturally Aspirated,Petrol,,,,,2.8,370.0,https://www.parkers.co.uk/lamborghini/aventador/coupe-2011/lp-700-4-pirelli-edition-coupe-2d-isr/specs/
CAR_85F97DC6,Lamborghini,Diablo,60 vt coupe 2d,Lamborghini Diablo Coupe6.0 VT Coupé 2d Specs & dimensions,1995,,5992.0,12.0,550.0,620.0,1625.0,Rear wheel drive,Manual,Naturally Aspirated,Petrol,,,329.9,205.0,3.8,539.0,https://www.parkers.co.uk/lamborghini/diablo/coupe-1995/60-vt-coupe-2d/specs/
CAR_6722964C,Lamborghini,Diablo,gt coupe 2d (lhd),Lamborghini Diablo CoupeGT Coupé 2d (LHD) Specs & dimensions,1995,,5992.0,12.0,575.0,630.0,,Rear wheel drive,Manual,Naturally Aspirated,Petrol,,,329.9,205.0,3.8,530.0,https://www.parkers.co.uk/lamborghini/diablo/coupe-1995/gt-coupe-2d-(lhd)/specs/
CAR_9F8B4F51,Lamborghini,Gallardo,2d,Lamborghini Gallardo Coupe2d Specs & dimensions,2003,,4961.0,10.0,493.0,510.0,,4 wheel drive,Manual,Naturally Aspirated,Petrol,,,315.4,196.0,3.9,450.0,https://www.parkers.co.uk/lamborghini/gallardo/coupe-2003/2d/specs/
CAR_F968839B,Lamborghini,Gallardo,2d e gear,Lamborghini Gallardo Coupe2d E Gear Specs & dimensions,2003,,4961.0,10.0,493.0,510.0,,4 wheel drive,Automatic,Naturally Aspirated,Petrol,,,315.4,196.0,3.9,450.0,https://www.parkers.co.uk/lamborghini/gallardo/coupe-2003/2d-e-gear/specs/
CAR_DAE9BA7D,Lamborghini,Huracan,evo ldf auto 2d,Lamborghini Huracan SpyderEvo LDF auto 2d Specs & dimensions,2015,,5204.0,10.0,631.0,600.0,1542.0,4 wheel drive,Automatic,Naturally Aspirated,Petrol,,,325.1,202.0,3.0,338.0,https://www.parkers.co.uk/lamborghini/huracan/spyder-2015/evo-ldf-auto-2d/specs/
CAR_9238C90D,Lamborghini,Huracan,lp 580 2 ldf auto 2d,Lamborghini Huracan SpyderLP 580-2 LDF auto 2d Specs & dimensions,2015,,5204.0,10.0,571.0,540.0,1509.0,Rear wheel drive,Automatic,Naturally Aspirated,Petrol,,,320.3,199.0,3.5,278.0,https://www.parkers.co.uk/lamborghini/huracan/spyder-2015/lp-580-2-ldf-auto-2d/specs/
CAR_C730BD10,Lamborghini,Huracan,52 v10 610 sterrato 2dr auto awd,Lamborghini Huracan Evo Coupe5.2 V10 610 Sterrato 2dr Auto AWD Specs & dimensions,2019,,5204.0,10.0,601.0,560.0,1470.0,4 wheel drive,Automatic,Naturally Aspirated,Petrol,,,260.7,162.0,3.3,337.0,https://www.parkers.co.uk/lamborghini/huracan/evo-coupe-2019/52-v10-610-sterrato-2dr-auto-awd/specs/
CAR_13CEEB1D,Lamborghini,Huracan,52 v10 640 fluo capsule 2dr auto awd,Lamborghini Huracan Evo Coupe5.2 V10 640 Fluo Capsule 2dr Auto AWD Specs & dimensions,2019,,5204.0,10.0,631.0,600.0,1422.0,4 wheel drive,Automatic,Naturally Aspirated,Petrol,,,325.1,202.0,2.8,332.0,https://www.parkers.co.uk/lamborghini/huracan/evo-coupe-2019/52-v10-640-fluo-capsule-2dr-auto-awd/specs/
CAR_A6516493,Lamborghini,Murcielago,lp 640 coupe 2d,Lamborghini Murcielago CoupeLP 640 Coupé 2d Specs & dimensions,2002,,6496.0,12.0,631.0,660.0,1665.0,4 wheel drive,Manual,Naturally Aspirated,Petrol,,,329.9,205.0,3.3,495.0,https://www.parkers.co.uk/lamborghini/murcielago/coupe-2002/lp-640-coupe-2d/specs/
CAR_A5E7EA63,Lamborghini,Murcielago,lp 640 coupe 2d e gear,Lamborghini Murcielago CoupeLP 640 Coupé 2d E Gear Specs & dimensions,2002,,6496.0,12.0,631.0,660.0,1665.0,4 wheel drive,Automatic,Naturally Aspirated,Petrol,,,329.9,205.0,3.3,495.0,https://www.parkers.co.uk/lamborghini/murcielago/coupe-2002/lp-640-coupe-2d-e-gear/specs/
CAR_E505DBE8,Lamborghini,Revuelto,65 v12 1015 phev 2dr dct,Lamborghini Revuelto Coupe6.5 V12 1015 PHEV 2dr DCT Specs & dimensions,2023,,6499.0,12.0,1000.0,725.0,1910.0,4 wheel drive,Automatic,Unknown,Petrol Parallel PHEV,,,,,2.4,316.0,https://www.parkers.co.uk/lamborghini/revuelto/coupe-2023/65-v12-1015-phev-2dr-dct/specs/
CAR_B6C848CB,Lamborghini,Revuelto,trim standard trim,Lamborghini Revuelto Coupe Standard Trim (2023 - 2026)Specs & dimensions,2023,2026,,,,,,,,Unknown,,,,,,,,https://www.parkers.co.uk/lamborghini/revuelto/coupe-2023/trim-standard-trim/specs/
CAR_B5E4DE79,Lamborghini,Temerario,40t v8 phev 2dr auto,Lamborghini Temerario Coupe4.0T V8 PHEV 2dr Auto Specs & dimensions,2024,,3995.0,8.0,907.0,730.0,1690.0,4 wheel drive,Automatic,Unknown,Petrol Parallel PHEV,,,,,2.6,272.0,https://www.parkers.co.uk/lamborghini/temerario/coupe-2024/40t-v8-phev-2dr-auto/specs/
CAR_1B458D99,Lamborghini,Temerario,40t v8 phev 2dr auto [alleggerita pack],Lamborghini Temerario Coupe4.0T V8 PHEV 2dr Auto [Alleggerita Pack] Specs & dimensions,2024,,3995.0,8.0,907.0,730.0,1690.0,4 wheel drive,Automatic,Unknown,Petrol Parallel PHEV,,,,,2.6,272.0,https://www.parkers.co.uk/lamborghini/temerario/coupe-2024/40t-v8-phev-2dr-auto-[alleggerita-pack]/specs/
CAR_657CAE24,Lamborghini,Urus,40t fsi v8 5dr auto [4 seat],Lamborghini Urus SUV4.0T FSI V8 5dr Auto [4 seat] Specs & dimensions,2018,,3996.0,8.0,640.0,850.0,2200.0,4 wheel drive,Automatic,Naturally Aspirated,Petrol,,,305.8,190.0,3.5,325.0,https://www.parkers.co.uk/lamborghini/urus/suv-2018/40t-fsi-v8-5dr-auto-[4-seat]/specs/
CAR_4C4E731A,Lamborghini,Urus,40t fsi v8 graphite capsule 5dr auto,Lamborghini Urus SUV4.0T FSI V8 Graphite Capsule 5dr Auto Specs & dimensions,2018,,3996.0,8.0,640.0,850.0,2200.0,4 wheel drive,Automatic,Naturally Aspirated,Petrol,,,305.8,190.0,3.5,325.0,https://www.parkers.co.uk/lamborghini/urus/suv-2018/40t-fsi-v8-graphite-capsule-5dr-auto/specs/
CAR_606C393B,Lexus,Ct,200h (ct premium pack) e cvt auto 5d,Lexus CT Hatchback200h (CT Premium Pack) E-CVT auto 5d Specs & dimensions,2011,,1798.0,4.0,134.0,142.0,1410.0,Front wheel drive,Automatic,EV,Petrol/Electric Hybrid,,,180.2,112.0,10.0,115.0,https://www.parkers.co.uk/lexus/ct/hatchback-2011/200h-(ct-premium-pack)-e-cvt-auto-5d/specs/
CAR_6A212C38,Lexus,Ct,200h (leather premium pack and tech pack) e cvt auto (102018 on) 5d,"Lexus CT Hatchback200h (Leather, Premium Pack and Tech Pack) E-CVT auto (10/2018 on) 5d Specs & dimensions",2011,2018,1798.0,4.0,134.0,142.0,1410.0,Front wheel drive,Automatic,EV,Petrol/Electric Hybrid,,,180.2,112.0,10.0,115.0,https://www.parkers.co.uk/lexus/ct/hatchback-2011/200h-(leather-premium-pack-and-tech-pack)-e-cvt-auto-(102018-on)-5d/specs/
CAR_8C07FF01,Lexus,Es,300h 25 4dr cvt,Lexus ES Saloon300h 2.5 4dr CVT Specs & dimensions,2019,,2487.0,4.0,214.0,221.0,1740.0,Front wheel drive,Automatic,EV,Petrol/Electric Hybrid,,,180.2,112.0,8.6,119.0,https://www.parkers.co.uk/lexus/es/saloon-2019/300h-25-4dr-cvt/specs/
CAR_EEFF3058,Lexus,Es,300h 25 4dr cvt premium edition,Lexus ES Saloon300h 2.5 4dr CVT Premium Edition Specs & dimensions,2019,,2487.0,4.0,214.0,221.0,1680.0,Front wheel drive,Automatic,EV,Petrol/Electric Hybrid,,,180.2,112.0,8.6,125.0,https://www.parkers.co.uk/lexus/es/saloon-2019/300h-25-4dr-cvt-premium-edition/specs/
CAR_7D2F3D5C,Lexus,Gs,30 4d auto,Lexus GS Saloon3.0 4d Auto Specs & dimensions,2005,,2995.0,6.0,245.0,310.0,1620.0,Rear wheel drive,Automatic,Naturally Aspirated,Petrol,,,238.2,148.0,7.0,232.0,https://www.parkers.co.uk/lexus/gs/saloon-2005/30-4d-auto/specs/
CAR_57C907A7,Lexus,Gs,30 se 4d auto,Lexus GS Saloon3.0 SE 4d Auto Specs & dimensions,2005,,2995.0,6.0,245.0,310.0,1620.0,Rear wheel drive,Automatic,Naturally Aspirated,Petrol,,,238.2,148.0,7.0,232.0,https://www.parkers.co.uk/lexus/gs/saloon-2005/30-se-4d-auto/specs/
CAR_D221233B,Lexus,Gs,250 25 f sport (multimedia) 4d auto,Lexus GS Saloon250 2.5 F-Sport (Multimedia) 4d Auto Specs & dimensions,2012,,2500.0,6.0,206.0,253.0,1640.0,Rear wheel drive,Automatic,Naturally Aspirated,Petrol,,,231.7,144.0,8.3,207.0,https://www.parkers.co.uk/lexus/gs/saloon-2012/250-25-f-sport-(multimedia)-4d-auto/specs/
CAR_2A9B8EBA,Lexus,Gs,250 25 f sport (sunroof multimedia) 4d auto,Lexus GS Saloon250 2.5 F-Sport (Sunroof + Multimedia) 4d Auto Specs & dimensions,2012,,2500.0,6.0,206.0,253.0,1640.0,Rear wheel drive,Automatic,Naturally Aspirated,Petrol,,,231.7,144.0,8.3,207.0,https://www.parkers.co.uk/lexus/gs/saloon-2012/250-25-f-sport-(sunroof-multimedia)-4d-auto/specs/
CAR_FB111E60,Lexus,Is,200t f sport premier pack (with sunroof) auto (0117 on) 4d,Lexus IS Saloon200t F Sport Premier Pack (with sunroof) auto (01/17 on) 4d Specs & dimensions,2013,,1998.0,4.0,241.0,350.0,1590.0,Rear wheel drive,Automatic,Naturally Aspirated,Petrol,,,230.1,143.0,6.8,167.0,https://www.parkers.co.uk/lexus/is/saloon-2013/200t-f-sport-premier-pack-(with-sunroof)-auto-(0117-on)-4d/specs/
CAR_849807B6,Lexus,Is,200t f sport premier pack auto (0117 on) 4d,Lexus IS Saloon200t F Sport Premier Pack auto (01/17 on) 4d Specs & dimensions,2013,,1998.0,4.0,241.0,350.0,1590.0,Rear wheel drive,Automatic,Naturally Aspirated,Petrol,,,230.1,143.0,6.8,167.0,https://www.parkers.co.uk/lexus/is/saloon-2013/200t-f-sport-premier-pack-auto-(0117-on)-4d/specs/
CAR_FD597478,Lexus,Is,200d advance 4d,Lexus IS Saloon200d Advance 4d Specs & dimensions,2005,,2231.0,4.0,147.0,340.0,1545.0,Rear wheel drive,Manual,Unknown,Diesel,,,204.4,127.0,9.9,134.0,https://www.parkers.co.uk/lexus/is/saloon-2005/200d-advance-4d/specs/
CAR_8DE761F0,Lexus,Is,200d f sport (navigation) 4d,Lexus IS Saloon200d F-Sport (Navigation) 4d Specs & dimensions,2005,,2231.0,4.0,147.0,340.0,1545.0,Rear wheel drive,Manual,Unknown,Diesel,,,204.4,127.0,9.9,134.0,https://www.parkers.co.uk/lexus/is/saloon-2005/200d-f-sport-(navigation)-4d/specs/
CAR_B098A410,Lexus,Lbx,15 original edition 5dr e cvt,Lexus LBX SUV1.5 Original Edition 5dr E-CVT Specs & dimensions,2023,,1490.0,3.0,134.0,185.0,1280.0,Front wheel drive,Automatic,EV,Petrol/Electric Hybrid,,,170.6,106.0,8.9,104.0,https://www.parkers.co.uk/lexus/lbx/suv-2023/15-original-edition-5dr-e-cvt/specs/
CAR_A3DB0FEC,Lexus,Lbx,15 premium 5dr e cvt,Lexus LBX SUV1.5 Premium 5dr E-CVT Specs & dimensions,2023,,1490.0,3.0,134.0,120.0,1280.0,Front wheel drive,Automatic,EV,Petrol/Electric Hybrid,,,170.6,106.0,8.9,102.0,https://www.parkers.co.uk/lexus/lbx/suv-2023/15-premium-5dr-e-cvt/specs/
CAR_382B78CD,Lexus,Lc,500 (mark levinson premium sound system) auto (112018 on) 2d,Lexus LC Coupe500 (Mark Levinson Premium Sound system) auto (11/2018 on) 2d Specs & dimensions,2017,2018,4969.0,8.0,457.0,530.0,1930.0,Rear wheel drive,Automatic,Naturally Aspirated,Petrol,,,270.4,168.0,4.5,262.0,https://www.parkers.co.uk/lexus/lc/coupe-2017/500-(mark-levinson-premium-sound-system)-auto-(112018-on)-2d/specs/
CAR_5EFD64C8,Lexus,Lc,500 (mark levinson premium sound) auto 2d,Lexus LC Coupe500 (Mark Levinson Premium Sound) auto 2d Specs & dimensions,2017,,4969.0,8.0,470.0,540.0,1935.0,Rear wheel drive,Automatic,Naturally Aspirated,Petrol,,,270.4,168.0,4.5,265.0,https://www.parkers.co.uk/lexus/lc/coupe-2017/500-(mark-levinson-premium-sound)-auto-2d/specs/
CAR_ED2B83CB,Lexus,Lc,500 50 [464] 2dr auto 2d,Lexus LC Convertible500 5.0 [464] 2dr Auto 2d Specs & dimensions,2020,,4969.0,8.0,457.0,530.0,2035.0,Rear wheel drive,Automatic,Naturally Aspirated,Petrol,,,270.4,168.0,4.5,275.0,https://www.parkers.co.uk/lexus/lc/convertible-2020/500-50-[464]-2dr-auto-2d/specs/
CAR_BA84784F,Lexus,Lc,500 50 [464] 2dr auto [mark levinson] 2d,Lexus LC Convertible500 5.0 [464] 2dr Auto [Mark Levinson] 2d Specs & dimensions,2020,,4969.0,8.0,457.0,530.0,2035.0,Rear wheel drive,Automatic,Naturally Aspirated,Petrol,,,270.4,168.0,4.5,275.0,https://www.parkers.co.uk/lexus/lc/convertible-2020/500-50-[464]-2dr-auto-[mark-levinson]-2d/specs/
CAR_E8BCCA3A,Lexus,Lm,350h 25 5dr e cvt,Lexus LM MPV350h 2.5 5dr E-CVT Specs & dimensions,2023,,2487.0,4.0,246.0,239.0,2295.0,4 wheel drive,Automatic,EV,Petrol/Electric Hybrid,,,189.9,118.0,8.8,163.0,https://www.parkers.co.uk/lexus/lm/mpv-2023/350h-25-5dr-e-cvt/specs/
CAR_69438CE9,Lexus,Lm,350h 25 5dr e cvt 2wd,Lexus LM MPV350h 2.5 5dr E-CVT 2WD Specs & dimensions,2023,,2487.0,4.0,246.0,239.0,2295.0,Front wheel drive,Automatic,EV,Petrol/Electric Hybrid,,,189.9,118.0,8.8,152.0,https://www.parkers.co.uk/lexus/lm/mpv-2023/350h-25-5dr-e-cvt-2wd/specs/
CAR_415A51D7,Lexus,Ls,500h 35 [359] takumi 4dr cvt auto [nishijinhaku],Lexus LS Saloon500h 3.5 [359] Takumi 4dr CVT Auto [Nishijin/Haku] Specs & dimensions,2017,,3456.0,6.0,353.0,350.0,2275.0,4 wheel drive,Automatic,EV,Petrol/Electric Hybrid,,,249.4,155.0,5.3,217.0,https://www.parkers.co.uk/lexus/ls/saloon-2017/500h-35-[359]-takumi-4dr-cvt-auto-[nishijinhaku]/specs/
CAR_5C819946,Lexus,Ls,500h f sport auto (012019 on) 4d,Lexus LS Saloon500h F Sport auto (01/2019 on) 4d Specs & dimensions,2017,2019,3456.0,6.0,353.0,350.0,2190.0,Rear wheel drive,Automatic,EV,Petrol/Electric Hybrid,,,249.4,155.0,5.2,185.0,https://www.parkers.co.uk/lexus/ls/saloon-2017/500h-f-sport-auto-(012019-on)-4d/specs/
CAR_DC0B0A44,Lexus,Ls,460 46 f sport 4d auto,Lexus LS Saloon460 4.6 F-Sport 4d Auto Specs & dimensions,2007,,4608.0,8.0,388.0,493.0,1980.0,Rear wheel drive,Automatic,Naturally Aspirated,Petrol,,,249.4,155.0,5.5,249.0,https://www.parkers.co.uk/lexus/ls/saloon-2007/460-46-f-sport-4d-auto/specs/
CAR_CD70DF46,Lexus,Ls,460 46 luxury 4d auto,Lexus LS Saloon460 4.6 Luxury 4d Auto Specs & dimensions,2007,,4608.0,8.0,388.0,493.0,1940.0,Rear wheel drive,Automatic,Naturally Aspirated,Petrol,,,249.4,155.0,5.5,249.0,https://www.parkers.co.uk/lexus/ls/saloon-2007/460-46-luxury-4d-auto/specs/
CAR_59A29D90,Lexus,Nx,(panoramic roof and sport pack) hybrid e four auto 5d,Lexus NX 4x4(Panoramic Roof and Sport Pack) Hybrid E-Four auto 5d Specs & dimensions,2014,,2494.0,4.0,194.0,210.0,1785.0,4 wheel drive,Automatic,EV,Petrol/Electric Hybrid,,,180.2,112.0,8.9,137.0,https://www.parkers.co.uk/lexus/nx/4x4-2014/(panoramic-roof-and-sport-pack)-hybrid-e-four-auto-5d/specs/
CAR_47DB7DE3,Lexus,Nx,(sport pack and panoramic roof) hybrid e four auto 5d,Lexus NX 4x4(Sport Pack and Panoramic Roof) Hybrid E-Four auto 5d Specs & dimensions,2014,,2494.0,4.0,194.0,210.0,1785.0,4 wheel drive,Automatic,EV,Petrol/Electric Hybrid,,,180.2,112.0,8.9,137.0,https://www.parkers.co.uk/lexus/nx/4x4-2014/(sport-pack-and-panoramic-roof)-hybrid-e-four-auto-5d/specs/
CAR_75556B2F,Lexus,Nx,350h 197 f sport 5dr e cvt,Lexus NX SUV350h 197 F-Sport 5dr E-CVT Specs & dimensions,2021,,2487.0,4.0,194.0,230.0,1790.0,4 wheel drive,Automatic,EV,Petrol/Electric Hybrid,,,189.9,118.0,7.8,141.0,https://www.parkers.co.uk/lexus/nx/suv-2021/350h-197-f-sport-5dr-e-cvt/specs/
CAR_ECD2A283,Lexus,Nx,350h 197 f sport 5dr e cvt [pan roof],Lexus NX SUV350h 197 F-Sport 5dr E-CVT [Pan roof] Specs & dimensions,2021,,2487.0,4.0,194.0,230.0,1790.0,4 wheel drive,Automatic,EV,Petrol/Electric Hybrid,,,189.9,118.0,7.8,143.0,https://www.parkers.co.uk/lexus/nx/suv-2021/350h-197-f-sport-5dr-e-cvt-[pan-roof]/specs/
CAR_FB51D76F,Lexus,Rc,200t 20 f sport (navigation) 2d auto,Lexus RC Coupe200t 2.0 F-Sport (Navigation) 2d Auto Specs & dimensions,2015,,1998.0,4.0,241.0,350.0,1675.0,Rear wheel drive,Automatic,Naturally Aspirated,Petrol,,,230.1,143.0,7.3,168.0,https://www.parkers.co.uk/lexus/rc/coupe-2015/200t-20-f-sport-(navigation)-2d-auto/specs/
CAR_873A77A4,Lexus,Rc,200t 20 f sport (premium navigation) 2d auto,Lexus RC Coupe200t 2.0 F-Sport (Premium Navigation) 2d Auto Specs & dimensions,2015,,1998.0,4.0,241.0,350.0,1675.0,Rear wheel drive,Automatic,Naturally Aspirated,Petrol,,,230.1,143.0,7.3,168.0,https://www.parkers.co.uk/lexus/rc/coupe-2015/200t-20-f-sport-(premium-navigation)-2d-auto/specs/
CAR_3F721921,Lexus,Rc,50 takumi edition 2dr auto,Lexus RC F5.0 Takumi Edition 2dr Auto Specs & dimensions,2014,,4969.0,8.0,456.0,520.0,1715.0,Rear wheel drive,Automatic,Naturally Aspirated,Petrol,,,270.4,168.0,4.2,268.0,https://www.parkers.co.uk/lexus/rc/f-2014/50-takumi-edition-2dr-auto/specs/
CAR_B126DA16,Lexus,Rc,50 ultimate edition 2dr auto,Lexus RC F5.0 Ultimate Edition 2dr Auto Specs & dimensions,2014,,4969.0,8.0,456.0,520.0,1715.0,Rear wheel drive,Automatic,Naturally Aspirated,Petrol,,,270.4,168.0,4.2,268.0,https://www.parkers.co.uk/lexus/rc/f-2014/50-ultimate-edition-2dr-auto/specs/
CAR_9A3345E9,Lexus,Rx,200t 20 f sport (pan roof prem audio) 5d auto,Lexus RX SUV200t 2.0 F-Sport (Pan roof + Prem Audio) 5d Auto Specs & dimensions,2016,,1998.0,4.0,234.0,350.0,1960.0,4 wheel drive,Automatic,Naturally Aspirated,Petrol,,,199.6,124.0,9.2,189.0,https://www.parkers.co.uk/lexus/rx/suv-2016/200t-20-f-sport-(pan-roof-prem-audio)-5d-auto/specs/
CAR_F4C03898,Lexus,Rx,200t 20 f sport (pan roof) 5d auto,Lexus RX SUV200t 2.0 F-Sport (Pan roof) 5d Auto Specs & dimensions,2016,,1998.0,4.0,234.0,350.0,1960.0,4 wheel drive,Automatic,Naturally Aspirated,Petrol,,,199.6,124.0,9.2,189.0,https://www.parkers.co.uk/lexus/rx/suv-2016/200t-20-f-sport-(pan-roof)-5d-auto/specs/
CAR_33A5B2D0,Lexus,Rx,450h l (premium pack and sunroof) e four auto 5d,Lexus RX L450h L (Premium Pack and Sunroof) E-Four auto 5d Specs & dimensions,2018,,3456.0,6.0,308.0,335.0,,4 wheel drive,Automatic,EV,Petrol/Electric Hybrid,,,199.6,124.0,7.5,138.0,https://www.parkers.co.uk/lexus/rx/l-2018/450h-l-(premium-pack-and-sunroof)-e-four-auto-5d/specs/
CAR_4EA1D263,Lexus,Rx,450h l (premium pack and tech safety pack) e four auto 5d,Lexus RX L450h L (Premium Pack and Tech & Safety Pack) E-Four auto 5d Specs & dimensions,2018,,3456.0,6.0,308.0,335.0,,4 wheel drive,Automatic,EV,Petrol/Electric Hybrid,,,199.6,124.0,7.5,138.0,https://www.parkers.co.uk/lexus/rx/l-2018/450h-l-(premium-pack-and-tech-safety-pack)-e-four-auto-5d/specs/
CAR_0BEBBCA3,Lexus,Rz,300e 150kw 71 kwh 5dr auto prem20 wheels,"Lexus RZ SUV300e 150kW 71 kWh 5dr Auto Prem/20"" Wheels Specs & dimensions",2022,,,,201.0,266.0,2010.0,Front wheel drive,Automatic,EV,Electric,,,159.3,99.0,7.7,0.0,https://www.parkers.co.uk/lexus/rz/suv-2022/300e-150kw-71-kwh-5dr-auto-prem20-wheels/specs/
CAR_B71D2C96,Lexus,Rz,300e 150kw 71 kwh 5dr auto premiumbi tone,Lexus RZ SUV300e 150kW 71 kWh 5dr Auto Premium+/Bi-tone Specs & dimensions,2022,,,,201.0,266.0,2010.0,Front wheel drive,Automatic,EV,Electric,,,159.3,99.0,7.7,0.0,https://www.parkers.co.uk/lexus/rz/suv-2022/300e-150kw-71-kwh-5dr-auto-premiumbi-tone/specs/
CAR_08B41D42,Lexus,Sc,43 2d auto,Lexus SC Roadster4.3 2d Auto Specs & dimensions,2001,,4293.0,8.0,282.0,419.0,1740.0,Rear wheel drive,Automatic,Naturally Aspirated,Petrol,,,249.4,155.0,6.2,287.0,https://www.parkers.co.uk/lexus/sc/roadster-2001/43-2d-auto/specs/
CAR_1A31DD89,Lexus,Sc,430 43 2d auto (6),Lexus SC Roadster430 4.3 2d Auto (6) Specs & dimensions,2001,,4293.0,8.0,282.0,419.0,1790.0,Rear wheel drive,Automatic,Naturally Aspirated,Petrol,,,249.4,155.0,6.0,269.0,https://www.parkers.co.uk/lexus/sc/roadster-2001/430-43-2d-auto-(6)/specs/
CAR_BE3910D9,Lexus,Ux,250h (premium pack and tech safety pack) auto 5d,Lexus UX SUV250h (Premium Pack and Tech & Safety Pack) auto 5d Specs & dimensions,2018,,1987.0,4.0,181.0,190.0,1540.0,Front wheel drive,Automatic,EV,Petrol/Electric Hybrid,,,177.0,110.0,8.2,120.0,https://www.parkers.co.uk/lexus/ux/suv-2018/250h-(premium-pack-and-tech-safety-pack)-auto-5d/specs/
CAR_9F5091E9,Lexus,Ux,250h (premium pack) auto 5d,Lexus UX SUV250h (Premium Pack) auto 5d Specs & dimensions,2018,,1987.0,4.0,181.0,190.0,1540.0,Front wheel drive,Automatic,EV,Petrol/Electric Hybrid,,,177.0,110.0,8.2,124.0,https://www.parkers.co.uk/lexus/ux/suv-2018/250h-(premium-pack)-auto-5d/specs/
CAR_6EE6A5DC,Lexus,Ux Electric,300e 150kw 543 kwh 5dr e cvt,Lexus UX Electric SUV300e 150kW 54.3 kWh 5dr E-CVT Specs & dimensions,2021,,,,201.0,300.0,1785.0,Front wheel drive,Automatic,EV,Electric,,,160.9,100.0,7.3,0.0,https://www.parkers.co.uk/lexus/ux-electric/suv-2021/300e-150kw-543-kwh-5dr-e-cvt/specs/
CAR_34711C80,Lexus,Ux Electric,300e 150kw 543 kwh 5dr e cvt [premium plus pack],Lexus UX Electric SUV300e 150kW 54.3 kWh 5dr E-CVT [Premium Plus Pack] Specs & dimensions,2021,,,,201.0,300.0,1785.0,Front wheel drive,Automatic,EV,Electric,,,160.9,100.0,7.3,0.0,https://www.parkers.co.uk/lexus/ux-electric/suv-2021/300e-150kw-543-kwh-5dr-e-cvt-[premium-plus-pack]/specs/
CAR_D8238209,Mclaren,540C,ssg auto 2d,McLaren 540C CoupeSSG auto 2d Specs & dimensions,2015,,3799.0,,532.0,540.0,1353.0,Rear wheel drive,Automatic,Naturally Aspirated,Petrol,,,320.3,199.0,3.3,258.0,https://www.parkers.co.uk/mclaren/540c/coupe-2015/ssg-auto-2d/specs/
CAR_134C7A30,Mclaren,540C,trim standard trim,McLaren 540C Coupe Standard Trim (2015 - 2019)Specs & dimensions,2015,2019,,,,,,,,Unknown,,,,,,,,https://www.parkers.co.uk/mclaren/540c/coupe-2015/trim-standard-trim/specs/
CAR_94DA39FA,Mclaren,570Gt,38 ssg auto 2d,McLaren 570GT Coupe3.8 SSG auto 2d Specs & dimensions,2016,,3799.0,8.0,562.0,600.0,1495.0,Rear wheel drive,Automatic,Naturally Aspirated,Petrol,,,328.3,204.0,3.3,249.0,https://www.parkers.co.uk/mclaren/570gt/coupe-2016/38-ssg-auto-2d/specs/
CAR_59AA24C7,Mclaren,570Gt,trim standard trim,McLaren 570GT Coupe Standard Trim (2016 - 2019)Specs & dimensions,2016,2019,,,,,,,,Unknown,,,,,,,,https://www.parkers.co.uk/mclaren/570gt/coupe-2016/trim-standard-trim/specs/
CAR_04F8330C,Mclaren,570S,ssg auto 2d,McLaren 570S SpiderSSG auto 2d Specs & dimensions,2017,,3799.0,8.0,570.0,600.0,1498.0,Rear wheel drive,Automatic,Naturally Aspirated,Petrol,,,328.3,204.0,3.1,249.0,https://www.parkers.co.uk/mclaren/570s/spider-2017/ssg-auto-2d/specs/
CAR_A5D0F6C1,Mclaren,570S,trim standard trim,McLaren 570S Spider Standard Trim (2017 - 2020)Specs & dimensions,2017,2020,,,,,,,,Unknown,,,,,,,,https://www.parkers.co.uk/mclaren/570s/spider-2017/trim-standard-trim/specs/
CAR_7B99C3E3,Mclaren,570S,v8 2d ssg auto,McLaren 570S CoupeV8 2d SSG Auto Specs & dimensions,2015,,3799.0,8.0,562.0,600.0,1495.0,Rear wheel drive,Automatic,Naturally Aspirated,Petrol,,,328.3,204.0,3.3,249.0,https://www.parkers.co.uk/mclaren/570s/coupe-2015/v8-2d-ssg-auto/specs/
CAR_4BDA32C0,Mclaren,570S,trim standard trim,McLaren 570S Coupe Standard Trim (2015 - 2019)Specs & dimensions,2015,2019,,,,,,,,Unknown,,,,,,,,https://www.parkers.co.uk/mclaren/570s/coupe-2015/trim-standard-trim/specs/
CAR_668553A5,Mclaren,600Lt,ssg auto 2d,McLaren 600LT SpiderSSG auto 2d Specs & dimensions,2018,,3799.0,8.0,591.0,620.0,1404.0,Rear wheel drive,Automatic,Naturally Aspirated,Petrol,,,323.5,201.0,2.8,277.0,https://www.parkers.co.uk/mclaren/600lt/spider-2018/ssg-auto-2d/specs/
CAR_6674438C,Mclaren,600Lt,trim standard trim,McLaren 600LT Spider Standard Trim (2018 - 2020)Specs & dimensions,2018,2020,,,,,,,,Unknown,,,,,,,,https://www.parkers.co.uk/mclaren/600lt/spider-2018/trim-standard-trim/specs/
CAR_6FD51D77,Mclaren,600Lt,ssg auto 2d,McLaren 600LT CoupeSSG auto 2d Specs & dimensions,2018,,3799.0,8.0,591.0,620.0,1261.0,Rear wheel drive,Automatic,Naturally Aspirated,Petrol,,,328.3,204.0,2.8,266.0,https://www.parkers.co.uk/mclaren/600lt/coupe-2018/ssg-auto-2d/specs/
CAR_5B02C296,Mclaren,600Lt,trim standard trim,McLaren 600LT Coupe Standard Trim (2018 - 2019)Specs & dimensions,2018,2019,,,,,,,,Unknown,,,,,,,,https://www.parkers.co.uk/mclaren/600lt/coupe-2018/trim-standard-trim/specs/
CAR_89F6D99E,Mclaren,620R,v8 2dr ssg auto 2d,McLaren 620R CoupeV8 2dr SSG Auto 2d Specs & dimensions,2019,,3800.0,,611.0,620.0,,Rear wheel drive,Automatic,Naturally Aspirated,Petrol,,,321.9,200.0,2.8,278.0,https://www.parkers.co.uk/mclaren/620r/coupe-2019/v8-2dr-ssg-auto-2d/specs/
CAR_7217D88D,Mclaren,620R,trim standard trim,McLaren 620R Coupe Standard Trim (2019 - 2021)Specs & dimensions,2019,2021,,,,,,,,Unknown,,,,,,,,https://www.parkers.co.uk/mclaren/620r/coupe-2019/trim-standard-trim/specs/
CAR_8B56F5AE,Mclaren,650S,v8 coupe 2d ssg auto,McLaren 650S CoupeV8 Coupe 2d SSG Auto Specs & dimensions,2014,,3799.0,,640.0,678.0,1330.0,Rear wheel drive,Automatic,Naturally Aspirated,Petrol,,,333.1,207.0,2.9,275.0,https://www.parkers.co.uk/mclaren/650s/coupe-2014/v8-coupe-2d-ssg-auto/specs/
CAR_DD2A761F,Mclaren,650S,trim standard trim,McLaren 650S Coupe Standard Trim (2014 - 2016)Specs & dimensions,2014,2016,,,,,,,,Unknown,,,,,,,,https://www.parkers.co.uk/mclaren/650s/coupe-2014/trim-standard-trim/specs/
CAR_F1C1FDD2,Mclaren,650S Spider,v8 spider 2d ssg auto,McLaren 650S Spider ConvertibleV8 Spider 2d SSG Auto Specs & dimensions,2014,,3799.0,,640.0,678.0,1370.0,Rear wheel drive,Automatic,Naturally Aspirated,Petrol,,,328.3,204.0,2.9,275.0,https://www.parkers.co.uk/mclaren/650s-spider/convertible-2014/v8-spider-2d-ssg-auto/specs/
CAR_FD91FE16,Mclaren,650S Spider,trim standard trim,McLaren 650S Spider Convertible Standard Trim (2014 - 2016)Specs & dimensions,2014,2016,,,,,,,,Unknown,,,,,,,,https://www.parkers.co.uk/mclaren/650s-spider/convertible-2014/trim-standard-trim/specs/
CAR_CD2E9A59,Mclaren,675Lt,v8 2d ssg auto,McLaren 675LT CoupeV8 2d SSG Auto Specs & dimensions,2015,,3799.0,,665.0,700.0,1230.0,Rear wheel drive,Automatic,Naturally Aspirated,Petrol,,,329.9,205.0,2.8,275.0,https://www.parkers.co.uk/mclaren/675lt/coupe-2015/v8-2d-ssg-auto/specs/
CAR_DFB8CD90,Mclaren,675Lt,trim standard trim,McLaren 675LT Coupe Standard Trim (2015 - 2016)Specs & dimensions,2015,2016,,,,,,,,Unknown,,,,,,,,https://www.parkers.co.uk/mclaren/675lt/coupe-2015/trim-standard-trim/specs/
CAR_0FD47DC5,Mclaren,720S,40 ssg auto 2d,McLaren 720S Coupe4.0 SSG auto 2d Specs & dimensions,2017,,3994.0,8.0,709.0,770.0,1419.0,Rear wheel drive,Automatic,Naturally Aspirated,Petrol,,,,,2.8,276.0,https://www.parkers.co.uk/mclaren/720s/coupe-2017/40-ssg-auto-2d/specs/
CAR_F1EC39C4,Mclaren,720S,luxury ssg auto 2d,McLaren 720S CoupeLuxury SSG auto 2d Specs & dimensions,2017,,3994.0,8.0,709.0,770.0,1419.0,Rear wheel drive,Automatic,Naturally Aspirated,Petrol,,,,,2.8,276.0,https://www.parkers.co.uk/mclaren/720s/coupe-2017/luxury-ssg-auto-2d/specs/
CAR_9F668EF2,Mclaren,720S,luxury ssg auto 2d,McLaren 720S SpiderLuxury SSG auto 2d Specs & dimensions,2019,,3994.0,8.0,709.0,770.0,1468.0,Rear wheel drive,Automatic,Naturally Aspirated,Petrol,,,,,2.8,276.0,https://www.parkers.co.uk/mclaren/720s/spider-2019/luxury-ssg-auto-2d/specs/
CAR_6D799FCA,Mclaren,720S,performance ssg auto 2d,McLaren 720S SpiderPerformance SSG auto 2d Specs & dimensions,2019,,3994.0,8.0,709.0,770.0,1468.0,Rear wheel drive,Automatic,Naturally Aspirated,Petrol,,,,,2.8,276.0,https://www.parkers.co.uk/mclaren/720s/spider-2019/performance-ssg-auto-2d/specs/
CAR_F92387E0,Mclaren,750S,v8 2dr ssg auto,McLaren 750S CoupeV8 2dr SSG Auto Specs & dimensions,2023,,3994.0,8.0,739.0,800.0,1389.0,Rear wheel drive,Automatic,Naturally Aspirated,Petrol,,,331.5,206.0,2.7,276.0,https://www.parkers.co.uk/mclaren/750s/coupe-2023/v8-2dr-ssg-auto/specs/
CAR_03A5880E,Mclaren,750S,trim standard trim,McLaren 750S Coupe Standard Trim (2023 - 2026)Specs & dimensions,2023,2026,,,,,,,,Unknown,,,,,,,,https://www.parkers.co.uk/mclaren/750s/coupe-2023/trim-standard-trim/specs/
CAR_D6E3D7F1,Mclaren,750S,v8 2dr ssg auto,McLaren 750S SpiderV8 2dr SSG Auto Specs & dimensions,2023,,3994.0,8.0,739.0,800.0,1389.0,Rear wheel drive,Automatic,Naturally Aspirated,Petrol,,,331.5,206.0,2.7,276.0,https://www.parkers.co.uk/mclaren/750s/spider-2023/v8-2dr-ssg-auto/specs/
CAR_2CA59B6A,Mclaren,750S,trim standard trim,McLaren 750S Spider Standard Trim (2023 - 2026)Specs & dimensions,2023,2026,,,,,,,,Unknown,,,,,,,,https://www.parkers.co.uk/mclaren/750s/spider-2023/trim-standard-trim/specs/
CAR_9B652384,Mclaren,765Lt,v8 2dr ssg auto 2d,McLaren 765LT CoupeV8 2dr SSG Auto 2d Specs & dimensions,2020,,3994.0,8.0,754.0,800.0,1339.0,Rear wheel drive,Automatic,Naturally Aspirated,Petrol,,,329.9,205.0,2.7,280.0,https://www.parkers.co.uk/mclaren/765lt/coupe-2020/v8-2dr-ssg-auto-2d/specs/
CAR_064C93FA,Mclaren,765Lt,trim standard trim,McLaren 765LT Coupe Standard Trim (2020 - 2022)Specs & dimensions,2020,2022,,,,,,,,Unknown,,,,,,,,https://www.parkers.co.uk/mclaren/765lt/coupe-2020/trim-standard-trim/specs/
CAR_52D687B3,Mclaren,765Lt,v8 2dr ssg auto,McLaren 765LT SpiderV8 2dr SSG Auto Specs & dimensions,2021,,3994.0,8.0,754.0,800.0,1388.0,Rear wheel drive,Automatic,Naturally Aspirated,Petrol,,,329.9,205.0,2.7,280.0,https://www.parkers.co.uk/mclaren/765lt/spider-2021/v8-2dr-ssg-auto/specs/
CAR_D8D9DC9F,Mclaren,765Lt,trim standard trim,McLaren 765LT Spider Standard Trim (2021 - 2023)Specs & dimensions,2021,2023,,,,,,,,Unknown,,,,,,,,https://www.parkers.co.uk/mclaren/765lt/spider-2021/trim-standard-trim/specs/
CAR_32691F34,Mclaren,Artura,v6 phev 2dr dct,McLaren Artura CoupeV6 PHEV 2dr DCT Specs & dimensions,2021,,2993.0,6.0,670.0,585.0,,Rear wheel drive,Automatic,Unknown,Petrol Parallel PHEV,,,329.9,205.0,2.9,129.0,https://www.parkers.co.uk/mclaren/artura/coupe-2021/v6-phev-2dr-dct/specs/
CAR_E9C6D65A,Mclaren,Artura,v6 phev 700 2dr ssg auto,McLaren Artura CoupeV6 PHEV 700 2dr SSG Auto Specs & dimensions,2021,,2993.0,6.0,690.0,720.0,1498.0,Rear wheel drive,Automatic,Unknown,Petrol Parallel PHEV,,,329.9,205.0,2.9,108.0,https://www.parkers.co.uk/mclaren/artura/coupe-2021/v6-phev-700-2dr-ssg-auto/specs/
CAR_2D481432,Mclaren,Artura,v6 phev 700 2dr ssg auto,McLaren Artura SpiderV6 PHEV 700 2dr SSG Auto Specs & dimensions,2024,,2993.0,6.0,690.0,720.0,1560.0,Rear wheel drive,Automatic,Unknown,Petrol Parallel PHEV,,,329.9,205.0,2.9,108.0,https://www.parkers.co.uk/mclaren/artura/spider-2024/v6-phev-700-2dr-ssg-auto/specs/
CAR_254CB0D2,Mclaren,Artura,trim standard trim,McLaren Artura Spider Standard Trim (2024 - 2026)Specs & dimensions,2024,2026,,,,,,,,Unknown,,,,,,,,https://www.parkers.co.uk/mclaren/artura/spider-2024/trim-standard-trim/specs/
CAR_7233E1F4,Mclaren,Gt,ssg auto 2d,McLaren GT CoupeSSG auto 2d Specs & dimensions,2019,,3994.0,8.0,611.0,630.0,1530.0,Rear wheel drive,Automatic,Naturally Aspirated,Petrol,,,328.3,204.0,3.1,270.0,https://www.parkers.co.uk/mclaren/gt/coupe-2019/ssg-auto-2d/specs/
CAR_6B31EDAA,Mclaren,Gt,trim standard trim,McLaren GT Coupe Standard Trim (2019 - 2023)Specs & dimensions,2019,2023,,,,,,,,Unknown,,,,,,,,https://www.parkers.co.uk/mclaren/gt/coupe-2019/trim-standard-trim/specs/
CAR_EB55F4B4,Mclaren,Gts,v8 2dr ssg auto,McLaren GTS CoupeV8 2dr SSG Auto Specs & dimensions,2023,,3994.0,8.0,626.0,630.0,1520.0,Rear wheel drive,Automatic,Naturally Aspirated,Petrol,,,326.7,203.0,3.1,270.0,https://www.parkers.co.uk/mclaren/gts/coupe-2023/v8-2dr-ssg-auto/specs/
CAR_6DFF84C5,Mclaren,Gts,trim standard trim,McLaren GTS Coupe Standard Trim (2023 - 2026)Specs & dimensions,2023,2026,,,,,,,,Unknown,,,,,,,,https://www.parkers.co.uk/mclaren/gts/coupe-2023/trim-standard-trim/specs/
CAR_79D05827,Mclaren,P1,v8 2d ssg auto,McLaren P1 CoupeV8 2d SSG Auto Specs & dimensions,2013,,3799.0,,903.0,,,Rear wheel drive,Automatic,EV,Petrol/Electric Hybrid,,,,,2.7,194.0,https://www.parkers.co.uk/mclaren/p1/coupe-2013/v8-2d-ssg-auto/specs/
CAR_0F52DC42,Mclaren,P1,trim standard trim,McLaren P1 Coupe Standard Trim (2013 - 2015)Specs & dimensions,2013,2015,,,,,,,,Unknown,,,,,,,,https://www.parkers.co.uk/mclaren/p1/coupe-2013/trim-standard-trim/specs/
CAR_B352CDEB,Mclaren,Senna,ssg auto 2d,McLaren Senna CoupeSSG auto 2d Specs & dimensions,2018,,3994.0,8.0,788.0,800.0,1309.0,Rear wheel drive,Automatic,Naturally Aspirated,Petrol,,,334.7,208.0,2.7,280.0,https://www.parkers.co.uk/mclaren/senna/coupe-2018/ssg-auto-2d/specs/
CAR_BAEA0636,Mclaren,Senna,stealth cosmos ssg auto 2d,McLaren Senna CoupeStealth Cosmos SSG auto 2d Specs & dimensions,2018,,3994.0,8.0,788.0,800.0,1309.0,Rear wheel drive,Automatic,Naturally Aspirated,Petrol,,,334.7,208.0,2.7,280.0,https://www.parkers.co.uk/mclaren/senna/coupe-2018/stealth-cosmos-ssg-auto-2d/specs/
CAR_1831486A,Volvo,240,20 gl 4d auto (85),Volvo 240 Saloon2.0 GL 4d Auto (85) Specs & dimensions,1982,,1986.0,,,,,Rear wheel drive,Automatic,Naturally Aspirated,Petrol,,,,,,,https://www.parkers.co.uk/volvo/240/saloon-1982/20-gl-4d-auto-(85)/specs/
CAR_0277E778,Volvo,240,23 gl 4d auto (85),Volvo 240 Saloon2.3 GL 4d Auto (85) Specs & dimensions,1982,,2316.0,,,,,Rear wheel drive,Automatic,Naturally Aspirated,Petrol,,,,,,,https://www.parkers.co.uk/volvo/240/saloon-1982/23-gl-4d-auto-(85)/specs/
CAR_FF6888BF,Volvo,240,dl 5d (85),Volvo 240 EstateDL 5d (85) Specs & dimensions,1978,,2316.0,,,,,Rear wheel drive,Manual,Naturally Aspirated,Petrol,,,,,,,https://www.parkers.co.uk/volvo/240/estate-1978/dl-5d-(85)/specs/
CAR_B676FCAB,Volvo,240,dl 5d (86),Volvo 240 EstateDL 5d (86) Specs & dimensions,1978,,2316.0,,115.0,,,Rear wheel drive,Manual,Naturally Aspirated,Petrol,,,,,,,https://www.parkers.co.uk/volvo/240/estate-1978/dl-5d-(86)/specs/
CAR_430A7366,Volvo,260 Series,gle 5d,Volvo 260 Series EstateGLE 5d Specs & dimensions,1982,,2849.0,,,,,Rear wheel drive,Manual,Naturally Aspirated,Petrol,,,,,,,https://www.parkers.co.uk/volvo/260-series/estate-1982/gle-5d/specs/
CAR_E09F3627,Volvo,260 Series,trim gle,Volvo 260 Series Estate GLE (1982 - 1985)Specs & dimensions,1982,1985,,,,,,,,Unknown,,,,,,,,https://www.parkers.co.uk/volvo/260-series/estate-1982/trim-gle/specs/
CAR_F3762536,Volvo,340,14 3d,Volvo 340 Hatchback1.4 3d Specs & dimensions,1980,,1397.0,,69.0,,,Rear wheel drive,Manual,Naturally Aspirated,Petrol,,,,,,,https://www.parkers.co.uk/volvo/340/hatchback-1980/14-3d/specs/
CAR_8CA87845,Volvo,340,14 5d,Volvo 340 Hatchback1.4 5d Specs & dimensions,1980,,1397.0,,69.0,,,Rear wheel drive,Manual,Naturally Aspirated,Petrol,,,,,,,https://www.parkers.co.uk/volvo/340/hatchback-1980/14-5d/specs/
CAR_41CB04EE,Volvo,360,17 gl 4d,Volvo 360 Saloon1.7 GL 4d Specs & dimensions,1983,,1721.0,,80.0,,,Rear wheel drive,Manual,Naturally Aspirated,Petrol,,,,,,,https://www.parkers.co.uk/volvo/360/saloon-1983/17-gl-4d/specs/
CAR_FCF39134,Volvo,360,17 gle 4d,Volvo 360 Saloon1.7 GLE 4d Specs & dimensions,1983,,1721.0,,80.0,,,Rear wheel drive,Manual,Naturally Aspirated,Petrol,,,,,,,https://www.parkers.co.uk/volvo/360/saloon-1983/17-gle-4d/specs/
CAR_E7EF87E4,Volvo,440,16 cd 5d,Volvo 440 Hatchback1.6 CD 5d Specs & dimensions,1989,,1596.0,,83.0,,,Front wheel drive,Manual,Naturally Aspirated,Petrol,,,,,,,https://www.parkers.co.uk/volvo/440/hatchback-1989/16-cd-5d/specs/
CAR_DC6479D5,Volvo,440,16 es 5d,Volvo 440 Hatchback1.6 ES 5d Specs & dimensions,1989,,1596.0,,83.0,,,Front wheel drive,Manual,Naturally Aspirated,Petrol,,,,,,,https://www.parkers.co.uk/volvo/440/hatchback-1989/16-es-5d/specs/
CAR_58D6B50D,Volvo,460,16 cd 4d,Volvo 460 Saloon1.6 CD 4d Specs & dimensions,1990,,1596.0,,83.0,,,Front wheel drive,Manual,Naturally Aspirated,Petrol,,,,,,,https://www.parkers.co.uk/volvo/460/saloon-1990/16-cd-4d/specs/
CAR_86A84CC2,Volvo,460,16 es 4d,Volvo 460 Saloon1.6 ES 4d Specs & dimensions,1990,,1596.0,,83.0,,,Front wheel drive,Manual,Naturally Aspirated,Petrol,,,,,,,https://www.parkers.co.uk/volvo/460/saloon-1990/16-es-4d/specs/
CAR_4B02E185,Volvo,480,17 es 3d,Volvo 480 Coupe1.7 ES 3d Specs & dimensions,1987,,1721.0,4.0,110.0,165.0,1018.0,Front wheel drive,Manual,Naturally Aspirated,Petrol,,,191.5,119.0,9.5,,https://www.parkers.co.uk/volvo/480/coupe-1987/17-es-3d/specs/
CAR_6CF34F45,Volvo,480,17 es 3d auto,Volvo 480 Coupe1.7 ES 3d Auto Specs & dimensions,1987,,1721.0,,102.0,,,Front wheel drive,Automatic,Naturally Aspirated,Petrol,,,,,,,https://www.parkers.co.uk/volvo/480/coupe-1987/17-es-3d-auto/specs/
CAR_B05CFF49,Volvo,740,20 gl 4d,Volvo 740 Saloon2.0 GL 4d Specs & dimensions,1984,,1986.0,,121.0,,,Rear wheel drive,Manual,Naturally Aspirated,Petrol,,,,,,,https://www.parkers.co.uk/volvo/740/saloon-1984/20-gl-4d/specs/
CAR_004CF1AA,Volvo,740,20 gl 4d auto,Volvo 740 Saloon2.0 GL 4d Auto Specs & dimensions,1984,,1998.0,,,,,Rear wheel drive,Automatic,Naturally Aspirated,Petrol,,,,,,,https://www.parkers.co.uk/volvo/740/saloon-1984/20-gl-4d-auto/specs/
CAR_9BC90192,Volvo,740,20 gl 5d,Volvo 740 Estate2.0 GL 5d Specs & dimensions,1984,,1986.0,,,,,Rear wheel drive,Manual,Naturally Aspirated,Petrol,,,,,,,https://www.parkers.co.uk/volvo/740/estate-1984/20-gl-5d/specs/
CAR_B9D13CA8,Volvo,740,20 gl 5d auto,Volvo 740 Estate2.0 GL 5d Auto Specs & dimensions,1984,,1998.0,,,,,Rear wheel drive,Automatic,Naturally Aspirated,Petrol,,,,,,,https://www.parkers.co.uk/volvo/740/estate-1984/20-gl-5d-auto/specs/
CAR_941D5E77,Volvo,760,23 turbo 4d auto (83),Volvo 760 Saloon2.3 Turbo 4d Auto (83) Specs & dimensions,1982,,2316.0,,182.0,,,Rear wheel drive,Automatic,Turbocharged,Petrol,,,,,,,https://www.parkers.co.uk/volvo/760/saloon-1982/23-turbo-4d-auto-(83)/specs/
CAR_C1AF3EA4,Volvo,760,23 turbo 4d auto (87),Volvo 760 Saloon2.3 Turbo 4d Auto (87) Specs & dimensions,1982,,2316.0,,182.0,,,Rear wheel drive,Automatic,Turbocharged,Petrol,,,,,,,https://www.parkers.co.uk/volvo/760/saloon-1982/23-turbo-4d-auto-(87)/specs/
CAR_3E3B26D2,Volvo,760,23 turbo 5d auto (83),Volvo 760 Estate2.3 Turbo 5d Auto (83) Specs & dimensions,1982,,2316.0,,182.0,,,Rear wheel drive,Automatic,Turbocharged,Petrol,,,,,,,https://www.parkers.co.uk/volvo/760/estate-1982/23-turbo-5d-auto-(83)/specs/
CAR_488BE2DF,Volvo,760,23 turbo 5d auto (87),Volvo 760 Estate2.3 Turbo 5d Auto (87) Specs & dimensions,1982,,2316.0,,182.0,,,Rear wheel drive,Automatic,Turbocharged,Petrol,,,,,,,https://www.parkers.co.uk/volvo/760/estate-1982/23-turbo-5d-auto-(87)/specs/
CAR_38099D94,Volvo,850,20 (126bhp) 4d,Volvo 850 Saloon2.0 (126bhp) 4d Specs & dimensions,1992,,1984.0,5.0,126.0,170.0,1363.0,Front wheel drive,Manual,Naturally Aspirated,Petrol,,,194.7,121.0,11.3,,https://www.parkers.co.uk/volvo/850/saloon-1992/20-(126bhp)-4d/specs/
CAR_DCE566CA,Volvo,850,20 (126bhp) 4d auto,Volvo 850 Saloon2.0 (126bhp) 4d Auto Specs & dimensions,1992,,1984.0,5.0,126.0,170.0,1363.0,Front wheel drive,Automatic,Naturally Aspirated,Petrol,,,189.9,118.0,11.7,,https://www.parkers.co.uk/volvo/850/saloon-1992/20-(126bhp)-4d-auto/specs/
CAR_A350707D,Volvo,850,20 (126bhp) 5d,Volvo 850 Estate2.0 (126bhp) 5d Specs & dimensions,1993,,1984.0,5.0,126.0,170.0,1412.0,Front wheel drive,Manual,Naturally Aspirated,Petrol,,,194.7,121.0,11.5,,https://www.parkers.co.uk/volvo/850/estate-1993/20-(126bhp)-5d/specs/
CAR_77D3CD06,Volvo,850,20 (126bhp) 5d auto,Volvo 850 Estate2.0 (126bhp) 5d Auto Specs & dimensions,1993,,1984.0,5.0,126.0,170.0,1412.0,Front wheel drive,Automatic,Naturally Aspirated,Petrol,,,189.9,118.0,11.7,,https://www.parkers.co.uk/volvo/850/estate-1993/20-(126bhp)-5d-auto/specs/
CAR_FC997942,Volvo,940,20 gl 4d,Volvo 940 Saloon2.0 GL 4d Specs & dimensions,1990,,1986.0,,111.0,,,Rear wheel drive,Manual,Naturally Aspirated,Petrol,,,,,,,https://www.parkers.co.uk/volvo/940/saloon-1990/20-gl-4d/specs/
CAR_59362845,Volvo,940,20 gl 4d auto,Volvo 940 Saloon2.0 GL 4d Auto Specs & dimensions,1990,,1986.0,,111.0,,,Rear wheel drive,Automatic,Naturally Aspirated,Petrol,,,,,,,https://www.parkers.co.uk/volvo/940/saloon-1990/20-gl-4d-auto/specs/
CAR_B9332066,Volvo,940,20 gl 5d,Volvo 940 Estate2.0 GL 5d Specs & dimensions,1990,,1986.0,,111.0,,,Rear wheel drive,Manual,Naturally Aspirated,Petrol,,,,,,,https://www.parkers.co.uk/volvo/940/estate-1990/20-gl-5d/specs/
CAR_AA37985D,Volvo,940,20 gl 5d auto,Volvo 940 Estate2.0 GL 5d Auto Specs & dimensions,1990,,1986.0,,111.0,,,Rear wheel drive,Automatic,Naturally Aspirated,Petrol,,,,,,,https://www.parkers.co.uk/volvo/940/estate-1990/20-gl-5d-auto/specs/
CAR_EA13F6E8,Volvo,960,23 turbo 4d auto,Volvo 960 Saloon2.3 Turbo 4d Auto Specs & dimensions,1990,,2316.0,,165.0,,,Rear wheel drive,Automatic,Turbocharged,Petrol,,,,,,,https://www.parkers.co.uk/volvo/960/saloon-1990/23-turbo-4d-auto/specs/
CAR_39774377,Volvo,960,25 4d,Volvo 960 Saloon2.5 4d Specs & dimensions,1990,,2473.0,6.0,170.0,230.0,1489.0,Rear wheel drive,Manual,Naturally Aspirated,Petrol,,,209.2,130.0,9.4,,https://www.parkers.co.uk/volvo/960/saloon-1990/25-4d/specs/
CAR_66E4951B,Volvo,960,23 turbo 5d auto,Volvo 960 Estate2.3 Turbo 5d Auto Specs & dimensions,1990,,2316.0,,165.0,,,Rear wheel drive,Automatic,Turbocharged,Petrol,,,,,,,https://www.parkers.co.uk/volvo/960/estate-1990/23-turbo-5d-auto/specs/
CAR_DF574185,Volvo,960,25 5d,Volvo 960 Estate2.5 5d Specs & dimensions,1990,,2473.0,6.0,170.0,230.0,1489.0,Rear wheel drive,Manual,Naturally Aspirated,Petrol,,,209.2,130.0,9.6,,https://www.parkers.co.uk/volvo/960/estate-1990/25-5d/specs/
CAR_3104A673,Volvo,C30,16 d2 (115bhp) es 3d,Volvo C30 Coupe1.6 D2 (115bhp) ES 3d Specs & dimensions,2007,,1560.0,4.0,113.0,270.0,1339.0,Front wheel drive,Manual,Unknown,Diesel,,,194.7,121.0,10.9,114.0,https://www.parkers.co.uk/volvo/c30/coupe-2007/16-d2-(115bhp)-es-3d/specs/
CAR_A883563E,Volvo,C30,16 d2 (115bhp) r design 3d,Volvo C30 Coupe1.6 D2 (115bhp) R DESIGN 3d Specs & dimensions,2007,,1560.0,4.0,113.0,270.0,1339.0,Front wheel drive,Manual,Unknown,Diesel,,,194.7,121.0,10.9,114.0,https://www.parkers.co.uk/volvo/c30/coupe-2007/16-d2-(115bhp)-r-design-3d/specs/
CAR_2C813049,Volvo,C40,170kw recharge core 69kwh 5dr auto,Volvo C40 SUV170kW Recharge Core 69kWh 5dr Auto Specs & dimensions,2021,,,,227.0,330.0,1970.0,Front wheel drive,Automatic,EV,Electric,,,159.3,99.0,7.2,0.0,https://www.parkers.co.uk/volvo/c40/suv-2021/170kw-recharge-core-69kwh-5dr-auto/specs/
CAR_A58257F8,Volvo,C40,170kw recharge plus 69kwh 5dr auto,Volvo C40 SUV170kW Recharge Plus 69kWh 5dr Auto Specs & dimensions,2021,,,,227.0,330.0,1970.0,Front wheel drive,Automatic,EV,Electric,,,159.3,99.0,7.2,0.0,https://www.parkers.co.uk/volvo/c40/suv-2021/170kw-recharge-plus-69kwh-5dr-auto/specs/
CAR_9EBC58C4,Volvo,C70,20d ice white (158gkm) 2d,Volvo C70 Coupe Cabriolet2.0D Ice White (158g/km) 2d Specs & dimensions,2006,,1997.0,4.0,134.0,320.0,1722.0,Front wheel drive,Manual,Unknown,Diesel,,,204.4,127.0,10.6,158.0,https://www.parkers.co.uk/volvo/c70/coupe-cabriolet-2006/20d-ice-white-(158gkm)-2d/specs/
CAR_0DFA72B9,Volvo,C70,20d ice white 2d powershift,Volvo C70 Coupe Cabriolet2.0D Ice White 2d Powershift Specs & dimensions,2006,,1997.0,4.0,134.0,320.0,1739.0,Front wheel drive,Automatic,Unknown,Diesel,,,204.4,127.0,10.7,167.0,https://www.parkers.co.uk/volvo/c70/coupe-cabriolet-2006/20d-ice-white-2d-powershift/specs/
CAR_46204281,Volvo,C70,20t 2d,Volvo C70 Coupe2.0T 2d Specs & dimensions,1997,,1984.0,5.0,163.0,230.0,1453.0,Front wheel drive,Manual,Naturally Aspirated,Petrol,,,209.2,130.0,9.0,230.0,https://www.parkers.co.uk/volvo/c70/coupe-1997/20t-2d/specs/
CAR_92E0652C,Volvo,C70,20t 2d auto,Volvo C70 Coupe2.0T 2d Auto Specs & dimensions,1997,,1984.0,5.0,163.0,230.0,1453.0,Front wheel drive,Automatic,Naturally Aspirated,Petrol,,,199.6,124.0,9.7,253.0,https://www.parkers.co.uk/volvo/c70/coupe-1997/20t-2d-auto/specs/
CAR_10D96B82,Volvo,Ec40,175kw plus 69kwh 5dr auto,Volvo EC40 SUV175kW Plus 69kWh 5dr Auto Specs & dimensions,2024,,,,234.0,420.0,1977.0,Rear wheel drive,Automatic,EV,Electric,,,180.2,112.0,7.1,0.0,https://www.parkers.co.uk/volvo/ec40/suv-2024/175kw-plus-69kwh-5dr-auto/specs/
CAR_E4F7388A,Volvo,Ec40,175kw plus pro 69kwh 5dr auto,Volvo EC40 SUV175kW Plus Pro 69kWh 5dr Auto Specs & dimensions,2024,,,,234.0,420.0,1977.0,Rear wheel drive,Automatic,EV,Electric,,,180.2,112.0,7.1,0.0,https://www.parkers.co.uk/volvo/ec40/suv-2024/175kw-plus-pro-69kwh-5dr-auto/specs/
CAR_69EDE47D,Volvo,Es90,245kw sm extended range plus 92kwh 5dr auto,Volvo ES90 Saloon245kW SM Extended Range Plus 92kWh 5dr Auto Specs & dimensions,2025,,,,328.0,480.0,2335.0,Rear wheel drive,Automatic,EV,Electric,,,180.2,112.0,6.4,0.0,https://www.parkers.co.uk/volvo/es90/saloon-2025/245kw-sm-extended-range-plus-92kwh-5dr-auto/specs/
CAR_F6347960,Volvo,Es90,245kw sm extended range ultra 92kwh 5dr auto,Volvo ES90 Saloon245kW SM Extended Range Ultra 92kWh 5dr Auto Specs & dimensions,2025,,,,328.0,480.0,2335.0,Rear wheel drive,Automatic,EV,Electric,,,180.2,112.0,6.4,0.0,https://www.parkers.co.uk/volvo/es90/saloon-2025/245kw-sm-extended-range-ultra-92kwh-5dr-auto/specs/
CAR_161A63AC,Volvo,Ex30,200kw p5 core 51kwh 5dr auto,Volvo EX30 SUV200kW P5 Core 51kWh 5dr Auto Specs & dimensions,2024,,,,268.0,343.0,1765.0,Rear wheel drive,Automatic,EV,Electric,,,180.2,112.0,5.5,0.0,https://www.parkers.co.uk/volvo/ex30/suv-2024/200kw-p5-core-51kwh-5dr-auto/specs/
CAR_405871BE,Volvo,Ex30,200kw p5 long range core 69kwh 5dr auto,Volvo EX30 SUV200kW P5 Long Range Core 69kWh 5dr Auto Specs & dimensions,2024,,,,268.0,343.0,1775.0,Rear wheel drive,Automatic,EV,Electric,,,180.2,112.0,5.1,0.0,https://www.parkers.co.uk/volvo/ex30/suv-2024/200kw-p5-long-range-core-69kwh-5dr-auto/specs/
CAR_B130F916,Volvo,Ex30,200kw p5 lr cross country plus 69kwh 5dr auto,Volvo EX30 Cross Country200kW P5 LR Cross Country Plus 69kWh 5dr Auto Specs & dimensions,2025,,,,268.0,343.0,1810.0,Rear wheel drive,Automatic,EV,Electric,,,180.2,112.0,5.2,0.0,https://www.parkers.co.uk/volvo/ex30/cross-country-2025/200kw-p5-lr-cross-country-plus-69kwh-5dr-auto/specs/
CAR_DA5634D7,Volvo,Ex30,200kw p5 lr cross country ultra 69kwh 5dr auto,Volvo EX30 Cross Country200kW P5 LR Cross Country Ultra 69kWh 5dr Auto Specs & dimensions,2025,,,,268.0,343.0,1810.0,Rear wheel drive,Automatic,EV,Electric,,,180.2,112.0,5.2,0.0,https://www.parkers.co.uk/volvo/ex30/cross-country-2025/200kw-p5-lr-cross-country-ultra-69kwh-5dr-auto/specs/
CAR_B3B2A9CC,Volvo,Ex40,175kw single motor core 69kwh 5dr auto,Volvo EX40 SUV175kW Single Motor Core 69kWh 5dr Auto Specs & dimensions,2024,,,,234.0,420.0,1959.0,Rear wheel drive,Automatic,EV,Electric,,,180.2,112.0,7.1,0.0,https://www.parkers.co.uk/volvo/ex40/suv-2024/175kw-single-motor-core-69kwh-5dr-auto/specs/
CAR_97AEB96B,Volvo,Ex40,175kw single motor plus 69kwh 5dr auto,Volvo EX40 SUV175kW Single Motor Plus 69kWh 5dr Auto Specs & dimensions,2024,,,,234.0,420.0,1959.0,Rear wheel drive,Automatic,EV,Electric,,,180.2,112.0,7.1,0.0,https://www.parkers.co.uk/volvo/ex40/suv-2024/175kw-single-motor-plus-69kwh-5dr-auto/specs/
CAR_190E4EA5,Volvo,Ex60,p10 375kw 95kwh plus 5dr awd auto,Volvo EX60 SUVP10 375kW 95kWh Plus 5dr AWD Auto Specs & dimensions,2026,,,,502.0,710.0,2275.0,4 wheel drive,Automatic,EV,Electric,,,180.2,112.0,4.3,0.0,https://www.parkers.co.uk/volvo/ex60/suv-2026/p10-375kw-95kwh-plus-5dr-awd-auto/specs/
CAR_1360C1C8,Volvo,Ex60,p10 375kw 95kwh ultra 5dr awd auto,Volvo EX60 SUVP10 375kW 95kWh Ultra 5dr AWD Auto Specs & dimensions,2026,,,,502.0,710.0,2275.0,4 wheel drive,Automatic,EV,Electric,,,180.2,112.0,4.3,0.0,https://www.parkers.co.uk/volvo/ex60/suv-2026/p10-375kw-95kwh-ultra-5dr-awd-auto/specs/
CAR_A9914F8A,Volvo,Ex90,205kw single motor plus 104kwh 5dr auto,Volvo EX90 SUV205kW Single Motor Plus 104kWh 5dr Auto Specs & dimensions,2024,,,,275.0,490.0,2532.0,Rear wheel drive,Automatic,EV,Electric,,,180.2,112.0,8.1,0.0,https://www.parkers.co.uk/volvo/ex90/suv-2024/205kw-single-motor-plus-104kwh-5dr-auto/specs/
CAR_E8A85338,Volvo,Ex90,245kw single motor core 92kwh 5dr auto,Volvo EX90 SUV245kW Single Motor Core 92kWh 5dr Auto Specs & dimensions,2024,,,,328.0,480.0,2513.0,Rear wheel drive,Automatic,EV,Electric,,,180.2,112.0,6.6,0.0,https://www.parkers.co.uk/volvo/ex90/suv-2024/245kw-single-motor-core-92kwh-5dr-auto/specs/
CAR_80E81E3F,Volvo,S40,16 d2 (115bhp) es 4d,Volvo S40 Saloon1.6 D2 (115bhp) ES 4d Specs & dimensions,2004,,1560.0,4.0,113.0,270.0,1376.0,Front wheel drive,Manual,Unknown,Diesel,,,194.7,121.0,11.0,114.0,https://www.parkers.co.uk/volvo/s40/saloon-2004/16-d2-(115bhp)-es-4d/specs/
CAR_151D5399,Volvo,S40,16 d2 (115bhp) r design 4d,Volvo S40 Saloon1.6 D2 (115bhp) R DESIGN 4d Specs & dimensions,2004,,1560.0,4.0,113.0,270.0,1376.0,Front wheel drive,Manual,Unknown,Diesel,,,194.7,121.0,11.0,114.0,https://www.parkers.co.uk/volvo/s40/saloon-2004/16-d2-(115bhp)-r-design-4d/specs/
CAR_A6BAD7FB,Volvo,S40,16 4d,Volvo S40 Saloon1.6 4d Specs & dimensions,1996,,1587.0,4.0,109.0,145.0,1255.0,Front wheel drive,Manual,Naturally Aspirated,Petrol,,,189.9,118.0,11.6,192.0,https://www.parkers.co.uk/volvo/s40/saloon-1996/16-4d/specs/
CAR_BC6B69BD,Volvo,S40,16 classic s 4d,Volvo S40 Saloon1.6 Classic S 4d Specs & dimensions,1996,,1587.0,4.0,109.0,145.0,1255.0,Front wheel drive,Manual,Naturally Aspirated,Petrol,,,189.9,118.0,11.6,184.0,https://www.parkers.co.uk/volvo/s40/saloon-1996/16-classic-s-4d/specs/
CAR_C88108BC,Volvo,S60,20 b5p plus dark 4dr awd auto,Volvo S60 Saloon2.0 B5P Plus Dark 4dr AWD Auto Specs & dimensions,2019,,1969.0,4.0,246.0,350.0,1762.0,4 wheel drive,Automatic,Naturally Aspirated,Petrol,,,180.2,112.0,6.3,162.0,https://www.parkers.co.uk/volvo/s60/saloon-2019/20-b5p-plus-dark-4dr-awd-auto/specs/
CAR_5F0625C9,Volvo,S60,20 b5p plus dark 4dr auto,Volvo S60 Saloon2.0 B5P Plus Dark 4dr Auto Specs & dimensions,2019,,1969.0,4.0,246.0,350.0,1682.0,Front wheel drive,Automatic,Naturally Aspirated,Petrol,,,180.2,112.0,6.5,153.0,https://www.parkers.co.uk/volvo/s60/saloon-2019/20-b5p-plus-dark-4dr-auto/specs/
CAR_47C9919F,Volvo,S60,20 d3 se lux 4d,Volvo S60 Saloon2.0 D3 SE Lux 4d Specs & dimensions,2010,,1984.0,5.0,160.0,400.0,1571.0,Front wheel drive,Manual,Unknown,Diesel,,,220.5,137.0,8.9,139.0,https://www.parkers.co.uk/volvo/s60/saloon-2010/20-d3-se-lux-4d/specs/
CAR_A82D164F,Volvo,S60,20 d3 se lux 4d geartronic,Volvo S60 Saloon2.0 D3 SE Lux 4d Geartronic Specs & dimensions,2010,,1984.0,5.0,160.0,400.0,1600.0,Front wheel drive,Automatic,Unknown,Diesel,,,215.7,134.0,8.9,152.0,https://www.parkers.co.uk/volvo/s60/saloon-2010/20-d3-se-lux-4d-geartronic/specs/
CAR_3B2F11C9,Volvo,S70,20 10v 4d,Volvo S70 Saloon2.0 10V 4d Specs & dimensions,1996,,1984.0,5.0,126.0,170.0,1376.0,Front wheel drive,Manual,Naturally Aspirated,Petrol,,,194.7,121.0,11.3,237.0,https://www.parkers.co.uk/volvo/s70/saloon-1996/20-10v-4d/specs/
CAR_7BF6CE2A,Volvo,S70,20 10v 4d auto,Volvo S70 Saloon2.0 10V 4d Auto Specs & dimensions,1996,,1984.0,5.0,126.0,170.0,1376.0,Front wheel drive,Automatic,Naturally Aspirated,Petrol,,,189.9,118.0,11.7,240.0,https://www.parkers.co.uk/volvo/s70/saloon-1996/20-10v-4d-auto/specs/
CAR_2B121B36,Volvo,S80,16 d drive se 4d,Volvo S80 Saloon1.6 D DRIVe SE 4d Specs & dimensions,2006,,1560.0,4.0,107.0,240.0,1586.0,Front wheel drive,Manual,Unknown,Diesel,,,189.9,118.0,12.0,119.0,https://www.parkers.co.uk/volvo/s80/saloon-2006/16-d-drive-se-4d/specs/
CAR_93C74C08,Volvo,S80,16 d drive se premium 4d,Volvo S80 Saloon1.6 D DRIVe SE Premium 4d Specs & dimensions,2006,,1560.0,4.0,107.0,240.0,1586.0,Front wheel drive,Manual,Unknown,Diesel,,,189.9,118.0,12.0,119.0,https://www.parkers.co.uk/volvo/s80/saloon-2006/16-d-drive-se-premium-4d/specs/
CAR_28ED3C5A,Volvo,S80,20t s 4d,Volvo S80 Saloon2.0T S 4d Specs & dimensions,1998,,1984.0,5.0,180.0,240.0,1549.0,Front wheel drive,Manual,Naturally Aspirated,Petrol,,,225.3,140.0,8.8,214.0,https://www.parkers.co.uk/volvo/s80/saloon-1998/20t-s-4d/specs/
CAR_F571BA10,Volvo,S80,20t s 4d auto,Volvo S80 Saloon2.0T S 4d Auto Specs & dimensions,1998,,1984.0,5.0,180.0,240.0,1549.0,Front wheel drive,Automatic,Naturally Aspirated,Petrol,,,215.7,134.0,9.5,234.0,https://www.parkers.co.uk/volvo/s80/saloon-1998/20t-s-4d-auto/specs/
CAR_D88E5E01,Volvo,S90,20 d4 inscription 4d geartronic,Volvo S90 Saloon2.0 D4 Inscription 4d Geartronic Specs & dimensions,2016,,1969.0,4.0,187.0,400.0,1697.0,Front wheel drive,Automatic,Unknown,Diesel,,,225.3,140.0,7.9,121.0,https://www.parkers.co.uk/volvo/s90/saloon-2016/20-d4-inscription-4d-geartronic/specs/
CAR_FC6525D5,Volvo,S90,20 d4 momentum 4d geartronic,Volvo S90 Saloon2.0 D4 Momentum 4d Geartronic Specs & dimensions,2016,,1969.0,4.0,187.0,400.0,1697.0,Front wheel drive,Automatic,Unknown,Diesel,,,225.3,140.0,7.9,123.0,https://www.parkers.co.uk/volvo/s90/saloon-2016/20-d4-momentum-4d-geartronic/specs/
CAR_76088627,Volvo,S90,30 (180bhp) 4d,Volvo S90 Saloon3.0 (180bhp) 4d Specs & dimensions,1996,,2922.0,6.0,180.0,260.0,1489.0,Rear wheel drive,Manual,Naturally Aspirated,Petrol,,,209.2,130.0,8.7,,https://www.parkers.co.uk/volvo/s90/saloon-1996/30-(180bhp)-4d/specs/
CAR_87B31313,Volvo,S90,30 (180bhp) 4d auto,Volvo S90 Saloon3.0 (180bhp) 4d Auto Specs & dimensions,1996,,2922.0,6.0,180.0,260.0,1489.0,Rear wheel drive,Automatic,Naturally Aspirated,Petrol,,,204.4,127.0,8.9,258.0,https://www.parkers.co.uk/volvo/s90/saloon-1996/30-(180bhp)-4d-auto/specs/
CAR_C94E35FD,Volvo,V40,d2 (120bhp) es 5d,Volvo V40 HatchbackD2 (120bhp) ES 5d Specs & dimensions,2012,,1969.0,4.0,118.0,280.0,1423.0,Front wheel drive,Manual,Unknown,Diesel,,,189.9,118.0,10.2,94.0,https://www.parkers.co.uk/volvo/v40/hatchback-2012/d2-(120bhp)-es-5d/specs/
CAR_B71D527D,Volvo,V40,d2 (120bhp) es 5d geartronic,Volvo V40 HatchbackD2 (120bhp) ES 5d Geartronic Specs & dimensions,2012,,1969.0,4.0,118.0,280.0,1439.0,Front wheel drive,Automatic,Unknown,Diesel,,,189.9,118.0,10.2,101.0,https://www.parkers.co.uk/volvo/v40/hatchback-2012/d2-(120bhp)-es-5d-geartronic/specs/
CAR_145A5AF4,Volvo,V40,d2 (120bhp) cross country 5d,Volvo V40 Cross CountryD2 (120bhp) Cross Country 5d Specs & dimensions,2013,,1969.0,4.0,118.0,280.0,1475.0,Front wheel drive,Manual,Unknown,Diesel,,,189.9,118.0,10.4,123.0,https://www.parkers.co.uk/volvo/v40/cross-country-2013/d2-(120bhp)-cross-country-5d/specs/
CAR_295E8DFC,Volvo,V40,d2 (120bhp) cross country 5d geartronic,Volvo V40 Cross CountryD2 (120bhp) Cross Country 5d Geartronic Specs & dimensions,2013,,1969.0,4.0,118.0,280.0,1475.0,Front wheel drive,Automatic,Unknown,Diesel,,,189.9,118.0,10.3,121.0,https://www.parkers.co.uk/volvo/v40/cross-country-2013/d2-(120bhp)-cross-country-5d-geartronic/specs/
CAR_D33C3870,Volvo,V50,16 d2 (115bhp) es 5d,Volvo V50 Estate1.6 D2 (115bhp) ES 5d Specs & dimensions,2004,,1560.0,4.0,113.0,270.0,1400.0,Front wheel drive,Manual,Unknown,Diesel,,,194.7,121.0,11.1,114.0,https://www.parkers.co.uk/volvo/v50/estate-2004/16-d2-(115bhp)-es-5d/specs/
CAR_A514F386,Volvo,V50,16 d2 (115bhp) r design 5d,Volvo V50 Estate1.6 D2 (115bhp) R DESIGN 5d Specs & dimensions,2004,,1560.0,4.0,113.0,270.0,1400.0,Front wheel drive,Manual,Unknown,Diesel,,,194.7,121.0,11.1,114.0,https://www.parkers.co.uk/volvo/v50/estate-2004/16-d2-(115bhp)-r-design-5d/specs/
CAR_57C1C087,Volvo,V60,20 b3p core 5dr auto [7 speed],Volvo V60 Estate2.0 B3P Core 5dr Auto [7 speed] Specs & dimensions,2018,,1969.0,4.0,160.0,265.0,1667.0,Front wheel drive,Automatic,Naturally Aspirated,Petrol,,,180.2,112.0,8.3,141.0,https://www.parkers.co.uk/volvo/v60/estate-2018/20-b3p-core-5dr-auto-[7-speed]/specs/
CAR_72ED7475,Volvo,V60,20 b3p inscription 5dr auto [7 speed],Volvo V60 Estate2.0 B3P Inscription 5dr Auto [7 speed] Specs & dimensions,2018,,1969.0,4.0,160.0,265.0,1667.0,Front wheel drive,Automatic,Naturally Aspirated,Petrol,,,180.2,112.0,8.3,148.0,https://www.parkers.co.uk/volvo/v60/estate-2018/20-b3p-inscription-5dr-auto-[7-speed]/specs/
CAR_56EF3E75,Volvo,V60,20 b4d cross country awd auto 5d,Volvo V60 Cross Country2.0 B4D Cross Country AWD Auto 5d Specs & dimensions,2019,,1969.0,4.0,194.0,420.0,1854.0,4 wheel drive,Automatic,Unknown,Diesel,,,180.2,112.0,7.9,156.0,https://www.parkers.co.uk/volvo/v60/cross-country-2019/20-b4d-cross-country-awd-auto-5d/specs/
CAR_04DCE687,Volvo,V60,20 b5p cross country plus 5dr awd auto,Volvo V60 Cross Country2.0 B5P Cross Country Plus 5dr AWD Auto Specs & dimensions,2019,,1969.0,4.0,246.0,350.0,1816.0,4 wheel drive,Automatic,Naturally Aspirated,Petrol,,,180.2,112.0,6.7,168.0,https://www.parkers.co.uk/volvo/v60/cross-country-2019/20-b5p-cross-country-plus-5dr-awd-auto/specs/
CAR_BEA0008A,Volvo,V70,16 drive (109bhp) es 5d,Volvo V70 Estate1.6 DRIVe (109bhp) ES 5d Specs & dimensions,2007,,1560.0,4.0,107.0,240.0,1650.0,Front wheel drive,Manual,Unknown,Diesel,,,189.9,118.0,12.4,119.0,https://www.parkers.co.uk/volvo/v70/estate-2007/16-drive-(109bhp)-es-5d/specs/
CAR_39DD884B,Volvo,V70,16 drive (109bhp) se 5d,Volvo V70 Estate1.6 DRIVe (109bhp) SE 5d Specs & dimensions,2007,,1560.0,4.0,107.0,240.0,1650.0,Front wheel drive,Manual,Unknown,Diesel,,,189.9,118.0,12.4,119.0,https://www.parkers.co.uk/volvo/v70/estate-2007/16-drive-(109bhp)-se-5d/specs/
CAR_CEB71F72,Volvo,V70,20 10v 5d,Volvo V70 Estate2.0 10V 5d Specs & dimensions,1996,,1984.0,5.0,126.0,170.0,1415.0,Front wheel drive,Manual,Naturally Aspirated,Petrol,,,194.7,121.0,11.5,237.0,https://www.parkers.co.uk/volvo/v70/estate-1996/20-10v-5d/specs/
CAR_D3E17657,Volvo,V70,20 10v 5d auto,Volvo V70 Estate2.0 10V 5d Auto Specs & dimensions,1996,,1984.0,5.0,126.0,170.0,1415.0,Front wheel drive,Automatic,Naturally Aspirated,Petrol,,,189.9,118.0,12.1,240.0,https://www.parkers.co.uk/volvo/v70/estate-1996/20-10v-5d-auto/specs/
CAR_A78E31CC,Volvo,V90,20 b4d inscription auto 5d,Volvo V90 Estate2.0 B4D Inscription Auto 5d Specs & dimensions,2016,,1969.0,4.0,194.0,420.0,1824.0,Front wheel drive,Automatic,Unknown,Diesel,,,180.2,112.0,8.2,148.0,https://www.parkers.co.uk/volvo/v90/estate-2016/20-b4d-inscription-auto-5d/specs/
CAR_1AB5E79F,Volvo,V90,20 b4d momentum auto 5d,Volvo V90 Estate2.0 B4D Momentum Auto 5d Specs & dimensions,2016,,1969.0,4.0,194.0,420.0,1824.0,Front wheel drive,Automatic,Unknown,Diesel,,,180.2,112.0,8.2,148.0,https://www.parkers.co.uk/volvo/v90/estate-2016/20-b4d-momentum-auto-5d/specs/
CAR_96AE1546,Volvo,V90,20 b4d cross country awd auto 5d,Volvo V90 Cross Country2.0 B4D Cross Country AWD Auto 5d Specs & dimensions,2017,,1969.0,4.0,194.0,420.0,1909.0,4 wheel drive,Automatic,Unknown,Diesel,,,180.2,112.0,8.5,164.0,https://www.parkers.co.uk/volvo/v90/cross-country-2017/20-b4d-cross-country-awd-auto-5d/specs/
CAR_98F2D305,Volvo,V90,20 b4d cross country plus 5dr awd auto,Volvo V90 Cross Country2.0 B4D Cross Country Plus 5dr AWD Auto Specs & dimensions,2017,,1969.0,4.0,194.0,420.0,1912.0,4 wheel drive,Automatic,Unknown,Diesel,,,180.2,112.0,8.5,164.0,https://www.parkers.co.uk/volvo/v90/cross-country-2017/20-b4d-cross-country-plus-5dr-awd-auto/specs/
CAR_EE94CBE0,Volvo,Xc40,15 t2 start 5dr,Volvo XC40 SUV1.5 T2 Start 5dr Specs & dimensions,2017,,1477.0,3.0,127.0,245.0,1509.0,Front wheel drive,Manual,Naturally Aspirated,Petrol,,,180.2,112.0,10.6,157.0,https://www.parkers.co.uk/volvo/xc40/suv-2017/15-t2-start-5dr/specs/
CAR_D7294ACB,Volvo,Xc40,15 t4 rc phev inscription expression 5dr auto,Volvo XC40 SUV1.5 T4 RC PHEV Inscription Expression 5dr Auto Specs & dimensions,2017,,1477.0,3.0,208.0,245.0,1741.0,Front wheel drive,Automatic,Unknown,Petrol Parallel PHEV,,,180.2,112.0,8.2,47.0,https://www.parkers.co.uk/volvo/xc40/suv-2017/15-t4-rc-phev-inscription-expression-5dr-auto/specs/
CAR_CB834732,Volvo,Xc40 Electric,170kw recharge core 69kwh 5dr auto,Volvo XC40 Electric SUV170kW Recharge Core 69kWh 5dr Auto Specs & dimensions,2021,,,,227.0,330.0,1955.0,Front wheel drive,Automatic,EV,Electric,,,159.3,99.0,7.2,0.0,https://www.parkers.co.uk/volvo/xc40-electric/suv-2021/170kw-recharge-core-69kwh-5dr-auto/specs/
CAR_AA8082CE,Volvo,Xc40 Electric,170kw recharge plus 69kwh 5dr auto,Volvo XC40 Electric SUV170kW Recharge Plus 69kWh 5dr Auto Specs & dimensions,2021,,,,227.0,330.0,1955.0,Front wheel drive,Automatic,EV,Electric,,,159.3,99.0,7.2,0.0,https://www.parkers.co.uk/volvo/xc40-electric/suv-2021/170kw-recharge-plus-69kwh-5dr-auto/specs/
CAR_0B8A3718,Volvo,Xc60,20 b4d inscription 5dr awd geartronic,Volvo XC60 SUV2.0 B4D Inscription 5dr AWD Geartronic Specs & dimensions,2017,,1969.0,4.0,194.0,420.0,1898.0,4 wheel drive,Automatic,Unknown,Diesel,,,180.2,112.0,8.0,166.0,https://www.parkers.co.uk/volvo/xc60/suv-2017/20-b4d-inscription-5dr-awd-geartronic/specs/
CAR_2397AB8B,Volvo,Xc60,20 b4d inscription geartronic 5d,Volvo XC60 SUV2.0 B4D Inscription Geartronic 5d Specs & dimensions,2017,,1969.0,4.0,194.0,420.0,1843.0,Front wheel drive,Automatic,Unknown,Diesel,,,180.2,112.0,8.0,161.0,https://www.parkers.co.uk/volvo/xc60/suv-2017/20-b4d-inscription-geartronic-5d/specs/
CAR_460787DA,Volvo,Xc60,20 d3 (163bhp) drive es 5d,Volvo XC60 Estate2.0 D3 (163bhp) DRIVe ES 5d Specs & dimensions,2008,,1984.0,5.0,160.0,400.0,1756.0,Front wheel drive,Manual,Unknown,Diesel,,,199.6,124.0,10.0,154.0,https://www.parkers.co.uk/volvo/xc60/estate-2008/20-d3-(163bhp)-drive-es-5d/specs/
CAR_7A4E76E9,Volvo,Xc60,20 d3 (163bhp) drive r design 5d,Volvo XC60 Estate2.0 D3 (163bhp) DRIVe R Design 5d Specs & dimensions,2008,,1984.0,5.0,160.0,400.0,1756.0,Front wheel drive,Manual,Unknown,Diesel,,,199.6,124.0,10.0,154.0,https://www.parkers.co.uk/volvo/xc60/estate-2008/20-d3-(163bhp)-drive-r-design-5d/specs/
CAR_321EC310,Volvo,Xc70,20 d3 (163bhp) drive es 2wd 5d,Volvo XC70 Estate2.0 D3 (163bhp) DRIVe ES 2WD 5d Specs & dimensions,2007,,1984.0,5.0,160.0,400.0,1764.0,Front wheel drive,Manual,Unknown,Diesel,,,204.4,127.0,9.9,154.0,https://www.parkers.co.uk/volvo/xc70/estate-2007/20-d3-(163bhp)-drive-es-2wd-5d/specs/
CAR_0FFDBCCE,Volvo,Xc70,20 d3 (163bhp) drive se 2wd 5d,Volvo XC70 Estate2.0 D3 (163bhp) DRIVe SE 2WD 5d Specs & dimensions,2007,,1984.0,5.0,160.0,400.0,1764.0,Front wheel drive,Manual,Unknown,Diesel,,,204.4,127.0,9.9,154.0,https://www.parkers.co.uk/volvo/xc70/estate-2007/20-d3-(163bhp)-drive-se-2wd-5d/specs/
CAR_F75BF267,Volvo,Xc70,24 d5 s 5d geartronic,Volvo XC70 Estate2.4 D5 S 5d Geartronic Specs & dimensions,2000,,2401.0,5.0,163.0,340.0,1715.0,4 wheel drive,Automatic,Unknown,Diesel,,,194.7,121.0,11.1,226.0,https://www.parkers.co.uk/volvo/xc70/estate-2000/24-d5-s-5d-geartronic/specs/
CAR_97176612,Volvo,Xc70,24 d5 se (185bhp) 5d,Volvo XC70 Estate2.4 D5 SE (185bhp) 5d Specs & dimensions,2000,,2400.0,5.0,185.0,400.0,1701.0,4 wheel drive,Manual,Unknown,Diesel,,,209.2,130.0,9.2,201.0,https://www.parkers.co.uk/volvo/xc70/estate-2000/24-d5-se-(185bhp)-5d/specs/
CAR_3DF3BA8F,Volvo,Xc90,20 b5d [235] plus dark 5dr awd geartronic,Volvo XC90 Estate2.0 B5D [235] Plus Dark 5dr AWD Geartronic Specs & dimensions,2015,,1969.0,4.0,231.0,480.0,2101.0,4 wheel drive,Automatic,Unknown,Diesel,,,180.2,112.0,7.4,185.0,https://www.parkers.co.uk/volvo/xc90/estate-2015/20-b5d-[235]-plus-dark-5dr-awd-geartronic/specs/
CAR_1BB3D827,Volvo,Xc90,20 b5p plus dark 5dr awd geartronic,Volvo XC90 Estate2.0 B5P Plus Dark 5dr AWD Geartronic Specs & dimensions,2015,,1969.0,4.0,246.0,360.0,2015.0,4 wheel drive,Automatic,Naturally Aspirated,Petrol,,,180.2,112.0,7.5,190.0,https://www.parkers.co.uk/volvo/xc90/estate-2015/20-b5p-plus-dark-5dr-awd-geartronic/specs/
CAR_F4498E27,Volvo,Xc90,20 b5p core bright 5dr awd geartronic,Volvo XC90 SUV2.0 B5P Core Bright 5dr AWD Geartronic Specs & dimensions,2024,,1969.0,4.0,246.0,360.0,2050.0,4 wheel drive,Automatic,Naturally Aspirated,Petrol,,,180.2,112.0,7.5,191.0,https://www.parkers.co.uk/volvo/xc90/suv-2024/20-b5p-core-bright-5dr-awd-geartronic/specs/
CAR_13B1BD6C,Volvo,Xc90,20 b5p core bright 5dr awd geartronic [revised],Volvo XC90 SUV2.0 B5P Core Bright 5dr AWD Geartronic [Revised] Specs & dimensions,2024,,1969.0,4.0,246.0,360.0,2050.0,4 wheel drive,Automatic,Naturally Aspirated,Petrol,,,180.2,112.0,7.5,191.0,https://www.parkers.co.uk/volvo/xc90/suv-2024/20-b5p-core-bright-5dr-awd-geartronic-[revised]/specs/
CAR_EB95E045,Chrysler,300C,30 v6 crd 4d auto,Chrysler 300C Saloon3.0 V6 CRD 4d Auto Specs & dimensions,2005,,2987.0,6.0,215.0,510.0,1910.0,Rear wheel drive,Automatic,Unknown,Diesel,,,230.1,143.0,7.4,215.0,https://www.parkers.co.uk/chrysler/300c/saloon-2005/30-v6-crd-4d-auto/specs/
CAR_7CB60F2A,Chrysler,300C,30 v6 crd se 4d auto,Chrysler 300C Saloon3.0 V6 CRD SE 4d Auto Specs & dimensions,2005,,2987.0,6.0,215.0,510.0,2000.0,Rear wheel drive,Automatic,Unknown,Diesel,,,230.1,143.0,8.4,215.0,https://www.parkers.co.uk/chrysler/300c/saloon-2005/30-v6-crd-se-4d-auto/specs/
CAR_4A2278A0,Chrysler,300C,30 v6 crd 5d auto,Chrysler 300C Touring3.0 V6 CRD 5d Auto Specs & dimensions,2006,,2987.0,6.0,215.0,510.0,2075.0,Rear wheel drive,Automatic,Unknown,Diesel,,,218.9,136.0,8.3,220.0,https://www.parkers.co.uk/chrysler/300c/touring-2006/30-v6-crd-5d-auto/specs/
CAR_F489E8A5,Chrysler,300C,30 v6 crd srt design 5d auto,Chrysler 300C Touring3.0 V6 CRD SRT Design 5d Auto Specs & dimensions,2006,,2987.0,6.0,215.0,510.0,2075.0,Rear wheel drive,Automatic,Unknown,Diesel,,,218.9,136.0,8.3,220.0,https://www.parkers.co.uk/chrysler/300c/touring-2006/30-v6-crd-srt-design-5d-auto/specs/
CAR_A8876891,Chrysler,Crossfire,32 v6 2d,Chrysler Crossfire Coupe3.2 V6 2d Specs & dimensions,2003,,3199.0,6.0,215.0,310.0,1466.0,Rear wheel drive,Manual,Naturally Aspirated,Petrol,,,249.4,155.0,6.3,250.0,https://www.parkers.co.uk/chrysler/crossfire/coupe-2003/32-v6-2d/specs/
CAR_E39BC714,Chrysler,Crossfire,32 v6 2d auto,Chrysler Crossfire Coupe3.2 V6 2d Auto Specs & dimensions,2003,,3199.0,6.0,215.0,310.0,1481.0,Rear wheel drive,Automatic,Naturally Aspirated,Petrol,,,249.4,155.0,6.3,243.0,https://www.parkers.co.uk/chrysler/crossfire/coupe-2003/32-v6-2d-auto/specs/
CAR_B663B69E,Chrysler,Crossfire,32 v6 2d,Chrysler Crossfire Roadster3.2 V6 2d Specs & dimensions,2004,,3199.0,6.0,215.0,310.0,1505.0,Rear wheel drive,Manual,Naturally Aspirated,Petrol,,,249.4,155.0,6.3,250.0,https://www.parkers.co.uk/chrysler/crossfire/roadster-2004/32-v6-2d/specs/
CAR_FCE723D8,Chrysler,Crossfire,32 v6 2d auto,Chrysler Crossfire Roadster3.2 V6 2d Auto Specs & dimensions,2004,,3199.0,6.0,215.0,310.0,1520.0,Rear wheel drive,Automatic,Naturally Aspirated,Petrol,,,249.4,155.0,6.3,243.0,https://www.parkers.co.uk/chrysler/crossfire/roadster-2004/32-v6-2d-auto/specs/
CAR_F11FF2E2,Chrysler,Delta,14 m air se 5d,Chrysler Delta Hatchback1.4 M-Air SE 5d Specs & dimensions,2011,,1368.0,4.0,140.0,230.0,1395.0,Front wheel drive,Manual,Naturally Aspirated,Petrol,,,202.8,126.0,8.9,132.0,https://www.parkers.co.uk/chrysler/delta/hatchback-2011/14-m-air-se-5d/specs/
CAR_6F145F3A,Chrysler,Delta,14 m air se nav 5d,Chrysler Delta Hatchback1.4 M-Air SE Nav 5d Specs & dimensions,2011,,1368.0,4.0,140.0,230.0,1395.0,Front wheel drive,Manual,Naturally Aspirated,Petrol,,,202.8,126.0,8.9,132.0,https://www.parkers.co.uk/chrysler/delta/hatchback-2011/14-m-air-se-nav-5d/specs/
CAR_6C2ECAEB,Chrysler,Dodge Viper,80 v10 gts 2d,Chrysler Dodge Viper Coupe8.0 V10 GTS 2d Specs & dimensions,1993,,7999.0,10.0,450.0,,1532.0,Rear wheel drive,Manual,Naturally Aspirated,Petrol,,,273.6,170.0,4.4,483.0,https://www.parkers.co.uk/chrysler/dodge-viper/coupe-1993/80-v10-gts-2d/specs/
CAR_5F6CB15A,Chrysler,Dodge Viper,80 v10 sports 2d,Chrysler Dodge Viper Coupe8.0 V10 Sports 2d Specs & dimensions,1993,,7997.0,,415.0,,,Rear wheel drive,Manual,Naturally Aspirated,Petrol,,,273.6,170.0,4.4,,https://www.parkers.co.uk/chrysler/dodge-viper/coupe-1993/80-v10-sports-2d/specs/
CAR_E0E7029B,Chrysler,Grand Voyager,28 (178bhp) crd limited 5d auto,Chrysler Grand Voyager Station Wagon2.8 (178bhp) CRD Limited 5d Auto Specs & dimensions,2008,,2777.0,4.0,178.0,359.0,2242.0,Front wheel drive,Automatic,Unknown,Diesel,,,185.1,115.0,12.4,207.0,https://www.parkers.co.uk/chrysler/grand-voyager/station-wagon-2008/28-(178bhp)-crd-limited-5d-auto/specs/
CAR_F9488868,Chrysler,Grand Voyager,28 crd 25th anniversary 5d auto,Chrysler Grand Voyager Station Wagon2.8 CRD 25th Anniversary 5d Auto Specs & dimensions,2008,,2776.0,4.0,161.0,359.0,2305.0,Front wheel drive,Automatic,Unknown,Diesel,,,185.1,115.0,12.4,247.0,https://www.parkers.co.uk/chrysler/grand-voyager/station-wagon-2008/28-crd-25th-anniversary-5d-auto/specs/
CAR_3B8D0578,Chrysler,Grand Voyager,25 td le 5d,Chrysler Grand Voyager Estate2.5 TD LE 5d Specs & dimensions,1997,,2499.0,4.0,114.0,262.0,1970.0,Front wheel drive,Manual,Unknown,Diesel,,,175.4,109.0,13.4,228.0,https://www.parkers.co.uk/chrysler/grand-voyager/estate-1997/25-td-le-5d/specs/
CAR_92FE060B,Chrysler,Grand Voyager,25 td se 5d,Chrysler Grand Voyager Estate2.5 TD SE 5d Specs & dimensions,1997,,2499.0,4.0,114.0,262.0,1970.0,Front wheel drive,Manual,Unknown,Diesel,,,175.4,109.0,13.4,228.0,https://www.parkers.co.uk/chrysler/grand-voyager/estate-1997/25-td-se-5d/specs/
CAR_E3418020,Chrysler,Neon,20 lx 4d,Chrysler Neon Saloon2.0 LX 4d Specs & dimensions,1999,,1996.0,4.0,131.0,178.0,1245.0,Front wheel drive,Manual,Naturally Aspirated,Petrol,,,199.6,124.0,10.5,188.0,https://www.parkers.co.uk/chrysler/neon/saloon-1999/20-lx-4d/specs/
CAR_7CDD214C,Chrysler,Neon,20 lx 4d auto,Chrysler Neon Saloon2.0 LX 4d Auto Specs & dimensions,1999,,1996.0,4.0,131.0,,1250.0,Front wheel drive,Automatic,Naturally Aspirated,Petrol,,,194.7,121.0,12.4,205.0,https://www.parkers.co.uk/chrysler/neon/saloon-1999/20-lx-4d-auto/specs/
CAR_FCA45744,Chrysler,Neon,18 le 4d,Chrysler Neon Saloon1.8 LE 4d Specs & dimensions,1996,,1796.0,4.0,114.0,151.0,1185.0,Front wheel drive,Manual,Naturally Aspirated,Petrol,,,186.7,116.0,11.3,198.0,https://www.parkers.co.uk/chrysler/neon/saloon-1996/18-le-4d/specs/
CAR_948131B7,Chrysler,Neon,18 le 4d auto,Chrysler Neon Saloon1.8 LE 4d Auto Specs & dimensions,1996,,1796.0,4.0,114.0,151.0,,Front wheel drive,Automatic,Naturally Aspirated,Petrol,,,,,,212.0,https://www.parkers.co.uk/chrysler/neon/saloon-1996/18-le-4d-auto/specs/
CAR_E09F1786,Chrysler,Pt Cruiser,20 classic 5d,Chrysler PT Cruiser Estate2.0 Classic 5d Specs & dimensions,2000,,1995.0,4.0,140.0,186.0,1568.0,Front wheel drive,Manual,Naturally Aspirated,Petrol,,,189.9,118.0,9.3,212.0,https://www.parkers.co.uk/chrysler/pt-cruiser/estate-2000/20-classic-5d/specs/
CAR_7FDD19F2,Chrysler,Pt Cruiser,20 limited 5d,Chrysler PT Cruiser Estate2.0 Limited 5d Specs & dimensions,2000,,1995.0,4.0,140.0,188.0,1568.0,Front wheel drive,Manual,Naturally Aspirated,Petrol,,,189.9,118.0,9.3,212.0,https://www.parkers.co.uk/chrysler/pt-cruiser/estate-2000/20-limited-5d/specs/
CAR_2E5E578D,Chrysler,Pt Cruiser,24 2d (lhd),Chrysler PT Cruiser Cabriolet2.4 2d (LHD) Specs & dimensions,2005,,2429.0,4.0,143.0,158.0,1575.0,Front wheel drive,Manual,Naturally Aspirated,Petrol,,,189.9,118.0,10.7,231.0,https://www.parkers.co.uk/chrysler/pt-cruiser/cabriolet-2005/24-2d-(lhd)/specs/
CAR_A3539DC4,Chrysler,Pt Cruiser,24 2d auto (lhd),Chrysler PT Cruiser Cabriolet2.4 2d Auto (LHD) Specs & dimensions,2005,,2429.0,4.0,143.0,158.0,1645.0,Front wheel drive,Automatic,Naturally Aspirated,Petrol,,,165.8,103.0,12.4,256.0,https://www.parkers.co.uk/chrysler/pt-cruiser/cabriolet-2005/24-2d-auto-(lhd)/specs/
CAR_E360A477,Chrysler,Sebring,27 v6 lx 2d auto (lhd),Chrysler Sebring Convertible2.7 V6 LX 2d Auto (LHD) Specs & dimensions,2001,,2736.0,6.0,200.0,262.0,,Front wheel drive,Automatic,Naturally Aspirated,Petrol,,,210.8,131.0,,255.0,https://www.parkers.co.uk/chrysler/sebring/convertible-2001/27-v6-lx-2d-auto-(lhd)/specs/
CAR_BE7967B3,Chrysler,Sebring,trim lx,Chrysler Sebring Convertible LX (2001 - 2002)Specs & dimensions,2001,2002,,,,,,,,Unknown,,,,,,,,https://www.parkers.co.uk/chrysler/sebring/convertible-2001/trim-lx/specs/
CAR_87A61AEF,Chrysler,Sebring,20 limited 4d,Chrysler Sebring Saloon2.0 Limited 4d Specs & dimensions,2007,,1998.0,4.0,154.0,190.0,1555.0,Front wheel drive,Manual,Naturally Aspirated,Petrol,,,189.9,118.0,10.7,185.0,https://www.parkers.co.uk/chrysler/sebring/saloon-2007/20-limited-4d/specs/
CAR_E4C6072C,Chrysler,Sebring,20crd limited 4d,Chrysler Sebring Saloon2.0CRD Limited 4d Specs & dimensions,2007,,1968.0,4.0,138.0,310.0,1635.0,Front wheel drive,Manual,Unknown,Diesel,,,202.8,126.0,11.6,170.0,https://www.parkers.co.uk/chrysler/sebring/saloon-2007/20crd-limited-4d/specs/
CAR_5379FE38,Chrysler,Voyager,20 le 5d,Chrysler Voyager Estate2.0 LE 5d Specs & dimensions,1997,,1995.0,4.0,131.0,176.0,1835.0,Front wheel drive,Manual,Naturally Aspirated,Petrol,,,175.4,109.0,13.4,229.0,https://www.parkers.co.uk/chrysler/voyager/estate-1997/20-le-5d/specs/
CAR_294098B9,Chrysler,Voyager,20 se 5d (5 seat),Chrysler Voyager Estate2.0 SE 5d (5 Seat) Specs & dimensions,1997,,1995.0,4.0,131.0,176.0,1835.0,Front wheel drive,Manual,Naturally Aspirated,Petrol,,,175.4,109.0,13.4,229.0,https://www.parkers.co.uk/chrysler/voyager/estate-1997/20-se-5d-(5-seat)/specs/
CAR_B2C89883,Chrysler,Voyager,24 executive 5d,Chrysler Voyager Estate2.4 Executive 5d Specs & dimensions,2001,,2429.0,4.0,145.0,218.0,1955.0,Front wheel drive,Manual,Naturally Aspirated,Petrol,,,183.5,114.0,12.0,234.0,https://www.parkers.co.uk/chrysler/voyager/estate-2001/24-executive-5d/specs/
CAR_92039EE2,Chrysler,Voyager,24 lx 5d (01),Chrysler Voyager Estate2.4 LX 5d (01) Specs & dimensions,2001,,2429.0,4.0,145.0,226.0,1960.0,Front wheel drive,Manual,Naturally Aspirated,Petrol,,,175.4,109.0,12.6,235.0,https://www.parkers.co.uk/chrysler/voyager/estate-2001/24-lx-5d-(01)/specs/
CAR_1C3F2D54,Chrysler,Ypsilon,09 twinair black and red 5d,Chrysler Ypsilon Hatchback0.9 TwinAir Black and Red 5d Specs & dimensions,2011,,875.0,2.0,83.0,145.0,975.0,Front wheel drive,Manual,Naturally Aspirated,Petrol,,,175.4,109.0,11.5,99.0,https://www.parkers.co.uk/chrysler/ypsilon/hatchback-2011/09-twinair-black-and-red-5d/specs/
CAR_486DB765,Chrysler,Ypsilon,09 twinair gold 5d,Chrysler Ypsilon Hatchback0.9 TwinAir Gold 5d Specs & dimensions,2011,,875.0,2.0,83.0,145.0,975.0,Front wheel drive,Manual,Naturally Aspirated,Petrol,,,175.4,109.0,11.5,99.0,https://www.parkers.co.uk/chrysler/ypsilon/hatchback-2011/09-twinair-gold-5d/specs/
CAR_F66A0C2D,Fiat,124 Spider,14 multiair anniversary 2d,Fiat 124 Spider Convertible1.4 Multiair Anniversary 2d Specs & dimensions,2016,,1368.0,4.0,138.0,240.0,1050.0,Rear wheel drive,Manual,Naturally Aspirated,Petrol,,,215.7,134.0,7.3,148.0,https://www.parkers.co.uk/fiat/124-spider/convertible-2016/14-multiair-anniversary-2d/specs/
CAR_C9F7F7F7,Fiat,124 Spider,classica 14 multiair turbo 140hp 2d,Fiat 124 Spider ConvertibleClassica 1.4 MultiAir Turbo 140hp 2d Specs & dimensions,2016,,1368.0,4.0,138.0,240.0,1050.0,Rear wheel drive,Manual,Turbocharged,Petrol,,,215.7,134.0,7.3,148.0,https://www.parkers.co.uk/fiat/124-spider/convertible-2016/classica-14-multiair-turbo-140hp-2d/specs/
CAR_6879C9A1,Fiat,126,bis 3d,Fiat 126 HatchbackBIS 3d Specs & dimensions,1987,,704.0,,,,,Rear wheel drive,Manual,Naturally Aspirated,Petrol,,,,,,,https://www.parkers.co.uk/fiat/126/hatchback-1987/bis-3d/specs/
CAR_3BE80D31,Fiat,126,trim bis,Fiat 126 Hatchback BIS (1987 - 1992)Specs & dimensions,1987,1992,,,,,,,,Unknown,,,,,,,,https://www.parkers.co.uk/fiat/126/hatchback-1987/trim-bis/specs/
CAR_C865856B,Fiat,126,650 2d,Fiat 126 Saloon650 2d Specs & dimensions,1977,,652.0,,,,,Rear wheel drive,Manual,Naturally Aspirated,Petrol,,,,,,,https://www.parkers.co.uk/fiat/126/saloon-1977/650-2d/specs/
CAR_B77E0426,Fiat,126,trim standard trim,Fiat 126 Saloon Standard Trim (1977 - 1987)Specs & dimensions,1977,1987,,,,,,,,Unknown,,,,,,,,https://www.parkers.co.uk/fiat/126/saloon-1977/trim-standard-trim/specs/
CAR_ED86224C,Fiat,500,09 twinair (105bhp) cult 3d,Fiat 500 Hatchback0.9 TwinAir (105bhp) Cult 3d Specs & dimensions,2008,,875.0,2.0,105.0,145.0,930.0,Front wheel drive,Manual,Naturally Aspirated,Petrol,,,188.3,117.0,9.7,99.0,https://www.parkers.co.uk/fiat/500/hatchback-2008/09-twinair-(105bhp)-cult-3d/specs/
CAR_804BA871,Fiat,500,09 twinair (105bhp) gq 3d,Fiat 500 Hatchback0.9 TwinAir (105bhp) GQ 3d Specs & dimensions,2008,,875.0,2.0,105.0,145.0,930.0,Front wheel drive,Manual,Naturally Aspirated,Petrol,,,188.3,117.0,9.7,99.0,https://www.parkers.co.uk/fiat/500/hatchback-2008/09-twinair-(105bhp)-gq-3d/specs/
CAR_3361918B,Fiat,500,09 twinair (105bhp) cult 2d,Fiat 500 C0.9 TwinAir (105bhp) Cult 2d Specs & dimensions,2009,,875.0,2.0,105.0,145.0,,Front wheel drive,Manual,Naturally Aspirated,Petrol,,,188.3,117.0,9.7,99.0,https://www.parkers.co.uk/fiat/500/c-2009/09-twinair-(105bhp)-cult-2d/specs/
CAR_04DA71F4,Fiat,500,09 twinair (105bhp) gq 2d,Fiat 500 C0.9 TwinAir (105bhp) GQ 2d Specs & dimensions,2009,,875.0,2.0,105.0,145.0,,Front wheel drive,Manual,Naturally Aspirated,Petrol,,,188.3,117.0,9.7,99.0,https://www.parkers.co.uk/fiat/500/c-2009/09-twinair-(105bhp)-gq-2d/specs/
CAR_67F20E38,Fiat,500 Electric,70kw 24kwh 3dr auto,Fiat 500 Electric Hatchback70kW 24kWh 3dr Auto Specs & dimensions,2020,,,,93.0,220.0,1255.0,Front wheel drive,Automatic,EV,Electric,,,135.2,84.0,9.2,0.0,https://www.parkers.co.uk/fiat/500-electric/hatchback-2020/70kw-24kwh-3dr-auto/specs/
CAR_F45D372E,Fiat,500 Electric,70kw icon 24kwh 3dr auto,Fiat 500 Electric Hatchback70kW Icon 24kWh 3dr Auto Specs & dimensions,2020,,,,93.0,220.0,1255.0,Front wheel drive,Automatic,EV,Electric,,,135.2,84.0,9.2,0.0,https://www.parkers.co.uk/fiat/500-electric/hatchback-2020/70kw-icon-24kwh-3dr-auto/specs/
CAR_A488D2CC,Fiat,500 Electric,87kw 42kwh 2dr auto,Fiat 500 Electric Convertible87kW 42kWh 2dr Auto Specs & dimensions,2020,,,,116.0,220.0,1405.0,Front wheel drive,Automatic,EV,Electric,,,149.7,93.0,8.7,0.0,https://www.parkers.co.uk/fiat/500-electric/convertible-2020/87kw-42kwh-2dr-auto/specs/
CAR_D8DF15EF,Fiat,500 Electric,87kw la prima 378kwh 2dr auto 2d,Fiat 500 Electric Convertible87kW La Prima 37.8kWh 2dr Auto 2d Specs & dimensions,2020,,,,116.0,220.0,1405.0,Front wheel drive,Automatic,EV,Electric,,,149.7,93.0,8.7,0.0,https://www.parkers.co.uk/fiat/500-electric/convertible-2020/87kw-la-prima-378kwh-2dr-auto-2d/specs/
CAR_8F81EDD8,Fiat,500 Hybrid,10 mild hybrid icon 3dr,Fiat 500 Hybrid Hatchback1.0 Mild Hybrid Icon 3dr Specs & dimensions,2026,,999.0,,64.0,92.0,1064.0,Front wheel drive,Manual,Hybrid,Petrol,,,154.5,96.0,15.7,119.0,https://www.parkers.co.uk/fiat/500-hybrid/hatchback-2026/10-mild-hybrid-icon-3dr/specs/
CAR_8032A706,Fiat,500 Hybrid,10 mild hybrid la prima 3dr,Fiat 500 Hybrid Hatchback1.0 Mild Hybrid La Prima 3dr Specs & dimensions,2026,,999.0,,64.0,92.0,1092.0,Front wheel drive,Manual,Hybrid,Petrol,,,154.5,96.0,15.7,121.0,https://www.parkers.co.uk/fiat/500-hybrid/hatchback-2026/10-mild-hybrid-la-prima-3dr/specs/
CAR_F9F78122,Fiat,500 Hybrid,10 mild hybrid icon 2dr,Fiat 500 Hybrid Convertible1.0 Mild Hybrid Icon 2dr Specs & dimensions,2026,,999.0,,64.0,92.0,1084.0,Front wheel drive,Manual,Hybrid,Petrol,,,149.7,93.0,16.7,122.0,https://www.parkers.co.uk/fiat/500-hybrid/convertible-2026/10-mild-hybrid-icon-2dr/specs/
CAR_AA709AF6,Fiat,500 Hybrid,10 mild hybrid la prima 2dr,Fiat 500 Hybrid Convertible1.0 Mild Hybrid La Prima 2dr Specs & dimensions,2026,,999.0,,64.0,92.0,1102.0,Front wheel drive,Manual,Hybrid,Petrol,,,149.7,93.0,16.7,123.0,https://www.parkers.co.uk/fiat/500-hybrid/convertible-2026/10-mild-hybrid-la-prima-2dr/specs/
CAR_10C7270B,Fiat,500L,09 twinair beats edition 5d,Fiat 500L Hatchback0.9 TwinAir Beats Edition 5d Specs & dimensions,2012,,875.0,2.0,103.0,145.0,1270.0,Front wheel drive,Manual,Naturally Aspirated,Petrol,,,172.2,107.0,12.2,119.0,https://www.parkers.co.uk/fiat/500l/hatchback-2012/09-twinair-beats-edition-5d/specs/
CAR_7AFEDBBD,Fiat,500L,09 twinair easy 5d,Fiat 500L Hatchback0.9 TwinAir Easy 5d Specs & dimensions,2012,,875.0,2.0,103.0,145.0,1260.0,Front wheel drive,Manual,Naturally Aspirated,Petrol,,,180.2,112.0,11.9,112.0,https://www.parkers.co.uk/fiat/500l/hatchback-2012/09-twinair-easy-5d/specs/
CAR_54C8E742,Fiat,500L,13 multijet 95hp 5d,Fiat 500L Cross1.3 MultiJet 95hp 5d Specs & dimensions,2017,,1248.0,4.0,93.0,215.0,1315.0,Front wheel drive,Manual,Unknown,Diesel,,,165.8,103.0,13.8,109.0,https://www.parkers.co.uk/fiat/500l/cross-2017/13-multijet-95hp-5d/specs/
CAR_731B503F,Fiat,500L,13 multijet 95hp dualogic auto 5d,Fiat 500L Cross1.3 MultiJet 95hp Dualogic auto 5d Specs & dimensions,2017,,1248.0,4.0,93.0,215.0,1315.0,Front wheel drive,Automatic,Unknown,Diesel,,,162.5,101.0,15.0,106.0,https://www.parkers.co.uk/fiat/500l/cross-2017/13-multijet-95hp-dualogic-auto-5d/specs/
CAR_A423998B,Fiat,500L Mpw,09 twinair lounge (7 seat) 5d,Fiat 500L MPW Estate0.9 TwinAir Lounge (7 Seat) 5d Specs & dimensions,2013,,875.0,2.0,103.0,145.0,1320.0,Front wheel drive,Manual,Naturally Aspirated,Petrol,,,180.2,112.0,12.3,112.0,https://www.parkers.co.uk/fiat/500l-mpw/estate-2013/09-twinair-lounge-(7-seat)-5d/specs/
CAR_DBA19D5F,Fiat,500L Mpw,09 twinair lounge 5d,Fiat 500L MPW Estate0.9 TwinAir Lounge 5d Specs & dimensions,2013,,875.0,2.0,103.0,145.0,1290.0,Front wheel drive,Manual,Naturally Aspirated,Petrol,,,180.2,112.0,12.1,112.0,https://www.parkers.co.uk/fiat/500l-mpw/estate-2013/09-twinair-lounge-5d/specs/
CAR_8E4F533A,Fiat,500X,10 club 5dr,Fiat 500X 4x41.0 Club 5dr Specs & dimensions,2015,,999.0,3.0,118.0,190.0,1320.0,Front wheel drive,Manual,Naturally Aspirated,Petrol,,,191.5,119.0,10.4,142.0,https://www.parkers.co.uk/fiat/500x/4x4-2015/10-club-5dr/specs/
CAR_8586DA61,Fiat,500X,10 club [plus pack] 5dr,Fiat 500X 4x41.0 Club [Plus pack] 5dr Specs & dimensions,2015,,999.0,3.0,118.0,190.0,1320.0,Front wheel drive,Manual,Naturally Aspirated,Petrol,,,191.5,119.0,10.4,142.0,https://www.parkers.co.uk/fiat/500x/4x4-2015/10-club-[plus-pack]-5dr/specs/
CAR_B82EE4C5,Fiat,600,12 hybrid 48v 110 icon 5dr edct 6,Fiat 600 SUV1.2 Hybrid 48V 110 Icon 5dr eDCT-6 Specs & dimensions,2024,,1199.0,3.0,108.0,205.0,1275.0,Front wheel drive,Automatic,Hybrid,Petrol,,,183.5,114.0,10.6,109.0,https://www.parkers.co.uk/fiat/600/suv-2024/12-hybrid-48v-110-icon-5dr-edct-6/specs/
CAR_640744C2,Fiat,600,12 hybrid 48v 110 la prima 5dr edct 6,Fiat 600 SUV1.2 Hybrid 48V 110 La Prima 5dr eDCT-6 Specs & dimensions,2024,,1199.0,3.0,108.0,205.0,1275.0,Front wheel drive,Automatic,Hybrid,Petrol,,,183.5,114.0,10.6,109.0,https://www.parkers.co.uk/fiat/600/suv-2024/12-hybrid-48v-110-la-prima-5dr-edct-6/specs/
CAR_33A69C76,Fiat,600E,115kw icon 54kwh 5dr auto,Fiat 600e SUV115kW Icon 54kWh 5dr Auto Specs & dimensions,2024,,,,153.0,260.0,1520.0,Front wheel drive,Automatic,EV,Electric,,,149.7,93.0,8.7,0.0,https://www.parkers.co.uk/fiat/600e/suv-2024/115kw-icon-54kwh-5dr-auto/specs/
CAR_99D2680E,Fiat,600E,115kw la prima 54kwh 5dr auto,Fiat 600e SUV115kW La Prima 54kWh 5dr Auto Specs & dimensions,2024,,,,153.0,260.0,1520.0,Front wheel drive,Automatic,EV,Electric,,,149.7,93.0,8.7,0.0,https://www.parkers.co.uk/fiat/600e/suv-2024/115kw-la-prima-54kwh-5dr-auto/specs/
CAR_E1149CAC,Fiat,Barchetta,18 16v 2d (lhd),Fiat Barchetta Convertible1.8 16V 2d (LHD) Specs & dimensions,1995,,1747.0,4.0,130.0,158.0,1060.0,Front wheel drive,Manual,Naturally Aspirated,Petrol,,,199.6,124.0,8.6,181.0,https://www.parkers.co.uk/fiat/barchetta/convertible-1995/18-16v-2d-(lhd)/specs/
CAR_9BE1CEA0,Fiat,Barchetta,18 16v le 2d (lhd),Fiat Barchetta Convertible1.8 16V LE 2d (LHD) Specs & dimensions,1995,,1747.0,4.0,130.0,164.0,1060.0,Front wheel drive,Manual,Naturally Aspirated,Petrol,,,199.6,124.0,8.6,198.0,https://www.parkers.co.uk/fiat/barchetta/convertible-1995/18-16v-le-2d-(lhd)/specs/
CAR_7B3BF03A,Fiat,Brava,12 16v formula (80bhp) 5d,Fiat Brava Hatchback1.2 16V Formula (80bhp) 5d Specs & dimensions,1995,,1242.0,4.0,82.0,113.0,1040.0,Front wheel drive,Manual,Naturally Aspirated,Petrol,,,172.2,107.0,12.6,164.0,https://www.parkers.co.uk/fiat/brava/hatchback-1995/12-16v-formula-(80bhp)-5d/specs/
CAR_E1FB6059,Fiat,Brava,12 16v sx (80bhp) 5d,Fiat Brava Hatchback1.2 16V SX (80bhp) 5d Specs & dimensions,1995,,1242.0,4.0,80.0,114.0,1040.0,Front wheel drive,Manual,Naturally Aspirated,Petrol,,,170.6,106.0,12.6,164.0,https://www.parkers.co.uk/fiat/brava/hatchback-1995/12-16v-sx-(80bhp)-5d/specs/
CAR_B1387936,Fiat,Bravo,14 5d,Fiat Bravo Hatchback1.4 5d Specs & dimensions,2007,,1368.0,4.0,90.0,128.0,1205.0,Front wheel drive,Manual,Naturally Aspirated,Petrol,,,178.6,111.0,12.1,156.0,https://www.parkers.co.uk/fiat/bravo/hatchback-2007/14-5d/specs/
CAR_85F1E679,Fiat,Bravo,14 active 5d,Fiat Bravo Hatchback1.4 Active 5d Specs & dimensions,2007,,1368.0,4.0,90.0,128.0,1205.0,Front wheel drive,Manual,Naturally Aspirated,Petrol,,,178.6,111.0,12.1,146.0,https://www.parkers.co.uk/fiat/bravo/hatchback-2007/14-active-5d/specs/
CAR_69687CEF,Fiat,Bravo,12 16v formula (80bhp) 3d,Fiat Bravo Hatchback1.2 16V Formula (80bhp) 3d Specs & dimensions,1995,,1242.0,4.0,80.0,114.0,1010.0,Front wheel drive,Manual,Naturally Aspirated,Petrol,,,170.6,106.0,12.1,162.0,https://www.parkers.co.uk/fiat/bravo/hatchback-1995/12-16v-formula-(80bhp)-3d/specs/
CAR_4552F149,Fiat,Bravo,12 16v sx (80bhp) 3d,Fiat Bravo Hatchback1.2 16V SX (80bhp) 3d Specs & dimensions,1995,,1242.0,4.0,80.0,114.0,1010.0,Front wheel drive,Manual,Naturally Aspirated,Petrol,,,170.6,106.0,12.1,162.0,https://www.parkers.co.uk/fiat/bravo/hatchback-1995/12-16v-sx-(80bhp)-3d/specs/
CAR_D83CF8A1,Fiat,Cinquecento,3d,Fiat Cinquecento Hatchback3d Specs & dimensions,1993,,899.0,,41.0,,,Front wheel drive,Manual,Naturally Aspirated,Petrol,,,,,,,https://www.parkers.co.uk/fiat/cinquecento/hatchback-1993/3d/specs/
CAR_D1E7BC87,Fiat,Cinquecento,s 3d,Fiat Cinquecento HatchbackS 3d Specs & dimensions,1993,,899.0,4.0,39.0,,710.0,Front wheel drive,Manual,Naturally Aspirated,Petrol,,,140.0,87.0,17.4,145.0,https://www.parkers.co.uk/fiat/cinquecento/hatchback-1993/s-3d/specs/
CAR_AB1AF17C,Fiat,Coupe,16v 2d,Fiat Coupe Coupe16V 2d Specs & dimensions,1995,,1995.0,,142.0,,,Front wheel drive,Manual,Naturally Aspirated,Petrol,,,207.6,129.0,8.9,,https://www.parkers.co.uk/fiat/coupe/coupe-1995/16v-2d/specs/
CAR_02288319,Fiat,Coupe,16v turbo 2d,Fiat Coupe Coupe16V Turbo 2d Specs & dimensions,1995,,1995.0,,195.0,,,Front wheel drive,Manual,Turbocharged,Petrol,,,225.3,140.0,7.3,,https://www.parkers.co.uk/fiat/coupe/coupe-1995/16v-turbo-2d/specs/
CAR_D679409D,Fiat,Croma,18 16v dynamic 5d,Fiat Croma Hatchback1.8 16V Dynamic 5d Specs & dimensions,2005,,1796.0,4.0,140.0,175.0,1430.0,Front wheel drive,Manual,Naturally Aspirated,Petrol,,,206.0,128.0,9.9,175.0,https://www.parkers.co.uk/fiat/croma/hatchback-2005/18-16v-dynamic-5d/specs/
CAR_9FDF9F80,Fiat,Croma,18 16v eleganza 5d,Fiat Croma Hatchback1.8 16V Eleganza 5d Specs & dimensions,2005,,1796.0,4.0,140.0,175.0,1430.0,Front wheel drive,Manual,Naturally Aspirated,Petrol,,,206.0,128.0,9.9,175.0,https://www.parkers.co.uk/fiat/croma/hatchback-2005/18-16v-eleganza-5d/specs/
CAR_4459E9E2,Fiat,Croma,20 cht 5d,Fiat Croma Hatchback2.0 CHT 5d Specs & dimensions,1986,,1995.0,,100.0,,,Front wheel drive,Manual,Naturally Aspirated,Petrol,,,,,,,https://www.parkers.co.uk/fiat/croma/hatchback-1986/20-cht-5d/specs/
CAR_546803A1,Fiat,Croma,20 cht 5d auto,Fiat Croma Hatchback2.0 CHT 5d Auto Specs & dimensions,1986,,1995.0,,,,,Front wheel drive,Automatic,Naturally Aspirated,Petrol,,,,,,,https://www.parkers.co.uk/fiat/croma/hatchback-1986/20-cht-5d-auto/specs/
CAR_B63055DB,Fiat,Doblo,12 8v active 5d,Fiat Doblo Estate1.2 8V Active 5d Specs & dimensions,2001,,1242.0,4.0,65.0,102.0,1220.0,Front wheel drive,Manual,Naturally Aspirated,Petrol,,,141.6,88.0,18.3,178.0,https://www.parkers.co.uk/fiat/doblo/estate-2001/12-8v-active-5d/specs/
CAR_E4F6FB4C,Fiat,Doblo,12 8v dynamic 5d,Fiat Doblo Estate1.2 8V Dynamic 5d Specs & dimensions,2001,,1242.0,4.0,65.0,102.0,1220.0,Front wheel drive,Manual,Naturally Aspirated,Petrol,,,141.6,88.0,18.3,178.0,https://www.parkers.co.uk/fiat/doblo/estate-2001/12-8v-dynamic-5d/specs/
CAR_65F91D25,Fiat,Doblo,14 16v active high roof 5d,Fiat Doblo Estate1.4 16V Active High Roof 5d Specs & dimensions,2010,,1368.0,4.0,95.0,127.0,1430.0,Front wheel drive,Manual,Naturally Aspirated,Petrol,,,156.1,97.0,15.4,171.0,https://www.parkers.co.uk/fiat/doblo/estate-2010/14-16v-active-high-roof-5d/specs/
CAR_630344AC,Fiat,Doblo,14 16v dynamic (7 seat) 5d,Fiat Doblo Estate1.4 16V Dynamic (7 Seat) 5d Specs & dimensions,2010,,1368.0,4.0,95.0,127.0,1340.0,Front wheel drive,Manual,Naturally Aspirated,Petrol,,,160.9,100.0,14.9,166.0,https://www.parkers.co.uk/fiat/doblo/estate-2010/14-16v-dynamic-(7-seat)-5d/specs/
CAR_329839DF,Fiat,Fiorino,13 multijet (5 seat) 5d,Fiat Fiorino Estate1.3 Multijet (5 seat) 5d Specs & dimensions,2008,,1248.0,4.0,75.0,190.0,1185.0,Front wheel drive,Manual,Unknown,Diesel,,,156.1,97.0,,119.0,https://www.parkers.co.uk/fiat/fiorino/estate-2008/13-multijet-(5-seat)-5d/specs/
CAR_126BDEF6,Fiat,Fiorino,13 multijet (5 seat) 5d comfort matic,Fiat Fiorino Estate1.3 Multijet (5 seat) 5d Comfort Matic Specs & dimensions,2008,,1248.0,4.0,75.0,190.0,1090.0,Front wheel drive,Automatic,Unknown,Diesel,,,156.1,97.0,,119.0,https://www.parkers.co.uk/fiat/fiorino/estate-2008/13-multijet-(5-seat)-5d-comfort-matic/specs/
CAR_762AC346,Fiat,Grande Panda,83kw icon 44kwh 5dr auto,Fiat Grande Panda Electric83kW Icon 44kWh 5dr Auto Specs & dimensions,2025,,,,111.0,122.0,1475.0,Front wheel drive,Automatic,EV,Electric,,,132.0,82.0,11.1,0.0,https://www.parkers.co.uk/fiat/grande-panda/electric-2025/83kw-icon-44kwh-5dr-auto/specs/
CAR_DFDEDD7A,Fiat,Grande Panda,83kw pop 44kwh 5dr auto,Fiat Grande Panda Electric83kW Pop 44kWh 5dr Auto Specs & dimensions,2025,,,,111.0,122.0,1461.0,Front wheel drive,Automatic,EV,Electric,,,132.0,82.0,10.6,0.0,https://www.parkers.co.uk/fiat/grande-panda/electric-2025/83kw-pop-44kwh-5dr-auto/specs/
CAR_7CEE4F12,Fiat,Grande Panda,83kw la prima 44kwh 5dr auto,Fiat Grande Panda Hatchback83kW La Prima 44kWh 5dr Auto Specs & dimensions,2025,,,,111.0,122.0,1475.0,Front wheel drive,Automatic,EV,Electric,,,132.0,82.0,11.1,0.0,https://www.parkers.co.uk/fiat/grande-panda/hatchback-2025/83kw-la-prima-44kwh-5dr-auto/specs/
CAR_E71DADE0,Fiat,Grande Panda,83kw red 44kwh 5dr auto,Fiat Grande Panda Hatchback83kW Red 44kWh 5dr Auto Specs & dimensions,2025,,,,111.0,122.0,1461.0,Front wheel drive,Automatic,EV,Electric,,,132.0,82.0,10.6,0.0,https://www.parkers.co.uk/fiat/grande-panda/hatchback-2025/83kw-red-44kwh-5dr-auto/specs/
CAR_A1A77BF3,Fiat,Grande Punto,12 active 3d,Fiat Grande Punto Hatchback1.2 Active 3d Specs & dimensions,2006,,1242.0,4.0,65.0,102.0,1015.0,Front wheel drive,Manual,Naturally Aspirated,Petrol,,,154.5,96.0,14.0,139.0,https://www.parkers.co.uk/fiat/grande-punto/hatchback-2006/12-active-3d/specs/
CAR_B0805E97,Fiat,Grande Punto,12 active 3d (ac),Fiat Grande Punto Hatchback1.2 Active 3d (AC) Specs & dimensions,2006,,1242.0,4.0,65.0,102.0,1015.0,Front wheel drive,Manual,Naturally Aspirated,Petrol,,,154.5,96.0,14.0,139.0,https://www.parkers.co.uk/fiat/grande-punto/hatchback-2006/12-active-3d-(ac)/specs/
CAR_6C1A0312,Fiat,Idea,13 multijet active 5d,Fiat Idea Hatchback1.3 Multijet Active 5d Specs & dimensions,2004,,1248.0,4.0,70.0,180.0,1200.0,Front wheel drive,Manual,Unknown,Diesel,,,160.9,100.0,14.9,135.0,https://www.parkers.co.uk/fiat/idea/hatchback-2004/13-multijet-active-5d/specs/
CAR_D6C606FB,Fiat,Idea,13 multijet active 5d auto,Fiat Idea Hatchback1.3 Multijet Active 5d Auto Specs & dimensions,2004,,1248.0,4.0,70.0,180.0,1200.0,Front wheel drive,Automatic,Unknown,Diesel,,,160.9,100.0,14.9,132.0,https://www.parkers.co.uk/fiat/idea/hatchback-2004/13-multijet-active-5d-auto/specs/
CAR_BBB2E6D4,Fiat,Marea,16 16v elx (100bhp) 4d auto,Fiat Marea Saloon1.6 16V ELX (100bhp) 4d Auto Specs & dimensions,1997,,1581.0,4.0,103.0,144.0,1165.0,Front wheel drive,Automatic,Naturally Aspirated,Petrol,,,186.7,116.0,13.2,207.0,https://www.parkers.co.uk/fiat/marea/saloon-1997/16-16v-elx-(100bhp)-4d-auto/specs/
CAR_550CF041,Fiat,Marea,16 16v sx (100bhp) 4d,Fiat Marea Saloon1.6 16V SX (100bhp) 4d Specs & dimensions,1997,,1581.0,4.0,103.0,144.0,1140.0,Front wheel drive,Manual,Naturally Aspirated,Petrol,,,186.7,116.0,10.4,192.0,https://www.parkers.co.uk/fiat/marea/saloon-1997/16-16v-sx-(100bhp)-4d/specs/
CAR_FB41FBAB,Fiat,Marea,16 16v elx (100bhp) 5d auto,Fiat Marea Weekend1.6 16V ELX (100bhp) 5d Auto Specs & dimensions,1997,,1581.0,4.0,103.0,144.0,1225.0,Front wheel drive,Automatic,Naturally Aspirated,Petrol,,,185.1,115.0,13.6,210.0,https://www.parkers.co.uk/fiat/marea/weekend-1997/16-16v-elx-(100bhp)-5d-auto/specs/
CAR_EB459A35,Fiat,Marea,16 16v sx (100bhp) 5d,Fiat Marea Weekend1.6 16V SX (100bhp) 5d Specs & dimensions,1997,,1581.0,4.0,103.0,144.0,1200.0,Front wheel drive,Manual,Naturally Aspirated,Petrol,,,185.1,115.0,10.7,195.0,https://www.parkers.co.uk/fiat/marea/weekend-1997/16-16v-sx-(100bhp)-5d/specs/
CAR_4283DA75,Fiat,Multipla,16 dynamic 5d,Fiat Multipla Estate1.6 Dynamic 5d Specs & dimensions,2000,,1596.0,4.0,103.0,145.0,1300.0,Front wheel drive,Manual,Naturally Aspirated,Petrol,,,170.6,106.0,12.6,205.0,https://www.parkers.co.uk/fiat/multipla/estate-2000/16-dynamic-5d/specs/
CAR_D2A134DE,Fiat,Multipla,16 dynamic family 5d,Fiat Multipla Estate1.6 Dynamic Family 5d Specs & dimensions,2000,,1596.0,4.0,103.0,145.0,1300.0,Front wheel drive,Manual,Naturally Aspirated,Petrol,,,170.6,106.0,12.2,204.0,https://www.parkers.co.uk/fiat/multipla/estate-2000/16-dynamic-family-5d/specs/
CAR_2F10161A,Fiat,Panda,09 twinair (85bhp) easy 5d,Fiat Panda Hatchback0.9 TwinAir (85bhp) Easy 5d Specs & dimensions,2012,,875.0,2.0,83.0,145.0,1050.0,Front wheel drive,Manual,Naturally Aspirated,Petrol,,,177.0,110.0,10.8,99.0,https://www.parkers.co.uk/fiat/panda/hatchback-2012/09-twinair-(85bhp)-easy-5d/specs/
CAR_A0060A56,Fiat,Panda,09 twinair (85bhp) easy 5d dualogic,Fiat Panda Hatchback0.9 TwinAir (85bhp) Easy 5d Dualogic Specs & dimensions,2012,,875.0,2.0,83.0,145.0,1055.0,Front wheel drive,Automatic,Naturally Aspirated,Petrol,,,177.0,110.0,11.1,95.0,https://www.parkers.co.uk/fiat/panda/hatchback-2012/09-twinair-(85bhp)-easy-5d-dualogic/specs/
CAR_732C4EBC,Fiat,Panda,09 twinair (85bhp) 4x4 5d,Fiat Panda 4x40.9 TwinAir (85bhp) 4X4 5d Specs & dimensions,2012,,875.0,2.0,83.0,145.0,1050.0,4 wheel drive,Manual,Naturally Aspirated,Petrol,,,164.2,102.0,12.4,166.0,https://www.parkers.co.uk/fiat/panda/4x4-2012/09-twinair-(85bhp)-4x4-5d/specs/
CAR_8F70E011,Fiat,Panda,09 twinair (90bhp) cross 4x4 5d,Fiat Panda 4x40.9 TwinAir (90bhp) Cross 4x4 5d Specs & dimensions,2012,,875.0,2.0,88.0,145.0,1165.0,4 wheel drive,Manual,Naturally Aspirated,Petrol,,,164.2,102.0,12.4,122.0,https://www.parkers.co.uk/fiat/panda/4x4-2012/09-twinair-(90bhp)-cross-4x4-5d/specs/
CAR_E2264DF5,Fiat,Punto,09 twinair (brio pack) 3d,Fiat Punto Hatchback0.9 TwinAir (Brio Pack) 3d Specs & dimensions,2012,,875.0,2.0,83.0,145.0,1075.0,Front wheel drive,Manual,Naturally Aspirated,Petrol,,,172.2,107.0,12.3,98.0,https://www.parkers.co.uk/fiat/punto/hatchback-2012/09-twinair-(brio-pack)-3d/specs/
CAR_BBC638A7,Fiat,Punto,09 twinair (brio pack) 5d,Fiat Punto Hatchback0.9 TwinAir (Brio Pack) 5d Specs & dimensions,2012,,875.0,2.0,83.0,145.0,1090.0,Front wheel drive,Manual,Naturally Aspirated,Petrol,,,172.2,107.0,12.3,98.0,https://www.parkers.co.uk/fiat/punto/hatchback-2012/09-twinair-(brio-pack)-5d/specs/
CAR_8C9A4983,Fiat,Punto,12 16v dynamic 3d,Fiat Punto Hatchback1.2 16V Dynamic 3d Specs & dimensions,1999,,1242.0,4.0,80.0,114.0,920.0,Front wheel drive,Manual,Naturally Aspirated,Petrol,,,172.2,107.0,11.0,142.0,https://www.parkers.co.uk/fiat/punto/hatchback-1999/12-16v-dynamic-3d/specs/
CAR_B1DFA576,Fiat,Punto,12 16v dynamic 5d,Fiat Punto Hatchback1.2 16V Dynamic 5d Specs & dimensions,1999,,1242.0,4.0,80.0,114.0,935.0,Front wheel drive,Manual,Naturally Aspirated,Petrol,,,172.2,107.0,11.0,142.0,https://www.parkers.co.uk/fiat/punto/hatchback-1999/12-16v-dynamic-5d/specs/
CAR_85CD4D06,Fiat,Punto Evo,12 active 3d,Fiat Punto Evo Hatchback1.2 Active 3d Specs & dimensions,2010,,1242.0,4.0,68.0,102.0,1015.0,Front wheel drive,Manual,Naturally Aspirated,Petrol,,,156.1,97.0,13.5,123.0,https://www.parkers.co.uk/fiat/punto-evo/hatchback-2010/12-active-3d/specs/
CAR_E3630E5D,Fiat,Punto Evo,12 active 5d,Fiat Punto Evo Hatchback1.2 Active 5d Specs & dimensions,2010,,1242.0,4.0,68.0,102.0,1030.0,Front wheel drive,Manual,Naturally Aspirated,Petrol,,,156.1,97.0,13.5,123.0,https://www.parkers.co.uk/fiat/punto-evo/hatchback-2010/12-active-5d/specs/
CAR_F965C8FF,Fiat,Qubo,13 multijet (80bhp) active 5d,Fiat Qubo Estate1.3 Multijet (80bhp) Active 5d Specs & dimensions,2009,,1248.0,4.0,78.0,200.0,1200.0,Front wheel drive,Manual,Unknown,Diesel,,,160.9,100.0,13.5,106.0,https://www.parkers.co.uk/fiat/qubo/estate-2009/13-multijet-(80bhp)-active-5d/specs/
CAR_FE3933D6,Fiat,Qubo,13 multijet (80bhp) active 5d dualogic,Fiat Qubo Estate1.3 Multijet (80bhp) Active 5d Dualogic Specs & dimensions,2009,,1248.0,4.0,78.0,200.0,1200.0,Front wheel drive,Automatic,Unknown,Diesel,,,160.9,100.0,14.3,103.0,https://www.parkers.co.uk/fiat/qubo/estate-2009/13-multijet-(80bhp)-active-5d-dualogic/specs/
CAR_78D9BFF6,Fiat,Regata,13 antares 4d,Fiat Regata Saloon1.3 Antares 4d Specs & dimensions,1984,,1301.0,,65.0,,,Front wheel drive,Manual,Naturally Aspirated,Petrol,,,,,,,https://www.parkers.co.uk/fiat/regata/saloon-1984/13-antares-4d/specs/
CAR_1CF0F89A,Fiat,Regata,13 bianca 4d,Fiat Regata Saloon1.3 Bianca 4d Specs & dimensions,1984,,1301.0,,65.0,,,Front wheel drive,Manual,Naturally Aspirated,Petrol,,,,,,,https://www.parkers.co.uk/fiat/regata/saloon-1984/13-bianca-4d/specs/
CAR_9248BBDA,Fiat,Regata,100 s ie 5d,Fiat Regata Estate100 S ie 5d Specs & dimensions,1985,,1585.0,,100.0,,,Front wheel drive,Manual,Naturally Aspirated,Petrol,,,,,,,https://www.parkers.co.uk/fiat/regata/estate-1985/100-s-ie-5d/specs/
CAR_2992CB70,Fiat,Regata,100 super 5d,Fiat Regata Estate100 Super 5d Specs & dimensions,1985,,1585.0,,100.0,,,Front wheel drive,Manual,Naturally Aspirated,Petrol,,,,,,,https://www.parkers.co.uk/fiat/regata/estate-1985/100-super-5d/specs/
CAR_0B6D0C3E,Fiat,Scudo,20 multijet (130bhp) family 8 seat l1 5d,Fiat Scudo Panorama2.0 Multijet (130bhp) Family 8 Seat L1 5d Specs & dimensions,2007,,1997.0,4.0,126.0,320.0,1901.0,Front wheel drive,Manual,Unknown,Diesel,,,170.6,106.0,,183.0,https://www.parkers.co.uk/fiat/scudo/panorama-2007/20-multijet-(130bhp)-family-8-seat-l1-5d/specs/
CAR_888AFE6B,Fiat,Scudo,20 multijet (130bhp) family 8 seat l2 5d,Fiat Scudo Panorama2.0 Multijet (130bhp) Family 8 Seat L2 5d Specs & dimensions,2007,,1997.0,4.0,126.0,320.0,1911.0,Front wheel drive,Manual,Unknown,Diesel,,,170.6,106.0,,183.0,https://www.parkers.co.uk/fiat/scudo/panorama-2007/20-multijet-(130bhp)-family-8-seat-l2-5d/specs/
CAR_D6EBE232,Fiat,Scudo,10q 16 multijet (90bhp) 6 seat l1 5d,Fiat Scudo Combi10Q 1.6 Multijet (90bhp) 6 Seat L1 5d Specs & dimensions,2007,,1560.0,4.0,88.0,180.0,1745.0,Front wheel drive,Manual,Unknown,Diesel,,,144.8,90.0,16.6,191.0,https://www.parkers.co.uk/fiat/scudo/combi-2007/10q-16-multijet-(90bhp)-6-seat-l1-5d/specs/
CAR_A7D56BA4,Fiat,Scudo,10q 16 multijet (90bhp) 9 seat l1 5d,Fiat Scudo Combi10Q 1.6 Multijet (90bhp) 9 Seat L1 5d Specs & dimensions,2007,,1560.0,4.0,88.0,180.0,1745.0,Front wheel drive,Manual,Unknown,Diesel,,,144.8,90.0,16.6,191.0,https://www.parkers.co.uk/fiat/scudo/combi-2007/10q-16-multijet-(90bhp)-9-seat-l1-5d/specs/
CAR_28637FE5,Fiat,Sedici,16 16v dynamic (2010) 5d,Fiat Sedici Hatchback1.6 16V Dynamic (2010) 5d Specs & dimensions,2006,2010,1586.0,4.0,120.0,156.0,1200.0,4 wheel drive,Manual,Naturally Aspirated,Petrol,,,175.4,109.0,11.1,149.0,https://www.parkers.co.uk/fiat/sedici/hatchback-2006/16-16v-dynamic-(2010)-5d/specs/
CAR_FA0BB913,Fiat,Sedici,16 16v dynamic (2wd) (2010) 5d,Fiat Sedici Hatchback1.6 16V Dynamic (2WD) (2010) 5d Specs & dimensions,2006,2010,1586.0,4.0,120.0,156.0,1140.0,Front wheel drive,Manual,Naturally Aspirated,Petrol,,,185.1,115.0,10.4,141.0,https://www.parkers.co.uk/fiat/sedici/hatchback-2006/16-16v-dynamic-(2wd)-(2010)-5d/specs/
CAR_DB54D836,Fiat,Seicento,11 2tone 3d,Fiat Seicento Hatchback1.1 2Tone 3d Specs & dimensions,1998,,1108.0,4.0,54.0,88.0,735.0,Front wheel drive,Manual,Naturally Aspirated,Petrol,,,149.7,93.0,14.0,143.0,https://www.parkers.co.uk/fiat/seicento/hatchback-1998/11-2tone-3d/specs/
CAR_CE711C25,Fiat,Seicento,11 michael schumacher sporting 3d,Fiat Seicento Hatchback1.1 Michael Schumacher Sporting 3d Specs & dimensions,1998,,1108.0,4.0,54.0,88.0,735.0,Front wheel drive,Manual,Naturally Aspirated,Petrol,,,149.7,93.0,13.1,155.0,https://www.parkers.co.uk/fiat/seicento/hatchback-1998/11-michael-schumacher-sporting-3d/specs/
CAR_892976D0,Fiat,Stilo,12 16v active 3d,Fiat Stilo Hatchback1.2 16V Active 3d Specs & dimensions,2002,,1242.0,4.0,80.0,114.0,1090.0,Front wheel drive,Manual,Turbocharged,Petrol,,,172.2,107.0,13.0,149.0,https://www.parkers.co.uk/fiat/stilo/hatchback-2002/12-16v-active-3d/specs/
CAR_A3058DC3,Fiat,Stilo,12 16v active 5d,Fiat Stilo Hatchback1.2 16V Active 5d Specs & dimensions,2002,,1242.0,4.0,80.0,114.0,1145.0,Front wheel drive,Manual,Turbocharged,Petrol,,,170.6,106.0,13.4,155.0,https://www.parkers.co.uk/fiat/stilo/hatchback-2002/12-16v-active-5d/specs/
CAR_79BD7FFB,Fiat,Stilo,16 16v active 5d,Fiat Stilo Multiwagon1.6 16V Active 5d Specs & dimensions,2003,,1596.0,4.0,103.0,145.0,1295.0,Front wheel drive,Manual,Turbocharged,Petrol,,,183.5,114.0,11.0,181.0,https://www.parkers.co.uk/fiat/stilo/multiwagon-2003/16-16v-active-5d/specs/
CAR_8EDD6BEB,Fiat,Stilo,16 16v active 5d (ac),Fiat Stilo Multiwagon1.6 16V Active 5d (AC) Specs & dimensions,2003,,1596.0,4.0,103.0,145.0,1295.0,Front wheel drive,Manual,Turbocharged,Petrol,,,183.5,114.0,11.0,187.0,https://www.parkers.co.uk/fiat/stilo/multiwagon-2003/16-16v-active-5d-(ac)/specs/
CAR_2E6D6E4D,Fiat,Strada,105 tc 3d,Fiat Strada Hatchback105 TC 3d Specs & dimensions,1982,,1585.0,,,,,Front wheel drive,Manual,Naturally Aspirated,Petrol,,,,,,,https://www.parkers.co.uk/fiat/strada/hatchback-1982/105-tc-3d/specs/
CAR_5399660D,Fiat,Strada,130 tc abarth 3d,Fiat Strada Hatchback130 TC Abarth 3d Specs & dimensions,1982,,1995.0,,130.0,,,Front wheel drive,Manual,Naturally Aspirated,Petrol,,,,,,,https://www.parkers.co.uk/fiat/strada/hatchback-1982/130-tc-abarth-3d/specs/
CAR_7B7282B8,Fiat,Strada,70 cabrio 2d,Fiat Strada Convertible70 Cabrio 2d Specs & dimensions,1983,,1498.0,,,,,Front wheel drive,Manual,Naturally Aspirated,Petrol,,,,,,,https://www.parkers.co.uk/fiat/strada/convertible-1983/70-cabrio-2d/specs/
CAR_F1F6B6B6,Fiat,Strada,trim cabrio,Fiat Strada Convertible Cabrio (1983 - 1985)Specs & dimensions,1983,1985,,,,,,,,Unknown,,,,,,,,https://www.parkers.co.uk/fiat/strada/convertible-1983/trim-cabrio/specs/
CAR_485EDB32,Fiat,Tempra,14 4d,Fiat Tempra Saloon1.4 4d Specs & dimensions,1990,,1372.0,,78.0,,,Front wheel drive,Manual,Naturally Aspirated,Petrol,,,,,,,https://www.parkers.co.uk/fiat/tempra/saloon-1990/14-4d/specs/
CAR_2E1041A2,Fiat,Tempra,16 4d,Fiat Tempra Saloon1.6 4d Specs & dimensions,1990,,1581.0,,86.0,,,Front wheel drive,Manual,Naturally Aspirated,Petrol,,,,,,,https://www.parkers.co.uk/fiat/tempra/saloon-1990/16-4d/specs/
CAR_F511272E,Fiat,Tempra,16 5d,Fiat Tempra Station Wagon1.6 5d Specs & dimensions,1991,,1581.0,,86.0,,,Front wheel drive,Manual,Naturally Aspirated,Petrol,,,,,,,https://www.parkers.co.uk/fiat/tempra/station-wagon-1991/16-5d/specs/
CAR_2DE02177,Fiat,Tempra,16 action 5d,Fiat Tempra Station Wagon1.6 Action 5d Specs & dimensions,1991,,1581.0,,76.0,,,Front wheel drive,Manual,Naturally Aspirated,Petrol,,,,,,,https://www.parkers.co.uk/fiat/tempra/station-wagon-1991/16-action-5d/specs/
CAR_6C7521F2,Fiat,Tipo,10 5dr,Fiat Tipo Hatchback1.0 5dr Specs & dimensions,2016,,999.0,3.0,98.0,190.0,1315.0,Front wheel drive,Manual,Naturally Aspirated,Petrol,,,189.9,118.0,11.8,125.0,https://www.parkers.co.uk/fiat/tipo/hatchback-2016/10-5dr/specs/
CAR_CA642F88,Fiat,Tipo,10 city life 5dr,Fiat Tipo Hatchback1.0 City Life 5dr Specs & dimensions,2016,,999.0,3.0,98.0,190.0,1315.0,Front wheel drive,Manual,Naturally Aspirated,Petrol,,,189.9,118.0,11.8,125.0,https://www.parkers.co.uk/fiat/tipo/hatchback-2016/10-city-life-5dr/specs/
CAR_0951282B,Fiat,Tipo,10 5dr,Fiat Tipo Station Wagon1.0 5dr Specs & dimensions,2016,,999.0,3.0,98.0,190.0,1345.0,Front wheel drive,Manual,Naturally Aspirated,Petrol,,,191.5,119.0,11.6,126.0,https://www.parkers.co.uk/fiat/tipo/station-wagon-2016/10-5dr/specs/
CAR_4AAB3927,Fiat,Tipo,10 life 5dr,Fiat Tipo Station Wagon1.0 Life 5dr Specs & dimensions,2016,,999.0,3.0,98.0,190.0,1345.0,Front wheel drive,Manual,Naturally Aspirated,Petrol,,,191.5,119.0,11.6,126.0,https://www.parkers.co.uk/fiat/tipo/station-wagon-2016/10-life-5dr/specs/
CAR_C0896EB6,Fiat,Ulysse,19 td el 5d,Fiat Ulysse Estate1.9 TD EL 5d Specs & dimensions,1995,,1905.0,4.0,90.0,196.0,1565.0,Front wheel drive,Manual,Unknown,Diesel,,,160.9,100.0,14.6,215.0,https://www.parkers.co.uk/fiat/ulysse/estate-1995/19-td-el-5d/specs/
CAR_9FC04400,Fiat,Ulysse,19 td s 5d,Fiat Ulysse Estate1.9 TD S 5d Specs & dimensions,1995,,1905.0,4.0,90.0,196.0,1565.0,Front wheel drive,Manual,Unknown,Diesel,,,160.9,100.0,14.6,215.0,https://www.parkers.co.uk/fiat/ulysse/estate-1995/19-td-s-5d/specs/
CAR_0556924D,Fiat,Ulysse,20 16v dynamic 5d,Fiat Ulysse Estate2.0 16V Dynamic 5d Specs & dimensions,2003,,1997.0,4.0,136.0,190.0,1645.0,Front wheel drive,Manual,Naturally Aspirated,Petrol,,,185.1,115.0,10.8,218.0,https://www.parkers.co.uk/fiat/ulysse/estate-2003/20-16v-dynamic-5d/specs/
CAR_0AD0C616,Fiat,Ulysse,20 16v eleganza 5d,Fiat Ulysse Estate2.0 16V Eleganza 5d Specs & dimensions,2003,,1997.0,4.0,136.0,190.0,1645.0,Front wheel drive,Manual,Naturally Aspirated,Petrol,,,185.1,115.0,10.8,218.0,https://www.parkers.co.uk/fiat/ulysse/estate-2003/20-16v-eleganza-5d/specs/
CAR_EE34F558,Fiat,Uno,10 ie cat 3d,Fiat Uno Hatchback1.0 ie Cat 3d Specs & dimensions,1983,,999.0,,45.0,,,Front wheel drive,Manual,Naturally Aspirated,Petrol,,,,,,,https://www.parkers.co.uk/fiat/uno/hatchback-1983/10-ie-cat-3d/specs/
CAR_14312C72,Fiat,Uno,10 ie cat 5d,Fiat Uno Hatchback1.0 ie Cat 5d Specs & dimensions,1983,,999.0,,45.0,,,Front wheel drive,Manual,Naturally Aspirated,Petrol,,,,,,,https://www.parkers.co.uk/fiat/uno/hatchback-1983/10-ie-cat-5d/specs/
CAR_737398A7,Jaguar,E Pace,15 p160 r dynamic hse black 5dr auto 2wd,Jaguar E-Pace SUV1.5 P160 R-Dynamic HSE Black 5dr Auto 2WD Specs & dimensions,2017,,1498.0,3.0,157.0,260.0,1708.0,Front wheel drive,Automatic,Naturally Aspirated,Petrol,,,196.3,122.0,10.2,182.0,https://www.parkers.co.uk/jaguar/e-pace/suv-2017/15-p160-r-dynamic-hse-black-5dr-auto-2wd/specs/
CAR_9335B6AD,Jaguar,E Pace,15 p160 r dynamic s 5dr auto 2wd,Jaguar E-Pace SUV1.5 P160 R-Dynamic S 5dr Auto 2WD Specs & dimensions,2017,,1498.0,3.0,157.0,260.0,1708.0,Front wheel drive,Automatic,Naturally Aspirated,Petrol,,,196.3,122.0,10.2,179.0,https://www.parkers.co.uk/jaguar/e-pace/suv-2017/15-p160-r-dynamic-s-5dr-auto-2wd/specs/
CAR_F6A128E4,Jaguar,F Pace,20 d165 5dr auto awd,Jaguar F-Pace 4x42.0 D165 5dr Auto AWD Specs & dimensions,2016,,1997.0,4.0,160.0,380.0,1876.0,4 wheel drive,Automatic,Unknown,Diesel,,,194.7,121.0,9.6,163.0,https://www.parkers.co.uk/jaguar/f-pace/4x4-2016/20-d165-5dr-auto-awd/specs/
CAR_E4BDE18C,Jaguar,F Pace,20 d165 r dynamic black 5dr auto awd,Jaguar F-Pace 4x42.0 D165 R-Dynamic Black 5dr Auto AWD Specs & dimensions,2016,,1997.0,4.0,160.0,380.0,1876.0,4 wheel drive,Automatic,Unknown,Diesel,,,194.7,121.0,9.6,170.0,https://www.parkers.co.uk/jaguar/f-pace/4x4-2016/20-d165-r-dynamic-black-5dr-auto-awd/specs/
CAR_7543E254,Jaguar,F Type,20 p300 r dynamic black 2dr auto,Jaguar F-Type Roadster2.0 P300 R-Dynamic Black 2dr Auto Specs & dimensions,2013,,1997.0,4.0,295.0,400.0,1571.0,Rear wheel drive,Automatic,Turbocharged,Petrol,,,249.4,155.0,5.5,219.0,https://www.parkers.co.uk/jaguar/f-type/roadster-2013/20-p300-r-dynamic-black-2dr-auto/specs/
CAR_005CF655,Jaguar,F Type,20 p300 r dynamic plus 2dr auto,Jaguar F-Type Roadster2.0 P300 R-Dynamic Plus 2dr Auto Specs & dimensions,2013,,1997.0,4.0,295.0,400.0,1571.0,Rear wheel drive,Automatic,Turbocharged,Petrol,,,249.4,155.0,5.7,217.0,https://www.parkers.co.uk/jaguar/f-type/roadster-2013/20-p300-r-dynamic-plus-2dr-auto/specs/
CAR_D7C222D8,Jaguar,F Type,20 black edition 2dr auto 2d,Jaguar F-Type Coupe2.0 Black Edition 2dr Auto 2d Specs & dimensions,2014,,1997.0,4.0,295.0,400.0,,Rear wheel drive,Automatic,Naturally Aspirated,Petrol,,,249.4,155.0,5.4,163.0,https://www.parkers.co.uk/jaguar/f-type/coupe-2014/20-black-edition-2dr-auto-2d/specs/
CAR_E8FAE5B7,Jaguar,F Type,20 p300 r dynamic black 2dr auto,Jaguar F-Type Coupe2.0 P300 R-Dynamic Black 2dr Auto Specs & dimensions,2014,,1997.0,4.0,295.0,400.0,1553.0,Rear wheel drive,Automatic,Naturally Aspirated,Petrol,,,249.4,155.0,5.5,217.0,https://www.parkers.co.uk/jaguar/f-type/coupe-2014/20-p300-r-dynamic-black-2dr-auto/specs/
CAR_87C7719B,Jaguar,I Pace,294kw ev400 black 90kwh 5dr auto [11kw charger],Jaguar I-Pace SUV294kW EV400 Black 90kWh 5dr Auto [11kW Charger] Specs & dimensions,2018,,,,394.0,696.0,2208.0,4 wheel drive,Automatic,EV,Electric,,,199.6,124.0,4.6,0.0,https://www.parkers.co.uk/jaguar/i-pace/suv-2018/294kw-ev400-black-90kwh-5dr-auto-[11kw-charger]/specs/
CAR_083B6E19,Jaguar,I Pace,294kw ev400 hse 90kwh auto [11kw charger] 5d,Jaguar I-Pace SUV294kW EV400 HSE 90kWh Auto [11kW Charger] 5d Specs & dimensions,2018,,,,394.0,696.0,2208.0,4 wheel drive,Automatic,EV,Electric,,,199.6,124.0,4.6,0.0,https://www.parkers.co.uk/jaguar/i-pace/suv-2018/294kw-ev400-hse-90kwh-auto-[11kw-charger]-5d/specs/
CAR_D5587593,Jaguar,S Type,25 v6 4d (02),Jaguar S-Type Saloon2.5 V6 4d (02) Specs & dimensions,1999,,2497.0,6.0,201.0,250.0,1620.0,Rear wheel drive,Manual,Naturally Aspirated,Petrol,,,228.5,142.0,8.2,229.0,https://www.parkers.co.uk/jaguar/s-type/saloon-1999/25-v6-4d-(02)/specs/
CAR_204BC791,Jaguar,S Type,25 v6 4d (04),Jaguar S-Type Saloon2.5 V6 4d (04) Specs & dimensions,1999,,2497.0,6.0,201.0,250.0,1620.0,Rear wheel drive,Manual,Naturally Aspirated,Petrol,,,228.5,142.0,8.2,229.0,https://www.parkers.co.uk/jaguar/s-type/saloon-1999/25-v6-4d-(04)/specs/
CAR_6189897C,Jaguar,X Type,20 v6 4d,Jaguar X-Type Saloon2.0 V6 4d Specs & dimensions,2001,,2099.0,6.0,157.0,200.0,1450.0,Front wheel drive,Manual,Naturally Aspirated,Petrol,,,209.2,130.0,8.9,219.0,https://www.parkers.co.uk/jaguar/x-type/saloon-2001/20-v6-4d/specs/
CAR_ED7B580D,Jaguar,X Type,20 v6 4d auto,Jaguar X-Type Saloon2.0 V6 4d Auto Specs & dimensions,2001,,2099.0,6.0,157.0,200.0,1485.0,Front wheel drive,Automatic,Naturally Aspirated,Petrol,,,204.4,127.0,10.4,239.0,https://www.parkers.co.uk/jaguar/x-type/saloon-2001/20-v6-4d-auto/specs/
CAR_CF19E840,Jaguar,X Type,20 v6 classic 5d,Jaguar X-Type Estate2.0 V6 Classic 5d Specs & dimensions,2004,,2099.0,6.0,157.0,200.0,1510.0,Front wheel drive,Manual,Naturally Aspirated,Petrol,,,206.0,128.0,9.3,224.0,https://www.parkers.co.uk/jaguar/x-type/estate-2004/20-v6-classic-5d/specs/
CAR_506CDA58,Jaguar,X Type,20 v6 classic 5d auto,Jaguar X-Type Estate2.0 V6 Classic 5d Auto Specs & dimensions,2004,,2099.0,6.0,157.0,200.0,1555.0,Front wheel drive,Automatic,Naturally Aspirated,Petrol,,,201.2,125.0,10.7,244.0,https://www.parkers.co.uk/jaguar/x-type/estate-2004/20-v6-classic-5d-auto/specs/
CAR_9969458A,Jaguar,Xe,20 (240bhp) portfolio 4d auto,Jaguar XE Saloon2.0 (240bhp) Portfolio 4d Auto Specs & dimensions,2015,,1999.0,4.0,236.0,340.0,1535.0,Rear wheel drive,Automatic,Naturally Aspirated,Petrol,,,249.4,155.0,6.4,179.0,https://www.parkers.co.uk/jaguar/xe/saloon-2015/20-(240bhp)-portfolio-4d-auto/specs/
CAR_52B83538,Jaguar,Xe,20 (240bhp) r sport 4d auto,Jaguar XE Saloon2.0 (240bhp) R-Sport 4d Auto Specs & dimensions,2015,,1999.0,4.0,236.0,340.0,1535.0,Rear wheel drive,Automatic,Naturally Aspirated,Petrol,,,249.4,155.0,6.4,179.0,https://www.parkers.co.uk/jaguar/xe/saloon-2015/20-(240bhp)-r-sport-4d-auto/specs/
CAR_560CDC02,Jaguar,Xf,20 d200 r dynamic black 4dr auto,Jaguar XF Saloon2.0 D200 R-Dynamic Black 4dr Auto Specs & dimensions,2015,,1998.0,4.0,201.0,430.0,1735.0,Rear wheel drive,Automatic,Unknown,Diesel,,,235.0,146.0,7.4,138.0,https://www.parkers.co.uk/jaguar/xf/saloon-2015/20-d200-r-dynamic-black-4dr-auto/specs/
CAR_53D1BDE8,Jaguar,Xf,20 d200 r dynamic hse 4dr auto,Jaguar XF Saloon2.0 D200 R-Dynamic HSE 4dr Auto Specs & dimensions,2015,,1998.0,4.0,201.0,430.0,1735.0,Rear wheel drive,Automatic,Unknown,Diesel,,,235.0,146.0,7.4,140.0,https://www.parkers.co.uk/jaguar/xf/saloon-2015/20-d200-r-dynamic-hse-4dr-auto/specs/
CAR_AFED5E1A,Jaguar,Xf,20 d200 r dynamic black 5dr auto,Jaguar XF Sportbrake2.0 D200 R-Dynamic Black 5dr Auto Specs & dimensions,2017,,1998.0,4.0,201.0,430.0,1795.0,Rear wheel drive,Automatic,Unknown,Diesel,,,230.1,143.0,7.6,145.0,https://www.parkers.co.uk/jaguar/xf/sportbrake-2017/20-d200-r-dynamic-black-5dr-auto/specs/
CAR_A4B6BEF4,Jaguar,Xf,20 d200 r dynamic hse 5dr auto,Jaguar XF Sportbrake2.0 D200 R-Dynamic HSE 5dr Auto Specs & dimensions,2017,,1998.0,4.0,201.0,430.0,1795.0,Rear wheel drive,Automatic,Unknown,Diesel,,,230.1,143.0,7.6,146.0,https://www.parkers.co.uk/jaguar/xf/sportbrake-2017/20-d200-r-dynamic-hse-5dr-auto/specs/
CAR_8664BC2D,Jaguar,Xj,30 v6 supercharged portfolio (0915 ) 4d auto,Jaguar XJ Saloon3.0 V6 Supercharged Portfolio (09/15-) 4d Auto Specs & dimensions,2010,,2995.0,6.0,335.0,450.0,1765.0,Rear wheel drive,Automatic,Naturally Aspirated,Petrol,,,249.4,155.0,5.7,211.0,https://www.parkers.co.uk/jaguar/xj/saloon-2010/30-v6-supercharged-portfolio-(0915-)-4d-auto/specs/
CAR_12CCED67,Jaguar,Xj,30 v6 supercharged portfolio (lwb) (0915 ) 4d auto,Jaguar XJ Saloon3.0 V6 Supercharged Portfolio (LWB) (09/15-) 4d Auto Specs & dimensions,2010,,2995.0,6.0,335.0,450.0,1775.0,Rear wheel drive,Automatic,Naturally Aspirated,Petrol,,,249.4,155.0,5.7,211.0,https://www.parkers.co.uk/jaguar/xj/saloon-2010/30-v6-supercharged-portfolio-(lwb)-(0915-)-4d-auto/specs/
CAR_59263C13,Jaguar,Xj,50 v8 supercharged xjr (0915 ) 4d auto,Jaguar XJ XJR5.0 V8 Supercharged XJR (09/15-) 4d Auto Specs & dimensions,2013,,5000.0,8.0,542.0,680.0,1875.0,Rear wheel drive,Automatic,Naturally Aspirated,Petrol,,,280.0,174.0,4.4,264.0,https://www.parkers.co.uk/jaguar/xj/xjr-2013/50-v8-supercharged-xjr-(0915-)-4d-auto/specs/
CAR_4FAAA55C,Jaguar,Xj,50 v8 supercharged xjr 4d auto,Jaguar XJ XJR5.0 V8 Supercharged XJR 4d Auto Specs & dimensions,2013,,5000.0,8.0,542.0,680.0,,Rear wheel drive,Automatic,Naturally Aspirated,Petrol,,,,,,270.0,https://www.parkers.co.uk/jaguar/xj/xjr-2013/50-v8-supercharged-xjr-4d-auto/specs/
CAR_EB423AEA,Jaguar,Xjs,36 2d,Jaguar XJS Coupe3.6 2d Specs & dimensions,1981,,3590.0,,228.0,,,Rear wheel drive,Manual,Naturally Aspirated,Petrol,,,,,,,https://www.parkers.co.uk/jaguar/xjs/coupe-1981/36-2d/specs/
CAR_C6DCDB3F,Jaguar,Xjs,36 2d auto,Jaguar XJS Coupe3.6 2d Auto Specs & dimensions,1981,,3590.0,,221.0,,,Rear wheel drive,Automatic,Naturally Aspirated,Petrol,,,,,,,https://www.parkers.co.uk/jaguar/xjs/coupe-1981/36-2d-auto/specs/
CAR_62E024DB,Jaguar,Xjsc,40 2d,Jaguar XJSC Convertible4.0 2d Specs & dimensions,1988,,3980.0,6.0,238.0,382.0,1830.0,Rear wheel drive,Manual,Naturally Aspirated,Petrol,,,233.4,145.0,7.6,,https://www.parkers.co.uk/jaguar/xjsc/convertible-1988/40-2d/specs/
CAR_4B82E351,Jaguar,Xjsc,40 2d auto,Jaguar XJSC Convertible4.0 2d Auto Specs & dimensions,1988,,3980.0,6.0,238.0,382.0,1830.0,Rear wheel drive,Automatic,Naturally Aspirated,Petrol,,,233.4,145.0,8.1,,https://www.parkers.co.uk/jaguar/xjsc/convertible-1988/40-2d-auto/specs/
CAR_527B6ACF,Jaguar,Xjsc,36 2d,Jaguar XJSC Cabriolet3.6 2d Specs & dimensions,1983,,3590.0,,228.0,,,Rear wheel drive,Manual,Naturally Aspirated,Petrol,,,,,,,https://www.parkers.co.uk/jaguar/xjsc/cabriolet-1983/36-2d/specs/
CAR_BF6F33F6,Jaguar,Xjsc,53 v12 2d auto,Jaguar XJSC Cabriolet5.3 V12 2d Auto Specs & dimensions,1983,,5343.0,,291.0,,,Rear wheel drive,Automatic,Naturally Aspirated,Petrol,,,,,,,https://www.parkers.co.uk/jaguar/xjsc/cabriolet-1983/53-v12-2d-auto/specs/
CAR_CD92F582,Jaguar,Xk,42 v8 2d auto,Jaguar XK Coupe4.2 V8 2d Auto Specs & dimensions,2006,,4196.0,8.0,300.0,420.0,1595.0,Rear wheel drive,Automatic,Naturally Aspirated,Petrol,,,249.4,155.0,5.9,269.0,https://www.parkers.co.uk/jaguar/xk/coupe-2006/42-v8-2d-auto/specs/
CAR_A0A1300D,Jaguar,Xk,42 v8 60 2d auto,Jaguar XK Coupe4.2 V8 60 2d Auto Specs & dimensions,2006,,4196.0,8.0,300.0,420.0,1595.0,Rear wheel drive,Automatic,Naturally Aspirated,Petrol,,,249.4,155.0,5.9,269.0,https://www.parkers.co.uk/jaguar/xk/coupe-2006/42-v8-60-2d-auto/specs/
CAR_A1A948A1,Jaguar,Xk,42 v8 2d auto,Jaguar XK Convertible4.2 V8 2d Auto Specs & dimensions,2006,,4196.0,8.0,300.0,420.0,1635.0,Rear wheel drive,Automatic,Naturally Aspirated,Petrol,,,249.4,155.0,6.0,269.0,https://www.parkers.co.uk/jaguar/xk/convertible-2006/42-v8-2d-auto/specs/
CAR_53FD53A5,Jaguar,Xk,42 v8 60 2d auto,Jaguar XK Convertible4.2 V8 60 2d Auto Specs & dimensions,2006,,4196.0,8.0,300.0,420.0,1635.0,Rear wheel drive,Automatic,Naturally Aspirated,Petrol,,,249.4,155.0,6.0,269.0,https://www.parkers.co.uk/jaguar/xk/convertible-2006/42-v8-60-2d-auto/specs/
CAR_6A6449C0,Jaguar,Xk8,100 2d auto,Jaguar XK8 Coupe100 2d Auto Specs & dimensions,1996,,3996.0,8.0,370.0,525.0,1640.0,Rear wheel drive,Automatic,Naturally Aspirated,Petrol,,,249.4,155.0,5.2,301.0,https://www.parkers.co.uk/jaguar/xk8/coupe-1996/100-2d-auto/specs/
CAR_6E64883A,Jaguar,Xk8,40 2d auto,Jaguar XK8 Coupe4.0 2d Auto Specs & dimensions,1996,,3996.0,8.0,290.0,393.0,1615.0,Rear wheel drive,Automatic,Naturally Aspirated,Petrol,,,249.4,155.0,6.4,281.0,https://www.parkers.co.uk/jaguar/xk8/coupe-1996/40-2d-auto/specs/
CAR_F3DF26E8,Jaguar,Xk8,100 2d auto,Jaguar XK8 Convertible100 2d Auto Specs & dimensions,1996,,3996.0,8.0,370.0,525.0,1750.0,Rear wheel drive,Automatic,Naturally Aspirated,Petrol,,,249.4,155.0,5.3,305.0,https://www.parkers.co.uk/jaguar/xk8/convertible-1996/100-2d-auto/specs/
CAR_4620ADB5,Jaguar,Xk8,40 2d auto,Jaguar XK8 Convertible4.0 2d Auto Specs & dimensions,1996,,3996.0,8.0,290.0,393.0,1705.0,Rear wheel drive,Automatic,Naturally Aspirated,Petrol,,,249.4,155.0,6.7,284.0,https://www.parkers.co.uk/jaguar/xk8/convertible-1996/40-2d-auto/specs/
CAR_6CE11FDB,Dodge,Avenger,20 crd se 4d,Dodge Avenger Saloon2.0 CRD SE 4d Specs & dimensions,2007,,1968.0,4.0,138.0,310.0,1635.0,Front wheel drive,Manual,Unknown,Diesel,,,202.8,126.0,11.6,170.0,https://www.parkers.co.uk/dodge/avenger/saloon-2007/20-crd-se-4d/specs/
CAR_E667B8F5,Dodge,Avenger,20 crd sxt 4d,Dodge Avenger Saloon2.0 CRD SXT 4d Specs & dimensions,2007,,1968.0,4.0,138.0,310.0,1635.0,Front wheel drive,Manual,Unknown,Diesel,,,202.8,126.0,11.6,170.0,https://www.parkers.co.uk/dodge/avenger/saloon-2007/20-crd-sxt-4d/specs/
CAR_0A359A34,Dodge,Caliber,18 s 5d,Dodge Caliber Hatchback1.8 S 5d Specs & dimensions,2006,,1798.0,4.0,148.0,168.0,1460.0,Front wheel drive,Manual,Naturally Aspirated,Petrol,,,189.9,118.0,12.4,174.0,https://www.parkers.co.uk/dodge/caliber/hatchback-2006/18-s-5d/specs/
CAR_D6A3D732,Dodge,Caliber,18 se 5d,Dodge Caliber Hatchback1.8 SE 5d Specs & dimensions,2006,,1798.0,4.0,148.0,168.0,1460.0,Front wheel drive,Manual,Naturally Aspirated,Petrol,,,189.9,118.0,12.4,174.0,https://www.parkers.co.uk/dodge/caliber/hatchback-2006/18-se-5d/specs/
CAR_17A3E82A,Dodge,Journey,20 crd rt 5d,Dodge Journey Estate2.0 CRD RT 5d Specs & dimensions,2008,,1968.0,4.0,138.0,310.0,1975.0,Front wheel drive,Manual,Unknown,Diesel,,,186.7,116.0,11.2,165.0,https://www.parkers.co.uk/dodge/journey/estate-2008/20-crd-rt-5d/specs/
CAR_DC80ACFD,Dodge,Journey,20 crd rt 5d auto,Dodge Journey Estate2.0 CRD RT 5d Auto Specs & dimensions,2008,,1968.0,4.0,138.0,310.0,1990.0,Front wheel drive,Automatic,Unknown,Diesel,,,181.9,113.0,11.4,176.0,https://www.parkers.co.uk/dodge/journey/estate-2008/20-crd-rt-5d-auto/specs/
CAR_AA9F248E,Dodge,Nitro,28 crd se 5d,Dodge Nitro Station Wagon2.8 CRD SE 5d Specs & dimensions,2007,,2777.0,4.0,174.0,409.0,1950.0,4 wheel drive,Manual,Unknown,Diesel,,,180.2,112.0,11.5,228.0,https://www.parkers.co.uk/dodge/nitro/station-wagon-2007/28-crd-se-5d/specs/
CAR_76FCDD28,Dodge,Nitro,28 crd sxt 5d,Dodge Nitro Station Wagon2.8 CRD SXT 5d Specs & dimensions,2007,,2777.0,4.0,174.0,409.0,1950.0,4 wheel drive,Manual,Unknown,Diesel,,,180.2,112.0,11.5,228.0,https://www.parkers.co.uk/dodge/nitro/station-wagon-2007/28-crd-sxt-5d/specs/
CAR_23B35BD1,Dodge,Ram,83 v10 srt 10 4d auto,Dodge Ram SRT-108.3 V10 SRT-10 4d Auto Specs & dimensions,2005,,8277.0,10.0,500.0,712.0,2581.0,Rear wheel drive,Automatic,Naturally Aspirated,Petrol,,,,,,,https://www.parkers.co.uk/dodge/ram/srt-10-2005/83-v10-srt-10-4d-auto/specs/
CAR_EA1A86F9,Dodge,Ram,trim srt,Dodge Ram SRT-10 SRT (2005 - 2006)Specs & dimensions,2005,2006,,,,,,,,Unknown,,,,,,,,https://www.parkers.co.uk/dodge/ram/srt-10-2005/trim-srt/specs/
CAR_B9093DE8,Dodge,Ram,57 v8 hemi laramie 4d auto,Dodge Ram V8 Laramie 4x45.7 V8 Hemi Laramie 4d Auto Specs & dimensions,2005,,5654.0,8.0,345.0,508.0,2488.0,4 wheel drive,Automatic,Naturally Aspirated,Petrol,,,,,,,https://www.parkers.co.uk/dodge/ram/v8-laramie-4x4-2005/57-v8-hemi-laramie-4d-auto/specs/
CAR_73310A31,Dodge,Ram,trim laramie,Dodge Ram V8 Laramie 4x4 Laramie (2005 - 2007)Specs & dimensions,2005,2007,,,,,,,,Unknown,,,,,,,,https://www.parkers.co.uk/dodge/ram/v8-laramie-4x4-2005/trim-laramie/specs/
CAR_E7843B89,Dodge,Srt 10,83 v10 2d,Dodge SRT-10 Roadster8.3 V10 2d Specs & dimensions,2005,,8277.0,10.0,500.0,712.0,1546.0,Rear wheel drive,Manual,Naturally Aspirated,Petrol,,,305.8,190.0,4.7,489.0,https://www.parkers.co.uk/dodge/srt-10/roadster-2005/83-v10-2d/specs/
CAR_F719FE63,Dodge,Srt 10,trim standard trim,Dodge SRT-10 Roadster Standard Trim (2005 - 2007)Specs & dimensions,2005,2007,,,,,,,,Unknown,,,,,,,,https://www.parkers.co.uk/dodge/srt-10/roadster-2005/trim-standard-trim/specs/
